shapeID,city,shapeGroup,date,avg_rad,cf_cvg,n_pixels,area_km2
GBR-ADM2-001,Manchester,GBR,2019-01-01,13.9214,11,58,13.62
GBR-ADM2-001,Manchester,GBR,2019-02-01,13.9458,14,58,13.62
GBR-ADM2-001,Manchester,GBR,2019-03-01,14.2069,10,58,13.62
GBR-ADM2-001,Manchester,GBR,2019-04-01,13.8972,11,58,13.62
GBR-ADM2-001,Manchester,GBR,2019-05-01,15.0952,14,58,13.62
GBR-ADM2-001,Manchester,GBR,2019-06-01,15.3428,4,58,13.62
GBR-ADM2-001,Manchester,GBR,2019-07-01,14.1047,5,58,13.62
GBR-ADM2-001,Manchester,GBR,2019-08-01,12.9033,2,58,13.62
GBR-ADM2-001,Manchester,GBR,2019-09-01,12.1235,4,58,13.62
GBR-ADM2-001,Manchester,GBR,2019-10-01,14.9057,13,58,13.62
GBR-ADM2-001,Manchester,GBR,2019-11-01,14.9438,21,58,13.62
GBR-ADM2-001,Manchester,GBR,2019-12-01,15.0789,13,58,13.62
GBR-ADM2-001,Manchester,GBR,2020-01-01,13.2833,17,58,13.62
GBR-ADM2-001,Manchester,GBR,2020-02-01,15.8973,7,58,13.62
GBR-ADM2-001,Manchester,GBR,2020-03-01,14.7025,11,58,13.62
GBR-ADM2-001,Manchester,GBR,2020-04-01,12.702,6,58,13.62
GBR-ADM2-001,Manchester,GBR,2020-05-01,12.1325,14,58,13.62
GBR-ADM2-001,Manchester,GBR,2020-06-01,11.7181,6,58,13.62
GBR-ADM2-001,Manchester,GBR,2020-07-01,,0,58,13.62
GBR-ADM2-001,Manchester,GBR,2020-08-01,13.6459,10,58,13.62
GBR-ADM2-001,Manchester,GBR,2020-09-01,14.9902,2,58,13.62
GBR-ADM2-001,Manchester,GBR,2020-10-01,13.4599,12,58,13.62
GBR-ADM2-001,Manchester,GBR,2020-11-01,15.6409,12,58,13.62
GBR-ADM2-001,Manchester,GBR,2020-12-01,13.401,15,58,13.62
GBR-ADM2-001,Manchester,GBR,2021-01-01,13.58,17,58,13.62
GBR-ADM2-001,Manchester,GBR,2021-02-01,15.5213,14,58,13.62
GBR-ADM2-001,Manchester,GBR,2021-03-01,14.7833,11,58,13.62
GBR-ADM2-001,Manchester,GBR,2021-04-01,15.1546,15,58,13.62
GBR-ADM2-001,Manchester,GBR,2021-05-01,15.6077,12,58,13.62
GBR-ADM2-001,Manchester,GBR,2021-06-01,16.6885,6,58,13.62
GBR-ADM2-001,Manchester,GBR,2021-07-01,15.3832,6,58,13.62
GBR-ADM2-001,Manchester,GBR,2021-08-01,14.6732,6,58,13.62
GBR-ADM2-001,Manchester,GBR,2021-09-01,14.4501,16,58,13.62
GBR-ADM2-001,Manchester,GBR,2021-10-01,14.7289,15,58,13.62
GBR-ADM2-001,Manchester,GBR,2021-11-01,16.0488,16,58,13.62
GBR-ADM2-001,Manchester,GBR,2021-12-01,15.2203,13,58,13.62
GBR-ADM2-001,Manchester,GBR,2022-01-01,15.7351,10,58,13.62
GBR-ADM2-001,Manchester,GBR,2022-02-01,14.0283,13,58,13.62
GBR-ADM2-001,Manchester,GBR,2022-03-01,16.1385,17,58,13.62
GBR-ADM2-001,Manchester,GBR,2022-04-01,16.855,20,58,13.62
GBR-ADM2-001,Manchester,GBR,2022-05-01,16.6478,14,58,13.62
GBR-ADM2-001,Manchester,GBR,2022-06-01,15.6956,5,58,13.62
GBR-ADM2-001,Manchester,GBR,2022-07-01,15.0538,2,58,13.62
GBR-ADM2-001,Manchester,GBR,2022-08-01,14.4302,10,58,13.62
GBR-ADM2-001,Manchester,GBR,2022-09-01,15.3376,8,58,13.62
GBR-ADM2-001,Manchester,GBR,2022-10-01,15.3681,24,58,13.62
GBR-ADM2-001,Manchester,GBR,2022-11-01,14.7234,8,58,13.62
GBR-ADM2-001,Manchester,GBR,2022-12-01,17.1482,12,58,13.62
GBR-ADM2-001,Manchester,GBR,2023-01-01,15.194,17,58,13.62
GBR-ADM2-001,Manchester,GBR,2023-02-01,18.5181,14,58,13.62
GBR-ADM2-001,Manchester,GBR,2023-03-01,18.3449,13,58,13.62
GBR-ADM2-001,Manchester,GBR,2023-04-01,17.1437,11,58,13.62
GBR-ADM2-001,Manchester,GBR,2023-05-01,15.8571,17,58,13.62
GBR-ADM2-001,Manchester,GBR,2023-06-01,16.0645,11,58,13.62
GBR-ADM2-001,Manchester,GBR,2023-07-01,16.9763,6,58,13.62
GBR-ADM2-001,Manchester,GBR,2023-08-01,13.7646,12,58,13.62
GBR-ADM2-001,Manchester,GBR,2023-09-01,14.9399,6,58,13.62
GBR-ADM2-001,Manchester,GBR,2023-10-01,16.1164,13,58,13.62
GBR-ADM2-001,Manchester,GBR,2023-11-01,16.6687,12,58,13.62
GBR-ADM2-001,Manchester,GBR,2023-12-01,17.3064,11,58,13.62
GBR-ADM2-001,Manchester,GBR,2024-01-01,18.5861,10,58,13.62
GBR-ADM2-001,Manchester,GBR,2024-02-01,16.4928,13,58,13.62
GBR-ADM2-001,Manchester,GBR,2024-03-01,16.9272,17,58,13.62
GBR-ADM2-001,Manchester,GBR,2024-04-01,17.2601,12,58,13.62
GBR-ADM2-001,Manchester,GBR,2024-05-01,17.3102,15,58,13.62
GBR-ADM2-001,Manchester,GBR,2024-06-01,18.2774,13,58,13.62
GBR-ADM2-001,Manchester,GBR,2024-07-01,16.9504,3,58,13.62
GBR-ADM2-001,Manchester,GBR,2024-08-01,15.5739,7,58,13.62
GBR-ADM2-001,Manchester,GBR,2024-09-01,16.8918,7,58,13.62
GBR-ADM2-001,Manchester,GBR,2024-10-01,14.8994,13,58,13.62
GBR-ADM2-001,Manchester,GBR,2024-11-01,18.2179,16,58,13.62
GBR-ADM2-001,Manchester,GBR,2024-12-01,16.0488,7,58,13.62
GBR-ADM2-002,Manchester,GBR,2019-01-01,12.731,16,49,11.42
GBR-ADM2-002,Manchester,GBR,2019-02-01,15.6225,10,49,11.42
GBR-ADM2-002,Manchester,GBR,2019-03-01,13.8417,15,49,11.42
GBR-ADM2-002,Manchester,GBR,2019-04-01,13.3195,10,49,11.42
GBR-ADM2-002,Manchester,GBR,2019-05-01,14.4451,13,49,11.42
GBR-ADM2-002,Manchester,GBR,2019-06-01,12.6718,1,49,11.42
GBR-ADM2-002,Manchester,GBR,2019-07-01,13.6645,10,49,11.42
GBR-ADM2-002,Manchester,GBR,2019-08-01,12.6952,12,49,11.42
GBR-ADM2-002,Manchester,GBR,2019-09-01,12.4091,4,49,11.42
GBR-ADM2-002,Manchester,GBR,2019-10-01,11.4093,12,49,11.42
GBR-ADM2-002,Manchester,GBR,2019-11-01,12.7361,9,49,11.42
GBR-ADM2-002,Manchester,GBR,2019-12-01,12.9344,15,49,11.42
GBR-ADM2-002,Manchester,GBR,2020-01-01,13.7766,11,49,11.42
GBR-ADM2-002,Manchester,GBR,2020-02-01,14.5736,10,49,11.42
GBR-ADM2-002,Manchester,GBR,2020-03-01,14.2124,13,49,11.42
GBR-ADM2-002,Manchester,GBR,2020-04-01,11.4662,15,49,11.42
GBR-ADM2-002,Manchester,GBR,2020-05-01,11.3204,16,49,11.42
GBR-ADM2-002,Manchester,GBR,2020-06-01,12.3972,3,49,11.42
GBR-ADM2-002,Manchester,GBR,2020-07-01,11.14,4,49,11.42
GBR-ADM2-002,Manchester,GBR,2020-08-01,10.3092,5,49,11.42
GBR-ADM2-002,Manchester,GBR,2020-09-01,14.5491,4,49,11.42
GBR-ADM2-002,Manchester,GBR,2020-10-01,14.44,17,49,11.42
GBR-ADM2-002,Manchester,GBR,2020-11-01,14.2079,17,49,11.42
GBR-ADM2-002,Manchester,GBR,2020-12-01,14.0852,13,49,11.42
GBR-ADM2-002,Manchester,GBR,2021-01-01,16.3312,15,49,11.42
GBR-ADM2-002,Manchester,GBR,2021-02-01,14.306,14,49,11.42
GBR-ADM2-002,Manchester,GBR,2021-03-01,15.8657,15,49,11.42
GBR-ADM2-002,Manchester,GBR,2021-04-01,16.8943,10,49,11.42
GBR-ADM2-002,Manchester,GBR,2021-05-01,14.1301,14,49,11.42
GBR-ADM2-002,Manchester,GBR,2021-06-01,15.1117,11,49,11.42
GBR-ADM2-002,Manchester,GBR,2021-07-01,15.4697,6,49,11.42
GBR-ADM2-002,Manchester,GBR,2021-08-01,13.5722,6,49,11.42
GBR-ADM2-002,Manchester,GBR,2021-09-01,13.2035,10,49,11.42
GBR-ADM2-002,Manchester,GBR,2021-10-01,16.0214,15,49,11.42
GBR-ADM2-002,Manchester,GBR,2021-11-01,15.3106,6,49,11.42
GBR-ADM2-002,Manchester,GBR,2021-12-01,15.0258,17,49,11.42
GBR-ADM2-002,Manchester,GBR,2022-01-01,14.0151,14,49,11.42
GBR-ADM2-002,Manchester,GBR,2022-02-01,16.2645,11,49,11.42
GBR-ADM2-002,Manchester,GBR,2022-03-01,15.4468,16,49,11.42
GBR-ADM2-002,Manchester,GBR,2022-04-01,14.3431,14,49,11.42
GBR-ADM2-002,Manchester,GBR,2022-05-01,14.6973,13,49,11.42
GBR-ADM2-002,Manchester,GBR,2022-06-01,16.1113,1,49,11.42
GBR-ADM2-002,Manchester,GBR,2022-07-01,15.4348,8,49,11.42
GBR-ADM2-002,Manchester,GBR,2022-08-01,14.6147,9,49,11.42
GBR-ADM2-002,Manchester,GBR,2022-09-01,15.5619,5,49,11.42
GBR-ADM2-002,Manchester,GBR,2022-10-01,14.9762,16,49,11.42
GBR-ADM2-002,Manchester,GBR,2022-11-01,16.3036,15,49,11.42
GBR-ADM2-002,Manchester,GBR,2022-12-01,15.4286,15,49,11.42
GBR-ADM2-002,Manchester,GBR,2023-01-01,15.5728,19,49,11.42
GBR-ADM2-002,Manchester,GBR,2023-02-01,16.3472,13,49,11.42
GBR-ADM2-002,Manchester,GBR,2023-03-01,16.7302,18,49,11.42
GBR-ADM2-002,Manchester,GBR,2023-04-01,15.7257,15,49,11.42
GBR-ADM2-002,Manchester,GBR,2023-05-01,16.8423,9,49,11.42
GBR-ADM2-002,Manchester,GBR,2023-06-01,14.7953,1,49,11.42
GBR-ADM2-002,Manchester,GBR,2023-07-01,16.4921,7,49,11.42
GBR-ADM2-002,Manchester,GBR,2023-08-01,15.6373,3,49,11.42
GBR-ADM2-002,Manchester,GBR,2023-09-01,13.771,1,49,11.42
GBR-ADM2-002,Manchester,GBR,2023-10-01,14.7143,10,49,11.42
GBR-ADM2-002,Manchester,GBR,2023-11-01,14.4873,16,49,11.42
GBR-ADM2-002,Manchester,GBR,2023-12-01,15.578,18,49,11.42
GBR-ADM2-002,Manchester,GBR,2024-01-01,16.1983,12,49,11.42
GBR-ADM2-002,Manchester,GBR,2024-02-01,15.6592,14,49,11.42
GBR-ADM2-002,Manchester,GBR,2024-03-01,16.5535,21,49,11.42
GBR-ADM2-002,Manchester,GBR,2024-04-01,17.5317,13,49,11.42
GBR-ADM2-002,Manchester,GBR,2024-05-01,16.7932,12,49,11.42
GBR-ADM2-002,Manchester,GBR,2024-06-01,17.6387,4,49,11.42
GBR-ADM2-002,Manchester,GBR,2024-07-01,16.7504,3,49,11.42
GBR-ADM2-002,Manchester,GBR,2024-08-01,17.2811,3,49,11.42
GBR-ADM2-002,Manchester,GBR,2024-09-01,15.5294,12,49,11.42
GBR-ADM2-002,Manchester,GBR,2024-10-01,15.0048,17,49,11.42
GBR-ADM2-002,Manchester,GBR,2024-11-01,15.5952,14,49,11.42
GBR-ADM2-002,Manchester,GBR,2024-12-01,16.1611,13,49,11.42
GBR-ADM2-003,Manchester,GBR,2019-01-01,5.7194,10,28,6.52
GBR-ADM2-003,Manchester,GBR,2019-02-01,6.479,16,28,6.52
GBR-ADM2-003,Manchester,GBR,2019-03-01,6.9933,9,28,6.52
GBR-ADM2-003,Manchester,GBR,2019-04-01,6.3028,8,28,6.52
GBR-ADM2-003,Manchester,GBR,2019-05-01,6.9101,14,28,6.52
GBR-ADM2-003,Manchester,GBR,2019-06-01,5.9607,5,28,6.52
GBR-ADM2-003,Manchester,GBR,2019-07-01,6.2917,3,28,6.52
GBR-ADM2-003,Manchester,GBR,2019-08-01,6.2235,8,28,6.52
GBR-ADM2-003,Manchester,GBR,2019-09-01,6.1006,5,28,6.52
GBR-ADM2-003,Manchester,GBR,2019-10-01,5.996,13,28,6.52
GBR-ADM2-003,Manchester,GBR,2019-11-01,6.0728,13,28,6.52
GBR-ADM2-003,Manchester,GBR,2019-12-01,5.5536,9,28,6.52
GBR-ADM2-003,Manchester,GBR,2020-01-01,6.8089,16,28,6.52
GBR-ADM2-003,Manchester,GBR,2020-02-01,6.3071,18,28,6.52
GBR-ADM2-003,Manchester,GBR,2020-03-01,5.9438,17,28,6.52
GBR-ADM2-003,Manchester,GBR,2020-04-01,5.7395,11,28,6.52
GBR-ADM2-003,Manchester,GBR,2020-05-01,4.7866,13,28,6.52
GBR-ADM2-003,Manchester,GBR,2020-06-01,6.0914,5,28,6.52
GBR-ADM2-003,Manchester,GBR,2020-07-01,4.9407,7,28,6.52
GBR-ADM2-003,Manchester,GBR,2020-08-01,5.2948,2,28,6.52
GBR-ADM2-003,Manchester,GBR,2020-09-01,5.962,5,28,6.52
GBR-ADM2-003,Manchester,GBR,2020-10-01,6.3657,19,28,6.52
GBR-ADM2-003,Manchester,GBR,2020-11-01,6.1129,21,28,6.52
GBR-ADM2-003,Manchester,GBR,2020-12-01,6.2044,12,28,6.52
GBR-ADM2-003,Manchester,GBR,2021-01-01,7.1015,13,28,6.52
GBR-ADM2-003,Manchester,GBR,2021-02-01,5.6261,11,28,6.52
GBR-ADM2-003,Manchester,GBR,2021-03-01,6.5501,13,28,6.52
GBR-ADM2-003,Manchester,GBR,2021-04-01,6.9487,11,28,6.52
GBR-ADM2-003,Manchester,GBR,2021-05-01,6.5719,22,28,6.52
GBR-ADM2-003,Manchester,GBR,2021-06-01,7.1366,9,28,6.52
GBR-ADM2-003,Manchester,GBR,2021-07-01,6.8121,5,28,6.52
GBR-ADM2-003,Manchester,GBR,2021-08-01,6.2309,11,28,6.52
GBR-ADM2-003,Manchester,GBR,2021-09-01,5.9075,1,28,6.52
GBR-ADM2-003,Manchester,GBR,2021-10-01,5.833,13,28,6.52
GBR-ADM2-003,Manchester,GBR,2021-11-01,6.3034,10,28,6.52
GBR-ADM2-003,Manchester,GBR,2021-12-01,6.1123,14,28,6.52
GBR-ADM2-003,Manchester,GBR,2022-01-01,6.2578,10,28,6.52
GBR-ADM2-003,Manchester,GBR,2022-02-01,6.793,24,28,6.52
GBR-ADM2-003,Manchester,GBR,2022-03-01,6.8338,13,28,6.52
GBR-ADM2-003,Manchester,GBR,2022-04-01,7.1867,5,28,6.52
GBR-ADM2-003,Manchester,GBR,2022-05-01,6.6847,11,28,6.52
GBR-ADM2-003,Manchester,GBR,2022-06-01,,0,28,6.52
GBR-ADM2-003,Manchester,GBR,2022-07-01,6.7206,5,28,6.52
GBR-ADM2-003,Manchester,GBR,2022-08-01,6.6342,2,28,6.52
GBR-ADM2-003,Manchester,GBR,2022-09-01,6.8412,4,28,6.52
GBR-ADM2-003,Manchester,GBR,2022-10-01,5.9243,11,28,6.52
GBR-ADM2-003,Manchester,GBR,2022-11-01,5.9143,14,28,6.52
GBR-ADM2-003,Manchester,GBR,2022-12-01,6.9842,19,28,6.52
GBR-ADM2-003,Manchester,GBR,2023-01-01,6.3492,12,28,6.52
GBR-ADM2-003,Manchester,GBR,2023-02-01,6.6023,12,28,6.52
GBR-ADM2-003,Manchester,GBR,2023-03-01,7.2124,12,28,6.52
GBR-ADM2-003,Manchester,GBR,2023-04-01,7.5573,15,28,6.52
GBR-ADM2-003,Manchester,GBR,2023-05-01,6.3856,19,28,6.52
GBR-ADM2-003,Manchester,GBR,2023-06-01,6.6636,15,28,6.52
GBR-ADM2-003,Manchester,GBR,2023-07-01,6.9978,9,28,6.52
GBR-ADM2-003,Manchester,GBR,2023-08-01,5.9603,7,28,6.52
GBR-ADM2-003,Manchester,GBR,2023-09-01,6.5973,4,28,6.52
GBR-ADM2-003,Manchester,GBR,2023-10-01,6.4016,16,28,6.52
GBR-ADM2-003,Manchester,GBR,2023-11-01,6.7061,11,28,6.52
GBR-ADM2-003,Manchester,GBR,2023-12-01,6.7211,12,28,6.52
GBR-ADM2-003,Manchester,GBR,2024-01-01,6.4945,15,28,6.52
GBR-ADM2-003,Manchester,GBR,2024-02-01,6.518,12,28,6.52
GBR-ADM2-003,Manchester,GBR,2024-03-01,6.7559,13,28,6.52
GBR-ADM2-003,Manchester,GBR,2024-04-01,7.075,13,28,6.52
GBR-ADM2-003,Manchester,GBR,2024-05-01,7.7777,17,28,6.52
GBR-ADM2-003,Manchester,GBR,2024-06-01,7.4955,4,28,6.52
GBR-ADM2-003,Manchester,GBR,2024-07-01,6.7351,12,28,6.52
GBR-ADM2-003,Manchester,GBR,2024-08-01,6.6246,9,28,6.52
GBR-ADM2-003,Manchester,GBR,2024-09-01,6.4124,4,28,6.52
GBR-ADM2-003,Manchester,GBR,2024-10-01,6.2906,20,28,6.52
GBR-ADM2-003,Manchester,GBR,2024-11-01,6.593,12,28,6.52
GBR-ADM2-003,Manchester,GBR,2024-12-01,6.7966,17,28,6.52
GBR-ADM2-004,Manchester,GBR,2019-01-01,8.3829,10,64,14.92
GBR-ADM2-004,Manchester,GBR,2019-02-01,7.782,14,64,14.92
GBR-ADM2-004,Manchester,GBR,2019-03-01,8.8914,10,64,14.92
GBR-ADM2-004,Manchester,GBR,2019-04-01,8.4817,11,64,14.92
GBR-ADM2-004,Manchester,GBR,2019-05-01,8.5971,13,64,14.92
GBR-ADM2-004,Manchester,GBR,2019-06-01,8.4062,12,64,14.92
GBR-ADM2-004,Manchester,GBR,2019-07-01,7.3971,11,64,14.92
GBR-ADM2-004,Manchester,GBR,2019-08-01,8.081,11,64,14.92
GBR-ADM2-004,Manchester,GBR,2019-09-01,7.409,3,64,14.92
GBR-ADM2-004,Manchester,GBR,2019-10-01,7.3988,19,64,14.92
GBR-ADM2-004,Manchester,GBR,2019-11-01,7.3281,17,64,14.92
GBR-ADM2-004,Manchester,GBR,2019-12-01,7.3668,18,64,14.92
GBR-ADM2-004,Manchester,GBR,2020-01-01,7.3584,7,64,14.92
GBR-ADM2-004,Manchester,GBR,2020-02-01,7.8296,17,64,14.92
GBR-ADM2-004,Manchester,GBR,2020-03-01,8.7917,15,64,14.92
GBR-ADM2-004,Manchester,GBR,2020-04-01,7.3755,14,64,14.92
GBR-ADM2-004,Manchester,GBR,2020-05-01,6.8329,15,64,14.92
GBR-ADM2-004,Manchester,GBR,2020-06-01,6.8373,8,64,14.92
GBR-ADM2-004,Manchester,GBR,2020-07-01,6.0576,3,64,14.92
GBR-ADM2-004,Manchester,GBR,2020-08-01,6.2578,4,64,14.92
GBR-ADM2-004,Manchester,GBR,2020-09-01,7.9623,5,64,14.92
GBR-ADM2-004,Manchester,GBR,2020-10-01,7.4996,8,64,14.92
GBR-ADM2-004,Manchester,GBR,2020-11-01,7.4466,16,64,14.92
GBR-ADM2-004,Manchester,GBR,2020-12-01,7.6032,16,64,14.92
GBR-ADM2-004,Manchester,GBR,2021-01-01,9.0061,15,64,14.92
GBR-ADM2-004,Manchester,GBR,2021-02-01,8.6518,10,64,14.92
GBR-ADM2-004,Manchester,GBR,2021-03-01,9.6619,11,64,14.92
GBR-ADM2-004,Manchester,GBR,2021-04-01,9.0355,15,64,14.92
GBR-ADM2-004,Manchester,GBR,2021-05-01,8.6683,18,64,14.92
GBR-ADM2-004,Manchester,GBR,2021-06-01,8.3268,6,64,14.92
GBR-ADM2-004,Manchester,GBR,2021-07-01,8.2693,7,64,14.92
GBR-ADM2-004,Manchester,GBR,2021-08-01,8.6911,9,64,14.92
GBR-ADM2-004,Manchester,GBR,2021-09-01,8.046,6,64,14.92
GBR-ADM2-004,Manchester,GBR,2021-10-01,8.0454,11,64,14.92
GBR-ADM2-004,Manchester,GBR,2021-11-01,7.9391,19,64,14.92
GBR-ADM2-004,Manchester,GBR,2021-12-01,7.9606,8,64,14.92
GBR-ADM2-004,Manchester,GBR,2022-01-01,8.3894,15,64,14.92
GBR-ADM2-004,Manchester,GBR,2022-02-01,9.0758,15,64,14.92
GBR-ADM2-004,Manchester,GBR,2022-03-01,8.4367,13,64,14.92
GBR-ADM2-004,Manchester,GBR,2022-04-01,8.7496,9,64,14.92
GBR-ADM2-004,Manchester,GBR,2022-05-01,8.2005,16,64,14.92
GBR-ADM2-004,Manchester,GBR,2022-06-01,8.2069,10,64,14.92
GBR-ADM2-004,Manchester,GBR,2022-07-01,8.5146,7,64,14.92
GBR-ADM2-004,Manchester,GBR,2022-08-01,8.142,5,64,14.92
GBR-ADM2-004,Manchester,GBR,2022-09-01,7.7234,4,64,14.92
GBR-ADM2-004,Manchester,GBR,2022-10-01,8.118,16,64,14.92
GBR-ADM2-004,Manchester,GBR,2022-11-01,9.1184,12,64,14.92
GBR-ADM2-004,Manchester,GBR,2022-12-01,8.2732,10,64,14.92
GBR-ADM2-004,Manchester,GBR,2023-01-01,9.0881,18,64,14.92
GBR-ADM2-004,Manchester,GBR,2023-02-01,9.1405,16,64,14.92
GBR-ADM2-004,Manchester,GBR,2023-03-01,8.9316,15,64,14.92
GBR-ADM2-004,Manchester,GBR,2023-04-01,9.4988,14,64,14.92
GBR-ADM2-004,Manchester,GBR,2023-05-01,8.8368,12,64,14.92
GBR-ADM2-004,Manchester,GBR,2023-06-01,9.4477,8,64,14.92
GBR-ADM2-004,Manchester,GBR,2023-07-01,9.0359,8,64,14.92
GBR-ADM2-004,Manchester,GBR,2023-08-01,8.7018,8,64,14.92
GBR-ADM2-004,Manchester,GBR,2023-09-01,9.4541,5,64,14.92
GBR-ADM2-004,Manchester,GBR,2023-10-01,8.8895,17,64,14.92
GBR-ADM2-004,Manchester,GBR,2023-11-01,7.7783,17,64,14.92
GBR-ADM2-004,Manchester,GBR,2023-12-01,8.5705,16,64,14.92
GBR-ADM2-004,Manchester,GBR,2024-01-01,8.9638,15,64,14.92
GBR-ADM2-004,Manchester,GBR,2024-02-01,10.6482,16,64,14.92
GBR-ADM2-004,Manchester,GBR,2024-03-01,9.3297,6,64,14.92
GBR-ADM2-004,Manchester,GBR,2024-04-01,8.9282,12,64,14.92
GBR-ADM2-004,Manchester,GBR,2024-05-01,8.8905,12,64,14.92
GBR-ADM2-004,Manchester,GBR,2024-06-01,10.3504,15,64,14.92
GBR-ADM2-004,Manchester,GBR,2024-07-01,9.2668,6,64,14.92
GBR-ADM2-004,Manchester,GBR,2024-08-01,8.8614,3,64,14.92
GBR-ADM2-004,Manchester,GBR,2024-09-01,8.874,2,64,14.92
GBR-ADM2-004,Manchester,GBR,2024-10-01,8.8891,10,64,14.92
GBR-ADM2-004,Manchester,GBR,2024-11-01,9.9523,8,64,14.92
GBR-ADM2-004,Manchester,GBR,2024-12-01,8.788,15,64,14.92
GBR-ADM2-005,Manchester,GBR,2019-01-01,10.8693,10,58,13.66
GBR-ADM2-005,Manchester,GBR,2019-02-01,11.7911,13,58,13.66
GBR-ADM2-005,Manchester,GBR,2019-03-01,12.3508,13,58,13.66
GBR-ADM2-005,Manchester,GBR,2019-04-01,11.0108,11,58,13.66
GBR-ADM2-005,Manchester,GBR,2019-05-01,11.7868,24,58,13.66
GBR-ADM2-005,Manchester,GBR,2019-06-01,12.5239,5,58,13.66
GBR-ADM2-005,Manchester,GBR,2019-07-01,11.5367,12,58,13.66
GBR-ADM2-005,Manchester,GBR,2019-08-01,12.9763,13,58,13.66
GBR-ADM2-005,Manchester,GBR,2019-09-01,13.498,4,58,13.66
GBR-ADM2-005,Manchester,GBR,2019-10-01,12.0587,14,58,13.66
GBR-ADM2-005,Manchester,GBR,2019-11-01,11.4033,13,58,13.66
GBR-ADM2-005,Manchester,GBR,2019-12-01,12.1085,13,58,13.66
GBR-ADM2-005,Manchester,GBR,2020-01-01,11.3289,11,58,13.66
GBR-ADM2-005,Manchester,GBR,2020-02-01,12.1159,22,58,13.66
GBR-ADM2-005,Manchester,GBR,2020-03-01,10.793,13,58,13.66
GBR-ADM2-005,Manchester,GBR,2020-04-01,9.9647,13,58,13.66
GBR-ADM2-005,Manchester,GBR,2020-05-01,9.6282,8,58,13.66
GBR-ADM2-005,Manchester,GBR,2020-06-01,10.6654,7,58,13.66
GBR-ADM2-005,Manchester,GBR,2020-07-01,9.4729,3,58,13.66
GBR-ADM2-005,Manchester,GBR,2020-08-01,9.1272,8,58,13.66
GBR-ADM2-005,Manchester,GBR,2020-09-01,11.0985,7,58,13.66
GBR-ADM2-005,Manchester,GBR,2020-10-01,11.0647,21,58,13.66
GBR-ADM2-005,Manchester,GBR,2020-11-01,12.1431,11,58,13.66
GBR-ADM2-005,Manchester,GBR,2020-12-01,12.6957,17,58,13.66
GBR-ADM2-005,Manchester,GBR,2021-01-01,14.6279,17,58,13.66
GBR-ADM2-005,Manchester,GBR,2021-02-01,12.7361,12,58,13.66
GBR-ADM2-005,Manchester,GBR,2021-03-01,13.5169,14,58,13.66
GBR-ADM2-005,Manchester,GBR,2021-04-01,12.014,11,58,13.66
GBR-ADM2-005,Manchester,GBR,2021-05-01,13.1352,16,58,13.66
GBR-ADM2-005,Manchester,GBR,2021-06-01,12.8526,7,58,13.66
GBR-ADM2-005,Manchester,GBR,2021-07-01,12.8986,1,58,13.66
GBR-ADM2-005,Manchester,GBR,2021-08-01,12.4409,8,58,13.66
GBR-ADM2-005,Manchester,GBR,2021-09-01,11.5586,15,58,13.66
GBR-ADM2-005,Manchester,GBR,2021-10-01,12.1172,18,58,13.66
GBR-ADM2-005,Manchester,GBR,2021-11-01,11.4415,17,58,13.66
GBR-ADM2-005,Manchester,GBR,2021-12-01,11.7774,12,58,13.66
GBR-ADM2-005,Manchester,GBR,2022-01-01,11.5794,9,58,13.66
GBR-ADM2-005,Manchester,GBR,2022-02-01,13.0163,22,58,13.66
GBR-ADM2-005,Manchester,GBR,2022-03-01,13.3331,13,58,13.66
GBR-ADM2-005,Manchester,GBR,2022-04-01,14.8287,17,58,13.66
GBR-ADM2-005,Manchester,GBR,2022-05-01,12.4531,11,58,13.66
GBR-ADM2-005,Manchester,GBR,2022-06-01,12.7713,5,58,13.66
GBR-ADM2-005,Manchester,GBR,2022-07-01,12.7784,10,58,13.66
GBR-ADM2-005,Manchester,GBR,2022-08-01,12.6878,4,58,13.66
GBR-ADM2-005,Manchester,GBR,2022-09-01,13.524,5,58,13.66
GBR-ADM2-005,Manchester,GBR,2022-10-01,12.4376,14,58,13.66
GBR-ADM2-005,Manchester,GBR,2022-11-01,12.6561,9,58,13.66
GBR-ADM2-005,Manchester,GBR,2022-12-01,13.8326,18,58,13.66
GBR-ADM2-005,Manchester,GBR,2023-01-01,13.3859,15,58,13.66
GBR-ADM2-005,Manchester,GBR,2023-02-01,13.421,15,58,13.66
GBR-ADM2-005,Manchester,GBR,2023-03-01,13.6162,13,58,13.66
GBR-ADM2-005,Manchester,GBR,2023-04-01,13.8997,8,58,13.66
GBR-ADM2-005,Manchester,GBR,2023-05-01,15.1498,9,58,13.66
GBR-ADM2-005,Manchester,GBR,2023-06-01,13.3167,5,58,13.66
GBR-ADM2-005,Manchester,GBR,2023-07-01,13.3763,1,58,13.66
GBR-ADM2-005,Manchester,GBR,2023-08-01,,0,58,13.66
GBR-ADM2-005,Manchester,GBR,2023-09-01,12.2729,3,58,13.66
GBR-ADM2-005,Manchester,GBR,2023-10-01,12.1193,10,58,13.66
GBR-ADM2-005,Manchester,GBR,2023-11-01,13.2672,18,58,13.66
GBR-ADM2-005,Manchester,GBR,2023-12-01,13.2609,14,58,13.66
GBR-ADM2-005,Manchester,GBR,2024-01-01,12.9847,13,58,13.66
GBR-ADM2-005,Manchester,GBR,2024-02-01,12.5348,16,58,13.66
GBR-ADM2-005,Manchester,GBR,2024-03-01,14.1339,15,58,13.66
GBR-ADM2-005,Manchester,GBR,2024-04-01,15.3935,6,58,13.66
GBR-ADM2-005,Manchester,GBR,2024-05-01,13.904,16,58,13.66
GBR-ADM2-005,Manchester,GBR,2024-06-01,13.7044,7,58,13.66
GBR-ADM2-005,Manchester,GBR,2024-07-01,14.4861,2,58,13.66
GBR-ADM2-005,Manchester,GBR,2024-08-01,14.3909,2,58,13.66
GBR-ADM2-005,Manchester,GBR,2024-09-01,,0,58,13.66
GBR-ADM2-005,Manchester,GBR,2024-10-01,13.2116,15,58,13.66
GBR-ADM2-005,Manchester,GBR,2024-11-01,14.0447,20,58,13.66
GBR-ADM2-005,Manchester,GBR,2024-12-01,14.4544,16,58,13.66
GBR-ADM2-006,Manchester,GBR,2019-01-01,13.6825,15,75,17.5
GBR-ADM2-006,Manchester,GBR,2019-02-01,12.1203,14,75,17.5
GBR-ADM2-006,Manchester,GBR,2019-03-01,13.4449,17,75,17.5
GBR-ADM2-006,Manchester,GBR,2019-04-01,13.3203,13,75,17.5
GBR-ADM2-006,Manchester,GBR,2019-05-01,12.8936,12,75,17.5
GBR-ADM2-006,Manchester,GBR,2019-06-01,14.453,3,75,17.5
GBR-ADM2-006,Manchester,GBR,2019-07-01,15.4517,7,75,17.5
GBR-ADM2-006,Manchester,GBR,2019-08-01,11.7819,9,75,17.5
GBR-ADM2-006,Manchester,GBR,2019-09-01,12.5824,10,75,17.5
GBR-ADM2-006,Manchester,GBR,2019-10-01,12.4939,19,75,17.5
GBR-ADM2-006,Manchester,GBR,2019-11-01,13.5449,9,75,17.5
GBR-ADM2-006,Manchester,GBR,2019-12-01,13.3453,15,75,17.5
GBR-ADM2-006,Manchester,GBR,2020-01-01,14.8721,13,75,17.5
GBR-ADM2-006,Manchester,GBR,2020-02-01,14.1441,12,75,17.5
GBR-ADM2-006,Manchester,GBR,2020-03-01,13.121,8,75,17.5
GBR-ADM2-006,Manchester,GBR,2020-04-01,11.0904,15,75,17.5
GBR-ADM2-006,Manchester,GBR,2020-05-01,11.1689,19,75,17.5
GBR-ADM2-006,Manchester,GBR,2020-06-01,11.0618,7,75,17.5
GBR-ADM2-006,Manchester,GBR,2020-07-01,10.855,3,75,17.5
GBR-ADM2-006,Manchester,GBR,2020-08-01,12.3373,12,75,17.5
GBR-ADM2-006,Manchester,GBR,2020-09-01,,0,75,17.5
GBR-ADM2-006,Manchester,GBR,2020-10-01,13.0721,22,75,17.5
GBR-ADM2-006,Manchester,GBR,2020-11-01,12.3696,13,75,17.5
GBR-ADM2-006,Manchester,GBR,2020-12-01,13.961,16,75,17.5
GBR-ADM2-006,Manchester,GBR,2021-01-01,14.1046,9,75,17.5
GBR-ADM2-006,Manchester,GBR,2021-02-01,13.41,12,75,17.5
GBR-ADM2-006,Manchester,GBR,2021-03-01,16.8491,15,75,17.5
GBR-ADM2-006,Manchester,GBR,2021-04-01,16.5705,17,75,17.5
GBR-ADM2-006,Manchester,GBR,2021-05-01,16.2125,13,75,17.5
GBR-ADM2-006,Manchester,GBR,2021-06-01,14.3809,6,75,17.5
GBR-ADM2-006,Manchester,GBR,2021-07-01,14.5249,7,75,17.5
GBR-ADM2-006,Manchester,GBR,2021-08-01,14.9773,4,75,17.5
GBR-ADM2-006,Manchester,GBR,2021-09-01,12.4567,4,75,17.5
GBR-ADM2-006,Manchester,GBR,2021-10-01,15.7249,17,75,17.5
GBR-ADM2-006,Manchester,GBR,2021-11-01,15.0181,16,75,17.5
GBR-ADM2-006,Manchester,GBR,2021-12-01,15.7971,13,75,17.5
GBR-ADM2-006,Manchester,GBR,2022-01-01,14.9808,14,75,17.5
GBR-ADM2-006,Manchester,GBR,2022-02-01,16.1907,17,75,17.5
GBR-ADM2-006,Manchester,GBR,2022-03-01,15.0593,15,75,17.5
GBR-ADM2-006,Manchester,GBR,2022-04-01,16.2209,18,75,17.5
GBR-ADM2-006,Manchester,GBR,2022-05-01,15.7366,14,75,17.5
GBR-ADM2-006,Manchester,GBR,2022-06-01,16.0751,6,75,17.5
GBR-ADM2-006,Manchester,GBR,2022-07-01,13.4008,8,75,17.5
GBR-ADM2-006,Manchester,GBR,2022-08-01,14.4635,4,75,17.5
GBR-ADM2-006,Manchester,GBR,2022-09-01,14.297,6,75,17.5
GBR-ADM2-006,Manchester,GBR,2022-10-01,14.7479,14,75,17.5
GBR-ADM2-006,Manchester,GBR,2022-11-01,14.8062,14,75,17.5
GBR-ADM2-006,Manchester,GBR,2022-12-01,12.3711,13,75,17.5
GBR-ADM2-006,Manchester,GBR,2023-01-01,14.9548,14,75,17.5
GBR-ADM2-006,Manchester,GBR,2023-02-01,16.628,18,75,17.5
GBR-ADM2-006,Manchester,GBR,2023-03-01,14.0166,9,75,17.5
GBR-ADM2-006,Manchester,GBR,2023-04-01,15.4703,11,75,17.5
GBR-ADM2-006,Manchester,GBR,2023-05-01,16.9611,11,75,17.5
GBR-ADM2-006,Manchester,GBR,2023-06-01,14.67,5,75,17.5
GBR-ADM2-006,Manchester,GBR,2023-07-01,16.4692,4,75,17.5
GBR-ADM2-006,Manchester,GBR,2023-08-01,15.573,2,75,17.5
GBR-ADM2-006,Manchester,GBR,2023-09-01,15.2844,5,75,17.5
GBR-ADM2-006,Manchester,GBR,2023-10-01,15.001,13,75,17.5
GBR-ADM2-006,Manchester,GBR,2023-11-01,16.3241,16,75,17.5
GBR-ADM2-006,Manchester,GBR,2023-12-01,15.2647,11,75,17.5
GBR-ADM2-006,Manchester,GBR,2024-01-01,16.4639,14,75,17.5
GBR-ADM2-006,Manchester,GBR,2024-02-01,16.3057,12,75,17.5
GBR-ADM2-006,Manchester,GBR,2024-03-01,16.7644,14,75,17.5
GBR-ADM2-006,Manchester,GBR,2024-04-01,16.8558,11,75,17.5
GBR-ADM2-006,Manchester,GBR,2024-05-01,16.9121,13,75,17.5
GBR-ADM2-006,Manchester,GBR,2024-06-01,18.2187,5,75,17.5
GBR-ADM2-006,Manchester,GBR,2024-07-01,17.8453,8,75,17.5
GBR-ADM2-006,Manchester,GBR,2024-08-01,13.8597,8,75,17.5
GBR-ADM2-006,Manchester,GBR,2024-09-01,,0,75,17.5
GBR-ADM2-006,Manchester,GBR,2024-10-01,15.8838,17,75,17.5
GBR-ADM2-006,Manchester,GBR,2024-11-01,15.0898,15,75,17.5
GBR-ADM2-006,Manchester,GBR,2024-12-01,16.0251,14,75,17.5
GBR-ADM2-007,Manchester,GBR,2019-01-01,10.7508,14,37,8.78
GBR-ADM2-007,Manchester,GBR,2019-02-01,9.4287,10,37,8.78
GBR-ADM2-007,Manchester,GBR,2019-03-01,10.7483,14,37,8.78
GBR-ADM2-007,Manchester,GBR,2019-04-01,10.8392,20,37,8.78
GBR-ADM2-007,Manchester,GBR,2019-05-01,10.7802,12,37,8.78
GBR-ADM2-007,Manchester,GBR,2019-06-01,11.9342,5,37,8.78
GBR-ADM2-007,Manchester,GBR,2019-07-01,11.2289,9,37,8.78
GBR-ADM2-007,Manchester,GBR,2019-08-01,10.2281,3,37,8.78
GBR-ADM2-007,Manchester,GBR,2019-09-01,10.4114,6,37,8.78
GBR-ADM2-007,Manchester,GBR,2019-10-01,11.1137,10,37,8.78
GBR-ADM2-007,Manchester,GBR,2019-11-01,9.8887,15,37,8.78
GBR-ADM2-007,Manchester,GBR,2019-12-01,10.6333,14,37,8.78
GBR-ADM2-007,Manchester,GBR,2020-01-01,9.8703,15,37,8.78
GBR-ADM2-007,Manchester,GBR,2020-02-01,10.7831,12,37,8.78
GBR-ADM2-007,Manchester,GBR,2020-03-01,11.5519,18,37,8.78
GBR-ADM2-007,Manchester,GBR,2020-04-01,9.8785,20,37,8.78
GBR-ADM2-007,Manchester,GBR,2020-05-01,9.4383,10,37,8.78
GBR-ADM2-007,Manchester,GBR,2020-06-01,9.6924,8,37,8.78
GBR-ADM2-007,Manchester,GBR,2020-07-01,,0,37,8.78
GBR-ADM2-007,Manchester,GBR,2020-08-01,8.2971,9,37,8.78
GBR-ADM2-007,Manchester,GBR,2020-09-01,11.4143,11,37,8.78
GBR-ADM2-007,Manchester,GBR,2020-10-01,10.1217,17,37,8.78
GBR-ADM2-007,Manchester,GBR,2020-11-01,10.6529,18,37,8.78
GBR-ADM2-007,Manchester,GBR,2020-12-01,10.9856,15,37,8.78
GBR-ADM2-007,Manchester,GBR,2021-01-01,12.2385,12,37,8.78
GBR-ADM2-007,Manchester,GBR,2021-02-01,11.4001,11,37,8.78
GBR-ADM2-007,Manchester,GBR,2021-03-01,12.7751,10,37,8.78
GBR-ADM2-007,Manchester,GBR,2021-04-01,12.2541,11,37,8.78
GBR-ADM2-007,Manchester,GBR,2021-05-01,12.4062,17,37,8.78
GBR-ADM2-007,Manchester,GBR,2021-06-01,12.0904,9,37,8.78
GBR-ADM2-007,Manchester,GBR,2021-07-01,11.0205,5,37,8.78
GBR-ADM2-007,Manchester,GBR,2021-08-01,,0,37,8.78
GBR-ADM2-007,Manchester,GBR,2021-09-01,9.4722,6,37,8.78
GBR-ADM2-007,Manchester,GBR,2021-10-01,12.5991,12,37,8.78
GBR-ADM2-007,Manchester,GBR,2021-11-01,11.2318,15,37,8.78
GBR-ADM2-007,Manchester,GBR,2021-12-01,11.8822,11,37,8.78
GBR-ADM2-007,Manchester,GBR,2022-01-01,12.4478,12,37,8.78
GBR-ADM2-007,Manchester,GBR,2022-02-01,11.8579,13,37,8.78
GBR-ADM2-007,Manchester,GBR,2022-03-01,12.5309,18,37,8.78
GBR-ADM2-007,Manchester,GBR,2022-04-01,12.5951,25,37,8.78
GBR-ADM2-007,Manchester,GBR,2022-05-01,11.8073,14,37,8.78
GBR-ADM2-007,Manchester,GBR,2022-06-01,12.529,1,37,8.78
GBR-ADM2-007,Manchester,GBR,2022-07-01,10.9383,8,37,8.78
GBR-ADM2-007,Manchester,GBR,2022-08-01,11.4222,7,37,8.78
GBR-ADM2-007,Manchester,GBR,2022-09-01,12.2097,6,37,8.78
GBR-ADM2-007,Manchester,GBR,2022-10-01,12.9195,10,37,8.78
GBR-ADM2-007,Manchester,GBR,2022-11-01,12.608,12,37,8.78
GBR-ADM2-007,Manchester,GBR,2022-12-01,14.0109,15,37,8.78
GBR-ADM2-007,Manchester,GBR,2023-01-01,10.8802,12,37,8.78
GBR-ADM2-007,Manchester,GBR,2023-02-01,12.1632,9,37,8.78
GBR-ADM2-007,Manchester,GBR,2023-03-01,12.3101,21,37,8.78
GBR-ADM2-007,Manchester,GBR,2023-04-01,13.6536,19,37,8.78
GBR-ADM2-007,Manchester,GBR,2023-05-01,13.1963,12,37,8.78
GBR-ADM2-007,Manchester,GBR,2023-06-01,12.7798,6,37,8.78
GBR-ADM2-007,Manchester,GBR,2023-07-01,12.4404,6,37,8.78
GBR-ADM2-007,Manchester,GBR,2023-08-01,12.7419,10,37,8.78
GBR-ADM2-007,Manchester,GBR,2023-09-01,12.038,9,37,8.78
GBR-ADM2-007,Manchester,GBR,2023-10-01,11.9692,9,37,8.78
GBR-ADM2-007,Manchester,GBR,2023-11-01,13.5456,10,37,8.78
GBR-ADM2-007,Manchester,GBR,2023-12-01,13.1024,10,37,8.78
GBR-ADM2-007,Manchester,GBR,2024-01-01,12.9397,9,37,8.78
GBR-ADM2-007,Manchester,GBR,2024-02-01,12.5254,10,37,8.78
GBR-ADM2-007,Manchester,GBR,2024-03-01,12.6653,15,37,8.78
GBR-ADM2-007,Manchester,GBR,2024-04-01,13.569,11,37,8.78
GBR-ADM2-007,Manchester,GBR,2024-05-01,12.9288,12,37,8.78
GBR-ADM2-007,Manchester,GBR,2024-06-01,15.2112,1,37,8.78
GBR-ADM2-007,Manchester,GBR,2024-07-01,14.3481,5,37,8.78
GBR-ADM2-007,Manchester,GBR,2024-08-01,13.2168,8,37,8.78
GBR-ADM2-007,Manchester,GBR,2024-09-01,12.8955,9,37,8.78
GBR-ADM2-007,Manchester,GBR,2024-10-01,12.9705,13,37,8.78
GBR-ADM2-007,Manchester,GBR,2024-11-01,13.5202,17,37,8.78
GBR-ADM2-007,Manchester,GBR,2024-12-01,13.0557,13,37,8.78
GBR-ADM2-008,Manchester,GBR,2019-01-01,7.0771,13,28,6.54
GBR-ADM2-008,Manchester,GBR,2019-02-01,7.0323,15,28,6.54
GBR-ADM2-008,Manchester,GBR,2019-03-01,6.6647,14,28,6.54
GBR-ADM2-008,Manchester,GBR,2019-04-01,6.8141,12,28,6.54
GBR-ADM2-008,Manchester,GBR,2019-05-01,7.0873,17,28,6.54
GBR-ADM2-008,Manchester,GBR,2019-06-01,6.1911,11,28,6.54
GBR-ADM2-008,Manchester,GBR,2019-07-01,6.689,5,28,6.54
GBR-ADM2-008,Manchester,GBR,2019-08-01,7.0565,6,28,6.54
GBR-ADM2-008,Manchester,GBR,2019-09-01,6.8864,10,28,6.54
GBR-ADM2-008,Manchester,GBR,2019-10-01,7.4134,15,28,6.54
GBR-ADM2-008,Manchester,GBR,2019-11-01,6.2417,19,28,6.54
GBR-ADM2-008,Manchester,GBR,2019-12-01,6.9786,22,28,6.54
GBR-ADM2-008,Manchester,GBR,2020-01-01,7.024,13,28,6.54
GBR-ADM2-008,Manchester,GBR,2020-02-01,7.6,12,28,6.54
GBR-ADM2-008,Manchester,GBR,2020-03-01,7.3292,13,28,6.54
GBR-ADM2-008,Manchester,GBR,2020-04-01,6.6811,15,28,6.54
GBR-ADM2-008,Manchester,GBR,2020-05-01,6.285,12,28,6.54
GBR-ADM2-008,Manchester,GBR,2020-06-01,6.4785,3,28,6.54
GBR-ADM2-008,Manchester,GBR,2020-07-01,6.3362,4,28,6.54
GBR-ADM2-008,Manchester,GBR,2020-08-01,5.7065,7,28,6.54
GBR-ADM2-008,Manchester,GBR,2020-09-01,7.1332,4,28,6.54
GBR-ADM2-008,Manchester,GBR,2020-10-01,6.8043,16,28,6.54
GBR-ADM2-008,Manchester,GBR,2020-11-01,6.9157,12,28,6.54
GBR-ADM2-008,Manchester,GBR,2020-12-01,7.6062,16,28,6.54
GBR-ADM2-008,Manchester,GBR,2021-01-01,7.6671,9,28,6.54
GBR-ADM2-008,Manchester,GBR,2021-02-01,7.7174,8,28,6.54
GBR-ADM2-008,Manchester,GBR,2021-03-01,7.2004,11,28,6.54
GBR-ADM2-008,Manchester,GBR,2021-04-01,7.4031,21,28,6.54
GBR-ADM2-008,Manchester,GBR,2021-05-01,7.9473,13,28,6.54
GBR-ADM2-008,Manchester,GBR,2021-06-01,7.8341,8,28,6.54
GBR-ADM2-008,Manchester,GBR,2021-07-01,7.7664,1,28,6.54
GBR-ADM2-008,Manchester,GBR,2021-08-01,8.3164,7,28,6.54
GBR-ADM2-008,Manchester,GBR,2021-09-01,8.6384,7,28,6.54
GBR-ADM2-008,Manchester,GBR,2021-10-01,7.2137,11,28,6.54
GBR-ADM2-008,Manchester,GBR,2021-11-01,7.7528,19,28,6.54
GBR-ADM2-008,Manchester,GBR,2021-12-01,7.8956,15,28,6.54
GBR-ADM2-008,Manchester,GBR,2022-01-01,8.0753,19,28,6.54
GBR-ADM2-008,Manchester,GBR,2022-02-01,8.2631,15,28,6.54
GBR-ADM2-008,Manchester,GBR,2022-03-01,7.8397,14,28,6.54
GBR-ADM2-008,Manchester,GBR,2022-04-01,7.3492,9,28,6.54
GBR-ADM2-008,Manchester,GBR,2022-05-01,9.0202,13,28,6.54
GBR-ADM2-008,Manchester,GBR,2022-06-01,8.4846,7,28,6.54
GBR-ADM2-008,Manchester,GBR,2022-07-01,8.3237,15,28,6.54
GBR-ADM2-008,Manchester,GBR,2022-08-01,8.0834,1,28,6.54
GBR-ADM2-008,Manchester,GBR,2022-09-01,7.3171,5,28,6.54
GBR-ADM2-008,Manchester,GBR,2022-10-01,7.9502,8,28,6.54
GBR-ADM2-008,Manchester,GBR,2022-11-01,7.5911,11,28,6.54
GBR-ADM2-008,Manchester,GBR,2022-12-01,8.0493,11,28,6.54
GBR-ADM2-008,Manchester,GBR,2023-01-01,8.7359,12,28,6.54
GBR-ADM2-008,Manchester,GBR,2023-02-01,8.5656,12,28,6.54
GBR-ADM2-008,Manchester,GBR,2023-03-01,8.5789,10,28,6.54
GBR-ADM2-008,Manchester,GBR,2023-04-01,8.6219,17,28,6.54
GBR-ADM2-008,Manchester,GBR,2023-05-01,10.1058,17,28,6.54
GBR-ADM2-008,Manchester,GBR,2023-06-01,8.9936,11,28,6.54
GBR-ADM2-008,Manchester,GBR,2023-07-01,8.1915,10,28,6.54
GBR-ADM2-008,Manchester,GBR,2023-08-01,9.4612,7,28,6.54
GBR-ADM2-008,Manchester,GBR,2023-09-01,8.2164,7,28,6.54
GBR-ADM2-008,Manchester,GBR,2023-10-01,8.3474,12,28,6.54
GBR-ADM2-008,Manchester,GBR,2023-11-01,9.3717,13,28,6.54
GBR-ADM2-008,Manchester,GBR,2023-12-01,8.2508,9,28,6.54
GBR-ADM2-008,Manchester,GBR,2024-01-01,8.6169,18,28,6.54
GBR-ADM2-008,Manchester,GBR,2024-02-01,8.5248,16,28,6.54
GBR-ADM2-008,Manchester,GBR,2024-03-01,9.4105,13,28,6.54
GBR-ADM2-008,Manchester,GBR,2024-04-01,10.7296,17,28,6.54
GBR-ADM2-008,Manchester,GBR,2024-05-01,9.3343,9,28,6.54
GBR-ADM2-008,Manchester,GBR,2024-06-01,8.8842,8,28,6.54
GBR-ADM2-008,Manchester,GBR,2024-07-01,8.4444,4,28,6.54
GBR-ADM2-008,Manchester,GBR,2024-08-01,9.3701,10,28,6.54
GBR-ADM2-008,Manchester,GBR,2024-09-01,8.2333,10,28,6.54
GBR-ADM2-008,Manchester,GBR,2024-10-01,8.5866,10,28,6.54
GBR-ADM2-008,Manchester,GBR,2024-11-01,8.8181,10,28,6.54
GBR-ADM2-008,Manchester,GBR,2024-12-01,8.5611,16,28,6.54
GBR-ADM2-009,Manchester,GBR,2019-01-01,5.4539,14,38,8.89
GBR-ADM2-009,Manchester,GBR,2019-02-01,4.7634,11,38,8.89
GBR-ADM2-009,Manchester,GBR,2019-03-01,5.4643,17,38,8.89
GBR-ADM2-009,Manchester,GBR,2019-04-01,5.8655,12,38,8.89
GBR-ADM2-009,Manchester,GBR,2019-05-01,5.1336,11,38,8.89
GBR-ADM2-009,Manchester,GBR,2019-06-01,5.5665,7,38,8.89
GBR-ADM2-009,Manchester,GBR,2019-07-01,5.3321,11,38,8.89
GBR-ADM2-009,Manchester,GBR,2019-08-01,4.8995,4,38,8.89
GBR-ADM2-009,Manchester,GBR,2019-09-01,5.3548,8,38,8.89
GBR-ADM2-009,Manchester,GBR,2019-10-01,4.7305,20,38,8.89
GBR-ADM2-009,Manchester,GBR,2019-11-01,5.0889,18,38,8.89
GBR-ADM2-009,Manchester,GBR,2019-12-01,4.8785,15,38,8.89
GBR-ADM2-009,Manchester,GBR,2020-01-01,5.5694,13,38,8.89
GBR-ADM2-009,Manchester,GBR,2020-02-01,6.0533,12,38,8.89
GBR-ADM2-009,Manchester,GBR,2020-03-01,5.4785,15,38,8.89
GBR-ADM2-009,Manchester,GBR,2020-04-01,4.2055,14,38,8.89
GBR-ADM2-009,Manchester,GBR,2020-05-01,4.4956,8,38,8.89
GBR-ADM2-009,Manchester,GBR,2020-06-01,4.1929,4,38,8.89
GBR-ADM2-009,Manchester,GBR,2020-07-01,4.34,2,38,8.89
GBR-ADM2-009,Manchester,GBR,2020-08-01,4.2999,7,38,8.89
GBR-ADM2-009,Manchester,GBR,2020-09-01,5.255,6,38,8.89
GBR-ADM2-009,Manchester,GBR,2020-10-01,6.1527,13,38,8.89
GBR-ADM2-009,Manchester,GBR,2020-11-01,5.8644,18,38,8.89
GBR-ADM2-009,Manchester,GBR,2020-12-01,5.3779,13,38,8.89
GBR-ADM2-009,Manchester,GBR,2021-01-01,6.3776,6,38,8.89
GBR-ADM2-009,Manchester,GBR,2021-02-01,5.6122,14,38,8.89
GBR-ADM2-009,Manchester,GBR,2021-03-01,5.5083,11,38,8.89
GBR-ADM2-009,Manchester,GBR,2021-04-01,5.9816,9,38,8.89
GBR-ADM2-009,Manchester,GBR,2021-05-01,6.2473,15,38,8.89
GBR-ADM2-009,Manchester,GBR,2021-06-01,6.4017,6,38,8.89
GBR-ADM2-009,Manchester,GBR,2021-07-01,5.8319,9,38,8.89
GBR-ADM2-009,Manchester,GBR,2021-08-01,5.5014,6,38,8.89
GBR-ADM2-009,Manchester,GBR,2021-09-01,5.9491,8,38,8.89
GBR-ADM2-009,Manchester,GBR,2021-10-01,5.1066,15,38,8.89
GBR-ADM2-009,Manchester,GBR,2021-11-01,5.3662,15,38,8.89
GBR-ADM2-009,Manchester,GBR,2021-12-01,5.8175,16,38,8.89
GBR-ADM2-009,Manchester,GBR,2022-01-01,5.5918,21,38,8.89
GBR-ADM2-009,Manchester,GBR,2022-02-01,6.4582,9,38,8.89
GBR-ADM2-009,Manchester,GBR,2022-03-01,6.5556,12,38,8.89
GBR-ADM2-009,Manchester,GBR,2022-04-01,6.2338,8,38,8.89
GBR-ADM2-009,Manchester,GBR,2022-05-01,6.0889,14,38,8.89
GBR-ADM2-009,Manchester,GBR,2022-06-01,6.5605,9,38,8.89
GBR-ADM2-009,Manchester,GBR,2022-07-01,5.8729,15,38,8.89
GBR-ADM2-009,Manchester,GBR,2022-08-01,,0,38,8.89
GBR-ADM2-009,Manchester,GBR,2022-09-01,6.0816,3,38,8.89
GBR-ADM2-009,Manchester,GBR,2022-10-01,5.8338,12,38,8.89
GBR-ADM2-009,Manchester,GBR,2022-11-01,5.137,13,38,8.89
GBR-ADM2-009,Manchester,GBR,2022-12-01,6.2277,18,38,8.89
GBR-ADM2-009,Manchester,GBR,2023-01-01,6.1492,21,38,8.89
GBR-ADM2-009,Manchester,GBR,2023-02-01,6.613,18,38,8.89
GBR-ADM2-009,Manchester,GBR,2023-03-01,6.4046,10,38,8.89
GBR-ADM2-009,Manchester,GBR,2023-04-01,6.9058,13,38,8.89
GBR-ADM2-009,Manchester,GBR,2023-05-01,7.0174,21,38,8.89
GBR-ADM2-009,Manchester,GBR,2023-06-01,6.5784,10,38,8.89
GBR-ADM2-009,Manchester,GBR,2023-07-01,6.5223,5,38,8.89
GBR-ADM2-009,Manchester,GBR,2023-08-01,6.1257,4,38,8.89
GBR-ADM2-009,Manchester,GBR,2023-09-01,5.9178,1,38,8.89
GBR-ADM2-009,Manchester,GBR,2023-10-01,6.6484,19,38,8.89
GBR-ADM2-009,Manchester,GBR,2023-11-01,6.9966,20,38,8.89
GBR-ADM2-009,Manchester,GBR,2023-12-01,6.6178,15,38,8.89
GBR-ADM2-009,Manchester,GBR,2024-01-01,5.9118,14,38,8.89
GBR-ADM2-009,Manchester,GBR,2024-02-01,6.6822,16,38,8.89
GBR-ADM2-009,Manchester,GBR,2024-03-01,6.6092,14,38,8.89
GBR-ADM2-009,Manchester,GBR,2024-04-01,7.4708,11,38,8.89
GBR-ADM2-009,Manchester,GBR,2024-05-01,7.1641,19,38,8.89
GBR-ADM2-009,Manchester,GBR,2024-06-01,6.8579,7,38,8.89
GBR-ADM2-009,Manchester,GBR,2024-07-01,7.5,9,38,8.89
GBR-ADM2-009,Manchester,GBR,2024-08-01,7.0795,2,38,8.89
GBR-ADM2-009,Manchester,GBR,2024-09-01,,0,38,8.89
GBR-ADM2-009,Manchester,GBR,2024-10-01,6.194,15,38,8.89
GBR-ADM2-009,Manchester,GBR,2024-11-01,6.6216,16,38,8.89
GBR-ADM2-009,Manchester,GBR,2024-12-01,6.7274,10,38,8.89
GBR-ADM2-010,Manchester,GBR,2019-01-01,15.6536,11,102,23.9
GBR-ADM2-010,Manchester,GBR,2019-02-01,14.2247,14,102,23.9
GBR-ADM2-010,Manchester,GBR,2019-03-01,14.3501,10,102,23.9
GBR-ADM2-010,Manchester,GBR,2019-04-01,13.4612,17,102,23.9
GBR-ADM2-010,Manchester,GBR,2019-05-01,16.6147,14,102,23.9
GBR-ADM2-010,Manchester,GBR,2019-06-01,16.6325,7,102,23.9
GBR-ADM2-010,Manchester,GBR,2019-07-01,13.3468,5,102,23.9
GBR-ADM2-010,Manchester,GBR,2019-08-01,14.5545,5,102,23.9
GBR-ADM2-010,Manchester,GBR,2019-09-01,13.4251,4,102,23.9
GBR-ADM2-010,Manchester,GBR,2019-10-01,15.463,18,102,23.9
GBR-ADM2-010,Manchester,GBR,2019-11-01,14.4068,10,102,23.9
GBR-ADM2-010,Manchester,GBR,2019-12-01,16.5668,16,102,23.9
GBR-ADM2-010,Manchester,GBR,2020-01-01,16.7777,10,102,23.9
GBR-ADM2-010,Manchester,GBR,2020-02-01,15.9287,15,102,23.9
GBR-ADM2-010,Manchester,GBR,2020-03-01,15.7413,13,102,23.9
GBR-ADM2-010,Manchester,GBR,2020-04-01,14.4749,12,102,23.9
GBR-ADM2-010,Manchester,GBR,2020-05-01,12.556,14,102,23.9
GBR-ADM2-010,Manchester,GBR,2020-06-01,13.1601,6,102,23.9
GBR-ADM2-010,Manchester,GBR,2020-07-01,13.8307,11,102,23.9
GBR-ADM2-010,Manchester,GBR,2020-08-01,12.71,9,102,23.9
GBR-ADM2-010,Manchester,GBR,2020-09-01,14.8554,2,102,23.9
GBR-ADM2-010,Manchester,GBR,2020-10-01,16.1667,14,102,23.9
GBR-ADM2-010,Manchester,GBR,2020-11-01,17.5067,11,102,23.9
GBR-ADM2-010,Manchester,GBR,2020-12-01,16.2107,16,102,23.9
GBR-ADM2-010,Manchester,GBR,2021-01-01,16.9053,25,102,23.9
GBR-ADM2-010,Manchester,GBR,2021-02-01,18.3551,19,102,23.9
GBR-ADM2-010,Manchester,GBR,2021-03-01,16.5885,16,102,23.9
GBR-ADM2-010,Manchester,GBR,2021-04-01,19.0766,9,102,23.9
GBR-ADM2-010,Manchester,GBR,2021-05-01,18.5719,18,102,23.9
GBR-ADM2-010,Manchester,GBR,2021-06-01,16.2154,3,102,23.9
GBR-ADM2-010,Manchester,GBR,2021-07-01,17.9078,4,102,23.9
GBR-ADM2-010,Manchester,GBR,2021-08-01,19.4762,2,102,23.9
GBR-ADM2-010,Manchester,GBR,2021-09-01,16.6337,5,102,23.9
GBR-ADM2-010,Manchester,GBR,2021-10-01,18.6527,16,102,23.9
GBR-ADM2-010,Manchester,GBR,2021-11-01,15.8621,9,102,23.9
GBR-ADM2-010,Manchester,GBR,2021-12-01,18.8121,20,102,23.9
GBR-ADM2-010,Manchester,GBR,2022-01-01,17.1243,18,102,23.9
GBR-ADM2-010,Manchester,GBR,2022-02-01,17.2686,21,102,23.9
GBR-ADM2-010,Manchester,GBR,2022-03-01,20.0357,13,102,23.9
GBR-ADM2-010,Manchester,GBR,2022-04-01,18.527,14,102,23.9
GBR-ADM2-010,Manchester,GBR,2022-05-01,19.693,10,102,23.9
GBR-ADM2-010,Manchester,GBR,2022-06-01,18.1588,7,102,23.9
GBR-ADM2-010,Manchester,GBR,2022-07-01,21.0007,5,102,23.9
GBR-ADM2-010,Manchester,GBR,2022-08-01,19.1534,5,102,23.9
GBR-ADM2-010,Manchester,GBR,2022-09-01,20.2757,4,102,23.9
GBR-ADM2-010,Manchester,GBR,2022-10-01,20.0735,15,102,23.9
GBR-ADM2-010,Manchester,GBR,2022-11-01,18.9825,15,102,23.9
GBR-ADM2-010,Manchester,GBR,2022-12-01,18.6718,12,102,23.9
GBR-ADM2-010,Manchester,GBR,2023-01-01,17.9007,13,102,23.9
GBR-ADM2-010,Manchester,GBR,2023-02-01,19.8787,18,102,23.9
GBR-ADM2-010,Manchester,GBR,2023-03-01,21.7152,15,102,23.9
GBR-ADM2-010,Manchester,GBR,2023-04-01,23.1658,12,102,23.9
GBR-ADM2-010,Manchester,GBR,2023-05-01,22.2402,13,102,23.9
GBR-ADM2-010,Manchester,GBR,2023-06-01,19.8338,7,102,23.9
GBR-ADM2-010,Manchester,GBR,2023-07-01,21.4249,9,102,23.9
GBR-ADM2-010,Manchester,GBR,2023-08-01,19.5262,3,102,23.9
GBR-ADM2-010,Manchester,GBR,2023-09-01,19.8196,9,102,23.9
GBR-ADM2-010,Manchester,GBR,2023-10-01,20.2204,14,102,23.9
GBR-ADM2-010,Manchester,GBR,2023-11-01,20.6603,12,102,23.9
GBR-ADM2-010,Manchester,GBR,2023-12-01,21.3557,15,102,23.9
GBR-ADM2-010,Manchester,GBR,2024-01-01,20.4877,22,102,23.9
GBR-ADM2-010,Manchester,GBR,2024-02-01,22.4228,13,102,23.9
GBR-ADM2-010,Manchester,GBR,2024-03-01,23.3181,20,102,23.9
GBR-ADM2-010,Manchester,GBR,2024-04-01,21.7935,14,102,23.9
GBR-ADM2-010,Manchester,GBR,2024-05-01,22.5292,12,102,23.9
GBR-ADM2-010,Manchester,GBR,2024-06-01,20.5761,8,102,23.9
GBR-ADM2-010,Manchester,GBR,2024-07-01,24.0549,5,102,23.9
GBR-ADM2-010,Manchester,GBR,2024-08-01,22.3328,3,102,23.9
GBR-ADM2-010,Manchester,GBR,2024-09-01,23.1171,8,102,23.9
GBR-ADM2-010,Manchester,GBR,2024-10-01,23.7063,21,102,23.9
GBR-ADM2-010,Manchester,GBR,2024-11-01,23.764,16,102,23.9
GBR-ADM2-010,Manchester,GBR,2024-12-01,23.646,8,102,23.9
GBR-ADM2-011,Manchester,GBR,2019-01-01,9.5663,13,128,29.8
GBR-ADM2-011,Manchester,GBR,2019-02-01,9.9371,6,128,29.8
GBR-ADM2-011,Manchester,GBR,2019-03-01,9.4416,12,128,29.8
GBR-ADM2-011,Manchester,GBR,2019-04-01,9.111,17,128,29.8
GBR-ADM2-011,Manchester,GBR,2019-05-01,10.5496,11,128,29.8
GBR-ADM2-011,Manchester,GBR,2019-06-01,9.0074,8,128,29.8
GBR-ADM2-011,Manchester,GBR,2019-07-01,9.3514,3,128,29.8
GBR-ADM2-011,Manchester,GBR,2019-08-01,8.7082,7,128,29.8
GBR-ADM2-011,Manchester,GBR,2019-09-01,9.1594,6,128,29.8
GBR-ADM2-011,Manchester,GBR,2019-10-01,9.4981,19,128,29.8
GBR-ADM2-011,Manchester,GBR,2019-11-01,8.3601,13,128,29.8
GBR-ADM2-011,Manchester,GBR,2019-12-01,9.4783,22,128,29.8
GBR-ADM2-011,Manchester,GBR,2020-01-01,9.6383,12,128,29.8
GBR-ADM2-011,Manchester,GBR,2020-02-01,9.7755,9,128,29.8
GBR-ADM2-011,Manchester,GBR,2020-03-01,10.9996,20,128,29.8
GBR-ADM2-011,Manchester,GBR,2020-04-01,8.0043,7,128,29.8
GBR-ADM2-011,Manchester,GBR,2020-05-01,8.9287,17,128,29.8
GBR-ADM2-011,Manchester,GBR,2020-06-01,7.4099,10,128,29.8
GBR-ADM2-011,Manchester,GBR,2020-07-01,7.3472,7,128,29.8
GBR-ADM2-011,Manchester,GBR,2020-08-01,6.9165,3,128,29.8
GBR-ADM2-011,Manchester,GBR,2020-09-01,9.2732,3,128,29.8
GBR-ADM2-011,Manchester,GBR,2020-10-01,8.2005,12,128,29.8
GBR-ADM2-011,Manchester,GBR,2020-11-01,8.3535,12,128,29.8
GBR-ADM2-011,Manchester,GBR,2020-12-01,9.5618,11,128,29.8
GBR-ADM2-011,Manchester,GBR,2021-01-01,9.5522,21,128,29.8
GBR-ADM2-011,Manchester,GBR,2021-02-01,10.6415,15,128,29.8
GBR-ADM2-011,Manchester,GBR,2021-03-01,10.3458,10,128,29.8
GBR-ADM2-011,Manchester,GBR,2021-04-01,10.2587,14,128,29.8
GBR-ADM2-011,Manchester,GBR,2021-05-01,10.6699,16,128,29.8
GBR-ADM2-011,Manchester,GBR,2021-06-01,10.0076,5,128,29.8
GBR-ADM2-011,Manchester,GBR,2021-07-01,10.7849,10,128,29.8
GBR-ADM2-011,Manchester,GBR,2021-08-01,9.9664,8,128,29.8
GBR-ADM2-011,Manchester,GBR,2021-09-01,8.7846,8,128,29.8
GBR-ADM2-011,Manchester,GBR,2021-10-01,10.6494,16,128,29.8
GBR-ADM2-011,Manchester,GBR,2021-11-01,9.7843,15,128,29.8
GBR-ADM2-011,Manchester,GBR,2021-12-01,9.5587,17,128,29.8
GBR-ADM2-011,Manchester,GBR,2022-01-01,9.8808,16,128,29.8
GBR-ADM2-011,Manchester,GBR,2022-02-01,9.3015,14,128,29.8
GBR-ADM2-011,Manchester,GBR,2022-03-01,11.4914,24,128,29.8
GBR-ADM2-011,Manchester,GBR,2022-04-01,11.7198,13,128,29.8
GBR-ADM2-011,Manchester,GBR,2022-05-01,9.9189,20,128,29.8
GBR-ADM2-011,Manchester,GBR,2022-06-01,9.4972,7,128,29.8
GBR-ADM2-011,Manchester,GBR,2022-07-01,10.3906,8,128,29.8
GBR-ADM2-011,Manchester,GBR,2022-08-01,9.3947,11,128,29.8
GBR-ADM2-011,Manchester,GBR,2022-09-01,9.1792,1,128,29.8
GBR-ADM2-011,Manchester,GBR,2022-10-01,9.8556,22,128,29.8
GBR-ADM2-011,Manchester,GBR,2022-11-01,9.1545,23,128,29.8
GBR-ADM2-011,Manchester,GBR,2022-12-01,9.4314,10,128,29.8
GBR-ADM2-011,Manchester,GBR,2023-01-01,10.2518,14,128,29.8
GBR-ADM2-011,Manchester,GBR,2023-02-01,10.0197,15,128,29.8
GBR-ADM2-011,Manchester,GBR,2023-03-01,11.2442,12,128,29.8
GBR-ADM2-011,Manchester,GBR,2023-04-01,10.8422,17,128,29.8
GBR-ADM2-011,Manchester,GBR,2023-05-01,10.599,11,128,29.8
GBR-ADM2-011,Manchester,GBR,2023-06-01,9.6793,8,128,29.8
GBR-ADM2-011,Manchester,GBR,2023-07-01,9.7868,9,128,29.8
GBR-ADM2-011,Manchester,GBR,2023-08-01,9.2972,14,128,29.8
GBR-ADM2-011,Manchester,GBR,2023-09-01,10.3049,6,128,29.8
GBR-ADM2-011,Manchester,GBR,2023-10-01,9.9007,13,128,29.8
GBR-ADM2-011,Manchester,GBR,2023-11-01,9.949,26,128,29.8
GBR-ADM2-011,Manchester,GBR,2023-12-01,10.0437,17,128,29.8
GBR-ADM2-011,Manchester,GBR,2024-01-01,10.4675,17,128,29.8
GBR-ADM2-011,Manchester,GBR,2024-02-01,10.6598,12,128,29.8
GBR-ADM2-011,Manchester,GBR,2024-03-01,10.2318,17,128,29.8
GBR-ADM2-011,Manchester,GBR,2024-04-01,11.3112,11,128,29.8
GBR-ADM2-011,Manchester,GBR,2024-05-01,10.0806,16,128,29.8
GBR-ADM2-011,Manchester,GBR,2024-06-01,10.1096,10,128,29.8
GBR-ADM2-011,Manchester,GBR,2024-07-01,10.6636,6,128,29.8
GBR-ADM2-011,Manchester,GBR,2024-08-01,9.9993,5,128,29.8
GBR-ADM2-011,Manchester,GBR,2024-09-01,9.3641,10,128,29.8
GBR-ADM2-011,Manchester,GBR,2024-10-01,10.3152,10,128,29.8
GBR-ADM2-011,Manchester,GBR,2024-11-01,9.8071,17,128,29.8
GBR-ADM2-011,Manchester,GBR,2024-12-01,9.5044,11,128,29.8
GBR-ADM2-012,Manchester,GBR,2019-01-01,10.7255,22,137,31.96
GBR-ADM2-012,Manchester,GBR,2019-02-01,10.8682,20,137,31.96
GBR-ADM2-012,Manchester,GBR,2019-03-01,10.0662,12,137,31.96
GBR-ADM2-012,Manchester,GBR,2019-04-01,11.9086,12,137,31.96
GBR-ADM2-012,Manchester,GBR,2019-05-01,11.4264,19,137,31.96
GBR-ADM2-012,Manchester,GBR,2019-06-01,11.3366,8,137,31.96
GBR-ADM2-012,Manchester,GBR,2019-07-01,12.1185,7,137,31.96
GBR-ADM2-012,Manchester,GBR,2019-08-01,11.9258,10,137,31.96
GBR-ADM2-012,Manchester,GBR,2019-09-01,11.6204,2,137,31.96
GBR-ADM2-012,Manchester,GBR,2019-10-01,10.7451,17,137,31.96
GBR-ADM2-012,Manchester,GBR,2019-11-01,11.3132,23,137,31.96
GBR-ADM2-012,Manchester,GBR,2019-12-01,10.7368,9,137,31.96
GBR-ADM2-012,Manchester,GBR,2020-01-01,11.1845,22,137,31.96
GBR-ADM2-012,Manchester,GBR,2020-02-01,12.3041,11,137,31.96
GBR-ADM2-012,Manchester,GBR,2020-03-01,12.0363,14,137,31.96
GBR-ADM2-012,Manchester,GBR,2020-04-01,9.2726,19,137,31.96
GBR-ADM2-012,Manchester,GBR,2020-05-01,8.8284,13,137,31.96
GBR-ADM2-012,Manchester,GBR,2020-06-01,9.4914,11,137,31.96
GBR-ADM2-012,Manchester,GBR,2020-07-01,10.0884,7,137,31.96
GBR-ADM2-012,Manchester,GBR,2020-08-01,9.813,5,137,31.96
GBR-ADM2-012,Manchester,GBR,2020-09-01,10.7878,5,137,31.96
GBR-ADM2-012,Manchester,GBR,2020-10-01,10.6218,12,137,31.96
GBR-ADM2-012,Manchester,GBR,2020-11-01,11.3862,11,137,31.96
GBR-ADM2-012,Manchester,GBR,2020-12-01,12.013,15,137,31.96
GBR-ADM2-012,Manchester,GBR,2021-01-01,12.2387,20,137,31.96
GBR-ADM2-012,Manchester,GBR,2021-02-01,10.9071,22,137,31.96
GBR-ADM2-012,Manchester,GBR,2021-03-01,12.0448,14,137,31.96
GBR-ADM2-012,Manchester,GBR,2021-04-01,12.4432,16,137,31.96
GBR-ADM2-012,Manchester,GBR,2021-05-01,13.6548,15,137,31.96
GBR-ADM2-012,Manchester,GBR,2021-06-01,13.4407,10,137,31.96
GBR-ADM2-012,Manchester,GBR,2021-07-01,11.1745,5,137,31.96
GBR-ADM2-012,Manchester,GBR,2021-08-01,,0,137,31.96
GBR-ADM2-012,Manchester,GBR,2021-09-01,12.5969,5,137,31.96
GBR-ADM2-012,Manchester,GBR,2021-10-01,12.8066,17,137,31.96
GBR-ADM2-012,Manchester,GBR,2021-11-01,11.9468,14,137,31.96
GBR-ADM2-012,Manchester,GBR,2021-12-01,12.9191,17,137,31.96
GBR-ADM2-012,Manchester,GBR,2022-01-01,11.9621,11,137,31.96
GBR-ADM2-012,Manchester,GBR,2022-02-01,11.8659,15,137,31.96
GBR-ADM2-012,Manchester,GBR,2022-03-01,13.2046,8,137,31.96
GBR-ADM2-012,Manchester,GBR,2022-04-01,12.6712,16,137,31.96
GBR-ADM2-012,Manchester,GBR,2022-05-01,13.7708,13,137,31.96
GBR-ADM2-012,Manchester,GBR,2022-06-01,11.5469,7,137,31.96
GBR-ADM2-012,Manchester,GBR,2022-07-01,12.1327,8,137,31.96
GBR-ADM2-012,Manchester,GBR,2022-08-01,12.7148,10,137,31.96
GBR-ADM2-012,Manchester,GBR,2022-09-01,12.8065,2,137,31.96
GBR-ADM2-012,Manchester,GBR,2022-10-01,12.1645,10,137,31.96
GBR-ADM2-012,Manchester,GBR,2022-11-01,11.4211,11,137,31.96
GBR-ADM2-012,Manchester,GBR,2022-12-01,11.2829,19,137,31.96
GBR-ADM2-012,Manchester,GBR,2023-01-01,13.0163,18,137,31.96
GBR-ADM2-012,Manchester,GBR,2023-02-01,12.6145,17,137,31.96
GBR-ADM2-012,Manchester,GBR,2023-03-01,13.683,6,137,31.96
GBR-ADM2-012,Manchester,GBR,2023-04-01,12.4663,17,137,31.96
GBR-ADM2-012,Manchester,GBR,2023-05-01,14.4246,17,137,31.96
GBR-ADM2-012,Manchester,GBR,2023-06-01,14.015,6,137,31.96
GBR-ADM2-012,Manchester,GBR,2023-07-01,12.7528,14,137,31.96
GBR-ADM2-012,Manchester,GBR,2023-08-01,13.5137,12,137,31.96
GBR-ADM2-012,Manchester,GBR,2023-09-01,11.8051,10,137,31.96
GBR-ADM2-012,Manchester,GBR,2023-10-01,12.594,14,137,31.96
GBR-ADM2-012,Manchester,GBR,2023-11-01,12.6535,15,137,31.96
GBR-ADM2-012,Manchester,GBR,2023-12-01,10.6028,8,137,31.96
GBR-ADM2-012,Manchester,GBR,2024-01-01,13.2189,13,137,31.96
GBR-ADM2-012,Manchester,GBR,2024-02-01,14.5048,8,137,31.96
GBR-ADM2-012,Manchester,GBR,2024-03-01,13.3258,14,137,31.96
GBR-ADM2-012,Manchester,GBR,2024-04-01,14.6207,16,137,31.96
GBR-ADM2-012,Manchester,GBR,2024-05-01,15.1742,16,137,31.96
GBR-ADM2-012,Manchester,GBR,2024-06-01,,0,137,31.96
GBR-ADM2-012,Manchester,GBR,2024-07-01,12.0818,8,137,31.96
GBR-ADM2-012,Manchester,GBR,2024-08-01,13.907,3,137,31.96
GBR-ADM2-012,Manchester,GBR,2024-09-01,14.0955,6,137,31.96
GBR-ADM2-012,Manchester,GBR,2024-10-01,14.7068,22,137,31.96
GBR-ADM2-012,Manchester,GBR,2024-11-01,13.6478,13,137,31.96
GBR-ADM2-012,Manchester,GBR,2024-12-01,14.0583,10,137,31.96
GBR-ADM2-013,Manchester,GBR,2019-01-01,19.7891,11,115,26.8
GBR-ADM2-013,Manchester,GBR,2019-02-01,17.4644,17,115,26.8
GBR-ADM2-013,Manchester,GBR,2019-03-01,21.1949,19,115,26.8
GBR-ADM2-013,Manchester,GBR,2019-04-01,20.2356,12,115,26.8
GBR-ADM2-013,Manchester,GBR,2019-05-01,20.5544,11,115,26.8
GBR-ADM2-013,Manchester,GBR,2019-06-01,20.6558,8,115,26.8
GBR-ADM2-013,Manchester,GBR,2019-07-01,17.9891,4,115,26.8
GBR-ADM2-013,Manchester,GBR,2019-08-01,22.3133,2,115,26.8
GBR-ADM2-013,Manchester,GBR,2019-09-01,16.6919,3,115,26.8
GBR-ADM2-013,Manchester,GBR,2019-10-01,19.0708,16,115,26.8
GBR-ADM2-013,Manchester,GBR,2019-11-01,17.7141,8,115,26.8
GBR-ADM2-013,Manchester,GBR,2019-12-01,17.8506,11,115,26.8
GBR-ADM2-013,Manchester,GBR,2020-01-01,19.9009,18,115,26.8
GBR-ADM2-013,Manchester,GBR,2020-02-01,20.0927,13,115,26.8
GBR-ADM2-013,Manchester,GBR,2020-03-01,24.5481,15,115,26.8
GBR-ADM2-013,Manchester,GBR,2020-04-01,16.4308,12,115,26.8
GBR-ADM2-013,Manchester,GBR,2020-05-01,18.1278,13,115,26.8
GBR-ADM2-013,Manchester,GBR,2020-06-01,17.5228,5,115,26.8
GBR-ADM2-013,Manchester,GBR,2020-07-01,,0,115,26.8
GBR-ADM2-013,Manchester,GBR,2020-08-01,17.7155,13,115,26.8
GBR-ADM2-013,Manchester,GBR,2020-09-01,18.7238,6,115,26.8
GBR-ADM2-013,Manchester,GBR,2020-10-01,18.3316,17,115,26.8
GBR-ADM2-013,Manchester,GBR,2020-11-01,18.9201,10,115,26.8
GBR-ADM2-013,Manchester,GBR,2020-12-01,18.8102,14,115,26.8
GBR-ADM2-013,Manchester,GBR,2021-01-01,20.939,21,115,26.8
GBR-ADM2-013,Manchester,GBR,2021-02-01,22.1248,8,115,26.8
GBR-ADM2-013,Manchester,GBR,2021-03-01,21.4241,14,115,26.8
GBR-ADM2-013,Manchester,GBR,2021-04-01,24.4912,13,115,26.8
GBR-ADM2-013,Manchester,GBR,2021-05-01,21.168,14,115,26.8
GBR-ADM2-013,Manchester,GBR,2021-06-01,,0,115,26.8
GBR-ADM2-013,Manchester,GBR,2021-07-01,24.0833,11,115,26.8
GBR-ADM2-013,Manchester,GBR,2021-08-01,22.1117,3,115,26.8
GBR-ADM2-013,Manchester,GBR,2021-09-01,22.2503,11,115,26.8
GBR-ADM2-013,Manchester,GBR,2021-10-01,21.4418,9,115,26.8
GBR-ADM2-013,Manchester,GBR,2021-11-01,20.7943,17,115,26.8
GBR-ADM2-013,Manchester,GBR,2021-12-01,21.5451,14,115,26.8
GBR-ADM2-013,Manchester,GBR,2022-01-01,21.2152,10,115,26.8
GBR-ADM2-013,Manchester,GBR,2022-02-01,21.5006,11,115,26.8
GBR-ADM2-013,Manchester,GBR,2022-03-01,23.3985,9,115,26.8
GBR-ADM2-013,Manchester,GBR,2022-04-01,22.0752,16,115,26.8
GBR-ADM2-013,Manchester,GBR,2022-05-01,22.7324,14,115,26.8
GBR-ADM2-013,Manchester,GBR,2022-06-01,23.2494,3,115,26.8
GBR-ADM2-013,Manchester,GBR,2022-07-01,24.3685,11,115,26.8
GBR-ADM2-013,Manchester,GBR,2022-08-01,22.3005,8,115,26.8
GBR-ADM2-013,Manchester,GBR,2022-09-01,20.3617,2,115,26.8
GBR-ADM2-013,Manchester,GBR,2022-10-01,20.1594,5,115,26.8
GBR-ADM2-013,Manchester,GBR,2022-11-01,23.0058,10,115,26.8
GBR-ADM2-013,Manchester,GBR,2022-12-01,22.4617,14,115,26.8
GBR-ADM2-013,Manchester,GBR,2023-01-01,22.2471,11,115,26.8
GBR-ADM2-013,Manchester,GBR,2023-02-01,22.1353,9,115,26.8
GBR-ADM2-013,Manchester,GBR,2023-03-01,24.1379,7,115,26.8
GBR-ADM2-013,Manchester,GBR,2023-04-01,25.5509,17,115,26.8
GBR-ADM2-013,Manchester,GBR,2023-05-01,25.6839,11,115,26.8
GBR-ADM2-013,Manchester,GBR,2023-06-01,21.3442,6,115,26.8
GBR-ADM2-013,Manchester,GBR,2023-07-01,22.5283,2,115,26.8
GBR-ADM2-013,Manchester,GBR,2023-08-01,,0,115,26.8
GBR-ADM2-013,Manchester,GBR,2023-09-01,22.333,3,115,26.8
GBR-ADM2-013,Manchester,GBR,2023-10-01,22.6999,12,115,26.8
GBR-ADM2-013,Manchester,GBR,2023-11-01,21.1208,17,115,26.8
GBR-ADM2-013,Manchester,GBR,2023-12-01,21.2206,23,115,26.8
GBR-ADM2-013,Manchester,GBR,2024-01-01,23.5667,8,115,26.8
GBR-ADM2-013,Manchester,GBR,2024-02-01,24.9505,17,115,26.8
GBR-ADM2-013,Manchester,GBR,2024-03-01,22.0075,16,115,26.8
GBR-ADM2-013,Manchester,GBR,2024-04-01,24.406,21,115,26.8
GBR-ADM2-013,Manchester,GBR,2024-05-01,25.3114,7,115,26.8
GBR-ADM2-013,Manchester,GBR,2024-06-01,24.8414,2,115,26.8
GBR-ADM2-013,Manchester,GBR,2024-07-01,25.2014,8,115,26.8
GBR-ADM2-013,Manchester,GBR,2024-08-01,22.8169,5,115,26.8
GBR-ADM2-013,Manchester,GBR,2024-09-01,23.4582,9,115,26.8
GBR-ADM2-013,Manchester,GBR,2024-10-01,21.6984,9,115,26.8
GBR-ADM2-013,Manchester,GBR,2024-11-01,23.5934,18,115,26.8
GBR-ADM2-013,Manchester,GBR,2024-12-01,23.6378,18,115,26.8
GBR-ADM2-014,Manchester,GBR,2019-01-01,15.8293,15,27,6.48
GBR-ADM2-014,Manchester,GBR,2019-02-01,15.681,12,27,6.48
GBR-ADM2-014,Manchester,GBR,2019-03-01,15.1253,12,27,6.48
GBR-ADM2-014,Manchester,GBR,2019-04-01,15.3932,9,27,6.48
GBR-ADM2-014,Manchester,GBR,2019-05-01,18.0972,14,27,6.48
GBR-ADM2-014,Manchester,GBR,2019-06-01,,0,27,6.48
GBR-ADM2-014,Manchester,GBR,2019-07-01,16.0334,3,27,6.48
GBR-ADM2-014,Manchester,GBR,2019-08-01,16.786,5,27,6.48
GBR-ADM2-014,Manchester,GBR,2019-09-01,,0,27,6.48
GBR-ADM2-014,Manchester,GBR,2019-10-01,16.2635,13,27,6.48
GBR-ADM2-014,Manchester,GBR,2019-11-01,14.6311,13,27,6.48
GBR-ADM2-014,Manchester,GBR,2019-12-01,17.7853,14,27,6.48
GBR-ADM2-014,Manchester,GBR,2020-01-01,16.684,8,27,6.48
GBR-ADM2-014,Manchester,GBR,2020-02-01,19.0008,9,27,6.48
GBR-ADM2-014,Manchester,GBR,2020-03-01,14.6638,13,27,6.48
GBR-ADM2-014,Manchester,GBR,2020-04-01,14.0728,17,27,6.48
GBR-ADM2-014,Manchester,GBR,2020-05-01,13.2503,20,27,6.48
GBR-ADM2-014,Manchester,GBR,2020-06-01,13.9895,12,27,6.48
GBR-ADM2-014,Manchester,GBR,2020-07-01,13.9104,3,27,6.48
GBR-ADM2-014,Manchester,GBR,2020-08-01,12.1882,8,27,6.48
GBR-ADM2-014,Manchester,GBR,2020-09-01,,0,27,6.48
GBR-ADM2-014,Manchester,GBR,2020-10-01,17.2056,8,27,6.48
GBR-ADM2-014,Manchester,GBR,2020-11-01,15.1217,13,27,6.48
GBR-ADM2-014,Manchester,GBR,2020-12-01,15.1076,16,27,6.48
GBR-ADM2-014,Manchester,GBR,2021-01-01,17.1373,12,27,6.48
GBR-ADM2-014,Manchester,GBR,2021-02-01,17.1095,12,27,6.48
GBR-ADM2-014,Manchester,GBR,2021-03-01,19.2057,26,27,6.48
GBR-ADM2-014,Manchester,GBR,2021-04-01,17.7198,11,27,6.48
GBR-ADM2-014,Manchester,GBR,2021-05-01,16.8273,7,27,6.48
GBR-ADM2-014,Manchester,GBR,2021-06-01,17.3386,8,27,6.48
GBR-ADM2-014,Manchester,GBR,2021-07-01,18.1504,7,27,6.48
GBR-ADM2-014,Manchester,GBR,2021-08-01,16.4995,7,27,6.48
GBR-ADM2-014,Manchester,GBR,2021-09-01,15.5567,9,27,6.48
GBR-ADM2-014,Manchester,GBR,2021-10-01,16.0973,17,27,6.48
GBR-ADM2-014,Manchester,GBR,2021-11-01,16.586,10,27,6.48
GBR-ADM2-014,Manchester,GBR,2021-12-01,17.5857,8,27,6.48
GBR-ADM2-014,Manchester,GBR,2022-01-01,17.6927,15,27,6.48
GBR-ADM2-014,Manchester,GBR,2022-02-01,18.5148,12,27,6.48
GBR-ADM2-014,Manchester,GBR,2022-03-01,16.4077,12,27,6.48
GBR-ADM2-014,Manchester,GBR,2022-04-01,16.8917,16,27,6.48
GBR-ADM2-014,Manchester,GBR,2022-05-01,19.549,15,27,6.48
GBR-ADM2-014,Manchester,GBR,2022-06-01,16.9958,7,27,6.48
GBR-ADM2-014,Manchester,GBR,2022-07-01,17.461,6,27,6.48
GBR-ADM2-014,Manchester,GBR,2022-08-01,17.0844,6,27,6.48
GBR-ADM2-014,Manchester,GBR,2022-09-01,17.1799,3,27,6.48
GBR-ADM2-014,Manchester,GBR,2022-10-01,18.6856,9,27,6.48
GBR-ADM2-014,Manchester,GBR,2022-11-01,15.9812,16,27,6.48
GBR-ADM2-014,Manchester,GBR,2022-12-01,18.2563,15,27,6.48
GBR-ADM2-014,Manchester,GBR,2023-01-01,18.3038,19,27,6.48
GBR-ADM2-014,Manchester,GBR,2023-02-01,15.5246,11,27,6.48
GBR-ADM2-014,Manchester,GBR,2023-03-01,15.8296,16,27,6.48
GBR-ADM2-014,Manchester,GBR,2023-04-01,18.703,11,27,6.48
GBR-ADM2-014,Manchester,GBR,2023-05-01,19.9457,11,27,6.48
GBR-ADM2-014,Manchester,GBR,2023-06-01,17.6799,7,27,6.48
GBR-ADM2-014,Manchester,GBR,2023-07-01,18.5949,2,27,6.48
GBR-ADM2-014,Manchester,GBR,2023-08-01,17.5813,2,27,6.48
GBR-ADM2-014,Manchester,GBR,2023-09-01,16.8991,5,27,6.48
GBR-ADM2-014,Manchester,GBR,2023-10-01,17.709,10,27,6.48
GBR-ADM2-014,Manchester,GBR,2023-11-01,18.1411,22,27,6.48
GBR-ADM2-014,Manchester,GBR,2023-12-01,18.9491,21,27,6.48
GBR-ADM2-014,Manchester,GBR,2024-01-01,20.962,11,27,6.48
GBR-ADM2-014,Manchester,GBR,2024-02-01,17.9823,14,27,6.48
GBR-ADM2-014,Manchester,GBR,2024-03-01,19.436,16,27,6.48
GBR-ADM2-014,Manchester,GBR,2024-04-01,18.7656,14,27,6.48
GBR-ADM2-014,Manchester,GBR,2024-05-01,18.9459,13,27,6.48
GBR-ADM2-014,Manchester,GBR,2024-06-01,16.994,4,27,6.48
GBR-ADM2-014,Manchester,GBR,2024-07-01,,0,27,6.48
GBR-ADM2-014,Manchester,GBR,2024-08-01,19.2801,5,27,6.48
GBR-ADM2-014,Manchester,GBR,2024-09-01,18.591,7,27,6.48
GBR-ADM2-014,Manchester,GBR,2024-10-01,19.0194,19,27,6.48
GBR-ADM2-014,Manchester,GBR,2024-11-01,18.1296,11,27,6.48
GBR-ADM2-014,Manchester,GBR,2024-12-01,18.9983,16,27,6.48
GBR-ADM2-015,Manchester,GBR,2019-01-01,11.2818,14,113,26.43
GBR-ADM2-015,Manchester,GBR,2019-02-01,11.0527,12,113,26.43
GBR-ADM2-015,Manchester,GBR,2019-03-01,11.1057,13,113,26.43
GBR-ADM2-015,Manchester,GBR,2019-04-01,10.0272,15,113,26.43
GBR-ADM2-015,Manchester,GBR,2019-05-01,10.7273,19,113,26.43
GBR-ADM2-015,Manchester,GBR,2019-06-01,11.6998,8,113,26.43
GBR-ADM2-015,Manchester,GBR,2019-07-01,11.4906,3,113,26.43
GBR-ADM2-015,Manchester,GBR,2019-08-01,9.8084,5,113,26.43
GBR-ADM2-015,Manchester,GBR,2019-09-01,,0,113,26.43
GBR-ADM2-015,Manchester,GBR,2019-10-01,9.6649,16,113,26.43
GBR-ADM2-015,Manchester,GBR,2019-11-01,10.8134,17,113,26.43
GBR-ADM2-015,Manchester,GBR,2019-12-01,10.7041,13,113,26.43
GBR-ADM2-015,Manchester,GBR,2020-01-01,10.6226,14,113,26.43
GBR-ADM2-015,Manchester,GBR,2020-02-01,10.9364,13,113,26.43
GBR-ADM2-015,Manchester,GBR,2020-03-01,13.6051,13,113,26.43
GBR-ADM2-015,Manchester,GBR,2020-04-01,9.9664,13,113,26.43
GBR-ADM2-015,Manchester,GBR,2020-05-01,9.2136,7,113,26.43
GBR-ADM2-015,Manchester,GBR,2020-06-01,9.3776,3,113,26.43
GBR-ADM2-015,Manchester,GBR,2020-07-01,9.7381,6,113,26.43
GBR-ADM2-015,Manchester,GBR,2020-08-01,10.6891,12,113,26.43
GBR-ADM2-015,Manchester,GBR,2020-09-01,11.5494,5,113,26.43
GBR-ADM2-015,Manchester,GBR,2020-10-01,10.6544,10,113,26.43
GBR-ADM2-015,Manchester,GBR,2020-11-01,11.5886,16,113,26.43
GBR-ADM2-015,Manchester,GBR,2020-12-01,11.2715,16,113,26.43
GBR-ADM2-015,Manchester,GBR,2021-01-01,13.1837,12,113,26.43
GBR-ADM2-015,Manchester,GBR,2021-02-01,12.8861,10,113,26.43
GBR-ADM2-015,Manchester,GBR,2021-03-01,11.905,9,113,26.43
GBR-ADM2-015,Manchester,GBR,2021-04-01,13.246,20,113,26.43
GBR-ADM2-015,Manchester,GBR,2021-05-01,12.9109,19,113,26.43
GBR-ADM2-015,Manchester,GBR,2021-06-01,12.8274,1,113,26.43
GBR-ADM2-015,Manchester,GBR,2021-07-01,12.816,10,113,26.43
GBR-ADM2-015,Manchester,GBR,2021-08-01,11.3641,4,113,26.43
GBR-ADM2-015,Manchester,GBR,2021-09-01,12.7551,4,113,26.43
GBR-ADM2-015,Manchester,GBR,2021-10-01,12.7917,11,113,26.43
GBR-ADM2-015,Manchester,GBR,2021-11-01,12.5755,19,113,26.43
GBR-ADM2-015,Manchester,GBR,2021-12-01,12.7214,15,113,26.43
GBR-ADM2-015,Manchester,GBR,2022-01-01,14.2063,10,113,26.43
GBR-ADM2-015,Manchester,GBR,2022-02-01,12.6719,4,113,26.43
GBR-ADM2-015,Manchester,GBR,2022-03-01,12.0462,11,113,26.43
GBR-ADM2-015,Manchester,GBR,2022-04-01,13.2089,7,113,26.43
GBR-ADM2-015,Manchester,GBR,2022-05-01,12.2775,10,113,26.43
GBR-ADM2-015,Manchester,GBR,2022-06-01,12.1678,4,113,26.43
GBR-ADM2-015,Manchester,GBR,2022-07-01,13.0898,8,113,26.43
GBR-ADM2-015,Manchester,GBR,2022-08-01,12.871,4,113,26.43
GBR-ADM2-015,Manchester,GBR,2022-09-01,14.0385,10,113,26.43
GBR-ADM2-015,Manchester,GBR,2022-10-01,12.9327,18,113,26.43
GBR-ADM2-015,Manchester,GBR,2022-11-01,11.7229,17,113,26.43
GBR-ADM2-015,Manchester,GBR,2022-12-01,13.0997,14,113,26.43
GBR-ADM2-015,Manchester,GBR,2023-01-01,14.6737,23,113,26.43
GBR-ADM2-015,Manchester,GBR,2023-02-01,12.7034,16,113,26.43
GBR-ADM2-015,Manchester,GBR,2023-03-01,12.6454,16,113,26.43
GBR-ADM2-015,Manchester,GBR,2023-04-01,14.2425,16,113,26.43
GBR-ADM2-015,Manchester,GBR,2023-05-01,14.0957,15,113,26.43
GBR-ADM2-015,Manchester,GBR,2023-06-01,13.7445,6,113,26.43
GBR-ADM2-015,Manchester,GBR,2023-07-01,13.0141,9,113,26.43
GBR-ADM2-015,Manchester,GBR,2023-08-01,12.2814,6,113,26.43
GBR-ADM2-015,Manchester,GBR,2023-09-01,12.2919,7,113,26.43
GBR-ADM2-015,Manchester,GBR,2023-10-01,13.1899,10,113,26.43
GBR-ADM2-015,Manchester,GBR,2023-11-01,13.4897,8,113,26.43
GBR-ADM2-015,Manchester,GBR,2023-12-01,13.7274,10,113,26.43
GBR-ADM2-015,Manchester,GBR,2024-01-01,13.5361,8,113,26.43
GBR-ADM2-015,Manchester,GBR,2024-02-01,13.5516,23,113,26.43
GBR-ADM2-015,Manchester,GBR,2024-03-01,15.3385,9,113,26.43
GBR-ADM2-015,Manchester,GBR,2024-04-01,15.6633,20,113,26.43
GBR-ADM2-015,Manchester,GBR,2024-05-01,14.8869,18,113,26.43
GBR-ADM2-015,Manchester,GBR,2024-06-01,12.5255,2,113,26.43
GBR-ADM2-015,Manchester,GBR,2024-07-01,12.8684,10,113,26.43
GBR-ADM2-015,Manchester,GBR,2024-08-01,13.6992,10,113,26.43
GBR-ADM2-015,Manchester,GBR,2024-09-01,13.4839,11,113,26.43
GBR-ADM2-015,Manchester,GBR,2024-10-01,12.733,14,113,26.43
GBR-ADM2-015,Manchester,GBR,2024-11-01,14.3074,15,113,26.43
GBR-ADM2-015,Manchester,GBR,2024-12-01,15.5874,7,113,26.43
GBR-ADM2-016,Manchester,GBR,2019-01-01,6.611,18,103,24.17
GBR-ADM2-016,Manchester,GBR,2019-02-01,7.0781,16,103,24.17
GBR-ADM2-016,Manchester,GBR,2019-03-01,7.0079,16,103,24.17
GBR-ADM2-016,Manchester,GBR,2019-04-01,7.6083,15,103,24.17
GBR-ADM2-016,Manchester,GBR,2019-05-01,8.3164,12,103,24.17
GBR-ADM2-016,Manchester,GBR,2019-06-01,6.882,4,103,24.17
GBR-ADM2-016,Manchester,GBR,2019-07-01,,0,103,24.17
GBR-ADM2-016,Manchester,GBR,2019-08-01,7.595,2,103,24.17
GBR-ADM2-016,Manchester,GBR,2019-09-01,7.3006,4,103,24.17
GBR-ADM2-016,Manchester,GBR,2019-10-01,6.837,12,103,24.17
GBR-ADM2-016,Manchester,GBR,2019-11-01,7.0462,15,103,24.17
GBR-ADM2-016,Manchester,GBR,2019-12-01,7.692,9,103,24.17
GBR-ADM2-016,Manchester,GBR,2020-01-01,7.424,9,103,24.17
GBR-ADM2-016,Manchester,GBR,2020-02-01,8.2172,14,103,24.17
GBR-ADM2-016,Manchester,GBR,2020-03-01,8.2061,9,103,24.17
GBR-ADM2-016,Manchester,GBR,2020-04-01,6.6122,11,103,24.17
GBR-ADM2-016,Manchester,GBR,2020-05-01,6.4478,14,103,24.17
GBR-ADM2-016,Manchester,GBR,2020-06-01,6.356,2,103,24.17
GBR-ADM2-016,Manchester,GBR,2020-07-01,6.474,7,103,24.17
GBR-ADM2-016,Manchester,GBR,2020-08-01,6.8227,3,103,24.17
GBR-ADM2-016,Manchester,GBR,2020-09-01,8.4026,1,103,24.17
GBR-ADM2-016,Manchester,GBR,2020-10-01,7.2521,11,103,24.17
GBR-ADM2-016,Manchester,GBR,2020-11-01,7.714,17,103,24.17
GBR-ADM2-016,Manchester,GBR,2020-12-01,8.4146,18,103,24.17
GBR-ADM2-016,Manchester,GBR,2021-01-01,8.5017,12,103,24.17
GBR-ADM2-016,Manchester,GBR,2021-02-01,8.1514,11,103,24.17
GBR-ADM2-016,Manchester,GBR,2021-03-01,7.5695,13,103,24.17
GBR-ADM2-016,Manchester,GBR,2021-04-01,7.3064,9,103,24.17
GBR-ADM2-016,Manchester,GBR,2021-05-01,8.4828,14,103,24.17
GBR-ADM2-016,Manchester,GBR,2021-06-01,8.5454,6,103,24.17
GBR-ADM2-016,Manchester,GBR,2021-07-01,7.8773,2,103,24.17
GBR-ADM2-016,Manchester,GBR,2021-08-01,8.6143,11,103,24.17
GBR-ADM2-016,Manchester,GBR,2021-09-01,,0,103,24.17
GBR-ADM2-016,Manchester,GBR,2021-10-01,7.9299,19,103,24.17
GBR-ADM2-016,Manchester,GBR,2021-11-01,7.0152,16,103,24.17
GBR-ADM2-016,Manchester,GBR,2021-12-01,7.5365,18,103,24.17
GBR-ADM2-016,Manchester,GBR,2022-01-01,7.602,16,103,24.17
GBR-ADM2-016,Manchester,GBR,2022-02-01,7.8474,14,103,24.17
GBR-ADM2-016,Manchester,GBR,2022-03-01,8.8015,14,103,24.17
GBR-ADM2-016,Manchester,GBR,2022-04-01,9.1835,16,103,24.17
GBR-ADM2-016,Manchester,GBR,2022-05-01,8.7668,15,103,24.17
GBR-ADM2-016,Manchester,GBR,2022-06-01,8.2152,6,103,24.17
GBR-ADM2-016,Manchester,GBR,2022-07-01,8.6772,7,103,24.17
GBR-ADM2-016,Manchester,GBR,2022-08-01,8.0277,10,103,24.17
GBR-ADM2-016,Manchester,GBR,2022-09-01,8.3154,2,103,24.17
GBR-ADM2-016,Manchester,GBR,2022-10-01,7.5866,18,103,24.17
GBR-ADM2-016,Manchester,GBR,2022-11-01,8.1449,17,103,24.17
GBR-ADM2-016,Manchester,GBR,2022-12-01,8.9068,13,103,24.17
GBR-ADM2-016,Manchester,GBR,2023-01-01,10.1655,14,103,24.17
GBR-ADM2-016,Manchester,GBR,2023-02-01,8.8336,14,103,24.17
GBR-ADM2-016,Manchester,GBR,2023-03-01,9.6281,14,103,24.17
GBR-ADM2-016,Manchester,GBR,2023-04-01,10.262,14,103,24.17
GBR-ADM2-016,Manchester,GBR,2023-05-01,8.6157,12,103,24.17
GBR-ADM2-016,Manchester,GBR,2023-06-01,8.4243,7,103,24.17
GBR-ADM2-016,Manchester,GBR,2023-07-01,9.4601,14,103,24.17
GBR-ADM2-016,Manchester,GBR,2023-08-01,8.3444,4,103,24.17
GBR-ADM2-016,Manchester,GBR,2023-09-01,8.1918,1,103,24.17
GBR-ADM2-016,Manchester,GBR,2023-10-01,8.3603,18,103,24.17
GBR-ADM2-016,Manchester,GBR,2023-11-01,8.9076,13,103,24.17
GBR-ADM2-016,Manchester,GBR,2023-12-01,8.002,18,103,24.17
GBR-ADM2-016,Manchester,GBR,2024-01-01,9.5278,6,103,24.17
GBR-ADM2-016,Manchester,GBR,2024-02-01,8.864,15,103,24.17
GBR-ADM2-016,Manchester,GBR,2024-03-01,9.7533,5,103,24.17
GBR-ADM2-016,Manchester,GBR,2024-04-01,9.9908,23,103,24.17
GBR-ADM2-016,Manchester,GBR,2024-05-01,10.3048,11,103,24.17
GBR-ADM2-016,Manchester,GBR,2024-06-01,9.5358,14,103,24.17
GBR-ADM2-016,Manchester,GBR,2024-07-01,8.9461,6,103,24.17
GBR-ADM2-016,Manchester,GBR,2024-08-01,9.9823,3,103,24.17
GBR-ADM2-016,Manchester,GBR,2024-09-01,8.9328,8,103,24.17
GBR-ADM2-016,Manchester,GBR,2024-10-01,9.1691,10,103,24.17
GBR-ADM2-016,Manchester,GBR,2024-11-01,8.9618,19,103,24.17
GBR-ADM2-016,Manchester,GBR,2024-12-01,10.4457,14,103,24.17
GBR-ADM2-017,Manchester,GBR,2019-01-01,8.0231,14,43,10.05
GBR-ADM2-017,Manchester,GBR,2019-02-01,9.0448,12,43,10.05
GBR-ADM2-017,Manchester,GBR,2019-03-01,9.026,19,43,10.05
GBR-ADM2-017,Manchester,GBR,2019-04-01,9.1671,11,43,10.05
GBR-ADM2-017,Manchester,GBR,2019-05-01,8.5755,14,43,10.05
GBR-ADM2-017,Manchester,GBR,2019-06-01,,0,43,10.05
GBR-ADM2-017,Manchester,GBR,2019-07-01,8.1215,5,43,10.05
GBR-ADM2-017,Manchester,GBR,2019-08-01,8.7197,15,43,10.05
GBR-ADM2-017,Manchester,GBR,2019-09-01,9.1045,13,43,10.05
GBR-ADM2-017,Manchester,GBR,2019-10-01,7.7548,14,43,10.05
GBR-ADM2-017,Manchester,GBR,2019-11-01,9.1464,14,43,10.05
GBR-ADM2-017,Manchester,GBR,2019-12-01,8.8818,21,43,10.05
GBR-ADM2-017,Manchester,GBR,2020-01-01,8.772,10,43,10.05
GBR-ADM2-017,Manchester,GBR,2020-02-01,9.952,14,43,10.05
GBR-ADM2-017,Manchester,GBR,2020-03-01,9.3805,18,43,10.05
GBR-ADM2-017,Manchester,GBR,2020-04-01,7.1024,15,43,10.05
GBR-ADM2-017,Manchester,GBR,2020-05-01,7.29,12,43,10.05
GBR-ADM2-017,Manchester,GBR,2020-06-01,7.5412,12,43,10.05
GBR-ADM2-017,Manchester,GBR,2020-07-01,,0,43,10.05
GBR-ADM2-017,Manchester,GBR,2020-08-01,6.8206,9,43,10.05
GBR-ADM2-017,Manchester,GBR,2020-09-01,8.1891,9,43,10.05
GBR-ADM2-017,Manchester,GBR,2020-10-01,9.6394,14,43,10.05
GBR-ADM2-017,Manchester,GBR,2020-11-01,8.8218,17,43,10.05
GBR-ADM2-017,Manchester,GBR,2020-12-01,9.1302,18,43,10.05
GBR-ADM2-017,Manchester,GBR,2021-01-01,9.0354,15,43,10.05
GBR-ADM2-017,Manchester,GBR,2021-02-01,8.4683,15,43,10.05
GBR-ADM2-017,Manchester,GBR,2021-03-01,8.9925,17,43,10.05
GBR-ADM2-017,Manchester,GBR,2021-04-01,9.1066,11,43,10.05
GBR-ADM2-017,Manchester,GBR,2021-05-01,8.6367,17,43,10.05
GBR-ADM2-017,Manchester,GBR,2021-06-01,9.2246,4,43,10.05
GBR-ADM2-017,Manchester,GBR,2021-07-01,9.4845,4,43,10.05
GBR-ADM2-017,Manchester,GBR,2021-08-01,7.976,13,43,10.05
GBR-ADM2-017,Manchester,GBR,2021-09-01,9.6866,12,43,10.05
GBR-ADM2-017,Manchester,GBR,2021-10-01,8.4746,22,43,10.05
GBR-ADM2-017,Manchester,GBR,2021-11-01,8.7405,15,43,10.05
GBR-ADM2-017,Manchester,GBR,2021-12-01,8.6096,14,43,10.05
GBR-ADM2-017,Manchester,GBR,2022-01-01,9.0738,15,43,10.05
GBR-ADM2-017,Manchester,GBR,2022-02-01,9.1563,13,43,10.05
GBR-ADM2-017,Manchester,GBR,2022-03-01,10.1079,11,43,10.05
GBR-ADM2-017,Manchester,GBR,2022-04-01,9.5091,9,43,10.05
GBR-ADM2-017,Manchester,GBR,2022-05-01,9.4874,10,43,10.05
GBR-ADM2-017,Manchester,GBR,2022-06-01,9.2996,4,43,10.05
GBR-ADM2-017,Manchester,GBR,2022-07-01,10.2573,7,43,10.05
GBR-ADM2-017,Manchester,GBR,2022-08-01,8.3933,5,43,10.05
GBR-ADM2-017,Manchester,GBR,2022-09-01,8.5698,2,43,10.05
GBR-ADM2-017,Manchester,GBR,2022-10-01,8.4607,8,43,10.05
GBR-ADM2-017,Manchester,GBR,2022-11-01,8.4951,18,43,10.05
GBR-ADM2-017,Manchester,GBR,2022-12-01,9.2109,9,43,10.05
GBR-ADM2-017,Manchester,GBR,2023-01-01,9.7182,15,43,10.05
GBR-ADM2-017,Manchester,GBR,2023-02-01,9.4519,11,43,10.05
GBR-ADM2-017,Manchester,GBR,2023-03-01,9.4124,20,43,10.05
GBR-ADM2-017,Manchester,GBR,2023-04-01,9.506,10,43,10.05
GBR-ADM2-017,Manchester,GBR,2023-05-01,10.4561,12,43,10.05
GBR-ADM2-017,Manchester,GBR,2023-06-01,9.3554,10,43,10.05
GBR-ADM2-017,Manchester,GBR,2023-07-01,8.5713,4,43,10.05
GBR-ADM2-017,Manchester,GBR,2023-08-01,8.5843,2,43,10.05
GBR-ADM2-017,Manchester,GBR,2023-09-01,9.5928,8,43,10.05
GBR-ADM2-017,Manchester,GBR,2023-10-01,8.8809,17,43,10.05
GBR-ADM2-017,Manchester,GBR,2023-11-01,8.8493,9,43,10.05
GBR-ADM2-017,Manchester,GBR,2023-12-01,11.1071,10,43,10.05
GBR-ADM2-017,Manchester,GBR,2024-01-01,10.0952,11,43,10.05
GBR-ADM2-017,Manchester,GBR,2024-02-01,8.9522,13,43,10.05
GBR-ADM2-017,Manchester,GBR,2024-03-01,9.7946,9,43,10.05
GBR-ADM2-017,Manchester,GBR,2024-04-01,9.8051,14,43,10.05
GBR-ADM2-017,Manchester,GBR,2024-05-01,10.1187,12,43,10.05
GBR-ADM2-017,Manchester,GBR,2024-06-01,9.3523,11,43,10.05
GBR-ADM2-017,Manchester,GBR,2024-07-01,9.7403,8,43,10.05
GBR-ADM2-017,Manchester,GBR,2024-08-01,9.8573,10,43,10.05
GBR-ADM2-017,Manchester,GBR,2024-09-01,8.7479,9,43,10.05
GBR-ADM2-017,Manchester,GBR,2024-10-01,9.377,11,43,10.05
GBR-ADM2-017,Manchester,GBR,2024-11-01,8.7141,13,43,10.05
GBR-ADM2-017,Manchester,GBR,2024-12-01,9.6854,18,43,10.05
GBR-ADM2-018,Manchester,GBR,2019-01-01,10.4292,9,64,15.01
GBR-ADM2-018,Manchester,GBR,2019-02-01,11.9606,8,64,15.01
GBR-ADM2-018,Manchester,GBR,2019-03-01,11.7085,17,64,15.01
GBR-ADM2-018,Manchester,GBR,2019-04-01,12.9416,13,64,15.01
GBR-ADM2-018,Manchester,GBR,2019-05-01,10.8514,15,64,15.01
GBR-ADM2-018,Manchester,GBR,2019-06-01,11.8536,9,64,15.01
GBR-ADM2-018,Manchester,GBR,2019-07-01,12.0779,8,64,15.01
GBR-ADM2-018,Manchester,GBR,2019-08-01,12.2516,2,64,15.01
GBR-ADM2-018,Manchester,GBR,2019-09-01,10.6695,13,64,15.01
GBR-ADM2-018,Manchester,GBR,2019-10-01,11.9275,11,64,15.01
GBR-ADM2-018,Manchester,GBR,2019-11-01,11.4737,16,64,15.01
GBR-ADM2-018,Manchester,GBR,2019-12-01,12.0582,15,64,15.01
GBR-ADM2-018,Manchester,GBR,2020-01-01,11.5323,14,64,15.01
GBR-ADM2-018,Manchester,GBR,2020-02-01,11.6884,21,64,15.01
GBR-ADM2-018,Manchester,GBR,2020-03-01,12.1483,13,64,15.01
GBR-ADM2-018,Manchester,GBR,2020-04-01,10.6405,15,64,15.01
GBR-ADM2-018,Manchester,GBR,2020-05-01,11.9354,14,64,15.01
GBR-ADM2-018,Manchester,GBR,2020-06-01,10.2422,7,64,15.01
GBR-ADM2-018,Manchester,GBR,2020-07-01,9.0148,2,64,15.01
GBR-ADM2-018,Manchester,GBR,2020-08-01,9.4652,4,64,15.01
GBR-ADM2-018,Manchester,GBR,2020-09-01,13.7974,11,64,15.01
GBR-ADM2-018,Manchester,GBR,2020-10-01,11.2339,18,64,15.01
GBR-ADM2-018,Manchester,GBR,2020-11-01,11.0234,12,64,15.01
GBR-ADM2-018,Manchester,GBR,2020-12-01,10.5721,18,64,15.01
GBR-ADM2-018,Manchester,GBR,2021-01-01,11.8155,21,64,15.01
GBR-ADM2-018,Manchester,GBR,2021-02-01,11.912,10,64,15.01
GBR-ADM2-018,Manchester,GBR,2021-03-01,13.3779,15,64,15.01
GBR-ADM2-018,Manchester,GBR,2021-04-01,11.7928,7,64,15.01
GBR-ADM2-018,Manchester,GBR,2021-05-01,12.8421,16,64,15.01
GBR-ADM2-018,Manchester,GBR,2021-06-01,14.3252,10,64,15.01
GBR-ADM2-018,Manchester,GBR,2021-07-01,12.845,6,64,15.01
GBR-ADM2-018,Manchester,GBR,2021-08-01,12.7848,5,64,15.01
GBR-ADM2-018,Manchester,GBR,2021-09-01,12.3885,6,64,15.01
GBR-ADM2-018,Manchester,GBR,2021-10-01,12.4223,16,64,15.01
GBR-ADM2-018,Manchester,GBR,2021-11-01,13.3485,9,64,15.01
GBR-ADM2-018,Manchester,GBR,2021-12-01,10.6459,12,64,15.01
GBR-ADM2-018,Manchester,GBR,2022-01-01,13.3007,19,64,15.01
GBR-ADM2-018,Manchester,GBR,2022-02-01,13.6162,20,64,15.01
GBR-ADM2-018,Manchester,GBR,2022-03-01,14.8469,13,64,15.01
GBR-ADM2-018,Manchester,GBR,2022-04-01,14.1456,19,64,15.01
GBR-ADM2-018,Manchester,GBR,2022-05-01,14.2106,15,64,15.01
GBR-ADM2-018,Manchester,GBR,2022-06-01,13.6395,3,64,15.01
GBR-ADM2-018,Manchester,GBR,2022-07-01,14.6425,9,64,15.01
GBR-ADM2-018,Manchester,GBR,2022-08-01,14.7294,5,64,15.01
GBR-ADM2-018,Manchester,GBR,2022-09-01,13.6793,13,64,15.01
GBR-ADM2-018,Manchester,GBR,2022-10-01,13.8,10,64,15.01
GBR-ADM2-018,Manchester,GBR,2022-11-01,13.1276,14,64,15.01
GBR-ADM2-018,Manchester,GBR,2022-12-01,15.1916,16,64,15.01
GBR-ADM2-018,Manchester,GBR,2023-01-01,14.0137,10,64,15.01
GBR-ADM2-018,Manchester,GBR,2023-02-01,14.9559,18,64,15.01
GBR-ADM2-018,Manchester,GBR,2023-03-01,15.8604,16,64,15.01
GBR-ADM2-018,Manchester,GBR,2023-04-01,13.4531,17,64,15.01
GBR-ADM2-018,Manchester,GBR,2023-05-01,15.0089,17,64,15.01
GBR-ADM2-018,Manchester,GBR,2023-06-01,15.1804,1,64,15.01
GBR-ADM2-018,Manchester,GBR,2023-07-01,14.6221,3,64,15.01
GBR-ADM2-018,Manchester,GBR,2023-08-01,14.5446,9,64,15.01
GBR-ADM2-018,Manchester,GBR,2023-09-01,15.0666,7,64,15.01
GBR-ADM2-018,Manchester,GBR,2023-10-01,15.8789,22,64,15.01
GBR-ADM2-018,Manchester,GBR,2023-11-01,15.6504,17,64,15.01
GBR-ADM2-018,Manchester,GBR,2023-12-01,13.3634,20,64,15.01
GBR-ADM2-018,Manchester,GBR,2024-01-01,16.7302,11,64,15.01
GBR-ADM2-018,Manchester,GBR,2024-02-01,15.9537,11,64,15.01
GBR-ADM2-018,Manchester,GBR,2024-03-01,15.8651,10,64,15.01
GBR-ADM2-018,Manchester,GBR,2024-04-01,14.6766,16,64,15.01
GBR-ADM2-018,Manchester,GBR,2024-05-01,16.3228,18,64,15.01
GBR-ADM2-018,Manchester,GBR,2024-06-01,15.1444,6,64,15.01
GBR-ADM2-018,Manchester,GBR,2024-07-01,15.2573,7,64,15.01
GBR-ADM2-018,Manchester,GBR,2024-08-01,15.4466,2,64,15.01
GBR-ADM2-018,Manchester,GBR,2024-09-01,12.9288,9,64,15.01
GBR-ADM2-018,Manchester,GBR,2024-10-01,16.1244,14,64,15.01
GBR-ADM2-018,Manchester,GBR,2024-11-01,16.8062,17,64,15.01
GBR-ADM2-018,Manchester,GBR,2024-12-01,15.8753,15,64,15.01
GBR-ADM2-019,Manchester,GBR,2019-01-01,13.3288,13,51,11.93
GBR-ADM2-019,Manchester,GBR,2019-02-01,14.7739,11,51,11.93
GBR-ADM2-019,Manchester,GBR,2019-03-01,16.4066,18,51,11.93
GBR-ADM2-019,Manchester,GBR,2019-04-01,14.2779,18,51,11.93
GBR-ADM2-019,Manchester,GBR,2019-05-01,12.8118,15,51,11.93
GBR-ADM2-019,Manchester,GBR,2019-06-01,13.4644,9,51,11.93
GBR-ADM2-019,Manchester,GBR,2019-07-01,12.9031,10,51,11.93
GBR-ADM2-019,Manchester,GBR,2019-08-01,,0,51,11.93
GBR-ADM2-019,Manchester,GBR,2019-09-01,13.4235,6,51,11.93
GBR-ADM2-019,Manchester,GBR,2019-10-01,13.4971,18,51,11.93
GBR-ADM2-019,Manchester,GBR,2019-11-01,12.8782,12,51,11.93
GBR-ADM2-019,Manchester,GBR,2019-12-01,13.2172,19,51,11.93
GBR-ADM2-019,Manchester,GBR,2020-01-01,13.5285,5,51,11.93
GBR-ADM2-019,Manchester,GBR,2020-02-01,14.4319,12,51,11.93
GBR-ADM2-019,Manchester,GBR,2020-03-01,15.3841,9,51,11.93
GBR-ADM2-019,Manchester,GBR,2020-04-01,12.093,19,51,11.93
GBR-ADM2-019,Manchester,GBR,2020-05-01,12.3214,15,51,11.93
GBR-ADM2-019,Manchester,GBR,2020-06-01,12.1497,5,51,11.93
GBR-ADM2-019,Manchester,GBR,2020-07-01,11.2722,7,51,11.93
GBR-ADM2-019,Manchester,GBR,2020-08-01,12.4958,11,51,11.93
GBR-ADM2-019,Manchester,GBR,2020-09-01,13.0837,1,51,11.93
GBR-ADM2-019,Manchester,GBR,2020-10-01,13.319,13,51,11.93
GBR-ADM2-019,Manchester,GBR,2020-11-01,14.8499,17,51,11.93
GBR-ADM2-019,Manchester,GBR,2020-12-01,13.1312,11,51,11.93
GBR-ADM2-019,Manchester,GBR,2021-01-01,13.9948,10,51,11.93
GBR-ADM2-019,Manchester,GBR,2021-02-01,13.591,15,51,11.93
GBR-ADM2-019,Manchester,GBR,2021-03-01,14.2751,18,51,11.93
GBR-ADM2-019,Manchester,GBR,2021-04-01,14.7996,13,51,11.93
GBR-ADM2-019,Manchester,GBR,2021-05-01,16.077,19,51,11.93
GBR-ADM2-019,Manchester,GBR,2021-06-01,17.0493,8,51,11.93
GBR-ADM2-019,Manchester,GBR,2021-07-01,14.0607,2,51,11.93
GBR-ADM2-019,Manchester,GBR,2021-08-01,13.8536,10,51,11.93
GBR-ADM2-019,Manchester,GBR,2021-09-01,14.3236,10,51,11.93
GBR-ADM2-019,Manchester,GBR,2021-10-01,14.6108,14,51,11.93
GBR-ADM2-019,Manchester,GBR,2021-11-01,13.3495,12,51,11.93
GBR-ADM2-019,Manchester,GBR,2021-12-01,14.0239,13,51,11.93
GBR-ADM2-019,Manchester,GBR,2022-01-01,13.3954,10,51,11.93
GBR-ADM2-019,Manchester,GBR,2022-02-01,14.4676,15,51,11.93
GBR-ADM2-019,Manchester,GBR,2022-03-01,15.9162,16,51,11.93
GBR-ADM2-019,Manchester,GBR,2022-04-01,12.7045,11,51,11.93
GBR-ADM2-019,Manchester,GBR,2022-05-01,15.0148,13,51,11.93
GBR-ADM2-019,Manchester,GBR,2022-06-01,,0,51,11.93
GBR-ADM2-019,Manchester,GBR,2022-07-01,15.7014,13,51,11.93
GBR-ADM2-019,Manchester,GBR,2022-08-01,14.4447,6,51,11.93
GBR-ADM2-019,Manchester,GBR,2022-09-01,15.5612,3,51,11.93
GBR-ADM2-019,Manchester,GBR,2022-10-01,15.1854,12,51,11.93
GBR-ADM2-019,Manchester,GBR,2022-11-01,15.4963,12,51,11.93
GBR-ADM2-019,Manchester,GBR,2022-12-01,14.584,19,51,11.93
GBR-ADM2-019,Manchester,GBR,2023-01-01,15.825,8,51,11.93
GBR-ADM2-019,Manchester,GBR,2023-02-01,15.2198,12,51,11.93
GBR-ADM2-019,Manchester,GBR,2023-03-01,15.1031,9,51,11.93
GBR-ADM2-019,Manchester,GBR,2023-04-01,16.203,14,51,11.93
GBR-ADM2-019,Manchester,GBR,2023-05-01,15.9593,8,51,11.93
GBR-ADM2-019,Manchester,GBR,2023-06-01,14.6037,19,51,11.93
GBR-ADM2-019,Manchester,GBR,2023-07-01,15.375,6,51,11.93
GBR-ADM2-019,Manchester,GBR,2023-08-01,15.3859,4,51,11.93
GBR-ADM2-019,Manchester,GBR,2023-09-01,14.5046,3,51,11.93
GBR-ADM2-019,Manchester,GBR,2023-10-01,16.8964,26,51,11.93
GBR-ADM2-019,Manchester,GBR,2023-11-01,15.3619,13,51,11.93
GBR-ADM2-019,Manchester,GBR,2023-12-01,15.1194,10,51,11.93
GBR-ADM2-019,Manchester,GBR,2024-01-01,16.1064,13,51,11.93
GBR-ADM2-019,Manchester,GBR,2024-02-01,15.5042,15,51,11.93
GBR-ADM2-019,Manchester,GBR,2024-03-01,15.3244,10,51,11.93
GBR-ADM2-019,Manchester,GBR,2024-04-01,16.4867,12,51,11.93
GBR-ADM2-019,Manchester,GBR,2024-05-01,16.8373,8,51,11.93
GBR-ADM2-019,Manchester,GBR,2024-06-01,,0,51,11.93
GBR-ADM2-019,Manchester,GBR,2024-07-01,16.0799,4,51,11.93
GBR-ADM2-019,Manchester,GBR,2024-08-01,14.8894,6,51,11.93
GBR-ADM2-019,Manchester,GBR,2024-09-01,16.0877,8,51,11.93
GBR-ADM2-019,Manchester,GBR,2024-10-01,15.5203,10,51,11.93
GBR-ADM2-019,Manchester,GBR,2024-11-01,15.9939,14,51,11.93
GBR-ADM2-019,Manchester,GBR,2024-12-01,15.1049,12,51,11.93
GBR-ADM2-020,Manchester,GBR,2019-01-01,7.9133,18,79,18.57
GBR-ADM2-020,Manchester,GBR,2019-02-01,9.832,13,79,18.57
GBR-ADM2-020,Manchester,GBR,2019-03-01,9.282,15,79,18.57
GBR-ADM2-020,Manchester,GBR,2019-04-01,8.7151,8,79,18.57
GBR-ADM2-020,Manchester,GBR,2019-05-01,8.4072,18,79,18.57
GBR-ADM2-020,Manchester,GBR,2019-06-01,8.451,4,79,18.57
GBR-ADM2-020,Manchester,GBR,2019-07-01,8.7259,11,79,18.57
GBR-ADM2-020,Manchester,GBR,2019-08-01,9.7363,9,79,18.57
GBR-ADM2-020,Manchester,GBR,2019-09-01,8.109,7,79,18.57
GBR-ADM2-020,Manchester,GBR,2019-10-01,8.3564,13,79,18.57
GBR-ADM2-020,Manchester,GBR,2019-11-01,8.5961,14,79,18.57
GBR-ADM2-020,Manchester,GBR,2019-12-01,8.3034,14,79,18.57
GBR-ADM2-020,Manchester,GBR,2020-01-01,8.9437,13,79,18.57
GBR-ADM2-020,Manchester,GBR,2020-02-01,9.1078,15,79,18.57
GBR-ADM2-020,Manchester,GBR,2020-03-01,8.363,16,79,18.57
GBR-ADM2-020,Manchester,GBR,2020-04-01,7.0535,17,79,18.57
GBR-ADM2-020,Manchester,GBR,2020-05-01,7.0712,6,79,18.57
GBR-ADM2-020,Manchester,GBR,2020-06-01,7.7718,10,79,18.57
GBR-ADM2-020,Manchester,GBR,2020-07-01,7.3738,12,79,18.57
GBR-ADM2-020,Manchester,GBR,2020-08-01,,0,79,18.57
GBR-ADM2-020,Manchester,GBR,2020-09-01,8.251,6,79,18.57
GBR-ADM2-020,Manchester,GBR,2020-10-01,8.067,10,79,18.57
GBR-ADM2-020,Manchester,GBR,2020-11-01,9.1467,17,79,18.57
GBR-ADM2-020,Manchester,GBR,2020-12-01,8.5848,9,79,18.57
GBR-ADM2-020,Manchester,GBR,2021-01-01,8.4117,9,79,18.57
GBR-ADM2-020,Manchester,GBR,2021-02-01,8.2455,14,79,18.57
GBR-ADM2-020,Manchester,GBR,2021-03-01,10.521,17,79,18.57
GBR-ADM2-020,Manchester,GBR,2021-04-01,8.969,6,79,18.57
GBR-ADM2-020,Manchester,GBR,2021-05-01,9.5795,12,79,18.57
GBR-ADM2-020,Manchester,GBR,2021-06-01,9.8741,11,79,18.57
GBR-ADM2-020,Manchester,GBR,2021-07-01,8.6355,6,79,18.57
GBR-ADM2-020,Manchester,GBR,2021-08-01,10.5777,5,79,18.57
GBR-ADM2-020,Manchester,GBR,2021-09-01,9.1025,4,79,18.57
GBR-ADM2-020,Manchester,GBR,2021-10-01,8.7642,19,79,18.57
GBR-ADM2-020,Manchester,GBR,2021-11-01,9.4974,16,79,18.57
GBR-ADM2-020,Manchester,GBR,2021-12-01,9.6056,14,79,18.57
GBR-ADM2-020,Manchester,GBR,2022-01-01,10.1253,12,79,18.57
GBR-ADM2-020,Manchester,GBR,2022-02-01,9.8247,11,79,18.57
GBR-ADM2-020,Manchester,GBR,2022-03-01,10.183,16,79,18.57
GBR-ADM2-020,Manchester,GBR,2022-04-01,10.6289,14,79,18.57
GBR-ADM2-020,Manchester,GBR,2022-05-01,10.3814,13,79,18.57
GBR-ADM2-020,Manchester,GBR,2022-06-01,8.8823,6,79,18.57
GBR-ADM2-020,Manchester,GBR,2022-07-01,8.8759,5,79,18.57
GBR-ADM2-020,Manchester,GBR,2022-08-01,9.62,2,79,18.57
GBR-ADM2-020,Manchester,GBR,2022-09-01,9.2263,7,79,18.57
GBR-ADM2-020,Manchester,GBR,2022-10-01,9.6544,15,79,18.57
GBR-ADM2-020,Manchester,GBR,2022-11-01,9.9446,19,79,18.57
GBR-ADM2-020,Manchester,GBR,2022-12-01,10.2861,15,79,18.57
GBR-ADM2-020,Manchester,GBR,2023-01-01,10.2582,14,79,18.57
GBR-ADM2-020,Manchester,GBR,2023-02-01,10.7848,16,79,18.57
GBR-ADM2-020,Manchester,GBR,2023-03-01,9.1705,17,79,18.57
GBR-ADM2-020,Manchester,GBR,2023-04-01,10.1047,17,79,18.57
GBR-ADM2-020,Manchester,GBR,2023-05-01,9.0973,15,79,18.57
GBR-ADM2-020,Manchester,GBR,2023-06-01,10.4376,8,79,18.57
GBR-ADM2-020,Manchester,GBR,2023-07-01,11.0319,9,79,18.57
GBR-ADM2-020,Manchester,GBR,2023-08-01,9.0133,6,79,18.57
GBR-ADM2-020,Manchester,GBR,2023-09-01,9.2234,1,79,18.57
GBR-ADM2-020,Manchester,GBR,2023-10-01,10.1045,18,79,18.57
GBR-ADM2-020,Manchester,GBR,2023-11-01,9.6976,16,79,18.57
GBR-ADM2-020,Manchester,GBR,2023-12-01,9.4962,13,79,18.57
GBR-ADM2-020,Manchester,GBR,2024-01-01,10.1308,15,79,18.57
GBR-ADM2-020,Manchester,GBR,2024-02-01,9.9398,11,79,18.57
GBR-ADM2-020,Manchester,GBR,2024-03-01,10.0111,16,79,18.57
GBR-ADM2-020,Manchester,GBR,2024-04-01,10.44,15,79,18.57
GBR-ADM2-020,Manchester,GBR,2024-05-01,11.4472,18,79,18.57
GBR-ADM2-020,Manchester,GBR,2024-06-01,10.3344,6,79,18.57
GBR-ADM2-020,Manchester,GBR,2024-07-01,,0,79,18.57
GBR-ADM2-020,Manchester,GBR,2024-08-01,9.8804,6,79,18.57
GBR-ADM2-020,Manchester,GBR,2024-09-01,8.8511,9,79,18.57
GBR-ADM2-020,Manchester,GBR,2024-10-01,10.366,11,79,18.57
GBR-ADM2-020,Manchester,GBR,2024-11-01,10.0152,13,79,18.57
GBR-ADM2-020,Manchester,GBR,2024-12-01,8.9949,16,79,18.57
GBR-ADM2-021,Manchester,GBR,2019-01-01,12.2693,15,63,14.81
GBR-ADM2-021,Manchester,GBR,2019-02-01,12.7552,11,63,14.81
GBR-ADM2-021,Manchester,GBR,2019-03-01,12.7716,13,63,14.81
GBR-ADM2-021,Manchester,GBR,2019-04-01,12.7578,3,63,14.81
GBR-ADM2-021,Manchester,GBR,2019-05-01,12.7676,14,63,14.81
GBR-ADM2-021,Manchester,GBR,2019-06-01,11.1861,6,63,14.81
GBR-ADM2-021,Manchester,GBR,2019-07-01,12.1745,6,63,14.81
GBR-ADM2-021,Manchester,GBR,2019-08-01,11.4396,7,63,14.81
GBR-ADM2-021,Manchester,GBR,2019-09-01,11.8759,4,63,14.81
GBR-ADM2-021,Manchester,GBR,2019-10-01,10.2049,14,63,14.81
GBR-ADM2-021,Manchester,GBR,2019-11-01,12.2744,7,63,14.81
GBR-ADM2-021,Manchester,GBR,2019-12-01,12.5349,17,63,14.81
GBR-ADM2-021,Manchester,GBR,2020-01-01,13.473,16,63,14.81
GBR-ADM2-021,Manchester,GBR,2020-02-01,12.3831,16,63,14.81
GBR-ADM2-021,Manchester,GBR,2020-03-01,13.0098,15,63,14.81
GBR-ADM2-021,Manchester,GBR,2020-04-01,10.5483,14,63,14.81
GBR-ADM2-021,Manchester,GBR,2020-05-01,10.1448,14,63,14.81
GBR-ADM2-021,Manchester,GBR,2020-06-01,9.1816,7,63,14.81
GBR-ADM2-021,Manchester,GBR,2020-07-01,10.5982,6,63,14.81
GBR-ADM2-021,Manchester,GBR,2020-08-01,10.5214,1,63,14.81
GBR-ADM2-021,Manchester,GBR,2020-09-01,12.5947,5,63,14.81
GBR-ADM2-021,Manchester,GBR,2020-10-01,13.5037,12,63,14.81
GBR-ADM2-021,Manchester,GBR,2020-11-01,11.5506,20,63,14.81
GBR-ADM2-021,Manchester,GBR,2020-12-01,10.6797,17,63,14.81
GBR-ADM2-021,Manchester,GBR,2021-01-01,13.0196,14,63,14.81
GBR-ADM2-021,Manchester,GBR,2021-02-01,13.4809,14,63,14.81
GBR-ADM2-021,Manchester,GBR,2021-03-01,12.9465,7,63,14.81
GBR-ADM2-021,Manchester,GBR,2021-04-01,14.2127,14,63,14.81
GBR-ADM2-021,Manchester,GBR,2021-05-01,14.8598,17,63,14.81
GBR-ADM2-021,Manchester,GBR,2021-06-01,14.0288,14,63,14.81
GBR-ADM2-021,Manchester,GBR,2021-07-01,13.2647,4,63,14.81
GBR-ADM2-021,Manchester,GBR,2021-08-01,13.0225,2,63,14.81
GBR-ADM2-021,Manchester,GBR,2021-09-01,11.7769,5,63,14.81
GBR-ADM2-021,Manchester,GBR,2021-10-01,13.5077,12,63,14.81
GBR-ADM2-021,Manchester,GBR,2021-11-01,12.7192,10,63,14.81
GBR-ADM2-021,Manchester,GBR,2021-12-01,12.5073,18,63,14.81
GBR-ADM2-021,Manchester,GBR,2022-01-01,13.562,15,63,14.81
GBR-ADM2-021,Manchester,GBR,2022-02-01,13.8062,9,63,14.81
GBR-ADM2-021,Manchester,GBR,2022-03-01,14.9603,15,63,14.81
GBR-ADM2-021,Manchester,GBR,2022-04-01,14.9206,12,63,14.81
GBR-ADM2-021,Manchester,GBR,2022-05-01,14.911,21,63,14.81
GBR-ADM2-021,Manchester,GBR,2022-06-01,16.6158,12,63,14.81
GBR-ADM2-021,Manchester,GBR,2022-07-01,15.7244,6,63,14.81
GBR-ADM2-021,Manchester,GBR,2022-08-01,12.1221,10,63,14.81
GBR-ADM2-021,Manchester,GBR,2022-09-01,12.7374,2,63,14.81
GBR-ADM2-021,Manchester,GBR,2022-10-01,14.5523,11,63,14.81
GBR-ADM2-021,Manchester,GBR,2022-11-01,13.1629,19,63,14.81
GBR-ADM2-021,Manchester,GBR,2022-12-01,13.5098,12,63,14.81
GBR-ADM2-021,Manchester,GBR,2023-01-01,14.6511,17,63,14.81
GBR-ADM2-021,Manchester,GBR,2023-02-01,14.2777,7,63,14.81
GBR-ADM2-021,Manchester,GBR,2023-03-01,13.8901,13,63,14.81
GBR-ADM2-021,Manchester,GBR,2023-04-01,17.5018,16,63,14.81
GBR-ADM2-021,Manchester,GBR,2023-05-01,14.1506,16,63,14.81
GBR-ADM2-021,Manchester,GBR,2023-06-01,14.0638,9,63,14.81
GBR-ADM2-021,Manchester,GBR,2023-07-01,14.8434,9,63,14.81
GBR-ADM2-021,Manchester,GBR,2023-08-01,13.9021,7,63,14.81
GBR-ADM2-021,Manchester,GBR,2023-09-01,15.1372,6,63,14.81
GBR-ADM2-021,Manchester,GBR,2023-10-01,14.7218,12,63,14.81
GBR-ADM2-021,Manchester,GBR,2023-11-01,14.0394,17,63,14.81
GBR-ADM2-021,Manchester,GBR,2023-12-01,16.2568,15,63,14.81
GBR-ADM2-021,Manchester,GBR,2024-01-01,14.1443,7,63,14.81
GBR-ADM2-021,Manchester,GBR,2024-02-01,15.3998,8,63,14.81
GBR-ADM2-021,Manchester,GBR,2024-03-01,14.1929,7,63,14.81
GBR-ADM2-021,Manchester,GBR,2024-04-01,14.4148,15,63,14.81
GBR-ADM2-021,Manchester,GBR,2024-05-01,16.4461,18,63,14.81
GBR-ADM2-021,Manchester,GBR,2024-06-01,16.8976,6,63,14.81
GBR-ADM2-021,Manchester,GBR,2024-07-01,15.0433,1,63,14.81
GBR-ADM2-021,Manchester,GBR,2024-08-01,16.215,6,63,14.81
GBR-ADM2-021,Manchester,GBR,2024-09-01,15.4555,8,63,14.81
GBR-ADM2-021,Manchester,GBR,2024-10-01,16.1263,12,63,14.81
GBR-ADM2-021,Manchester,GBR,2024-11-01,14.434,16,63,14.81
GBR-ADM2-021,Manchester,GBR,2024-12-01,16.2691,15,63,14.81
GBR-ADM2-022,Manchester,GBR,2019-01-01,12.2021,12,96,22.5
GBR-ADM2-022,Manchester,GBR,2019-02-01,13.8656,16,96,22.5
GBR-ADM2-022,Manchester,GBR,2019-03-01,13.2578,5,96,22.5
GBR-ADM2-022,Manchester,GBR,2019-04-01,17.0463,16,96,22.5
GBR-ADM2-022,Manchester,GBR,2019-05-01,15.2794,13,96,22.5
GBR-ADM2-022,Manchester,GBR,2019-06-01,14.1109,1,96,22.5
GBR-ADM2-022,Manchester,GBR,2019-07-01,14.7403,8,96,22.5
GBR-ADM2-022,Manchester,GBR,2019-08-01,14.6594,4,96,22.5
GBR-ADM2-022,Manchester,GBR,2019-09-01,13.6988,6,96,22.5
GBR-ADM2-022,Manchester,GBR,2019-10-01,12.6651,16,96,22.5
GBR-ADM2-022,Manchester,GBR,2019-11-01,13.8092,12,96,22.5
GBR-ADM2-022,Manchester,GBR,2019-12-01,14.5705,7,96,22.5
GBR-ADM2-022,Manchester,GBR,2020-01-01,15.2288,8,96,22.5
GBR-ADM2-022,Manchester,GBR,2020-02-01,14.0766,10,96,22.5
GBR-ADM2-022,Manchester,GBR,2020-03-01,14.8255,13,96,22.5
GBR-ADM2-022,Manchester,GBR,2020-04-01,12.1799,12,96,22.5
GBR-ADM2-022,Manchester,GBR,2020-05-01,11.091,21,96,22.5
GBR-ADM2-022,Manchester,GBR,2020-06-01,12.7472,5,96,22.5
GBR-ADM2-022,Manchester,GBR,2020-07-01,11.9812,4,96,22.5
GBR-ADM2-022,Manchester,GBR,2020-08-01,12.0351,4,96,22.5
GBR-ADM2-022,Manchester,GBR,2020-09-01,13.7415,9,96,22.5
GBR-ADM2-022,Manchester,GBR,2020-10-01,14.0213,13,96,22.5
GBR-ADM2-022,Manchester,GBR,2020-11-01,13.1595,15,96,22.5
GBR-ADM2-022,Manchester,GBR,2020-12-01,14.8178,15,96,22.5
GBR-ADM2-022,Manchester,GBR,2021-01-01,13.5954,23,96,22.5
GBR-ADM2-022,Manchester,GBR,2021-02-01,13.8546,16,96,22.5
GBR-ADM2-022,Manchester,GBR,2021-03-01,16.4192,12,96,22.5
GBR-ADM2-022,Manchester,GBR,2021-04-01,15.884,16,96,22.5
GBR-ADM2-022,Manchester,GBR,2021-05-01,15.0041,15,96,22.5
GBR-ADM2-022,Manchester,GBR,2021-06-01,15.4784,6,96,22.5
GBR-ADM2-022,Manchester,GBR,2021-07-01,15.6802,2,96,22.5
GBR-ADM2-022,Manchester,GBR,2021-08-01,14.4056,14,96,22.5
GBR-ADM2-022,Manchester,GBR,2021-09-01,14.0441,7,96,22.5
GBR-ADM2-022,Manchester,GBR,2021-10-01,15.6555,15,96,22.5
GBR-ADM2-022,Manchester,GBR,2021-11-01,16.4872,13,96,22.5
GBR-ADM2-022,Manchester,GBR,2021-12-01,16.3962,14,96,22.5
GBR-ADM2-022,Manchester,GBR,2022-01-01,15.9392,17,96,22.5
GBR-ADM2-022,Manchester,GBR,2022-02-01,15.6135,11,96,22.5
GBR-ADM2-022,Manchester,GBR,2022-03-01,15.2185,16,96,22.5
GBR-ADM2-022,Manchester,GBR,2022-04-01,17.1898,11,96,22.5
GBR-ADM2-022,Manchester,GBR,2022-05-01,17.1456,13,96,22.5
GBR-ADM2-022,Manchester,GBR,2022-06-01,16.5521,2,96,22.5
GBR-ADM2-022,Manchester,GBR,2022-07-01,15.1512,6,96,22.5
GBR-ADM2-022,Manchester,GBR,2022-08-01,15.5229,2,96,22.5
GBR-ADM2-022,Manchester,GBR,2022-09-01,14.093,4,96,22.5
GBR-ADM2-022,Manchester,GBR,2022-10-01,14.0285,19,96,22.5
GBR-ADM2-022,Manchester,GBR,2022-11-01,15.0881,12,96,22.5
GBR-ADM2-022,Manchester,GBR,2022-12-01,16.1588,14,96,22.5
GBR-ADM2-022,Manchester,GBR,2023-01-01,17.7233,18,96,22.5
GBR-ADM2-022,Manchester,GBR,2023-02-01,17.3588,16,96,22.5
GBR-ADM2-022,Manchester,GBR,2023-03-01,18.8211,7,96,22.5
GBR-ADM2-022,Manchester,GBR,2023-04-01,16.8221,17,96,22.5
GBR-ADM2-022,Manchester,GBR,2023-05-01,17.1282,21,96,22.5
GBR-ADM2-022,Manchester,GBR,2023-06-01,16.3466,5,96,22.5
GBR-ADM2-022,Manchester,GBR,2023-07-01,18.4814,8,96,22.5
GBR-ADM2-022,Manchester,GBR,2023-08-01,15.3385,6,96,22.5
GBR-ADM2-022,Manchester,GBR,2023-09-01,16.1591,5,96,22.5
GBR-ADM2-022,Manchester,GBR,2023-10-01,16.3781,15,96,22.5
GBR-ADM2-022,Manchester,GBR,2023-11-01,16.527,17,96,22.5
GBR-ADM2-022,Manchester,GBR,2023-12-01,16.2658,22,96,22.5
GBR-ADM2-022,Manchester,GBR,2024-01-01,16.8302,14,96,22.5
GBR-ADM2-022,Manchester,GBR,2024-02-01,17.7489,8,96,22.5
GBR-ADM2-022,Manchester,GBR,2024-03-01,18.1149,17,96,22.5
GBR-ADM2-022,Manchester,GBR,2024-04-01,19.3191,13,96,22.5
GBR-ADM2-022,Manchester,GBR,2024-05-01,18.547,11,96,22.5
GBR-ADM2-022,Manchester,GBR,2024-06-01,18.0781,9,96,22.5
GBR-ADM2-022,Manchester,GBR,2024-07-01,16.3207,2,96,22.5
GBR-ADM2-022,Manchester,GBR,2024-08-01,17.7732,3,96,22.5
GBR-ADM2-022,Manchester,GBR,2024-09-01,17.3238,4,96,22.5
GBR-ADM2-022,Manchester,GBR,2024-10-01,18.2596,14,96,22.5
GBR-ADM2-022,Manchester,GBR,2024-11-01,16.643,20,96,22.5
GBR-ADM2-022,Manchester,GBR,2024-12-01,18.557,12,96,22.5
GBR-ADM2-023,Manchester,GBR,2019-01-01,3.8378,11,85,19.79
GBR-ADM2-023,Manchester,GBR,2019-02-01,3.6097,13,85,19.79
GBR-ADM2-023,Manchester,GBR,2019-03-01,3.7955,10,85,19.79
GBR-ADM2-023,Manchester,GBR,2019-04-01,3.5121,12,85,19.79
GBR-ADM2-023,Manchester,GBR,2019-05-01,3.6684,16,85,19.79
GBR-ADM2-023,Manchester,GBR,2019-06-01,3.7379,5,85,19.79
GBR-ADM2-023,Manchester,GBR,2019-07-01,4.1814,11,85,19.79
GBR-ADM2-023,Manchester,GBR,2019-08-01,3.367,2,85,19.79
GBR-ADM2-023,Manchester,GBR,2019-09-01,3.5114,6,85,19.79
GBR-ADM2-023,Manchester,GBR,2019-10-01,3.5902,15,85,19.79
GBR-ADM2-023,Manchester,GBR,2019-11-01,3.4303,9,85,19.79
GBR-ADM2-023,Manchester,GBR,2019-12-01,3.5913,9,85,19.79
GBR-ADM2-023,Manchester,GBR,2020-01-01,3.3592,15,85,19.79
GBR-ADM2-023,Manchester,GBR,2020-02-01,3.5714,15,85,19.79
GBR-ADM2-023,Manchester,GBR,2020-03-01,3.9785,13,85,19.79
GBR-ADM2-023,Manchester,GBR,2020-04-01,3.2953,16,85,19.79
GBR-ADM2-023,Manchester,GBR,2020-05-01,2.964,12,85,19.79
GBR-ADM2-023,Manchester,GBR,2020-06-01,2.9743,2,85,19.79
GBR-ADM2-023,Manchester,GBR,2020-07-01,2.8707,3,85,19.79
GBR-ADM2-023,Manchester,GBR,2020-08-01,3.1307,1,85,19.79
GBR-ADM2-023,Manchester,GBR,2020-09-01,3.4639,2,85,19.79
GBR-ADM2-023,Manchester,GBR,2020-10-01,4.0219,18,85,19.79
GBR-ADM2-023,Manchester,GBR,2020-11-01,3.8494,17,85,19.79
GBR-ADM2-023,Manchester,GBR,2020-12-01,3.6638,13,85,19.79
GBR-ADM2-023,Manchester,GBR,2021-01-01,3.8648,21,85,19.79
GBR-ADM2-023,Manchester,GBR,2021-02-01,3.8839,15,85,19.79
GBR-ADM2-023,Manchester,GBR,2021-03-01,3.9408,11,85,19.79
GBR-ADM2-023,Manchester,GBR,2021-04-01,4.0016,11,85,19.79
GBR-ADM2-023,Manchester,GBR,2021-05-01,3.8957,13,85,19.79
GBR-ADM2-023,Manchester,GBR,2021-06-01,3.7311,6,85,19.79
GBR-ADM2-023,Manchester,GBR,2021-07-01,3.9357,4,85,19.79
GBR-ADM2-023,Manchester,GBR,2021-08-01,3.9181,5,85,19.79
GBR-ADM2-023,Manchester,GBR,2021-09-01,3.8024,3,85,19.79
GBR-ADM2-023,Manchester,GBR,2021-10-01,3.7998,15,85,19.79
GBR-ADM2-023,Manchester,GBR,2021-11-01,3.4565,12,85,19.79
GBR-ADM2-023,Manchester,GBR,2021-12-01,4.2493,15,85,19.79
GBR-ADM2-023,Manchester,GBR,2022-01-01,4.0602,9,85,19.79
GBR-ADM2-023,Manchester,GBR,2022-02-01,4.0395,15,85,19.79
GBR-ADM2-023,Manchester,GBR,2022-03-01,4.0368,14,85,19.79
GBR-ADM2-023,Manchester,GBR,2022-04-01,4.0758,7,85,19.79
GBR-ADM2-023,Manchester,GBR,2022-05-01,4.2866,15,85,19.79
GBR-ADM2-023,Manchester,GBR,2022-06-01,4.0865,14,85,19.79
GBR-ADM2-023,Manchester,GBR,2022-07-01,3.9421,8,85,19.79
GBR-ADM2-023,Manchester,GBR,2022-08-01,4.1452,14,85,19.79
GBR-ADM2-023,Manchester,GBR,2022-09-01,,0,85,19.79
GBR-ADM2-023,Manchester,GBR,2022-10-01,3.8944,19,85,19.79
GBR-ADM2-023,Manchester,GBR,2022-11-01,4.3557,12,85,19.79
GBR-ADM2-023,Manchester,GBR,2022-12-01,4.524,12,85,19.79
GBR-ADM2-023,Manchester,GBR,2023-01-01,3.4985,18,85,19.79
GBR-ADM2-023,Manchester,GBR,2023-02-01,4.072,10,85,19.79
GBR-ADM2-023,Manchester,GBR,2023-03-01,3.7544,13,85,19.79
GBR-ADM2-023,Manchester,GBR,2023-04-01,4.1886,12,85,19.79
GBR-ADM2-023,Manchester,GBR,2023-05-01,3.9737,17,85,19.79
GBR-ADM2-023,Manchester,GBR,2023-06-01,3.8923,1,85,19.79
GBR-ADM2-023,Manchester,GBR,2023-07-01,4.2397,4,85,19.79
GBR-ADM2-023,Manchester,GBR,2023-08-01,4.384,3,85,19.79
GBR-ADM2-023,Manchester,GBR,2023-09-01,3.618,6,85,19.79
GBR-ADM2-023,Manchester,GBR,2023-10-01,4.2391,18,85,19.79
GBR-ADM2-023,Manchester,GBR,2023-11-01,3.6748,14,85,19.79
GBR-ADM2-023,Manchester,GBR,2023-12-01,3.9229,13,85,19.79
GBR-ADM2-023,Manchester,GBR,2024-01-01,4.6081,10,85,19.79
GBR-ADM2-023,Manchester,GBR,2024-02-01,4.0148,13,85,19.79
GBR-ADM2-023,Manchester,GBR,2024-03-01,4.3533,8,85,19.79
GBR-ADM2-023,Manchester,GBR,2024-04-01,3.8492,13,85,19.79
GBR-ADM2-023,Manchester,GBR,2024-05-01,4.4343,12,85,19.79
GBR-ADM2-023,Manchester,GBR,2024-06-01,3.9909,11,85,19.79
GBR-ADM2-023,Manchester,GBR,2024-07-01,3.9075,3,85,19.79
GBR-ADM2-023,Manchester,GBR,2024-08-01,4.1697,12,85,19.79
GBR-ADM2-023,Manchester,GBR,2024-09-01,4.0449,7,85,19.79
GBR-ADM2-023,Manchester,GBR,2024-10-01,4.3386,17,85,19.79
GBR-ADM2-023,Manchester,GBR,2024-11-01,3.3856,11,85,19.79
GBR-ADM2-023,Manchester,GBR,2024-12-01,4.2211,16,85,19.79
GBR-ADM2-024,Manchester,GBR,2019-01-01,14.8643,19,79,18.48
GBR-ADM2-024,Manchester,GBR,2019-02-01,14.4489,7,79,18.48
GBR-ADM2-024,Manchester,GBR,2019-03-01,15.2333,9,79,18.48
GBR-ADM2-024,Manchester,GBR,2019-04-01,15.0444,12,79,18.48
GBR-ADM2-024,Manchester,GBR,2019-05-01,17.6785,15,79,18.48
GBR-ADM2-024,Manchester,GBR,2019-06-01,14.5852,4,79,18.48
GBR-ADM2-024,Manchester,GBR,2019-07-01,15.2837,8,79,18.48
GBR-ADM2-024,Manchester,GBR,2019-08-01,,0,79,18.48
GBR-ADM2-024,Manchester,GBR,2019-09-01,16.0685,11,79,18.48
GBR-ADM2-024,Manchester,GBR,2019-10-01,12.7601,16,79,18.48
GBR-ADM2-024,Manchester,GBR,2019-11-01,14.4314,15,79,18.48
GBR-ADM2-024,Manchester,GBR,2019-12-01,15.3371,12,79,18.48
GBR-ADM2-024,Manchester,GBR,2020-01-01,15.2631,10,79,18.48
GBR-ADM2-024,Manchester,GBR,2020-02-01,14.5903,17,79,18.48
GBR-ADM2-024,Manchester,GBR,2020-03-01,15.9081,10,79,18.48
GBR-ADM2-024,Manchester,GBR,2020-04-01,11.696,12,79,18.48
GBR-ADM2-024,Manchester,GBR,2020-05-01,13.4646,13,79,18.48
GBR-ADM2-024,Manchester,GBR,2020-06-01,13.0574,4,79,18.48
GBR-ADM2-024,Manchester,GBR,2020-07-01,11.9328,7,79,18.48
GBR-ADM2-024,Manchester,GBR,2020-08-01,11.5035,4,79,18.48
GBR-ADM2-024,Manchester,GBR,2020-09-01,14.7713,7,79,18.48
GBR-ADM2-024,Manchester,GBR,2020-10-01,14.5346,15,79,18.48
GBR-ADM2-024,Manchester,GBR,2020-11-01,17.3918,20,79,18.48
GBR-ADM2-024,Manchester,GBR,2020-12-01,16.3179,17,79,18.48
GBR-ADM2-024,Manchester,GBR,2021-01-01,13.6896,14,79,18.48
GBR-ADM2-024,Manchester,GBR,2021-02-01,14.2757,18,79,18.48
GBR-ADM2-024,Manchester,GBR,2021-03-01,17.6013,13,79,18.48
GBR-ADM2-024,Manchester,GBR,2021-04-01,16.8593,18,79,18.48
GBR-ADM2-024,Manchester,GBR,2021-05-01,18.0357,10,79,18.48
GBR-ADM2-024,Manchester,GBR,2021-06-01,15.1317,3,79,18.48
GBR-ADM2-024,Manchester,GBR,2021-07-01,15.0629,3,79,18.48
GBR-ADM2-024,Manchester,GBR,2021-08-01,17.5149,7,79,18.48
GBR-ADM2-024,Manchester,GBR,2021-09-01,,0,79,18.48
GBR-ADM2-024,Manchester,GBR,2021-10-01,15.4841,17,79,18.48
GBR-ADM2-024,Manchester,GBR,2021-11-01,14.8239,11,79,18.48
GBR-ADM2-024,Manchester,GBR,2021-12-01,14.1257,17,79,18.48
GBR-ADM2-024,Manchester,GBR,2022-01-01,14.8333,18,79,18.48
GBR-ADM2-024,Manchester,GBR,2022-02-01,14.5752,16,79,18.48
GBR-ADM2-024,Manchester,GBR,2022-03-01,15.1358,11,79,18.48
GBR-ADM2-024,Manchester,GBR,2022-04-01,17.2567,16,79,18.48
GBR-ADM2-024,Manchester,GBR,2022-05-01,15.8037,18,79,18.48
GBR-ADM2-024,Manchester,GBR,2022-06-01,17.0427,8,79,18.48
GBR-ADM2-024,Manchester,GBR,2022-07-01,,0,79,18.48
GBR-ADM2-024,Manchester,GBR,2022-08-01,16.6683,9,79,18.48
GBR-ADM2-024,Manchester,GBR,2022-09-01,14.3587,8,79,18.48
GBR-ADM2-024,Manchester,GBR,2022-10-01,14.708,17,79,18.48
GBR-ADM2-024,Manchester,GBR,2022-11-01,15.4281,14,79,18.48
GBR-ADM2-024,Manchester,GBR,2022-12-01,17.4971,8,79,18.48
GBR-ADM2-024,Manchester,GBR,2023-01-01,16.5386,13,79,18.48
GBR-ADM2-024,Manchester,GBR,2023-02-01,16.6587,15,79,18.48
GBR-ADM2-024,Manchester,GBR,2023-03-01,17.0504,9,79,18.48
GBR-ADM2-024,Manchester,GBR,2023-04-01,16.0784,17,79,18.48
GBR-ADM2-024,Manchester,GBR,2023-05-01,15.6927,18,79,18.48
GBR-ADM2-024,Manchester,GBR,2023-06-01,17.3142,6,79,18.48
GBR-ADM2-024,Manchester,GBR,2023-07-01,17.0883,7,79,18.48
GBR-ADM2-024,Manchester,GBR,2023-08-01,15.1789,9,79,18.48
GBR-ADM2-024,Manchester,GBR,2023-09-01,17.1348,5,79,18.48
GBR-ADM2-024,Manchester,GBR,2023-10-01,15.8824,8,79,18.48
GBR-ADM2-024,Manchester,GBR,2023-11-01,15.6885,14,79,18.48
GBR-ADM2-024,Manchester,GBR,2023-12-01,15.2868,19,79,18.48
GBR-ADM2-024,Manchester,GBR,2024-01-01,15.1454,13,79,18.48
GBR-ADM2-024,Manchester,GBR,2024-02-01,16.8153,8,79,18.48
GBR-ADM2-024,Manchester,GBR,2024-03-01,19.7495,17,79,18.48
GBR-ADM2-024,Manchester,GBR,2024-04-01,16.6571,7,79,18.48
GBR-ADM2-024,Manchester,GBR,2024-05-01,16.3595,14,79,18.48
GBR-ADM2-024,Manchester,GBR,2024-06-01,17.9329,4,79,18.48
GBR-ADM2-024,Manchester,GBR,2024-07-01,16.8505,8,79,18.48
GBR-ADM2-024,Manchester,GBR,2024-08-01,14.7705,8,79,18.48
GBR-ADM2-024,Manchester,GBR,2024-09-01,15.871,7,79,18.48
GBR-ADM2-024,Manchester,GBR,2024-10-01,14.4588,12,79,18.48
GBR-ADM2-024,Manchester,GBR,2024-11-01,16.2122,8,79,18.48
GBR-ADM2-024,Manchester,GBR,2024-12-01,13.8219,14,79,18.48
GBR-ADM2-025,Manchester,GBR,2019-01-01,14.2733,17,52,12.25
GBR-ADM2-025,Manchester,GBR,2019-02-01,13.9299,11,52,12.25
GBR-ADM2-025,Manchester,GBR,2019-03-01,14.4527,8,52,12.25
GBR-ADM2-025,Manchester,GBR,2019-04-01,14.902,7,52,12.25
GBR-ADM2-025,Manchester,GBR,2019-05-01,15.5313,12,52,12.25
GBR-ADM2-025,Manchester,GBR,2019-06-01,14.9543,9,52,12.25
GBR-ADM2-025,Manchester,GBR,2019-07-01,13.8359,3,52,12.25
GBR-ADM2-025,Manchester,GBR,2019-08-01,13.6395,5,52,12.25
GBR-ADM2-025,Manchester,GBR,2019-09-01,13.2584,10,52,12.25
GBR-ADM2-025,Manchester,GBR,2019-10-01,12.693,13,52,12.25
GBR-ADM2-025,Manchester,GBR,2019-11-01,14.4354,20,52,12.25
GBR-ADM2-025,Manchester,GBR,2019-12-01,15.0576,13,52,12.25
GBR-ADM2-025,Manchester,GBR,2020-01-01,15.2477,18,52,12.25
GBR-ADM2-025,Manchester,GBR,2020-02-01,14.5446,15,52,12.25
GBR-ADM2-025,Manchester,GBR,2020-03-01,14.5794,15,52,12.25
GBR-ADM2-025,Manchester,GBR,2020-04-01,12.8101,10,52,12.25
GBR-ADM2-025,Manchester,GBR,2020-05-01,12.0,19,52,12.25
GBR-ADM2-025,Manchester,GBR,2020-06-01,10.641,3,52,12.25
GBR-ADM2-025,Manchester,GBR,2020-07-01,12.1705,3,52,12.25
GBR-ADM2-025,Manchester,GBR,2020-08-01,11.2943,4,52,12.25
GBR-ADM2-025,Manchester,GBR,2020-09-01,14.4419,3,52,12.25
GBR-ADM2-025,Manchester,GBR,2020-10-01,14.9461,12,52,12.25
GBR-ADM2-025,Manchester,GBR,2020-11-01,14.6201,15,52,12.25
GBR-ADM2-025,Manchester,GBR,2020-12-01,14.4794,12,52,12.25
GBR-ADM2-025,Manchester,GBR,2021-01-01,16.6852,18,52,12.25
GBR-ADM2-025,Manchester,GBR,2021-02-01,16.745,19,52,12.25
GBR-ADM2-025,Manchester,GBR,2021-03-01,16.3847,6,52,12.25
GBR-ADM2-025,Manchester,GBR,2021-04-01,15.3539,18,52,12.25
GBR-ADM2-025,Manchester,GBR,2021-05-01,17.6465,14,52,12.25
GBR-ADM2-025,Manchester,GBR,2021-06-01,,0,52,12.25
GBR-ADM2-025,Manchester,GBR,2021-07-01,16.0064,9,52,12.25
GBR-ADM2-025,Manchester,GBR,2021-08-01,14.9608,3,52,12.25
GBR-ADM2-025,Manchester,GBR,2021-09-01,13.9619,5,52,12.25
GBR-ADM2-025,Manchester,GBR,2021-10-01,15.2139,11,52,12.25
GBR-ADM2-025,Manchester,GBR,2021-11-01,14.2737,21,52,12.25
GBR-ADM2-025,Manchester,GBR,2021-12-01,16.3525,7,52,12.25
GBR-ADM2-025,Manchester,GBR,2022-01-01,14.9163,22,52,12.25
GBR-ADM2-025,Manchester,GBR,2022-02-01,16.4591,19,52,12.25
GBR-ADM2-025,Manchester,GBR,2022-03-01,17.1436,15,52,12.25
GBR-ADM2-025,Manchester,GBR,2022-04-01,17.2407,11,52,12.25
GBR-ADM2-025,Manchester,GBR,2022-05-01,16.2464,14,52,12.25
GBR-ADM2-025,Manchester,GBR,2022-06-01,16.7484,7,52,12.25
GBR-ADM2-025,Manchester,GBR,2022-07-01,18.169,9,52,12.25
GBR-ADM2-025,Manchester,GBR,2022-08-01,14.9401,11,52,12.25
GBR-ADM2-025,Manchester,GBR,2022-09-01,15.3484,11,52,12.25
GBR-ADM2-025,Manchester,GBR,2022-10-01,15.1769,16,52,12.25
GBR-ADM2-025,Manchester,GBR,2022-11-01,14.9187,10,52,12.25
GBR-ADM2-025,Manchester,GBR,2022-12-01,17.8478,21,52,12.25
GBR-ADM2-025,Manchester,GBR,2023-01-01,15.7002,13,52,12.25
GBR-ADM2-025,Manchester,GBR,2023-02-01,16.7661,14,52,12.25
GBR-ADM2-025,Manchester,GBR,2023-03-01,19.375,17,52,12.25
GBR-ADM2-025,Manchester,GBR,2023-04-01,17.6383,12,52,12.25
GBR-ADM2-025,Manchester,GBR,2023-05-01,16.016,9,52,12.25
GBR-ADM2-025,Manchester,GBR,2023-06-01,15.9542,5,52,12.25
GBR-ADM2-025,Manchester,GBR,2023-07-01,17.9054,6,52,12.25
GBR-ADM2-025,Manchester,GBR,2023-08-01,17.068,2,52,12.25
GBR-ADM2-025,Manchester,GBR,2023-09-01,15.7937,3,52,12.25
GBR-ADM2-025,Manchester,GBR,2023-10-01,16.0194,6,52,12.25
GBR-ADM2-025,Manchester,GBR,2023-11-01,16.8318,9,52,12.25
GBR-ADM2-025,Manchester,GBR,2023-12-01,16.5192,20,52,12.25
GBR-ADM2-025,Manchester,GBR,2024-01-01,16.8716,8,52,12.25
GBR-ADM2-025,Manchester,GBR,2024-02-01,15.7704,11,52,12.25
GBR-ADM2-025,Manchester,GBR,2024-03-01,17.8958,18,52,12.25
GBR-ADM2-025,Manchester,GBR,2024-04-01,19.1887,20,52,12.25
GBR-ADM2-025,Manchester,GBR,2024-05-01,17.1945,13,52,12.25
GBR-ADM2-025,Manchester,GBR,2024-06-01,19.1327,6,52,12.25
GBR-ADM2-025,Manchester,GBR,2024-07-01,16.3718,4,52,12.25
GBR-ADM2-025,Manchester,GBR,2024-08-01,17.518,6,52,12.25
GBR-ADM2-025,Manchester,GBR,2024-09-01,18.0554,8,52,12.25
GBR-ADM2-025,Manchester,GBR,2024-10-01,16.0673,10,52,12.25
GBR-ADM2-025,Manchester,GBR,2024-11-01,16.5575,16,52,12.25
GBR-ADM2-025,Manchester,GBR,2024-12-01,16.8523,14,52,12.25
GBR-ADM2-026,Manchester,GBR,2019-01-01,5.9601,13,93,21.77
GBR-ADM2-026,Manchester,GBR,2019-02-01,6.0482,11,93,21.77
GBR-ADM2-026,Manchester,GBR,2019-03-01,6.1241,17,93,21.77
GBR-ADM2-026,Manchester,GBR,2019-04-01,6.5012,10,93,21.77
GBR-ADM2-026,Manchester,GBR,2019-05-01,6.4738,14,93,21.77
GBR-ADM2-026,Manchester,GBR,2019-06-01,6.7436,12,93,21.77
GBR-ADM2-026,Manchester,GBR,2019-07-01,6.6538,4,93,21.77
GBR-ADM2-026,Manchester,GBR,2019-08-01,6.0627,6,93,21.77
GBR-ADM2-026,Manchester,GBR,2019-09-01,,0,93,21.77
GBR-ADM2-026,Manchester,GBR,2019-10-01,5.5533,13,93,21.77
GBR-ADM2-026,Manchester,GBR,2019-11-01,5.8948,11,93,21.77
GBR-ADM2-026,Manchester,GBR,2019-12-01,6.096,14,93,21.77
GBR-ADM2-026,Manchester,GBR,2020-01-01,6.7405,14,93,21.77
GBR-ADM2-026,Manchester,GBR,2020-02-01,6.773,15,93,21.77
GBR-ADM2-026,Manchester,GBR,2020-03-01,7.144,15,93,21.77
GBR-ADM2-026,Manchester,GBR,2020-04-01,5.6963,18,93,21.77
GBR-ADM2-026,Manchester,GBR,2020-05-01,5.1883,14,93,21.77
GBR-ADM2-026,Manchester,GBR,2020-06-01,5.6292,10,93,21.77
GBR-ADM2-026,Manchester,GBR,2020-07-01,5.2913,8,93,21.77
GBR-ADM2-026,Manchester,GBR,2020-08-01,4.9685,4,93,21.77
GBR-ADM2-026,Manchester,GBR,2020-09-01,5.8562,4,93,21.77
GBR-ADM2-026,Manchester,GBR,2020-10-01,6.2905,10,93,21.77
GBR-ADM2-026,Manchester,GBR,2020-11-01,6.4421,12,93,21.77
GBR-ADM2-026,Manchester,GBR,2020-12-01,6.7492,18,93,21.77
GBR-ADM2-026,Manchester,GBR,2021-01-01,6.9184,13,93,21.77
GBR-ADM2-026,Manchester,GBR,2021-02-01,6.5504,17,93,21.77
GBR-ADM2-026,Manchester,GBR,2021-03-01,6.6739,12,93,21.77
GBR-ADM2-026,Manchester,GBR,2021-04-01,7.2496,18,93,21.77
GBR-ADM2-026,Manchester,GBR,2021-05-01,7.4407,8,93,21.77
GBR-ADM2-026,Manchester,GBR,2021-06-01,6.8538,1,93,21.77
GBR-ADM2-026,Manchester,GBR,2021-07-01,7.2596,5,93,21.77
GBR-ADM2-026,Manchester,GBR,2021-08-01,6.9533,13,93,21.77
GBR-ADM2-026,Manchester,GBR,2021-09-01,7.4447,5,93,21.77
GBR-ADM2-026,Manchester,GBR,2021-10-01,6.9329,6,93,21.77
GBR-ADM2-026,Manchester,GBR,2021-11-01,6.4126,18,93,21.77
GBR-ADM2-026,Manchester,GBR,2021-12-01,6.6642,12,93,21.77
GBR-ADM2-026,Manchester,GBR,2022-01-01,7.1135,19,93,21.77
GBR-ADM2-026,Manchester,GBR,2022-02-01,7.7104,15,93,21.77
GBR-ADM2-026,Manchester,GBR,2022-03-01,7.3122,13,93,21.77
GBR-ADM2-026,Manchester,GBR,2022-04-01,7.723,14,93,21.77
GBR-ADM2-026,Manchester,GBR,2022-05-01,7.6836,11,93,21.77
GBR-ADM2-026,Manchester,GBR,2022-06-01,6.9825,8,93,21.77
GBR-ADM2-026,Manchester,GBR,2022-07-01,7.0843,4,93,21.77
GBR-ADM2-026,Manchester,GBR,2022-08-01,7.8595,7,93,21.77
GBR-ADM2-026,Manchester,GBR,2022-09-01,8.1133,5,93,21.77
GBR-ADM2-026,Manchester,GBR,2022-10-01,6.1476,16,93,21.77
GBR-ADM2-026,Manchester,GBR,2022-11-01,7.3572,13,93,21.77
GBR-ADM2-026,Manchester,GBR,2022-12-01,7.3877,15,93,21.77
GBR-ADM2-026,Manchester,GBR,2023-01-01,7.9105,13,93,21.77
GBR-ADM2-026,Manchester,GBR,2023-02-01,7.4676,10,93,21.77
GBR-ADM2-026,Manchester,GBR,2023-03-01,7.7079,20,93,21.77
GBR-ADM2-026,Manchester,GBR,2023-04-01,8.1911,9,93,21.77
GBR-ADM2-026,Manchester,GBR,2023-05-01,8.8253,19,93,21.77
GBR-ADM2-026,Manchester,GBR,2023-06-01,7.0742,13,93,21.77
GBR-ADM2-026,Manchester,GBR,2023-07-01,7.9591,2,93,21.77
GBR-ADM2-026,Manchester,GBR,2023-08-01,8.3661,4,93,21.77
GBR-ADM2-026,Manchester,GBR,2023-09-01,7.4244,5,93,21.77
GBR-ADM2-026,Manchester,GBR,2023-10-01,6.6365,12,93,21.77
GBR-ADM2-026,Manchester,GBR,2023-11-01,7.5211,14,93,21.77
GBR-ADM2-026,Manchester,GBR,2023-12-01,7.7855,15,93,21.77
GBR-ADM2-026,Manchester,GBR,2024-01-01,7.4444,16,93,21.77
GBR-ADM2-026,Manchester,GBR,2024-02-01,7.4554,20,93,21.77
GBR-ADM2-026,Manchester,GBR,2024-03-01,8.9547,12,93,21.77
GBR-ADM2-026,Manchester,GBR,2024-04-01,9.2916,15,93,21.77
GBR-ADM2-026,Manchester,GBR,2024-05-01,8.2098,16,93,21.77
GBR-ADM2-026,Manchester,GBR,2024-06-01,7.9658,5,93,21.77
GBR-ADM2-026,Manchester,GBR,2024-07-01,8.4164,7,93,21.77
GBR-ADM2-026,Manchester,GBR,2024-08-01,7.2471,7,93,21.77
GBR-ADM2-026,Manchester,GBR,2024-09-01,7.5924,2,93,21.77
GBR-ADM2-026,Manchester,GBR,2024-10-01,7.5573,14,93,21.77
GBR-ADM2-026,Manchester,GBR,2024-11-01,8.418,19,93,21.77
GBR-ADM2-026,Manchester,GBR,2024-12-01,8.6448,15,93,21.77
GBR-ADM2-027,Manchester,GBR,2019-01-01,4.6568,21,211,49.28
GBR-ADM2-027,Manchester,GBR,2019-02-01,4.5421,11,211,49.28
GBR-ADM2-027,Manchester,GBR,2019-03-01,5.2958,11,211,49.28
GBR-ADM2-027,Manchester,GBR,2019-04-01,4.6803,11,211,49.28
GBR-ADM2-027,Manchester,GBR,2019-05-01,4.442,19,211,49.28
GBR-ADM2-027,Manchester,GBR,2019-06-01,5.3971,4,211,49.28
GBR-ADM2-027,Manchester,GBR,2019-07-01,5.5076,10,211,49.28
GBR-ADM2-027,Manchester,GBR,2019-08-01,4.9928,2,211,49.28
GBR-ADM2-027,Manchester,GBR,2019-09-01,4.7516,7,211,49.28
GBR-ADM2-027,Manchester,GBR,2019-10-01,4.6249,8,211,49.28
GBR-ADM2-027,Manchester,GBR,2019-11-01,5.039,16,211,49.28
GBR-ADM2-027,Manchester,GBR,2019-12-01,5.1463,22,211,49.28
GBR-ADM2-027,Manchester,GBR,2020-01-01,4.9383,10,211,49.28
GBR-ADM2-027,Manchester,GBR,2020-02-01,5.7543,25,211,49.28
GBR-ADM2-027,Manchester,GBR,2020-03-01,5.2793,17,211,49.28
GBR-ADM2-027,Manchester,GBR,2020-04-01,4.0664,15,211,49.28
GBR-ADM2-027,Manchester,GBR,2020-05-01,4.238,20,211,49.28
GBR-ADM2-027,Manchester,GBR,2020-06-01,3.6493,10,211,49.28
GBR-ADM2-027,Manchester,GBR,2020-07-01,4.34,2,211,49.28
GBR-ADM2-027,Manchester,GBR,2020-08-01,4.3745,8,211,49.28
GBR-ADM2-027,Manchester,GBR,2020-09-01,4.5491,8,211,49.28
GBR-ADM2-027,Manchester,GBR,2020-10-01,4.8306,12,211,49.28
GBR-ADM2-027,Manchester,GBR,2020-11-01,4.2798,18,211,49.28
GBR-ADM2-027,Manchester,GBR,2020-12-01,4.907,12,211,49.28
GBR-ADM2-027,Manchester,GBR,2021-01-01,5.5205,15,211,49.28
GBR-ADM2-027,Manchester,GBR,2021-02-01,5.0199,16,211,49.28
GBR-ADM2-027,Manchester,GBR,2021-03-01,4.8756,11,211,49.28
GBR-ADM2-027,Manchester,GBR,2021-04-01,5.5632,8,211,49.28
GBR-ADM2-027,Manchester,GBR,2021-05-01,4.7252,12,211,49.28
GBR-ADM2-027,Manchester,GBR,2021-06-01,,0,211,49.28
GBR-ADM2-027,Manchester,GBR,2021-07-01,5.6004,10,211,49.28
GBR-ADM2-027,Manchester,GBR,2021-08-01,5.6122,7,211,49.28
GBR-ADM2-027,Manchester,GBR,2021-09-01,5.0463,4,211,49.28
GBR-ADM2-027,Manchester,GBR,2021-10-01,4.8714,18,211,49.28
GBR-ADM2-027,Manchester,GBR,2021-11-01,5.4243,7,211,49.28
GBR-ADM2-027,Manchester,GBR,2021-12-01,5.6125,15,211,49.28
GBR-ADM2-027,Manchester,GBR,2022-01-01,5.1182,15,211,49.28
GBR-ADM2-027,Manchester,GBR,2022-02-01,5.9973,17,211,49.28
GBR-ADM2-027,Manchester,GBR,2022-03-01,5.5897,17,211,49.28
GBR-ADM2-027,Manchester,GBR,2022-04-01,5.5917,17,211,49.28
GBR-ADM2-027,Manchester,GBR,2022-05-01,5.6795,15,211,49.28
GBR-ADM2-027,Manchester,GBR,2022-06-01,4.8812,8,211,49.28
GBR-ADM2-027,Manchester,GBR,2022-07-01,5.9613,1,211,49.28
GBR-ADM2-027,Manchester,GBR,2022-08-01,5.3242,9,211,49.28
GBR-ADM2-027,Manchester,GBR,2022-09-01,5.5313,4,211,49.28
GBR-ADM2-027,Manchester,GBR,2022-10-01,5.3036,9,211,49.28
GBR-ADM2-027,Manchester,GBR,2022-11-01,5.6215,11,211,49.28
GBR-ADM2-027,Manchester,GBR,2022-12-01,5.7636,19,211,49.28
GBR-ADM2-027,Manchester,GBR,2023-01-01,5.1462,16,211,49.28
GBR-ADM2-027,Manchester,GBR,2023-02-01,5.6463,12,211,49.28
GBR-ADM2-027,Manchester,GBR,2023-03-01,6.4865,15,211,49.28
GBR-ADM2-027,Manchester,GBR,2023-04-01,6.2902,14,211,49.28
GBR-ADM2-027,Manchester,GBR,2023-05-01,5.8304,21,211,49.28
GBR-ADM2-027,Manchester,GBR,2023-06-01,5.3037,10,211,49.28
GBR-ADM2-027,Manchester,GBR,2023-07-01,5.795,4,211,49.28
GBR-ADM2-027,Manchester,GBR,2023-08-01,5.3249,8,211,49.28
GBR-ADM2-027,Manchester,GBR,2023-09-01,6.0813,5,211,49.28
GBR-ADM2-027,Manchester,GBR,2023-10-01,6.308,10,211,49.28
GBR-ADM2-027,Manchester,GBR,2023-11-01,5.7643,14,211,49.28
GBR-ADM2-027,Manchester,GBR,2023-12-01,5.7834,15,211,49.28
GBR-ADM2-027,Manchester,GBR,2024-01-01,5.951,12,211,49.28
GBR-ADM2-027,Manchester,GBR,2024-02-01,5.8217,14,211,49.28
GBR-ADM2-027,Manchester,GBR,2024-03-01,5.5884,11,211,49.28
GBR-ADM2-027,Manchester,GBR,2024-04-01,6.1126,16,211,49.28
GBR-ADM2-027,Manchester,GBR,2024-05-01,6.4204,11,211,49.28
GBR-ADM2-027,Manchester,GBR,2024-06-01,6.355,9,211,49.28
GBR-ADM2-027,Manchester,GBR,2024-07-01,6.3954,14,211,49.28
GBR-ADM2-027,Manchester,GBR,2024-08-01,6.0196,9,211,49.28
GBR-ADM2-027,Manchester,GBR,2024-09-01,5.3711,5,211,49.28
GBR-ADM2-027,Manchester,GBR,2024-10-01,5.9008,23,211,49.28
GBR-ADM2-027,Manchester,GBR,2024-11-01,6.4287,14,211,49.28
GBR-ADM2-027,Manchester,GBR,2024-12-01,5.8809,17,211,49.28
GBR-ADM2-028,Manchester,GBR,2019-01-01,11.1515,12,58,13.72
GBR-ADM2-028,Manchester,GBR,2019-02-01,11.3553,8,58,13.72
GBR-ADM2-028,Manchester,GBR,2019-03-01,12.7229,12,58,13.72
GBR-ADM2-028,Manchester,GBR,2019-04-01,10.9116,15,58,13.72
GBR-ADM2-028,Manchester,GBR,2019-05-01,12.0994,13,58,13.72
GBR-ADM2-028,Manchester,GBR,2019-06-01,11.3168,12,58,13.72
GBR-ADM2-028,Manchester,GBR,2019-07-01,11.1966,9,58,13.72
GBR-ADM2-028,Manchester,GBR,2019-08-01,,0,58,13.72
GBR-ADM2-028,Manchester,GBR,2019-09-01,11.7992,7,58,13.72
GBR-ADM2-028,Manchester,GBR,2019-10-01,10.3278,14,58,13.72
GBR-ADM2-028,Manchester,GBR,2019-11-01,11.6528,16,58,13.72
GBR-ADM2-028,Manchester,GBR,2019-12-01,10.9724,21,58,13.72
GBR-ADM2-028,Manchester,GBR,2020-01-01,11.6022,10,58,13.72
GBR-ADM2-028,Manchester,GBR,2020-02-01,12.1164,22,58,13.72
GBR-ADM2-028,Manchester,GBR,2020-03-01,12.0467,17,58,13.72
GBR-ADM2-028,Manchester,GBR,2020-04-01,9.4509,8,58,13.72
GBR-ADM2-028,Manchester,GBR,2020-05-01,11.3512,19,58,13.72
GBR-ADM2-028,Manchester,GBR,2020-06-01,9.9464,4,58,13.72
GBR-ADM2-028,Manchester,GBR,2020-07-01,8.8766,12,58,13.72
GBR-ADM2-028,Manchester,GBR,2020-08-01,8.7978,5,58,13.72
GBR-ADM2-028,Manchester,GBR,2020-09-01,10.8265,6,58,13.72
GBR-ADM2-028,Manchester,GBR,2020-10-01,11.7711,11,58,13.72
GBR-ADM2-028,Manchester,GBR,2020-11-01,11.5358,13,58,13.72
GBR-ADM2-028,Manchester,GBR,2020-12-01,11.2131,18,58,13.72
GBR-ADM2-028,Manchester,GBR,2021-01-01,12.5973,16,58,13.72
GBR-ADM2-028,Manchester,GBR,2021-02-01,11.6606,12,58,13.72
GBR-ADM2-028,Manchester,GBR,2021-03-01,12.634,16,58,13.72
GBR-ADM2-028,Manchester,GBR,2021-04-01,12.2616,16,58,13.72
GBR-ADM2-028,Manchester,GBR,2021-05-01,13.4242,13,58,13.72
GBR-ADM2-028,Manchester,GBR,2021-06-01,12.4046,7,58,13.72
GBR-ADM2-028,Manchester,GBR,2021-07-01,12.8064,6,58,13.72
GBR-ADM2-028,Manchester,GBR,2021-08-01,12.6076,9,58,13.72
GBR-ADM2-028,Manchester,GBR,2021-09-01,11.374,3,58,13.72
GBR-ADM2-028,Manchester,GBR,2021-10-01,12.7508,13,58,13.72
GBR-ADM2-028,Manchester,GBR,2021-11-01,11.4706,15,58,13.72
GBR-ADM2-028,Manchester,GBR,2021-12-01,11.654,10,58,13.72
GBR-ADM2-028,Manchester,GBR,2022-01-01,13.0232,15,58,13.72
GBR-ADM2-028,Manchester,GBR,2022-02-01,13.3833,18,58,13.72
GBR-ADM2-028,Manchester,GBR,2022-03-01,14.378,14,58,13.72
GBR-ADM2-028,Manchester,GBR,2022-04-01,12.8683,11,58,13.72
GBR-ADM2-028,Manchester,GBR,2022-05-01,13.0985,16,58,13.72
GBR-ADM2-028,Manchester,GBR,2022-06-01,12.6074,15,58,13.72
GBR-ADM2-028,Manchester,GBR,2022-07-01,13.5868,1,58,13.72
GBR-ADM2-028,Manchester,GBR,2022-08-01,11.0488,15,58,13.72
GBR-ADM2-028,Manchester,GBR,2022-09-01,13.464,8,58,13.72
GBR-ADM2-028,Manchester,GBR,2022-10-01,12.1745,11,58,13.72
GBR-ADM2-028,Manchester,GBR,2022-11-01,12.524,14,58,13.72
GBR-ADM2-028,Manchester,GBR,2022-12-01,13.1177,19,58,13.72
GBR-ADM2-028,Manchester,GBR,2023-01-01,13.5005,18,58,13.72
GBR-ADM2-028,Manchester,GBR,2023-02-01,14.5992,12,58,13.72
GBR-ADM2-028,Manchester,GBR,2023-03-01,13.2362,17,58,13.72
GBR-ADM2-028,Manchester,GBR,2023-04-01,13.4826,19,58,13.72
GBR-ADM2-028,Manchester,GBR,2023-05-01,13.2442,16,58,13.72
GBR-ADM2-028,Manchester,GBR,2023-06-01,13.3043,4,58,13.72
GBR-ADM2-028,Manchester,GBR,2023-07-01,14.2307,5,58,13.72
GBR-ADM2-028,Manchester,GBR,2023-08-01,11.7316,1,58,13.72
GBR-ADM2-028,Manchester,GBR,2023-09-01,13.4575,8,58,13.72
GBR-ADM2-028,Manchester,GBR,2023-10-01,13.0562,15,58,13.72
GBR-ADM2-028,Manchester,GBR,2023-11-01,13.2686,15,58,13.72
GBR-ADM2-028,Manchester,GBR,2023-12-01,12.6384,10,58,13.72
GBR-ADM2-028,Manchester,GBR,2024-01-01,13.8297,17,58,13.72
GBR-ADM2-028,Manchester,GBR,2024-02-01,13.3773,10,58,13.72
GBR-ADM2-028,Manchester,GBR,2024-03-01,13.5646,13,58,13.72
GBR-ADM2-028,Manchester,GBR,2024-04-01,13.0239,12,58,13.72
GBR-ADM2-028,Manchester,GBR,2024-05-01,15.0814,13,58,13.72
GBR-ADM2-028,Manchester,GBR,2024-06-01,15.1062,3,58,13.72
GBR-ADM2-028,Manchester,GBR,2024-07-01,13.7161,8,58,13.72
GBR-ADM2-028,Manchester,GBR,2024-08-01,13.5979,6,58,13.72
GBR-ADM2-028,Manchester,GBR,2024-09-01,13.4005,4,58,13.72
GBR-ADM2-028,Manchester,GBR,2024-10-01,12.4229,9,58,13.72
GBR-ADM2-028,Manchester,GBR,2024-11-01,12.432,7,58,13.72
GBR-ADM2-028,Manchester,GBR,2024-12-01,13.0729,24,58,13.72
GBR-ADM2-029,Manchester,GBR,2019-01-01,11.7476,17,187,43.57
GBR-ADM2-029,Manchester,GBR,2019-02-01,10.8985,17,187,43.57
GBR-ADM2-029,Manchester,GBR,2019-03-01,11.1525,17,187,43.57
GBR-ADM2-029,Manchester,GBR,2019-04-01,12.0469,9,187,43.57
GBR-ADM2-029,Manchester,GBR,2019-05-01,13.2441,11,187,43.57
GBR-ADM2-029,Manchester,GBR,2019-06-01,12.3845,1,187,43.57
GBR-ADM2-029,Manchester,GBR,2019-07-01,11.2805,2,187,43.57
GBR-ADM2-029,Manchester,GBR,2019-08-01,11.3463,9,187,43.57
GBR-ADM2-029,Manchester,GBR,2019-09-01,,0,187,43.57
GBR-ADM2-029,Manchester,GBR,2019-10-01,11.8159,10,187,43.57
GBR-ADM2-029,Manchester,GBR,2019-11-01,10.3037,11,187,43.57
GBR-ADM2-029,Manchester,GBR,2019-12-01,11.3364,11,187,43.57
GBR-ADM2-029,Manchester,GBR,2020-01-01,12.0838,10,187,43.57
GBR-ADM2-029,Manchester,GBR,2020-02-01,12.4593,15,187,43.57
GBR-ADM2-029,Manchester,GBR,2020-03-01,12.3912,14,187,43.57
GBR-ADM2-029,Manchester,GBR,2020-04-01,8.9607,16,187,43.57
GBR-ADM2-029,Manchester,GBR,2020-05-01,9.2586,19,187,43.57
GBR-ADM2-029,Manchester,GBR,2020-06-01,9.5623,11,187,43.57
GBR-ADM2-029,Manchester,GBR,2020-07-01,9.2348,5,187,43.57
GBR-ADM2-029,Manchester,GBR,2020-08-01,10.4935,1,187,43.57
GBR-ADM2-029,Manchester,GBR,2020-09-01,12.6053,5,187,43.57
GBR-ADM2-029,Manchester,GBR,2020-10-01,11.8734,17,187,43.57
GBR-ADM2-029,Manchester,GBR,2020-11-01,11.5305,8,187,43.57
GBR-ADM2-029,Manchester,GBR,2020-12-01,12.8296,13,187,43.57
GBR-ADM2-029,Manchester,GBR,2021-01-01,12.0036,15,187,43.57
GBR-ADM2-029,Manchester,GBR,2021-02-01,11.6935,27,187,43.57
GBR-ADM2-029,Manchester,GBR,2021-03-01,12.3552,11,187,43.57
GBR-ADM2-029,Manchester,GBR,2021-04-01,11.458,12,187,43.57
GBR-ADM2-029,Manchester,GBR,2021-05-01,12.8684,16,187,43.57
GBR-ADM2-029,Manchester,GBR,2021-06-01,12.1081,2,187,43.57
GBR-ADM2-029,Manchester,GBR,2021-07-01,11.4319,1,187,43.57
GBR-ADM2-029,Manchester,GBR,2021-08-01,11.4148,9,187,43.57
GBR-ADM2-029,Manchester,GBR,2021-09-01,11.417,4,187,43.57
GBR-ADM2-029,Manchester,GBR,2021-10-01,12.1134,16,187,43.57
GBR-ADM2-029,Manchester,GBR,2021-11-01,13.3338,16,187,43.57
GBR-ADM2-029,Manchester,GBR,2021-12-01,11.3172,14,187,43.57
GBR-ADM2-029,Manchester,GBR,2022-01-01,11.6134,11,187,43.57
GBR-ADM2-029,Manchester,GBR,2022-02-01,12.7718,12,187,43.57
GBR-ADM2-029,Manchester,GBR,2022-03-01,12.9324,19,187,43.57
GBR-ADM2-029,Manchester,GBR,2022-04-01,13.5066,15,187,43.57
GBR-ADM2-029,Manchester,GBR,2022-05-01,12.427,17,187,43.57
GBR-ADM2-029,Manchester,GBR,2022-06-01,12.2829,4,187,43.57
GBR-ADM2-029,Manchester,GBR,2022-07-01,14.0923,2,187,43.57
GBR-ADM2-029,Manchester,GBR,2022-08-01,11.6654,9,187,43.57
GBR-ADM2-029,Manchester,GBR,2022-09-01,11.6724,3,187,43.57
GBR-ADM2-029,Manchester,GBR,2022-10-01,12.5498,8,187,43.57
GBR-ADM2-029,Manchester,GBR,2022-11-01,11.8544,16,187,43.57
GBR-ADM2-029,Manchester,GBR,2022-12-01,12.4102,9,187,43.57
GBR-ADM2-029,Manchester,GBR,2023-01-01,11.8986,19,187,43.57
GBR-ADM2-029,Manchester,GBR,2023-02-01,14.3832,16,187,43.57
GBR-ADM2-029,Manchester,GBR,2023-03-01,13.9939,15,187,43.57
GBR-ADM2-029,Manchester,GBR,2023-04-01,12.893,14,187,43.57
GBR-ADM2-029,Manchester,GBR,2023-05-01,12.4908,16,187,43.57
GBR-ADM2-029,Manchester,GBR,2023-06-01,13.786,4,187,43.57
GBR-ADM2-029,Manchester,GBR,2023-07-01,,0,187,43.57
GBR-ADM2-029,Manchester,GBR,2023-08-01,12.368,12,187,43.57
GBR-ADM2-029,Manchester,GBR,2023-09-01,12.9289,5,187,43.57
GBR-ADM2-029,Manchester,GBR,2023-10-01,11.7694,11,187,43.57
GBR-ADM2-029,Manchester,GBR,2023-11-01,12.8513,13,187,43.57
GBR-ADM2-029,Manchester,GBR,2023-12-01,12.8959,15,187,43.57
GBR-ADM2-029,Manchester,GBR,2024-01-01,12.3765,14,187,43.57
GBR-ADM2-029,Manchester,GBR,2024-02-01,13.7438,17,187,43.57
GBR-ADM2-029,Manchester,GBR,2024-03-01,12.4738,15,187,43.57
GBR-ADM2-029,Manchester,GBR,2024-04-01,12.1241,12,187,43.57
GBR-ADM2-029,Manchester,GBR,2024-05-01,13.4887,26,187,43.57
GBR-ADM2-029,Manchester,GBR,2024-06-01,12.9543,8,187,43.57
GBR-ADM2-029,Manchester,GBR,2024-07-01,13.8257,1,187,43.57
GBR-ADM2-029,Manchester,GBR,2024-08-01,12.7373,12,187,43.57
GBR-ADM2-029,Manchester,GBR,2024-09-01,11.1989,11,187,43.57
GBR-ADM2-029,Manchester,GBR,2024-10-01,12.8635,11,187,43.57
GBR-ADM2-029,Manchester,GBR,2024-11-01,11.8542,8,187,43.57
GBR-ADM2-029,Manchester,GBR,2024-12-01,13.0072,10,187,43.57
GBR-ADM2-030,Manchester,GBR,2019-01-01,7.1963,14,80,18.78
GBR-ADM2-030,Manchester,GBR,2019-02-01,6.4688,9,80,18.78
GBR-ADM2-030,Manchester,GBR,2019-03-01,6.8072,16,80,18.78
GBR-ADM2-030,Manchester,GBR,2019-04-01,6.8783,22,80,18.78
GBR-ADM2-030,Manchester,GBR,2019-05-01,6.7351,11,80,18.78
GBR-ADM2-030,Manchester,GBR,2019-06-01,7.7272,4,80,18.78
GBR-ADM2-030,Manchester,GBR,2019-07-01,6.6997,11,80,18.78
GBR-ADM2-030,Manchester,GBR,2019-08-01,6.7792,3,80,18.78
GBR-ADM2-030,Manchester,GBR,2019-09-01,6.6218,7,80,18.78
GBR-ADM2-030,Manchester,GBR,2019-10-01,7.0527,15,80,18.78
GBR-ADM2-030,Manchester,GBR,2019-11-01,7.8922,11,80,18.78
GBR-ADM2-030,Manchester,GBR,2019-12-01,6.9025,12,80,18.78
GBR-ADM2-030,Manchester,GBR,2020-01-01,7.2634,11,80,18.78
GBR-ADM2-030,Manchester,GBR,2020-02-01,7.3569,10,80,18.78
GBR-ADM2-030,Manchester,GBR,2020-03-01,7.8297,18,80,18.78
GBR-ADM2-030,Manchester,GBR,2020-04-01,6.7214,15,80,18.78
GBR-ADM2-030,Manchester,GBR,2020-05-01,5.7948,9,80,18.78
GBR-ADM2-030,Manchester,GBR,2020-06-01,5.7056,5,80,18.78
GBR-ADM2-030,Manchester,GBR,2020-07-01,6.0299,3,80,18.78
GBR-ADM2-030,Manchester,GBR,2020-08-01,6.1315,6,80,18.78
GBR-ADM2-030,Manchester,GBR,2020-09-01,7.0365,13,80,18.78
GBR-ADM2-030,Manchester,GBR,2020-10-01,7.1593,13,80,18.78
GBR-ADM2-030,Manchester,GBR,2020-11-01,6.8752,12,80,18.78
GBR-ADM2-030,Manchester,GBR,2020-12-01,7.4298,15,80,18.78
GBR-ADM2-030,Manchester,GBR,2021-01-01,7.4228,16,80,18.78
GBR-ADM2-030,Manchester,GBR,2021-02-01,7.3415,10,80,18.78
GBR-ADM2-030,Manchester,GBR,2021-03-01,7.7821,17,80,18.78
GBR-ADM2-030,Manchester,GBR,2021-04-01,8.6926,12,80,18.78
GBR-ADM2-030,Manchester,GBR,2021-05-01,7.9413,9,80,18.78
GBR-ADM2-030,Manchester,GBR,2021-06-01,7.5961,8,80,18.78
GBR-ADM2-030,Manchester,GBR,2021-07-01,8.1528,5,80,18.78
GBR-ADM2-030,Manchester,GBR,2021-08-01,7.2803,5,80,18.78
GBR-ADM2-030,Manchester,GBR,2021-09-01,7.5782,13,80,18.78
GBR-ADM2-030,Manchester,GBR,2021-10-01,7.4251,15,80,18.78
GBR-ADM2-030,Manchester,GBR,2021-11-01,7.9819,14,80,18.78
GBR-ADM2-030,Manchester,GBR,2021-12-01,7.2516,12,80,18.78
GBR-ADM2-030,Manchester,GBR,2022-01-01,8.4941,11,80,18.78
GBR-ADM2-030,Manchester,GBR,2022-02-01,8.9667,18,80,18.78
GBR-ADM2-030,Manchester,GBR,2022-03-01,8.1061,15,80,18.78
GBR-ADM2-030,Manchester,GBR,2022-04-01,7.5931,16,80,18.78
GBR-ADM2-030,Manchester,GBR,2022-05-01,8.0889,17,80,18.78
GBR-ADM2-030,Manchester,GBR,2022-06-01,7.5971,9,80,18.78
GBR-ADM2-030,Manchester,GBR,2022-07-01,7.3851,8,80,18.78
GBR-ADM2-030,Manchester,GBR,2022-08-01,7.2773,8,80,18.78
GBR-ADM2-030,Manchester,GBR,2022-09-01,8.0734,10,80,18.78
GBR-ADM2-030,Manchester,GBR,2022-10-01,8.463,15,80,18.78
GBR-ADM2-030,Manchester,GBR,2022-11-01,7.9825,14,80,18.78
GBR-ADM2-030,Manchester,GBR,2022-12-01,8.2599,12,80,18.78
GBR-ADM2-030,Manchester,GBR,2023-01-01,7.5666,10,80,18.78
GBR-ADM2-030,Manchester,GBR,2023-02-01,7.5465,17,80,18.78
GBR-ADM2-030,Manchester,GBR,2023-03-01,7.6453,13,80,18.78
GBR-ADM2-030,Manchester,GBR,2023-04-01,8.9283,8,80,18.78
GBR-ADM2-030,Manchester,GBR,2023-05-01,7.9663,13,80,18.78
GBR-ADM2-030,Manchester,GBR,2023-06-01,8.6022,3,80,18.78
GBR-ADM2-030,Manchester,GBR,2023-07-01,8.2853,6,80,18.78
GBR-ADM2-030,Manchester,GBR,2023-08-01,7.6418,10,80,18.78
GBR-ADM2-030,Manchester,GBR,2023-09-01,8.1717,22,80,18.78
GBR-ADM2-030,Manchester,GBR,2023-10-01,7.4819,16,80,18.78
GBR-ADM2-030,Manchester,GBR,2023-11-01,8.6127,15,80,18.78
GBR-ADM2-030,Manchester,GBR,2023-12-01,8.6219,7,80,18.78
GBR-ADM2-030,Manchester,GBR,2024-01-01,7.7334,8,80,18.78
GBR-ADM2-030,Manchester,GBR,2024-02-01,9.3269,15,80,18.78
GBR-ADM2-030,Manchester,GBR,2024-03-01,8.5022,13,80,18.78
GBR-ADM2-030,Manchester,GBR,2024-04-01,9.1585,12,80,18.78
GBR-ADM2-030,Manchester,GBR,2024-05-01,8.8201,9,80,18.78
GBR-ADM2-030,Manchester,GBR,2024-06-01,9.0575,1,80,18.78
GBR-ADM2-030,Manchester,GBR,2024-07-01,8.0123,6,80,18.78
GBR-ADM2-030,Manchester,GBR,2024-08-01,8.4722,8,80,18.78
GBR-ADM2-030,Manchester,GBR,2024-09-01,8.4968,5,80,18.78
GBR-ADM2-030,Manchester,GBR,2024-10-01,8.0937,18,80,18.78
GBR-ADM2-030,Manchester,GBR,2024-11-01,8.0462,12,80,18.78
GBR-ADM2-030,Manchester,GBR,2024-12-01,8.0761,20,80,18.78
GBR-ADM2-031,Manchester,GBR,2019-01-01,8.6187,14,89,20.74
GBR-ADM2-031,Manchester,GBR,2019-02-01,9.0469,11,89,20.74
GBR-ADM2-031,Manchester,GBR,2019-03-01,9.5466,16,89,20.74
GBR-ADM2-031,Manchester,GBR,2019-04-01,9.4828,15,89,20.74
GBR-ADM2-031,Manchester,GBR,2019-05-01,9.1201,12,89,20.74
GBR-ADM2-031,Manchester,GBR,2019-06-01,9.9136,13,89,20.74
GBR-ADM2-031,Manchester,GBR,2019-07-01,9.4557,10,89,20.74
GBR-ADM2-031,Manchester,GBR,2019-08-01,9.9728,6,89,20.74
GBR-ADM2-031,Manchester,GBR,2019-09-01,9.1546,7,89,20.74
GBR-ADM2-031,Manchester,GBR,2019-10-01,8.9957,8,89,20.74
GBR-ADM2-031,Manchester,GBR,2019-11-01,8.8927,13,89,20.74
GBR-ADM2-031,Manchester,GBR,2019-12-01,8.7876,16,89,20.74
GBR-ADM2-031,Manchester,GBR,2020-01-01,8.4434,11,89,20.74
GBR-ADM2-031,Manchester,GBR,2020-02-01,8.5143,16,89,20.74
GBR-ADM2-031,Manchester,GBR,2020-03-01,10.6888,17,89,20.74
GBR-ADM2-031,Manchester,GBR,2020-04-01,7.9776,14,89,20.74
GBR-ADM2-031,Manchester,GBR,2020-05-01,7.892,11,89,20.74
GBR-ADM2-031,Manchester,GBR,2020-06-01,7.4907,12,89,20.74
GBR-ADM2-031,Manchester,GBR,2020-07-01,,0,89,20.74
GBR-ADM2-031,Manchester,GBR,2020-08-01,7.2725,5,89,20.74
GBR-ADM2-031,Manchester,GBR,2020-09-01,9.6081,8,89,20.74
GBR-ADM2-031,Manchester,GBR,2020-10-01,8.5922,14,89,20.74
GBR-ADM2-031,Manchester,GBR,2020-11-01,9.8834,13,89,20.74
GBR-ADM2-031,Manchester,GBR,2020-12-01,9.1603,10,89,20.74
GBR-ADM2-031,Manchester,GBR,2021-01-01,9.3717,16,89,20.74
GBR-ADM2-031,Manchester,GBR,2021-02-01,10.4015,13,89,20.74
GBR-ADM2-031,Manchester,GBR,2021-03-01,10.3605,13,89,20.74
GBR-ADM2-031,Manchester,GBR,2021-04-01,9.1665,21,89,20.74
GBR-ADM2-031,Manchester,GBR,2021-05-01,10.0889,12,89,20.74
GBR-ADM2-031,Manchester,GBR,2021-06-01,10.0267,8,89,20.74
GBR-ADM2-031,Manchester,GBR,2021-07-01,9.8838,9,89,20.74
GBR-ADM2-031,Manchester,GBR,2021-08-01,10.064,7,89,20.74
GBR-ADM2-031,Manchester,GBR,2021-09-01,9.9684,6,89,20.74
GBR-ADM2-031,Manchester,GBR,2021-10-01,9.3865,15,89,20.74
GBR-ADM2-031,Manchester,GBR,2021-11-01,9.7178,11,89,20.74
GBR-ADM2-031,Manchester,GBR,2021-12-01,8.5453,21,89,20.74
GBR-ADM2-031,Manchester,GBR,2022-01-01,9.1032,8,89,20.74
GBR-ADM2-031,Manchester,GBR,2022-02-01,10.7485,19,89,20.74
GBR-ADM2-031,Manchester,GBR,2022-03-01,10.6285,10,89,20.74
GBR-ADM2-031,Manchester,GBR,2022-04-01,10.5648,15,89,20.74
GBR-ADM2-031,Manchester,GBR,2022-05-01,9.9857,18,89,20.74
GBR-ADM2-031,Manchester,GBR,2022-06-01,11.2916,7,89,20.74
GBR-ADM2-031,Manchester,GBR,2022-07-01,,0,89,20.74
GBR-ADM2-031,Manchester,GBR,2022-08-01,11.0088,8,89,20.74
GBR-ADM2-031,Manchester,GBR,2022-09-01,9.7155,4,89,20.74
GBR-ADM2-031,Manchester,GBR,2022-10-01,9.1912,12,89,20.74
GBR-ADM2-031,Manchester,GBR,2022-11-01,9.4123,20,89,20.74
GBR-ADM2-031,Manchester,GBR,2022-12-01,10.8046,12,89,20.74
GBR-ADM2-031,Manchester,GBR,2023-01-01,12.1515,14,89,20.74
GBR-ADM2-031,Manchester,GBR,2023-02-01,9.7375,10,89,20.74
GBR-ADM2-031,Manchester,GBR,2023-03-01,10.4516,21,89,20.74
GBR-ADM2-031,Manchester,GBR,2023-04-01,12.4674,12,89,20.74
GBR-ADM2-031,Manchester,GBR,2023-05-01,10.7302,17,89,20.74
GBR-ADM2-031,Manchester,GBR,2023-06-01,,0,89,20.74
GBR-ADM2-031,Manchester,GBR,2023-07-01,9.7331,6,89,20.74
GBR-ADM2-031,Manchester,GBR,2023-08-01,,0,89,20.74
GBR-ADM2-031,Manchester,GBR,2023-09-01,10.5296,6,89,20.74
GBR-ADM2-031,Manchester,GBR,2023-10-01,10.2384,14,89,20.74
GBR-ADM2-031,Manchester,GBR,2023-11-01,10.0737,6,89,20.74
GBR-ADM2-031,Manchester,GBR,2023-12-01,10.8937,11,89,20.74
GBR-ADM2-031,Manchester,GBR,2024-01-01,10.6046,16,89,20.74
GBR-ADM2-031,Manchester,GBR,2024-02-01,9.9965,13,89,20.74
GBR-ADM2-031,Manchester,GBR,2024-03-01,10.7109,8,89,20.74
GBR-ADM2-031,Manchester,GBR,2024-04-01,11.1257,15,89,20.74
GBR-ADM2-031,Manchester,GBR,2024-05-01,11.1963,15,89,20.74
GBR-ADM2-031,Manchester,GBR,2024-06-01,11.3101,4,89,20.74
GBR-ADM2-031,Manchester,GBR,2024-07-01,12.9793,3,89,20.74
GBR-ADM2-031,Manchester,GBR,2024-08-01,10.5547,8,89,20.74
GBR-ADM2-031,Manchester,GBR,2024-09-01,,0,89,20.74
GBR-ADM2-031,Manchester,GBR,2024-10-01,11.0282,14,89,20.74
GBR-ADM2-031,Manchester,GBR,2024-11-01,10.7628,16,89,20.74
GBR-ADM2-031,Manchester,GBR,2024-12-01,11.2855,10,89,20.74
GBR-ADM2-032,Manchester,GBR,2019-01-01,15.5291,12,83,19.45
GBR-ADM2-032,Manchester,GBR,2019-02-01,16.6892,15,83,19.45
GBR-ADM2-032,Manchester,GBR,2019-03-01,17.0093,19,83,19.45
GBR-ADM2-032,Manchester,GBR,2019-04-01,17.3201,10,83,19.45
GBR-ADM2-032,Manchester,GBR,2019-05-01,17.0484,11,83,19.45
GBR-ADM2-032,Manchester,GBR,2019-06-01,17.102,4,83,19.45
GBR-ADM2-032,Manchester,GBR,2019-07-01,16.2926,6,83,19.45
GBR-ADM2-032,Manchester,GBR,2019-08-01,16.1763,7,83,19.45
GBR-ADM2-032,Manchester,GBR,2019-09-01,15.6024,12,83,19.45
GBR-ADM2-032,Manchester,GBR,2019-10-01,13.4299,13,83,19.45
GBR-ADM2-032,Manchester,GBR,2019-11-01,16.8302,12,83,19.45
GBR-ADM2-032,Manchester,GBR,2019-12-01,16.8489,13,83,19.45
GBR-ADM2-032,Manchester,GBR,2020-01-01,17.8853,12,83,19.45
GBR-ADM2-032,Manchester,GBR,2020-02-01,16.5156,16,83,19.45
GBR-ADM2-032,Manchester,GBR,2020-03-01,18.5847,12,83,19.45
GBR-ADM2-032,Manchester,GBR,2020-04-01,14.5009,16,83,19.45
GBR-ADM2-032,Manchester,GBR,2020-05-01,14.3381,16,83,19.45
GBR-ADM2-032,Manchester,GBR,2020-06-01,13.9808,10,83,19.45
GBR-ADM2-032,Manchester,GBR,2020-07-01,12.4301,3,83,19.45
GBR-ADM2-032,Manchester,GBR,2020-08-01,15.5252,10,83,19.45
GBR-ADM2-032,Manchester,GBR,2020-09-01,17.8532,11,83,19.45
GBR-ADM2-032,Manchester,GBR,2020-10-01,16.0948,12,83,19.45
GBR-ADM2-032,Manchester,GBR,2020-11-01,16.0831,15,83,19.45
GBR-ADM2-032,Manchester,GBR,2020-12-01,18.6512,17,83,19.45
GBR-ADM2-032,Manchester,GBR,2021-01-01,16.124,13,83,19.45
GBR-ADM2-032,Manchester,GBR,2021-02-01,18.774,9,83,19.45
GBR-ADM2-032,Manchester,GBR,2021-03-01,17.9087,14,83,19.45
GBR-ADM2-032,Manchester,GBR,2021-04-01,18.3526,9,83,19.45
GBR-ADM2-032,Manchester,GBR,2021-05-01,17.0393,18,83,19.45
GBR-ADM2-032,Manchester,GBR,2021-06-01,17.7873,7,83,19.45
GBR-ADM2-032,Manchester,GBR,2021-07-01,16.4041,3,83,19.45
GBR-ADM2-032,Manchester,GBR,2021-08-01,17.899,4,83,19.45
GBR-ADM2-032,Manchester,GBR,2021-09-01,17.5222,1,83,19.45
GBR-ADM2-032,Manchester,GBR,2021-10-01,17.4944,15,83,19.45
GBR-ADM2-032,Manchester,GBR,2021-11-01,15.3565,14,83,19.45
GBR-ADM2-032,Manchester,GBR,2021-12-01,17.7418,15,83,19.45
GBR-ADM2-032,Manchester,GBR,2022-01-01,18.9259,10,83,19.45
GBR-ADM2-032,Manchester,GBR,2022-02-01,19.4589,15,83,19.45
GBR-ADM2-032,Manchester,GBR,2022-03-01,19.3619,16,83,19.45
GBR-ADM2-032,Manchester,GBR,2022-04-01,20.0732,12,83,19.45
GBR-ADM2-032,Manchester,GBR,2022-05-01,18.7188,12,83,19.45
GBR-ADM2-032,Manchester,GBR,2022-06-01,19.1816,6,83,19.45
GBR-ADM2-032,Manchester,GBR,2022-07-01,19.8189,4,83,19.45
GBR-ADM2-032,Manchester,GBR,2022-08-01,19.5163,1,83,19.45
GBR-ADM2-032,Manchester,GBR,2022-09-01,,0,83,19.45
GBR-ADM2-032,Manchester,GBR,2022-10-01,17.7245,17,83,19.45
GBR-ADM2-032,Manchester,GBR,2022-11-01,18.7701,9,83,19.45
GBR-ADM2-032,Manchester,GBR,2022-12-01,18.2078,17,83,19.45
GBR-ADM2-032,Manchester,GBR,2023-01-01,19.6625,11,83,19.45
GBR-ADM2-032,Manchester,GBR,2023-02-01,19.8896,18,83,19.45
GBR-ADM2-032,Manchester,GBR,2023-03-01,22.4142,18,83,19.45
GBR-ADM2-032,Manchester,GBR,2023-04-01,22.1137,20,83,19.45
GBR-ADM2-032,Manchester,GBR,2023-05-01,20.5215,16,83,19.45
GBR-ADM2-032,Manchester,GBR,2023-06-01,21.1475,5,83,19.45
GBR-ADM2-032,Manchester,GBR,2023-07-01,21.4457,8,83,19.45
GBR-ADM2-032,Manchester,GBR,2023-08-01,20.55,20,83,19.45
GBR-ADM2-032,Manchester,GBR,2023-09-01,19.9072,1,83,19.45
GBR-ADM2-032,Manchester,GBR,2023-10-01,18.2954,3,83,19.45
GBR-ADM2-032,Manchester,GBR,2023-11-01,20.5226,12,83,19.45
GBR-ADM2-032,Manchester,GBR,2023-12-01,23.5727,10,83,19.45
GBR-ADM2-032,Manchester,GBR,2024-01-01,21.1472,10,83,19.45
GBR-ADM2-032,Manchester,GBR,2024-02-01,22.8631,11,83,19.45
GBR-ADM2-032,Manchester,GBR,2024-03-01,21.1939,12,83,19.45
GBR-ADM2-032,Manchester,GBR,2024-04-01,21.2078,18,83,19.45
GBR-ADM2-032,Manchester,GBR,2024-05-01,22.9006,18,83,19.45
GBR-ADM2-032,Manchester,GBR,2024-06-01,22.0378,4,83,19.45
GBR-ADM2-032,Manchester,GBR,2024-07-01,,0,83,19.45
GBR-ADM2-032,Manchester,GBR,2024-08-01,20.4372,6,83,19.45
GBR-ADM2-032,Manchester,GBR,2024-09-01,21.8639,2,83,19.45
GBR-ADM2-032,Manchester,GBR,2024-10-01,19.8188,9,83,19.45
GBR-ADM2-032,Manchester,GBR,2024-11-01,23.2086,22,83,19.45
GBR-ADM2-032,Manchester,GBR,2024-12-01,18.8496,16,83,19.45
KEN-ADM2-001,Nairobi,KEN,2019-01-01,10.8684,20,39,9.21
KEN-ADM2-001,Nairobi,KEN,2019-02-01,12.1465,15,39,9.21
KEN-ADM2-001,Nairobi,KEN,2019-03-01,11.6047,11,39,9.21
KEN-ADM2-001,Nairobi,KEN,2019-04-01,9.704,11,39,9.21
KEN-ADM2-001,Nairobi,KEN,2019-05-01,11.9703,15,39,9.21
KEN-ADM2-001,Nairobi,KEN,2019-06-01,10.457,5,39,9.21
KEN-ADM2-001,Nairobi,KEN,2019-07-01,11.9875,10,39,9.21
KEN-ADM2-001,Nairobi,KEN,2019-08-01,11.3987,8,39,9.21
KEN-ADM2-001,Nairobi,KEN,2019-09-01,11.7504,6,39,9.21
KEN-ADM2-001,Nairobi,KEN,2019-10-01,11.2112,11,39,9.21
KEN-ADM2-001,Nairobi,KEN,2019-11-01,10.9314,7,39,9.21
KEN-ADM2-001,Nairobi,KEN,2019-12-01,12.4117,14,39,9.21
KEN-ADM2-001,Nairobi,KEN,2020-01-01,9.9783,12,39,9.21
KEN-ADM2-001,Nairobi,KEN,2020-02-01,11.7719,8,39,9.21
KEN-ADM2-001,Nairobi,KEN,2020-03-01,11.7324,19,39,9.21
KEN-ADM2-001,Nairobi,KEN,2020-04-01,9.978,14,39,9.21
KEN-ADM2-001,Nairobi,KEN,2020-05-01,9.8809,14,39,9.21
KEN-ADM2-001,Nairobi,KEN,2020-06-01,9.671,4,39,9.21
KEN-ADM2-001,Nairobi,KEN,2020-07-01,9.4473,7,39,9.21
KEN-ADM2-001,Nairobi,KEN,2020-08-01,10.0403,6,39,9.21
KEN-ADM2-001,Nairobi,KEN,2020-09-01,11.5322,4,39,9.21
KEN-ADM2-001,Nairobi,KEN,2020-10-01,10.8903,17,39,9.21
KEN-ADM2-001,Nairobi,KEN,2020-11-01,11.207,10,39,9.21
KEN-ADM2-001,Nairobi,KEN,2020-12-01,11.8554,15,39,9.21
KEN-ADM2-001,Nairobi,KEN,2021-01-01,11.9325,8,39,9.21
KEN-ADM2-001,Nairobi,KEN,2021-02-01,13.3658,13,39,9.21
KEN-ADM2-001,Nairobi,KEN,2021-03-01,13.0431,16,39,9.21
KEN-ADM2-001,Nairobi,KEN,2021-04-01,13.4069,16,39,9.21
KEN-ADM2-001,Nairobi,KEN,2021-05-01,12.5945,15,39,9.21
KEN-ADM2-001,Nairobi,KEN,2021-06-01,11.7142,4,39,9.21
KEN-ADM2-001,Nairobi,KEN,2021-07-01,12.9304,2,39,9.21
KEN-ADM2-001,Nairobi,KEN,2021-08-01,12.6677,4,39,9.21
KEN-ADM2-001,Nairobi,KEN,2021-09-01,11.8522,8,39,9.21
KEN-ADM2-001,Nairobi,KEN,2021-10-01,12.1296,20,39,9.21
KEN-ADM2-001,Nairobi,KEN,2021-11-01,13.1702,15,39,9.21
KEN-ADM2-001,Nairobi,KEN,2021-12-01,14.9329,13,39,9.21
KEN-ADM2-001,Nairobi,KEN,2022-01-01,15.6718,9,39,9.21
KEN-ADM2-001,Nairobi,KEN,2022-02-01,14.6846,12,39,9.21
KEN-ADM2-001,Nairobi,KEN,2022-03-01,14.2767,12,39,9.21
KEN-ADM2-001,Nairobi,KEN,2022-04-01,14.6203,24,39,9.21
KEN-ADM2-001,Nairobi,KEN,2022-05-01,14.1287,8,39,9.21
KEN-ADM2-001,Nairobi,KEN,2022-06-01,13.0598,2,39,9.21
KEN-ADM2-001,Nairobi,KEN,2022-07-01,13.2524,5,39,9.21
KEN-ADM2-001,Nairobi,KEN,2022-08-01,13.3487,10,39,9.21
KEN-ADM2-001,Nairobi,KEN,2022-09-01,13.9831,3,39,9.21
KEN-ADM2-001,Nairobi,KEN,2022-10-01,13.4723,14,39,9.21
KEN-ADM2-001,Nairobi,KEN,2022-11-01,11.5623,17,39,9.21
KEN-ADM2-001,Nairobi,KEN,2022-12-01,12.9191,11,39,9.21
KEN-ADM2-001,Nairobi,KEN,2023-01-01,14.8061,12,39,9.21
KEN-ADM2-001,Nairobi,KEN,2023-02-01,13.9025,12,39,9.21
KEN-ADM2-001,Nairobi,KEN,2023-03-01,14.8447,21,39,9.21
KEN-ADM2-001,Nairobi,KEN,2023-04-01,13.5809,24,39,9.21
KEN-ADM2-001,Nairobi,KEN,2023-05-01,13.8659,13,39,9.21
KEN-ADM2-001,Nairobi,KEN,2023-06-01,14.288,8,39,9.21
KEN-ADM2-001,Nairobi,KEN,2023-07-01,13.5326,6,39,9.21
KEN-ADM2-001,Nairobi,KEN,2023-08-01,14.2365,3,39,9.21
KEN-ADM2-001,Nairobi,KEN,2023-09-01,14.0663,9,39,9.21
KEN-ADM2-001,Nairobi,KEN,2023-10-01,14.2364,7,39,9.21
KEN-ADM2-001,Nairobi,KEN,2023-11-01,16.2381,13,39,9.21
KEN-ADM2-001,Nairobi,KEN,2023-12-01,13.2495,14,39,9.21
KEN-ADM2-001,Nairobi,KEN,2024-01-01,15.3799,19,39,9.21
KEN-ADM2-001,Nairobi,KEN,2024-02-01,14.7622,15,39,9.21
KEN-ADM2-001,Nairobi,KEN,2024-03-01,15.3829,18,39,9.21
KEN-ADM2-001,Nairobi,KEN,2024-04-01,13.8164,12,39,9.21
KEN-ADM2-001,Nairobi,KEN,2024-05-01,15.6742,17,39,9.21
KEN-ADM2-001,Nairobi,KEN,2024-06-01,15.8764,1,39,9.21
KEN-ADM2-001,Nairobi,KEN,2024-07-01,15.8231,10,39,9.21
KEN-ADM2-001,Nairobi,KEN,2024-08-01,14.0454,11,39,9.21
KEN-ADM2-001,Nairobi,KEN,2024-09-01,16.3389,6,39,9.21
KEN-ADM2-001,Nairobi,KEN,2024-10-01,15.4012,12,39,9.21
KEN-ADM2-001,Nairobi,KEN,2024-11-01,15.5977,16,39,9.21
KEN-ADM2-001,Nairobi,KEN,2024-12-01,14.7705,9,39,9.21
KEN-ADM2-002,Nairobi,KEN,2019-01-01,6.8389,15,61,14.39
KEN-ADM2-002,Nairobi,KEN,2019-02-01,8.2649,12,61,14.39
KEN-ADM2-002,Nairobi,KEN,2019-03-01,7.4815,16,61,14.39
KEN-ADM2-002,Nairobi,KEN,2019-04-01,8.6073,13,61,14.39
KEN-ADM2-002,Nairobi,KEN,2019-05-01,7.7197,14,61,14.39
KEN-ADM2-002,Nairobi,KEN,2019-06-01,7.1358,14,61,14.39
KEN-ADM2-002,Nairobi,KEN,2019-07-01,7.4577,4,61,14.39
KEN-ADM2-002,Nairobi,KEN,2019-08-01,7.3143,6,61,14.39
KEN-ADM2-002,Nairobi,KEN,2019-09-01,7.6642,5,61,14.39
KEN-ADM2-002,Nairobi,KEN,2019-10-01,7.761,14,61,14.39
KEN-ADM2-002,Nairobi,KEN,2019-11-01,7.2791,12,61,14.39
KEN-ADM2-002,Nairobi,KEN,2019-12-01,7.6762,14,61,14.39
KEN-ADM2-002,Nairobi,KEN,2020-01-01,8.1783,14,61,14.39
KEN-ADM2-002,Nairobi,KEN,2020-02-01,7.9469,11,61,14.39
KEN-ADM2-002,Nairobi,KEN,2020-03-01,8.3034,11,61,14.39
KEN-ADM2-002,Nairobi,KEN,2020-04-01,6.803,17,61,14.39
KEN-ADM2-002,Nairobi,KEN,2020-05-01,6.7014,14,61,14.39
KEN-ADM2-002,Nairobi,KEN,2020-06-01,,0,61,14.39
KEN-ADM2-002,Nairobi,KEN,2020-07-01,6.5169,5,61,14.39
KEN-ADM2-002,Nairobi,KEN,2020-08-01,6.2561,3,61,14.39
KEN-ADM2-002,Nairobi,KEN,2020-09-01,7.7672,11,61,14.39
KEN-ADM2-002,Nairobi,KEN,2020-10-01,7.4432,9,61,14.39
KEN-ADM2-002,Nairobi,KEN,2020-11-01,7.5899,20,61,14.39
KEN-ADM2-002,Nairobi,KEN,2020-12-01,8.5415,11,61,14.39
KEN-ADM2-002,Nairobi,KEN,2021-01-01,8.2293,12,61,14.39
KEN-ADM2-002,Nairobi,KEN,2021-02-01,9.1683,15,61,14.39
KEN-ADM2-002,Nairobi,KEN,2021-03-01,9.2587,17,61,14.39
KEN-ADM2-002,Nairobi,KEN,2021-04-01,9.0838,11,61,14.39
KEN-ADM2-002,Nairobi,KEN,2021-05-01,8.3175,10,61,14.39
KEN-ADM2-002,Nairobi,KEN,2021-06-01,9.055,3,61,14.39
KEN-ADM2-002,Nairobi,KEN,2021-07-01,8.1612,11,61,14.39
KEN-ADM2-002,Nairobi,KEN,2021-08-01,8.6854,2,61,14.39
KEN-ADM2-002,Nairobi,KEN,2021-09-01,8.0737,16,61,14.39
KEN-ADM2-002,Nairobi,KEN,2021-10-01,7.8564,14,61,14.39
KEN-ADM2-002,Nairobi,KEN,2021-11-01,7.6883,14,61,14.39
KEN-ADM2-002,Nairobi,KEN,2021-12-01,8.4136,12,61,14.39
KEN-ADM2-002,Nairobi,KEN,2022-01-01,7.6924,15,61,14.39
KEN-ADM2-002,Nairobi,KEN,2022-02-01,8.9047,10,61,14.39
KEN-ADM2-002,Nairobi,KEN,2022-03-01,9.385,19,61,14.39
KEN-ADM2-002,Nairobi,KEN,2022-04-01,10.4849,15,61,14.39
KEN-ADM2-002,Nairobi,KEN,2022-05-01,8.7121,14,61,14.39
KEN-ADM2-002,Nairobi,KEN,2022-06-01,9.1517,8,61,14.39
KEN-ADM2-002,Nairobi,KEN,2022-07-01,9.0035,11,61,14.39
KEN-ADM2-002,Nairobi,KEN,2022-08-01,9.5033,4,61,14.39
KEN-ADM2-002,Nairobi,KEN,2022-09-01,7.7884,4,61,14.39
KEN-ADM2-002,Nairobi,KEN,2022-10-01,8.4269,7,61,14.39
KEN-ADM2-002,Nairobi,KEN,2022-11-01,8.8536,14,61,14.39
KEN-ADM2-002,Nairobi,KEN,2022-12-01,9.408,14,61,14.39
KEN-ADM2-002,Nairobi,KEN,2023-01-01,9.1157,16,61,14.39
KEN-ADM2-002,Nairobi,KEN,2023-02-01,9.4536,19,61,14.39
KEN-ADM2-002,Nairobi,KEN,2023-03-01,9.0636,13,61,14.39
KEN-ADM2-002,Nairobi,KEN,2023-04-01,9.8678,24,61,14.39
KEN-ADM2-002,Nairobi,KEN,2023-05-01,10.0831,18,61,14.39
KEN-ADM2-002,Nairobi,KEN,2023-06-01,8.9458,2,61,14.39
KEN-ADM2-002,Nairobi,KEN,2023-07-01,9.0797,4,61,14.39
KEN-ADM2-002,Nairobi,KEN,2023-08-01,,0,61,14.39
KEN-ADM2-002,Nairobi,KEN,2023-09-01,8.8535,6,61,14.39
KEN-ADM2-002,Nairobi,KEN,2023-10-01,8.8671,9,61,14.39
KEN-ADM2-002,Nairobi,KEN,2023-11-01,8.7513,14,61,14.39
KEN-ADM2-002,Nairobi,KEN,2023-12-01,8.6884,10,61,14.39
KEN-ADM2-002,Nairobi,KEN,2024-01-01,9.6745,15,61,14.39
KEN-ADM2-002,Nairobi,KEN,2024-02-01,10.7578,14,61,14.39
KEN-ADM2-002,Nairobi,KEN,2024-03-01,10.2843,11,61,14.39
KEN-ADM2-002,Nairobi,KEN,2024-04-01,9.8677,17,61,14.39
KEN-ADM2-002,Nairobi,KEN,2024-05-01,10.7146,16,61,14.39
KEN-ADM2-002,Nairobi,KEN,2024-06-01,9.3051,5,61,14.39
KEN-ADM2-002,Nairobi,KEN,2024-07-01,10.0304,9,61,14.39
KEN-ADM2-002,Nairobi,KEN,2024-08-01,8.3466,13,61,14.39
KEN-ADM2-002,Nairobi,KEN,2024-09-01,10.3078,3,61,14.39
KEN-ADM2-002,Nairobi,KEN,2024-10-01,10.1806,6,61,14.39
KEN-ADM2-002,Nairobi,KEN,2024-11-01,10.2082,13,61,14.39
KEN-ADM2-002,Nairobi,KEN,2024-12-01,9.7526,13,61,14.39
KEN-ADM2-003,Nairobi,KEN,2019-01-01,4.9237,17,33,7.77
KEN-ADM2-003,Nairobi,KEN,2019-02-01,4.6979,13,33,7.77
KEN-ADM2-003,Nairobi,KEN,2019-03-01,4.64,19,33,7.77
KEN-ADM2-003,Nairobi,KEN,2019-04-01,5.1267,25,33,7.77
KEN-ADM2-003,Nairobi,KEN,2019-05-01,5.5179,7,33,7.77
KEN-ADM2-003,Nairobi,KEN,2019-06-01,4.8258,2,33,7.77
KEN-ADM2-003,Nairobi,KEN,2019-07-01,4.8994,6,33,7.77
KEN-ADM2-003,Nairobi,KEN,2019-08-01,4.9558,3,33,7.77
KEN-ADM2-003,Nairobi,KEN,2019-09-01,,0,33,7.77
KEN-ADM2-003,Nairobi,KEN,2019-10-01,4.8391,12,33,7.77
KEN-ADM2-003,Nairobi,KEN,2019-11-01,4.4383,12,33,7.77
KEN-ADM2-003,Nairobi,KEN,2019-12-01,4.9445,9,33,7.77
KEN-ADM2-003,Nairobi,KEN,2020-01-01,4.861,15,33,7.77
KEN-ADM2-003,Nairobi,KEN,2020-02-01,5.2774,11,33,7.77
KEN-ADM2-003,Nairobi,KEN,2020-03-01,4.8376,14,33,7.77
KEN-ADM2-003,Nairobi,KEN,2020-04-01,4.1805,13,33,7.77
KEN-ADM2-003,Nairobi,KEN,2020-05-01,4.1597,13,33,7.77
KEN-ADM2-003,Nairobi,KEN,2020-06-01,3.845,12,33,7.77
KEN-ADM2-003,Nairobi,KEN,2020-07-01,4.3482,6,33,7.77
KEN-ADM2-003,Nairobi,KEN,2020-08-01,3.702,5,33,7.77
KEN-ADM2-003,Nairobi,KEN,2020-09-01,4.2158,12,33,7.77
KEN-ADM2-003,Nairobi,KEN,2020-10-01,4.6199,18,33,7.77
KEN-ADM2-003,Nairobi,KEN,2020-11-01,4.5844,17,33,7.77
KEN-ADM2-003,Nairobi,KEN,2020-12-01,5.3006,13,33,7.77
KEN-ADM2-003,Nairobi,KEN,2021-01-01,4.9504,13,33,7.77
KEN-ADM2-003,Nairobi,KEN,2021-02-01,5.7993,16,33,7.77
KEN-ADM2-003,Nairobi,KEN,2021-03-01,5.2296,14,33,7.77
KEN-ADM2-003,Nairobi,KEN,2021-04-01,4.9371,6,33,7.77
KEN-ADM2-003,Nairobi,KEN,2021-05-01,5.46,5,33,7.77
KEN-ADM2-003,Nairobi,KEN,2021-06-01,5.8952,4,33,7.77
KEN-ADM2-003,Nairobi,KEN,2021-07-01,5.6237,7,33,7.77
KEN-ADM2-003,Nairobi,KEN,2021-08-01,5.0222,5,33,7.77
KEN-ADM2-003,Nairobi,KEN,2021-09-01,5.5336,8,33,7.77
KEN-ADM2-003,Nairobi,KEN,2021-10-01,5.4865,18,33,7.77
KEN-ADM2-003,Nairobi,KEN,2021-11-01,5.4777,12,33,7.77
KEN-ADM2-003,Nairobi,KEN,2021-12-01,5.2693,9,33,7.77
KEN-ADM2-003,Nairobi,KEN,2022-01-01,6.0041,10,33,7.77
KEN-ADM2-003,Nairobi,KEN,2022-02-01,5.9794,13,33,7.77
KEN-ADM2-003,Nairobi,KEN,2022-03-01,5.8315,14,33,7.77
KEN-ADM2-003,Nairobi,KEN,2022-04-01,5.9949,19,33,7.77
KEN-ADM2-003,Nairobi,KEN,2022-05-01,6.1712,15,33,7.77
KEN-ADM2-003,Nairobi,KEN,2022-06-01,6.2597,1,33,7.77
KEN-ADM2-003,Nairobi,KEN,2022-07-01,5.6455,1,33,7.77
KEN-ADM2-003,Nairobi,KEN,2022-08-01,5.2599,11,33,7.77
KEN-ADM2-003,Nairobi,KEN,2022-09-01,5.276,5,33,7.77
KEN-ADM2-003,Nairobi,KEN,2022-10-01,5.0298,13,33,7.77
KEN-ADM2-003,Nairobi,KEN,2022-11-01,5.8022,7,33,7.77
KEN-ADM2-003,Nairobi,KEN,2022-12-01,6.0179,20,33,7.77
KEN-ADM2-003,Nairobi,KEN,2023-01-01,5.3266,16,33,7.77
KEN-ADM2-003,Nairobi,KEN,2023-02-01,6.3462,15,33,7.77
KEN-ADM2-003,Nairobi,KEN,2023-03-01,6.3475,12,33,7.77
KEN-ADM2-003,Nairobi,KEN,2023-04-01,5.4718,16,33,7.77
KEN-ADM2-003,Nairobi,KEN,2023-05-01,6.0571,12,33,7.77
KEN-ADM2-003,Nairobi,KEN,2023-06-01,6.3219,1,33,7.77
KEN-ADM2-003,Nairobi,KEN,2023-07-01,6.2959,2,33,7.77
KEN-ADM2-003,Nairobi,KEN,2023-08-01,6.1605,9,33,7.77
KEN-ADM2-003,Nairobi,KEN,2023-09-01,,0,33,7.77
KEN-ADM2-003,Nairobi,KEN,2023-10-01,6.3105,11,33,7.77
KEN-ADM2-003,Nairobi,KEN,2023-11-01,6.3093,13,33,7.77
KEN-ADM2-003,Nairobi,KEN,2023-12-01,5.6104,13,33,7.77
KEN-ADM2-003,Nairobi,KEN,2024-01-01,6.9146,13,33,7.77
KEN-ADM2-003,Nairobi,KEN,2024-02-01,6.0743,14,33,7.77
KEN-ADM2-003,Nairobi,KEN,2024-03-01,6.3915,19,33,7.77
KEN-ADM2-003,Nairobi,KEN,2024-04-01,6.3309,20,33,7.77
KEN-ADM2-003,Nairobi,KEN,2024-05-01,6.7784,19,33,7.77
KEN-ADM2-003,Nairobi,KEN,2024-06-01,6.1376,7,33,7.77
KEN-ADM2-003,Nairobi,KEN,2024-07-01,6.2673,2,33,7.77
KEN-ADM2-003,Nairobi,KEN,2024-08-01,6.586,6,33,7.77
KEN-ADM2-003,Nairobi,KEN,2024-09-01,6.8086,8,33,7.77
KEN-ADM2-003,Nairobi,KEN,2024-10-01,6.4606,15,33,7.77
KEN-ADM2-003,Nairobi,KEN,2024-11-01,5.8048,11,33,7.77
KEN-ADM2-003,Nairobi,KEN,2024-12-01,5.5137,22,33,7.77
KEN-ADM2-004,Nairobi,KEN,2019-01-01,9.4397,19,81,18.96
KEN-ADM2-004,Nairobi,KEN,2019-02-01,9.281,10,81,18.96
KEN-ADM2-004,Nairobi,KEN,2019-03-01,9.6478,12,81,18.96
KEN-ADM2-004,Nairobi,KEN,2019-04-01,9.5699,14,81,18.96
KEN-ADM2-004,Nairobi,KEN,2019-05-01,9.1143,12,81,18.96
KEN-ADM2-004,Nairobi,KEN,2019-06-01,9.8151,3,81,18.96
KEN-ADM2-004,Nairobi,KEN,2019-07-01,9.0864,3,81,18.96
KEN-ADM2-004,Nairobi,KEN,2019-08-01,9.605,2,81,18.96
KEN-ADM2-004,Nairobi,KEN,2019-09-01,8.8148,6,81,18.96
KEN-ADM2-004,Nairobi,KEN,2019-10-01,9.3222,22,81,18.96
KEN-ADM2-004,Nairobi,KEN,2019-11-01,9.833,17,81,18.96
KEN-ADM2-004,Nairobi,KEN,2019-12-01,8.9887,17,81,18.96
KEN-ADM2-004,Nairobi,KEN,2020-01-01,10.025,10,81,18.96
KEN-ADM2-004,Nairobi,KEN,2020-02-01,9.2507,11,81,18.96
KEN-ADM2-004,Nairobi,KEN,2020-03-01,10.1007,14,81,18.96
KEN-ADM2-004,Nairobi,KEN,2020-04-01,8.2697,20,81,18.96
KEN-ADM2-004,Nairobi,KEN,2020-05-01,7.9128,10,81,18.96
KEN-ADM2-004,Nairobi,KEN,2020-06-01,7.6456,4,81,18.96
KEN-ADM2-004,Nairobi,KEN,2020-07-01,,0,81,18.96
KEN-ADM2-004,Nairobi,KEN,2020-08-01,8.0514,11,81,18.96
KEN-ADM2-004,Nairobi,KEN,2020-09-01,8.7663,6,81,18.96
KEN-ADM2-004,Nairobi,KEN,2020-10-01,9.1488,11,81,18.96
KEN-ADM2-004,Nairobi,KEN,2020-11-01,9.4816,14,81,18.96
KEN-ADM2-004,Nairobi,KEN,2020-12-01,8.7718,17,81,18.96
KEN-ADM2-004,Nairobi,KEN,2021-01-01,8.7448,15,81,18.96
KEN-ADM2-004,Nairobi,KEN,2021-02-01,9.8832,17,81,18.96
KEN-ADM2-004,Nairobi,KEN,2021-03-01,9.5464,15,81,18.96
KEN-ADM2-004,Nairobi,KEN,2021-04-01,10.5927,10,81,18.96
KEN-ADM2-004,Nairobi,KEN,2021-05-01,10.7653,9,81,18.96
KEN-ADM2-004,Nairobi,KEN,2021-06-01,10.3945,1,81,18.96
KEN-ADM2-004,Nairobi,KEN,2021-07-01,9.4348,2,81,18.96
KEN-ADM2-004,Nairobi,KEN,2021-08-01,10.1206,5,81,18.96
KEN-ADM2-004,Nairobi,KEN,2021-09-01,10.2609,6,81,18.96
KEN-ADM2-004,Nairobi,KEN,2021-10-01,9.3691,12,81,18.96
KEN-ADM2-004,Nairobi,KEN,2021-11-01,9.9616,10,81,18.96
KEN-ADM2-004,Nairobi,KEN,2021-12-01,9.2764,16,81,18.96
KEN-ADM2-004,Nairobi,KEN,2022-01-01,10.4441,22,81,18.96
KEN-ADM2-004,Nairobi,KEN,2022-02-01,10.0833,17,81,18.96
KEN-ADM2-004,Nairobi,KEN,2022-03-01,9.8812,14,81,18.96
KEN-ADM2-004,Nairobi,KEN,2022-04-01,11.4626,14,81,18.96
KEN-ADM2-004,Nairobi,KEN,2022-05-01,9.687,18,81,18.96
KEN-ADM2-004,Nairobi,KEN,2022-06-01,9.5505,1,81,18.96
KEN-ADM2-004,Nairobi,KEN,2022-07-01,10.0214,2,81,18.96
KEN-ADM2-004,Nairobi,KEN,2022-08-01,11.4482,13,81,18.96
KEN-ADM2-004,Nairobi,KEN,2022-09-01,10.0789,8,81,18.96
KEN-ADM2-004,Nairobi,KEN,2022-10-01,9.0908,16,81,18.96
KEN-ADM2-004,Nairobi,KEN,2022-11-01,8.8882,15,81,18.96
KEN-ADM2-004,Nairobi,KEN,2022-12-01,9.8703,12,81,18.96
KEN-ADM2-004,Nairobi,KEN,2023-01-01,10.8913,12,81,18.96
KEN-ADM2-004,Nairobi,KEN,2023-02-01,11.1305,18,81,18.96
KEN-ADM2-004,Nairobi,KEN,2023-03-01,11.155,17,81,18.96
KEN-ADM2-004,Nairobi,KEN,2023-04-01,9.3364,16,81,18.96
KEN-ADM2-004,Nairobi,KEN,2023-05-01,10.6764,11,81,18.96
KEN-ADM2-004,Nairobi,KEN,2023-06-01,9.9209,3,81,18.96
KEN-ADM2-004,Nairobi,KEN,2023-07-01,10.9702,6,81,18.96
KEN-ADM2-004,Nairobi,KEN,2023-08-01,9.7257,3,81,18.96
KEN-ADM2-004,Nairobi,KEN,2023-09-01,10.5716,11,81,18.96
KEN-ADM2-004,Nairobi,KEN,2023-10-01,10.5397,19,81,18.96
KEN-ADM2-004,Nairobi,KEN,2023-11-01,10.275,24,81,18.96
KEN-ADM2-004,Nairobi,KEN,2023-12-01,11.4669,15,81,18.96
KEN-ADM2-004,Nairobi,KEN,2024-01-01,10.9165,16,81,18.96
KEN-ADM2-004,Nairobi,KEN,2024-02-01,10.8482,14,81,18.96
KEN-ADM2-004,Nairobi,KEN,2024-03-01,9.9979,11,81,18.96
KEN-ADM2-004,Nairobi,KEN,2024-04-01,11.5731,15,81,18.96
KEN-ADM2-004,Nairobi,KEN,2024-05-01,10.763,14,81,18.96
KEN-ADM2-004,Nairobi,KEN,2024-06-01,9.9077,3,81,18.96
KEN-ADM2-004,Nairobi,KEN,2024-07-01,10.7819,9,81,18.96
KEN-ADM2-004,Nairobi,KEN,2024-08-01,11.0757,2,81,18.96
KEN-ADM2-004,Nairobi,KEN,2024-09-01,11.151,10,81,18.96
KEN-ADM2-004,Nairobi,KEN,2024-10-01,10.6848,12,81,18.96
KEN-ADM2-004,Nairobi,KEN,2024-11-01,9.9043,16,81,18.96
KEN-ADM2-004,Nairobi,KEN,2024-12-01,11.0568,19,81,18.96
KEN-ADM2-005,Nairobi,KEN,2019-01-01,5.9271,11,185,43.13
KEN-ADM2-005,Nairobi,KEN,2019-02-01,5.2431,11,185,43.13
KEN-ADM2-005,Nairobi,KEN,2019-03-01,5.6153,17,185,43.13
KEN-ADM2-005,Nairobi,KEN,2019-04-01,5.2688,17,185,43.13
KEN-ADM2-005,Nairobi,KEN,2019-05-01,5.1392,18,185,43.13
KEN-ADM2-005,Nairobi,KEN,2019-06-01,5.5111,11,185,43.13
KEN-ADM2-005,Nairobi,KEN,2019-07-01,4.8474,7,185,43.13
KEN-ADM2-005,Nairobi,KEN,2019-08-01,,0,185,43.13
KEN-ADM2-005,Nairobi,KEN,2019-09-01,5.0123,3,185,43.13
KEN-ADM2-005,Nairobi,KEN,2019-10-01,5.1335,8,185,43.13
KEN-ADM2-005,Nairobi,KEN,2019-11-01,5.5078,11,185,43.13
KEN-ADM2-005,Nairobi,KEN,2019-12-01,5.5216,10,185,43.13
KEN-ADM2-005,Nairobi,KEN,2020-01-01,5.2996,16,185,43.13
KEN-ADM2-005,Nairobi,KEN,2020-02-01,5.6858,13,185,43.13
KEN-ADM2-005,Nairobi,KEN,2020-03-01,5.5663,14,185,43.13
KEN-ADM2-005,Nairobi,KEN,2020-04-01,4.2821,6,185,43.13
KEN-ADM2-005,Nairobi,KEN,2020-05-01,4.8417,9,185,43.13
KEN-ADM2-005,Nairobi,KEN,2020-06-01,4.8922,9,185,43.13
KEN-ADM2-005,Nairobi,KEN,2020-07-01,4.5956,7,185,43.13
KEN-ADM2-005,Nairobi,KEN,2020-08-01,4.2398,9,185,43.13
KEN-ADM2-005,Nairobi,KEN,2020-09-01,5.3906,5,185,43.13
KEN-ADM2-005,Nairobi,KEN,2020-10-01,5.4366,14,185,43.13
KEN-ADM2-005,Nairobi,KEN,2020-11-01,5.3328,15,185,43.13
KEN-ADM2-005,Nairobi,KEN,2020-12-01,5.2452,7,185,43.13
KEN-ADM2-005,Nairobi,KEN,2021-01-01,5.8713,10,185,43.13
KEN-ADM2-005,Nairobi,KEN,2021-02-01,6.2364,14,185,43.13
KEN-ADM2-005,Nairobi,KEN,2021-03-01,5.0292,16,185,43.13
KEN-ADM2-005,Nairobi,KEN,2021-04-01,5.9768,18,185,43.13
KEN-ADM2-005,Nairobi,KEN,2021-05-01,6.4052,10,185,43.13
KEN-ADM2-005,Nairobi,KEN,2021-06-01,6.0784,5,185,43.13
KEN-ADM2-005,Nairobi,KEN,2021-07-01,6.0262,7,185,43.13
KEN-ADM2-005,Nairobi,KEN,2021-08-01,6.5673,11,185,43.13
KEN-ADM2-005,Nairobi,KEN,2021-09-01,5.4482,4,185,43.13
KEN-ADM2-005,Nairobi,KEN,2021-10-01,6.0671,15,185,43.13
KEN-ADM2-005,Nairobi,KEN,2021-11-01,5.3137,19,185,43.13
KEN-ADM2-005,Nairobi,KEN,2021-12-01,5.3572,15,185,43.13
KEN-ADM2-005,Nairobi,KEN,2022-01-01,5.737,14,185,43.13
KEN-ADM2-005,Nairobi,KEN,2022-02-01,5.9809,17,185,43.13
KEN-ADM2-005,Nairobi,KEN,2022-03-01,5.9364,15,185,43.13
KEN-ADM2-005,Nairobi,KEN,2022-04-01,7.2222,14,185,43.13
KEN-ADM2-005,Nairobi,KEN,2022-05-01,6.1291,9,185,43.13
KEN-ADM2-005,Nairobi,KEN,2022-06-01,6.2498,10,185,43.13
KEN-ADM2-005,Nairobi,KEN,2022-07-01,5.9903,3,185,43.13
KEN-ADM2-005,Nairobi,KEN,2022-08-01,5.851,9,185,43.13
KEN-ADM2-005,Nairobi,KEN,2022-09-01,5.7979,9,185,43.13
KEN-ADM2-005,Nairobi,KEN,2022-10-01,6.3524,18,185,43.13
KEN-ADM2-005,Nairobi,KEN,2022-11-01,5.8185,11,185,43.13
KEN-ADM2-005,Nairobi,KEN,2022-12-01,5.5102,11,185,43.13
KEN-ADM2-005,Nairobi,KEN,2023-01-01,6.0485,13,185,43.13
KEN-ADM2-005,Nairobi,KEN,2023-02-01,5.9567,17,185,43.13
KEN-ADM2-005,Nairobi,KEN,2023-03-01,6.2159,23,185,43.13
KEN-ADM2-005,Nairobi,KEN,2023-04-01,5.9983,9,185,43.13
KEN-ADM2-005,Nairobi,KEN,2023-05-01,6.5212,15,185,43.13
KEN-ADM2-005,Nairobi,KEN,2023-06-01,6.1848,2,185,43.13
KEN-ADM2-005,Nairobi,KEN,2023-07-01,5.9159,5,185,43.13
KEN-ADM2-005,Nairobi,KEN,2023-08-01,6.8144,3,185,43.13
KEN-ADM2-005,Nairobi,KEN,2023-09-01,,0,185,43.13
KEN-ADM2-005,Nairobi,KEN,2023-10-01,6.4164,8,185,43.13
KEN-ADM2-005,Nairobi,KEN,2023-11-01,5.9937,14,185,43.13
KEN-ADM2-005,Nairobi,KEN,2023-12-01,6.4917,11,185,43.13
KEN-ADM2-005,Nairobi,KEN,2024-01-01,6.0179,13,185,43.13
KEN-ADM2-005,Nairobi,KEN,2024-02-01,6.4872,18,185,43.13
KEN-ADM2-005,Nairobi,KEN,2024-03-01,6.4617,11,185,43.13
KEN-ADM2-005,Nairobi,KEN,2024-04-01,6.8535,15,185,43.13
KEN-ADM2-005,Nairobi,KEN,2024-05-01,7.2844,10,185,43.13
KEN-ADM2-005,Nairobi,KEN,2024-06-01,6.7194,9,185,43.13
KEN-ADM2-005,Nairobi,KEN,2024-07-01,6.2818,8,185,43.13
KEN-ADM2-005,Nairobi,KEN,2024-08-01,7.3119,8,185,43.13
KEN-ADM2-005,Nairobi,KEN,2024-09-01,6.8364,7,185,43.13
KEN-ADM2-005,Nairobi,KEN,2024-10-01,6.593,17,185,43.13
KEN-ADM2-005,Nairobi,KEN,2024-11-01,6.5641,10,185,43.13
KEN-ADM2-005,Nairobi,KEN,2024-12-01,5.9504,11,185,43.13
KEN-ADM2-006,Nairobi,KEN,2019-01-01,8.1909,11,63,14.77
KEN-ADM2-006,Nairobi,KEN,2019-02-01,9.1538,19,63,14.77
KEN-ADM2-006,Nairobi,KEN,2019-03-01,9.0223,15,63,14.77
KEN-ADM2-006,Nairobi,KEN,2019-04-01,8.7289,16,63,14.77
KEN-ADM2-006,Nairobi,KEN,2019-05-01,8.3764,17,63,14.77
KEN-ADM2-006,Nairobi,KEN,2019-06-01,8.2825,5,63,14.77
KEN-ADM2-006,Nairobi,KEN,2019-07-01,9.4837,14,63,14.77
KEN-ADM2-006,Nairobi,KEN,2019-08-01,8.9071,4,63,14.77
KEN-ADM2-006,Nairobi,KEN,2019-09-01,8.7303,7,63,14.77
KEN-ADM2-006,Nairobi,KEN,2019-10-01,8.5973,11,63,14.77
KEN-ADM2-006,Nairobi,KEN,2019-11-01,8.4852,15,63,14.77
KEN-ADM2-006,Nairobi,KEN,2019-12-01,8.4806,12,63,14.77
KEN-ADM2-006,Nairobi,KEN,2020-01-01,8.7038,14,63,14.77
KEN-ADM2-006,Nairobi,KEN,2020-02-01,8.2754,10,63,14.77
KEN-ADM2-006,Nairobi,KEN,2020-03-01,9.397,18,63,14.77
KEN-ADM2-006,Nairobi,KEN,2020-04-01,7.3405,11,63,14.77
KEN-ADM2-006,Nairobi,KEN,2020-05-01,6.7045,18,63,14.77
KEN-ADM2-006,Nairobi,KEN,2020-06-01,6.2254,10,63,14.77
KEN-ADM2-006,Nairobi,KEN,2020-07-01,,0,63,14.77
KEN-ADM2-006,Nairobi,KEN,2020-08-01,7.2957,7,63,14.77
KEN-ADM2-006,Nairobi,KEN,2020-09-01,8.2385,17,63,14.77
KEN-ADM2-006,Nairobi,KEN,2020-10-01,8.8383,10,63,14.77
KEN-ADM2-006,Nairobi,KEN,2020-11-01,8.9234,13,63,14.77
KEN-ADM2-006,Nairobi,KEN,2020-12-01,8.0509,12,63,14.77
KEN-ADM2-006,Nairobi,KEN,2021-01-01,8.8704,11,63,14.77
KEN-ADM2-006,Nairobi,KEN,2021-02-01,9.5105,14,63,14.77
KEN-ADM2-006,Nairobi,KEN,2021-03-01,10.5285,18,63,14.77
KEN-ADM2-006,Nairobi,KEN,2021-04-01,9.3094,12,63,14.77
KEN-ADM2-006,Nairobi,KEN,2021-05-01,9.1242,15,63,14.77
KEN-ADM2-006,Nairobi,KEN,2021-06-01,9.9806,6,63,14.77
KEN-ADM2-006,Nairobi,KEN,2021-07-01,9.206,6,63,14.77
KEN-ADM2-006,Nairobi,KEN,2021-08-01,8.4953,5,63,14.77
KEN-ADM2-006,Nairobi,KEN,2021-09-01,,0,63,14.77
KEN-ADM2-006,Nairobi,KEN,2021-10-01,8.4753,14,63,14.77
KEN-ADM2-006,Nairobi,KEN,2021-11-01,8.6003,11,63,14.77
KEN-ADM2-006,Nairobi,KEN,2021-12-01,8.6814,10,63,14.77
KEN-ADM2-006,Nairobi,KEN,2022-01-01,8.4567,19,63,14.77
KEN-ADM2-006,Nairobi,KEN,2022-02-01,9.7277,12,63,14.77
KEN-ADM2-006,Nairobi,KEN,2022-03-01,10.4411,19,63,14.77
KEN-ADM2-006,Nairobi,KEN,2022-04-01,10.1721,14,63,14.77
KEN-ADM2-006,Nairobi,KEN,2022-05-01,9.2691,18,63,14.77
KEN-ADM2-006,Nairobi,KEN,2022-06-01,9.8868,5,63,14.77
KEN-ADM2-006,Nairobi,KEN,2022-07-01,8.7968,8,63,14.77
KEN-ADM2-006,Nairobi,KEN,2022-08-01,9.7512,9,63,14.77
KEN-ADM2-006,Nairobi,KEN,2022-09-01,10.1288,10,63,14.77
KEN-ADM2-006,Nairobi,KEN,2022-10-01,9.1798,8,63,14.77
KEN-ADM2-006,Nairobi,KEN,2022-11-01,9.6295,14,63,14.77
KEN-ADM2-006,Nairobi,KEN,2022-12-01,10.7595,20,63,14.77
KEN-ADM2-006,Nairobi,KEN,2023-01-01,10.2755,13,63,14.77
KEN-ADM2-006,Nairobi,KEN,2023-02-01,9.7429,11,63,14.77
KEN-ADM2-006,Nairobi,KEN,2023-03-01,9.8599,23,63,14.77
KEN-ADM2-006,Nairobi,KEN,2023-04-01,10.1549,16,63,14.77
KEN-ADM2-006,Nairobi,KEN,2023-05-01,9.7283,16,63,14.77
KEN-ADM2-006,Nairobi,KEN,2023-06-01,10.2088,9,63,14.77
KEN-ADM2-006,Nairobi,KEN,2023-07-01,9.2825,2,63,14.77
KEN-ADM2-006,Nairobi,KEN,2023-08-01,9.6877,6,63,14.77
KEN-ADM2-006,Nairobi,KEN,2023-09-01,9.9391,5,63,14.77
KEN-ADM2-006,Nairobi,KEN,2023-10-01,10.0483,8,63,14.77
KEN-ADM2-006,Nairobi,KEN,2023-11-01,10.2073,12,63,14.77
KEN-ADM2-006,Nairobi,KEN,2023-12-01,10.2529,18,63,14.77
KEN-ADM2-006,Nairobi,KEN,2024-01-01,9.6923,11,63,14.77
KEN-ADM2-006,Nairobi,KEN,2024-02-01,11.716,13,63,14.77
KEN-ADM2-006,Nairobi,KEN,2024-03-01,9.8828,21,63,14.77
KEN-ADM2-006,Nairobi,KEN,2024-04-01,11.2007,15,63,14.77
KEN-ADM2-006,Nairobi,KEN,2024-05-01,10.4223,12,63,14.77
KEN-ADM2-006,Nairobi,KEN,2024-06-01,11.2089,5,63,14.77
KEN-ADM2-006,Nairobi,KEN,2024-07-01,10.2031,3,63,14.77
KEN-ADM2-006,Nairobi,KEN,2024-08-01,10.0835,5,63,14.77
KEN-ADM2-006,Nairobi,KEN,2024-09-01,10.8299,6,63,14.77
KEN-ADM2-006,Nairobi,KEN,2024-10-01,10.4743,16,63,14.77
KEN-ADM2-006,Nairobi,KEN,2024-11-01,11.443,18,63,14.77
KEN-ADM2-006,Nairobi,KEN,2024-12-01,10.9075,10,63,14.77
KEN-ADM2-007,Nairobi,KEN,2019-01-01,14.0978,17,88,20.53
KEN-ADM2-007,Nairobi,KEN,2019-02-01,13.8774,15,88,20.53
KEN-ADM2-007,Nairobi,KEN,2019-03-01,15.9123,17,88,20.53
KEN-ADM2-007,Nairobi,KEN,2019-04-01,14.4578,16,88,20.53
KEN-ADM2-007,Nairobi,KEN,2019-05-01,16.0293,16,88,20.53
KEN-ADM2-007,Nairobi,KEN,2019-06-01,13.5609,1,88,20.53
KEN-ADM2-007,Nairobi,KEN,2019-07-01,14.3637,2,88,20.53
KEN-ADM2-007,Nairobi,KEN,2019-08-01,13.963,14,88,20.53
KEN-ADM2-007,Nairobi,KEN,2019-09-01,12.7738,4,88,20.53
KEN-ADM2-007,Nairobi,KEN,2019-10-01,14.9853,15,88,20.53
KEN-ADM2-007,Nairobi,KEN,2019-11-01,13.4584,11,88,20.53
KEN-ADM2-007,Nairobi,KEN,2019-12-01,14.0011,14,88,20.53
KEN-ADM2-007,Nairobi,KEN,2020-01-01,13.9642,11,88,20.53
KEN-ADM2-007,Nairobi,KEN,2020-02-01,15.9482,13,88,20.53
KEN-ADM2-007,Nairobi,KEN,2020-03-01,15.6143,10,88,20.53
KEN-ADM2-007,Nairobi,KEN,2020-04-01,12.5643,11,88,20.53
KEN-ADM2-007,Nairobi,KEN,2020-05-01,12.062,14,88,20.53
KEN-ADM2-007,Nairobi,KEN,2020-06-01,11.448,9,88,20.53
KEN-ADM2-007,Nairobi,KEN,2020-07-01,12.316,11,88,20.53
KEN-ADM2-007,Nairobi,KEN,2020-08-01,11.988,1,88,20.53
KEN-ADM2-007,Nairobi,KEN,2020-09-01,14.2625,1,88,20.53
KEN-ADM2-007,Nairobi,KEN,2020-10-01,14.2383,17,88,20.53
KEN-ADM2-007,Nairobi,KEN,2020-11-01,14.0552,11,88,20.53
KEN-ADM2-007,Nairobi,KEN,2020-12-01,14.7251,17,88,20.53
KEN-ADM2-007,Nairobi,KEN,2021-01-01,14.4513,12,88,20.53
KEN-ADM2-007,Nairobi,KEN,2021-02-01,14.3428,13,88,20.53
KEN-ADM2-007,Nairobi,KEN,2021-03-01,16.4164,14,88,20.53
KEN-ADM2-007,Nairobi,KEN,2021-04-01,17.4533,15,88,20.53
KEN-ADM2-007,Nairobi,KEN,2021-05-01,15.7353,12,88,20.53
KEN-ADM2-007,Nairobi,KEN,2021-06-01,15.2056,5,88,20.53
KEN-ADM2-007,Nairobi,KEN,2021-07-01,16.2934,4,88,20.53
KEN-ADM2-007,Nairobi,KEN,2021-08-01,14.9871,4,88,20.53
KEN-ADM2-007,Nairobi,KEN,2021-09-01,14.3398,7,88,20.53
KEN-ADM2-007,Nairobi,KEN,2021-10-01,14.5784,12,88,20.53
KEN-ADM2-007,Nairobi,KEN,2021-11-01,14.8197,7,88,20.53
KEN-ADM2-007,Nairobi,KEN,2021-12-01,17.9279,15,88,20.53
KEN-ADM2-007,Nairobi,KEN,2022-01-01,16.0339,9,88,20.53
KEN-ADM2-007,Nairobi,KEN,2022-02-01,15.7638,6,88,20.53
KEN-ADM2-007,Nairobi,KEN,2022-03-01,16.004,16,88,20.53
KEN-ADM2-007,Nairobi,KEN,2022-04-01,16.5188,16,88,20.53
KEN-ADM2-007,Nairobi,KEN,2022-05-01,16.6167,14,88,20.53
KEN-ADM2-007,Nairobi,KEN,2022-06-01,15.324,6,88,20.53
KEN-ADM2-007,Nairobi,KEN,2022-07-01,16.2722,12,88,20.53
KEN-ADM2-007,Nairobi,KEN,2022-08-01,13.2938,4,88,20.53
KEN-ADM2-007,Nairobi,KEN,2022-09-01,14.9826,4,88,20.53
KEN-ADM2-007,Nairobi,KEN,2022-10-01,17.8491,14,88,20.53
KEN-ADM2-007,Nairobi,KEN,2022-11-01,14.3754,11,88,20.53
KEN-ADM2-007,Nairobi,KEN,2022-12-01,17.2554,14,88,20.53
KEN-ADM2-007,Nairobi,KEN,2023-01-01,17.496,17,88,20.53
KEN-ADM2-007,Nairobi,KEN,2023-02-01,14.8846,15,88,20.53
KEN-ADM2-007,Nairobi,KEN,2023-03-01,17.5187,17,88,20.53
KEN-ADM2-007,Nairobi,KEN,2023-04-01,18.3099,9,88,20.53
KEN-ADM2-007,Nairobi,KEN,2023-05-01,16.9847,16,88,20.53
KEN-ADM2-007,Nairobi,KEN,2023-06-01,16.1147,13,88,20.53
KEN-ADM2-007,Nairobi,KEN,2023-07-01,18.6046,5,88,20.53
KEN-ADM2-007,Nairobi,KEN,2023-08-01,16.9718,9,88,20.53
KEN-ADM2-007,Nairobi,KEN,2023-09-01,15.7227,4,88,20.53
KEN-ADM2-007,Nairobi,KEN,2023-10-01,16.7565,17,88,20.53
KEN-ADM2-007,Nairobi,KEN,2023-11-01,15.763,7,88,20.53
KEN-ADM2-007,Nairobi,KEN,2023-12-01,16.426,14,88,20.53
KEN-ADM2-007,Nairobi,KEN,2024-01-01,15.5472,10,88,20.53
KEN-ADM2-007,Nairobi,KEN,2024-02-01,19.0297,12,88,20.53
KEN-ADM2-007,Nairobi,KEN,2024-03-01,17.0269,12,88,20.53
KEN-ADM2-007,Nairobi,KEN,2024-04-01,18.7829,20,88,20.53
KEN-ADM2-007,Nairobi,KEN,2024-05-01,20.8611,13,88,20.53
KEN-ADM2-007,Nairobi,KEN,2024-06-01,18.6227,6,88,20.53
KEN-ADM2-007,Nairobi,KEN,2024-07-01,16.9514,13,88,20.53
KEN-ADM2-007,Nairobi,KEN,2024-08-01,15.9434,11,88,20.53
KEN-ADM2-007,Nairobi,KEN,2024-09-01,16.5508,10,88,20.53
KEN-ADM2-007,Nairobi,KEN,2024-10-01,18.1873,7,88,20.53
KEN-ADM2-007,Nairobi,KEN,2024-11-01,16.0579,14,88,20.53
KEN-ADM2-007,Nairobi,KEN,2024-12-01,18.2194,14,88,20.53
KEN-ADM2-008,Nairobi,KEN,2019-01-01,11.1987,14,46,10.9
KEN-ADM2-008,Nairobi,KEN,2019-02-01,11.0263,12,46,10.9
KEN-ADM2-008,Nairobi,KEN,2019-03-01,11.5616,14,46,10.9
KEN-ADM2-008,Nairobi,KEN,2019-04-01,12.3663,11,46,10.9
KEN-ADM2-008,Nairobi,KEN,2019-05-01,12.7619,22,46,10.9
KEN-ADM2-008,Nairobi,KEN,2019-06-01,11.6627,2,46,10.9
KEN-ADM2-008,Nairobi,KEN,2019-07-01,10.9544,4,46,10.9
KEN-ADM2-008,Nairobi,KEN,2019-08-01,11.4379,9,46,10.9
KEN-ADM2-008,Nairobi,KEN,2019-09-01,9.9238,13,46,10.9
KEN-ADM2-008,Nairobi,KEN,2019-10-01,11.2581,11,46,10.9
KEN-ADM2-008,Nairobi,KEN,2019-11-01,11.7958,10,46,10.9
KEN-ADM2-008,Nairobi,KEN,2019-12-01,10.7789,12,46,10.9
KEN-ADM2-008,Nairobi,KEN,2020-01-01,11.9178,7,46,10.9
KEN-ADM2-008,Nairobi,KEN,2020-02-01,12.44,11,46,10.9
KEN-ADM2-008,Nairobi,KEN,2020-03-01,12.6581,11,46,10.9
KEN-ADM2-008,Nairobi,KEN,2020-04-01,8.9327,12,46,10.9
KEN-ADM2-008,Nairobi,KEN,2020-05-01,9.7057,23,46,10.9
KEN-ADM2-008,Nairobi,KEN,2020-06-01,9.7784,4,46,10.9
KEN-ADM2-008,Nairobi,KEN,2020-07-01,9.9121,19,46,10.9
KEN-ADM2-008,Nairobi,KEN,2020-08-01,8.8172,7,46,10.9
KEN-ADM2-008,Nairobi,KEN,2020-09-01,12.1331,4,46,10.9
KEN-ADM2-008,Nairobi,KEN,2020-10-01,10.6976,13,46,10.9
KEN-ADM2-008,Nairobi,KEN,2020-11-01,11.3573,17,46,10.9
KEN-ADM2-008,Nairobi,KEN,2020-12-01,10.9388,11,46,10.9
KEN-ADM2-008,Nairobi,KEN,2021-01-01,12.3591,8,46,10.9
KEN-ADM2-008,Nairobi,KEN,2021-02-01,12.316,14,46,10.9
KEN-ADM2-008,Nairobi,KEN,2021-03-01,11.6221,14,46,10.9
KEN-ADM2-008,Nairobi,KEN,2021-04-01,12.6968,17,46,10.9
KEN-ADM2-008,Nairobi,KEN,2021-05-01,12.7523,15,46,10.9
KEN-ADM2-008,Nairobi,KEN,2021-06-01,12.3327,10,46,10.9
KEN-ADM2-008,Nairobi,KEN,2021-07-01,11.5536,2,46,10.9
KEN-ADM2-008,Nairobi,KEN,2021-08-01,12.4648,11,46,10.9
KEN-ADM2-008,Nairobi,KEN,2021-09-01,11.9325,8,46,10.9
KEN-ADM2-008,Nairobi,KEN,2021-10-01,12.6091,8,46,10.9
KEN-ADM2-008,Nairobi,KEN,2021-11-01,12.9344,8,46,10.9
KEN-ADM2-008,Nairobi,KEN,2021-12-01,12.4975,14,46,10.9
KEN-ADM2-008,Nairobi,KEN,2022-01-01,12.1121,7,46,10.9
KEN-ADM2-008,Nairobi,KEN,2022-02-01,13.5255,14,46,10.9
KEN-ADM2-008,Nairobi,KEN,2022-03-01,11.8726,17,46,10.9
KEN-ADM2-008,Nairobi,KEN,2022-04-01,12.4965,9,46,10.9
KEN-ADM2-008,Nairobi,KEN,2022-05-01,15.0573,16,46,10.9
KEN-ADM2-008,Nairobi,KEN,2022-06-01,13.9891,7,46,10.9
KEN-ADM2-008,Nairobi,KEN,2022-07-01,12.9993,2,46,10.9
KEN-ADM2-008,Nairobi,KEN,2022-08-01,13.7215,8,46,10.9
KEN-ADM2-008,Nairobi,KEN,2022-09-01,12.1881,3,46,10.9
KEN-ADM2-008,Nairobi,KEN,2022-10-01,11.3033,11,46,10.9
KEN-ADM2-008,Nairobi,KEN,2022-11-01,10.9939,16,46,10.9
KEN-ADM2-008,Nairobi,KEN,2022-12-01,12.8139,16,46,10.9
KEN-ADM2-008,Nairobi,KEN,2023-01-01,13.6285,22,46,10.9
KEN-ADM2-008,Nairobi,KEN,2023-02-01,13.7848,16,46,10.9
KEN-ADM2-008,Nairobi,KEN,2023-03-01,13.5869,16,46,10.9
KEN-ADM2-008,Nairobi,KEN,2023-04-01,12.444,19,46,10.9
KEN-ADM2-008,Nairobi,KEN,2023-05-01,14.4504,13,46,10.9
KEN-ADM2-008,Nairobi,KEN,2023-06-01,12.9217,3,46,10.9
KEN-ADM2-008,Nairobi,KEN,2023-07-01,13.6699,5,46,10.9
KEN-ADM2-008,Nairobi,KEN,2023-08-01,12.4451,1,46,10.9
KEN-ADM2-008,Nairobi,KEN,2023-09-01,12.8862,2,46,10.9
KEN-ADM2-008,Nairobi,KEN,2023-10-01,11.6571,10,46,10.9
KEN-ADM2-008,Nairobi,KEN,2023-11-01,12.2873,20,46,10.9
KEN-ADM2-008,Nairobi,KEN,2023-12-01,12.822,15,46,10.9
KEN-ADM2-008,Nairobi,KEN,2024-01-01,13.3891,11,46,10.9
KEN-ADM2-008,Nairobi,KEN,2024-02-01,14.4591,12,46,10.9
KEN-ADM2-008,Nairobi,KEN,2024-03-01,13.3185,17,46,10.9
KEN-ADM2-008,Nairobi,KEN,2024-04-01,13.3525,14,46,10.9
KEN-ADM2-008,Nairobi,KEN,2024-05-01,14.0443,17,46,10.9
KEN-ADM2-008,Nairobi,KEN,2024-06-01,14.0123,3,46,10.9
KEN-ADM2-008,Nairobi,KEN,2024-07-01,14.986,5,46,10.9
KEN-ADM2-008,Nairobi,KEN,2024-08-01,13.994,8,46,10.9
KEN-ADM2-008,Nairobi,KEN,2024-09-01,12.3971,9,46,10.9
KEN-ADM2-008,Nairobi,KEN,2024-10-01,13.8167,17,46,10.9
KEN-ADM2-008,Nairobi,KEN,2024-11-01,14.087,13,46,10.9
KEN-ADM2-008,Nairobi,KEN,2024-12-01,16.4797,15,46,10.9
KEN-ADM2-009,Nairobi,KEN,2019-01-01,10.2221,15,47,10.95
KEN-ADM2-009,Nairobi,KEN,2019-02-01,9.7435,14,47,10.95
KEN-ADM2-009,Nairobi,KEN,2019-03-01,10.4473,13,47,10.95
KEN-ADM2-009,Nairobi,KEN,2019-04-01,10.6796,11,47,10.95
KEN-ADM2-009,Nairobi,KEN,2019-05-01,9.9665,13,47,10.95
KEN-ADM2-009,Nairobi,KEN,2019-06-01,11.7344,18,47,10.95
KEN-ADM2-009,Nairobi,KEN,2019-07-01,9.7476,7,47,10.95
KEN-ADM2-009,Nairobi,KEN,2019-08-01,10.128,10,47,10.95
KEN-ADM2-009,Nairobi,KEN,2019-09-01,10.138,4,47,10.95
KEN-ADM2-009,Nairobi,KEN,2019-10-01,10.503,8,47,10.95
KEN-ADM2-009,Nairobi,KEN,2019-11-01,10.0899,18,47,10.95
KEN-ADM2-009,Nairobi,KEN,2019-12-01,9.4306,8,47,10.95
KEN-ADM2-009,Nairobi,KEN,2020-01-01,10.3555,8,47,10.95
KEN-ADM2-009,Nairobi,KEN,2020-02-01,9.2695,16,47,10.95
KEN-ADM2-009,Nairobi,KEN,2020-03-01,11.1052,15,47,10.95
KEN-ADM2-009,Nairobi,KEN,2020-04-01,8.1638,15,47,10.95
KEN-ADM2-009,Nairobi,KEN,2020-05-01,9.0661,17,47,10.95
KEN-ADM2-009,Nairobi,KEN,2020-06-01,8.2353,8,47,10.95
KEN-ADM2-009,Nairobi,KEN,2020-07-01,8.0844,13,47,10.95
KEN-ADM2-009,Nairobi,KEN,2020-08-01,8.3818,7,47,10.95
KEN-ADM2-009,Nairobi,KEN,2020-09-01,10.9402,5,47,10.95
KEN-ADM2-009,Nairobi,KEN,2020-10-01,10.3787,11,47,10.95
KEN-ADM2-009,Nairobi,KEN,2020-11-01,9.1357,18,47,10.95
KEN-ADM2-009,Nairobi,KEN,2020-12-01,11.2688,10,47,10.95
KEN-ADM2-009,Nairobi,KEN,2021-01-01,11.6292,10,47,10.95
KEN-ADM2-009,Nairobi,KEN,2021-02-01,10.699,13,47,10.95
KEN-ADM2-009,Nairobi,KEN,2021-03-01,10.6126,12,47,10.95
KEN-ADM2-009,Nairobi,KEN,2021-04-01,11.0256,16,47,10.95
KEN-ADM2-009,Nairobi,KEN,2021-05-01,10.8093,16,47,10.95
KEN-ADM2-009,Nairobi,KEN,2021-06-01,11.4954,4,47,10.95
KEN-ADM2-009,Nairobi,KEN,2021-07-01,,0,47,10.95
KEN-ADM2-009,Nairobi,KEN,2021-08-01,10.9881,8,47,10.95
KEN-ADM2-009,Nairobi,KEN,2021-09-01,10.3744,4,47,10.95
KEN-ADM2-009,Nairobi,KEN,2021-10-01,10.0627,13,47,10.95
KEN-ADM2-009,Nairobi,KEN,2021-11-01,11.1848,17,47,10.95
KEN-ADM2-009,Nairobi,KEN,2021-12-01,11.6401,17,47,10.95
KEN-ADM2-009,Nairobi,KEN,2022-01-01,11.8499,20,47,10.95
KEN-ADM2-009,Nairobi,KEN,2022-02-01,11.0996,14,47,10.95
KEN-ADM2-009,Nairobi,KEN,2022-03-01,11.9583,17,47,10.95
KEN-ADM2-009,Nairobi,KEN,2022-04-01,11.4498,16,47,10.95
KEN-ADM2-009,Nairobi,KEN,2022-05-01,11.5005,11,47,10.95
KEN-ADM2-009,Nairobi,KEN,2022-06-01,12.0659,6,47,10.95
KEN-ADM2-009,Nairobi,KEN,2022-07-01,11.5101,1,47,10.95
KEN-ADM2-009,Nairobi,KEN,2022-08-01,11.0421,1,47,10.95
KEN-ADM2-009,Nairobi,KEN,2022-09-01,10.0491,5,47,10.95
KEN-ADM2-009,Nairobi,KEN,2022-10-01,11.2788,20,47,10.95
KEN-ADM2-009,Nairobi,KEN,2022-11-01,10.7469,9,47,10.95
KEN-ADM2-009,Nairobi,KEN,2022-12-01,13.2921,12,47,10.95
KEN-ADM2-009,Nairobi,KEN,2023-01-01,11.435,21,47,10.95
KEN-ADM2-009,Nairobi,KEN,2023-02-01,12.2111,11,47,10.95
KEN-ADM2-009,Nairobi,KEN,2023-03-01,11.8987,18,47,10.95
KEN-ADM2-009,Nairobi,KEN,2023-04-01,11.305,17,47,10.95
KEN-ADM2-009,Nairobi,KEN,2023-05-01,11.9617,17,47,10.95
KEN-ADM2-009,Nairobi,KEN,2023-06-01,12.2778,7,47,10.95
KEN-ADM2-009,Nairobi,KEN,2023-07-01,10.3091,15,47,10.95
KEN-ADM2-009,Nairobi,KEN,2023-08-01,9.8941,6,47,10.95
KEN-ADM2-009,Nairobi,KEN,2023-09-01,,0,47,10.95
KEN-ADM2-009,Nairobi,KEN,2023-10-01,12.3647,13,47,10.95
KEN-ADM2-009,Nairobi,KEN,2023-11-01,11.7467,12,47,10.95
KEN-ADM2-009,Nairobi,KEN,2023-12-01,12.1105,13,47,10.95
KEN-ADM2-009,Nairobi,KEN,2024-01-01,12.0886,6,47,10.95
KEN-ADM2-009,Nairobi,KEN,2024-02-01,12.1686,18,47,10.95
KEN-ADM2-009,Nairobi,KEN,2024-03-01,13.5661,19,47,10.95
KEN-ADM2-009,Nairobi,KEN,2024-04-01,14.1502,14,47,10.95
KEN-ADM2-009,Nairobi,KEN,2024-05-01,12.4374,12,47,10.95
KEN-ADM2-009,Nairobi,KEN,2024-06-01,11.7243,14,47,10.95
KEN-ADM2-009,Nairobi,KEN,2024-07-01,12.4674,10,47,10.95
KEN-ADM2-009,Nairobi,KEN,2024-08-01,11.5132,10,47,10.95
KEN-ADM2-009,Nairobi,KEN,2024-09-01,12.596,18,47,10.95
KEN-ADM2-009,Nairobi,KEN,2024-10-01,12.6638,10,47,10.95
KEN-ADM2-009,Nairobi,KEN,2024-11-01,11.5285,17,47,10.95
KEN-ADM2-009,Nairobi,KEN,2024-12-01,12.3661,19,47,10.95
KEN-ADM2-010,Nairobi,KEN,2019-01-01,5.571,13,79,18.39
KEN-ADM2-010,Nairobi,KEN,2019-02-01,5.2307,23,79,18.39
KEN-ADM2-010,Nairobi,KEN,2019-03-01,5.4494,14,79,18.39
KEN-ADM2-010,Nairobi,KEN,2019-04-01,5.8049,11,79,18.39
KEN-ADM2-010,Nairobi,KEN,2019-05-01,6.2273,26,79,18.39
KEN-ADM2-010,Nairobi,KEN,2019-06-01,,0,79,18.39
KEN-ADM2-010,Nairobi,KEN,2019-07-01,5.4651,5,79,18.39
KEN-ADM2-010,Nairobi,KEN,2019-08-01,6.2877,8,79,18.39
KEN-ADM2-010,Nairobi,KEN,2019-09-01,5.9387,1,79,18.39
KEN-ADM2-010,Nairobi,KEN,2019-10-01,5.7541,14,79,18.39
KEN-ADM2-010,Nairobi,KEN,2019-11-01,5.4423,17,79,18.39
KEN-ADM2-010,Nairobi,KEN,2019-12-01,5.3646,18,79,18.39
KEN-ADM2-010,Nairobi,KEN,2020-01-01,6.3607,13,79,18.39
KEN-ADM2-010,Nairobi,KEN,2020-02-01,6.0329,14,79,18.39
KEN-ADM2-010,Nairobi,KEN,2020-03-01,6.5892,14,79,18.39
KEN-ADM2-010,Nairobi,KEN,2020-04-01,4.8775,15,79,18.39
KEN-ADM2-010,Nairobi,KEN,2020-05-01,4.9523,8,79,18.39
KEN-ADM2-010,Nairobi,KEN,2020-06-01,4.6059,3,79,18.39
KEN-ADM2-010,Nairobi,KEN,2020-07-01,5.3197,4,79,18.39
KEN-ADM2-010,Nairobi,KEN,2020-08-01,4.7339,3,79,18.39
KEN-ADM2-010,Nairobi,KEN,2020-09-01,5.6671,5,79,18.39
KEN-ADM2-010,Nairobi,KEN,2020-10-01,5.8946,15,79,18.39
KEN-ADM2-010,Nairobi,KEN,2020-11-01,6.2003,17,79,18.39
KEN-ADM2-010,Nairobi,KEN,2020-12-01,6.4861,11,79,18.39
KEN-ADM2-010,Nairobi,KEN,2021-01-01,6.6032,12,79,18.39
KEN-ADM2-010,Nairobi,KEN,2021-02-01,5.8697,13,79,18.39
KEN-ADM2-010,Nairobi,KEN,2021-03-01,6.4925,16,79,18.39
KEN-ADM2-010,Nairobi,KEN,2021-04-01,7.2962,6,79,18.39
KEN-ADM2-010,Nairobi,KEN,2021-05-01,7.5125,9,79,18.39
KEN-ADM2-010,Nairobi,KEN,2021-06-01,7.084,7,79,18.39
KEN-ADM2-010,Nairobi,KEN,2021-07-01,6.2416,5,79,18.39
KEN-ADM2-010,Nairobi,KEN,2021-08-01,6.5213,11,79,18.39
KEN-ADM2-010,Nairobi,KEN,2021-09-01,5.6693,5,79,18.39
KEN-ADM2-010,Nairobi,KEN,2021-10-01,7.0785,14,79,18.39
KEN-ADM2-010,Nairobi,KEN,2021-11-01,5.4656,13,79,18.39
KEN-ADM2-010,Nairobi,KEN,2021-12-01,6.1068,18,79,18.39
KEN-ADM2-010,Nairobi,KEN,2022-01-01,6.3172,14,79,18.39
KEN-ADM2-010,Nairobi,KEN,2022-02-01,6.9963,11,79,18.39
KEN-ADM2-010,Nairobi,KEN,2022-03-01,7.4451,8,79,18.39
KEN-ADM2-010,Nairobi,KEN,2022-04-01,7.4132,16,79,18.39
KEN-ADM2-010,Nairobi,KEN,2022-05-01,6.7502,18,79,18.39
KEN-ADM2-010,Nairobi,KEN,2022-06-01,7.5049,7,79,18.39
KEN-ADM2-010,Nairobi,KEN,2022-07-01,7.0939,5,79,18.39
KEN-ADM2-010,Nairobi,KEN,2022-08-01,7.2313,3,79,18.39
KEN-ADM2-010,Nairobi,KEN,2022-09-01,7.6242,11,79,18.39
KEN-ADM2-010,Nairobi,KEN,2022-10-01,7.0898,18,79,18.39
KEN-ADM2-010,Nairobi,KEN,2022-11-01,6.7351,10,79,18.39
KEN-ADM2-010,Nairobi,KEN,2022-12-01,7.3678,14,79,18.39
KEN-ADM2-010,Nairobi,KEN,2023-01-01,7.6309,22,79,18.39
KEN-ADM2-010,Nairobi,KEN,2023-02-01,7.6488,16,79,18.39
KEN-ADM2-010,Nairobi,KEN,2023-03-01,7.0607,17,79,18.39
KEN-ADM2-010,Nairobi,KEN,2023-04-01,6.857,21,79,18.39
KEN-ADM2-010,Nairobi,KEN,2023-05-01,6.951,13,79,18.39
KEN-ADM2-010,Nairobi,KEN,2023-06-01,6.5694,3,79,18.39
KEN-ADM2-010,Nairobi,KEN,2023-07-01,8.3192,9,79,18.39
KEN-ADM2-010,Nairobi,KEN,2023-08-01,7.0652,7,79,18.39
KEN-ADM2-010,Nairobi,KEN,2023-09-01,7.3899,4,79,18.39
KEN-ADM2-010,Nairobi,KEN,2023-10-01,6.8491,11,79,18.39
KEN-ADM2-010,Nairobi,KEN,2023-11-01,6.6643,16,79,18.39
KEN-ADM2-010,Nairobi,KEN,2023-12-01,7.2009,11,79,18.39
KEN-ADM2-010,Nairobi,KEN,2024-01-01,8.7904,11,79,18.39
KEN-ADM2-010,Nairobi,KEN,2024-02-01,7.0832,14,79,18.39
KEN-ADM2-010,Nairobi,KEN,2024-03-01,7.9949,6,79,18.39
KEN-ADM2-010,Nairobi,KEN,2024-04-01,7.9279,12,79,18.39
KEN-ADM2-010,Nairobi,KEN,2024-05-01,9.1239,14,79,18.39
KEN-ADM2-010,Nairobi,KEN,2024-06-01,7.3031,5,79,18.39
KEN-ADM2-010,Nairobi,KEN,2024-07-01,7.2968,9,79,18.39
KEN-ADM2-010,Nairobi,KEN,2024-08-01,7.329,8,79,18.39
KEN-ADM2-010,Nairobi,KEN,2024-09-01,8.2759,12,79,18.39
KEN-ADM2-010,Nairobi,KEN,2024-10-01,7.4098,12,79,18.39
KEN-ADM2-010,Nairobi,KEN,2024-11-01,8.7897,13,79,18.39
KEN-ADM2-010,Nairobi,KEN,2024-12-01,8.0434,16,79,18.39
KEN-ADM2-011,Nairobi,KEN,2019-01-01,9.7793,17,122,28.52
KEN-ADM2-011,Nairobi,KEN,2019-02-01,9.3624,12,122,28.52
KEN-ADM2-011,Nairobi,KEN,2019-03-01,9.1878,17,122,28.52
KEN-ADM2-011,Nairobi,KEN,2019-04-01,9.142,10,122,28.52
KEN-ADM2-011,Nairobi,KEN,2019-05-01,10.1151,10,122,28.52
KEN-ADM2-011,Nairobi,KEN,2019-06-01,10.8035,10,122,28.52
KEN-ADM2-011,Nairobi,KEN,2019-07-01,9.5432,11,122,28.52
KEN-ADM2-011,Nairobi,KEN,2019-08-01,8.8706,4,122,28.52
KEN-ADM2-011,Nairobi,KEN,2019-09-01,9.9402,8,122,28.52
KEN-ADM2-011,Nairobi,KEN,2019-10-01,9.7162,12,122,28.52
KEN-ADM2-011,Nairobi,KEN,2019-11-01,9.7885,14,122,28.52
KEN-ADM2-011,Nairobi,KEN,2019-12-01,10.3135,16,122,28.52
KEN-ADM2-011,Nairobi,KEN,2020-01-01,10.6901,19,122,28.52
KEN-ADM2-011,Nairobi,KEN,2020-02-01,9.7786,17,122,28.52
KEN-ADM2-011,Nairobi,KEN,2020-03-01,10.1596,10,122,28.52
KEN-ADM2-011,Nairobi,KEN,2020-04-01,7.9164,15,122,28.52
KEN-ADM2-011,Nairobi,KEN,2020-05-01,7.7298,9,122,28.52
KEN-ADM2-011,Nairobi,KEN,2020-06-01,8.125,2,122,28.52
KEN-ADM2-011,Nairobi,KEN,2020-07-01,8.2054,3,122,28.52
KEN-ADM2-011,Nairobi,KEN,2020-08-01,7.6329,2,122,28.52
KEN-ADM2-011,Nairobi,KEN,2020-09-01,10.0974,1,122,28.52
KEN-ADM2-011,Nairobi,KEN,2020-10-01,9.9446,13,122,28.52
KEN-ADM2-011,Nairobi,KEN,2020-11-01,9.3287,15,122,28.52
KEN-ADM2-011,Nairobi,KEN,2020-12-01,11.0824,8,122,28.52
KEN-ADM2-011,Nairobi,KEN,2021-01-01,10.8407,16,122,28.52
KEN-ADM2-011,Nairobi,KEN,2021-02-01,10.2741,15,122,28.52
KEN-ADM2-011,Nairobi,KEN,2021-03-01,10.8626,14,122,28.52
KEN-ADM2-011,Nairobi,KEN,2021-04-01,11.3341,15,122,28.52
KEN-ADM2-011,Nairobi,KEN,2021-05-01,11.554,14,122,28.52
KEN-ADM2-011,Nairobi,KEN,2021-06-01,11.3303,6,122,28.52
KEN-ADM2-011,Nairobi,KEN,2021-07-01,11.0132,15,122,28.52
KEN-ADM2-011,Nairobi,KEN,2021-08-01,10.3953,9,122,28.52
KEN-ADM2-011,Nairobi,KEN,2021-09-01,10.5222,4,122,28.52
KEN-ADM2-011,Nairobi,KEN,2021-10-01,9.7731,6,122,28.52
KEN-ADM2-011,Nairobi,KEN,2021-11-01,9.9936,14,122,28.52
KEN-ADM2-011,Nairobi,KEN,2021-12-01,11.3807,22,122,28.52
KEN-ADM2-011,Nairobi,KEN,2022-01-01,10.681,9,122,28.52
KEN-ADM2-011,Nairobi,KEN,2022-02-01,11.6726,13,122,28.52
KEN-ADM2-011,Nairobi,KEN,2022-03-01,10.3764,14,122,28.52
KEN-ADM2-011,Nairobi,KEN,2022-04-01,11.7846,16,122,28.52
KEN-ADM2-011,Nairobi,KEN,2022-05-01,10.4941,7,122,28.52
KEN-ADM2-011,Nairobi,KEN,2022-06-01,10.3498,7,122,28.52
KEN-ADM2-011,Nairobi,KEN,2022-07-01,11.5879,10,122,28.52
KEN-ADM2-011,Nairobi,KEN,2022-08-01,10.0537,10,122,28.52
KEN-ADM2-011,Nairobi,KEN,2022-09-01,10.2248,3,122,28.52
KEN-ADM2-011,Nairobi,KEN,2022-10-01,10.4423,13,122,28.52
KEN-ADM2-011,Nairobi,KEN,2022-11-01,10.0838,16,122,28.52
KEN-ADM2-011,Nairobi,KEN,2022-12-01,10.7369,12,122,28.52
KEN-ADM2-011,Nairobi,KEN,2023-01-01,10.3802,11,122,28.52
KEN-ADM2-011,Nairobi,KEN,2023-02-01,10.7063,9,122,28.52
KEN-ADM2-011,Nairobi,KEN,2023-03-01,12.0294,5,122,28.52
KEN-ADM2-011,Nairobi,KEN,2023-04-01,10.0556,20,122,28.52
KEN-ADM2-011,Nairobi,KEN,2023-05-01,10.5764,15,122,28.52
KEN-ADM2-011,Nairobi,KEN,2023-06-01,12.6973,6,122,28.52
KEN-ADM2-011,Nairobi,KEN,2023-07-01,,0,122,28.52
KEN-ADM2-011,Nairobi,KEN,2023-08-01,11.2343,9,122,28.52
KEN-ADM2-011,Nairobi,KEN,2023-09-01,10.8073,4,122,28.52
KEN-ADM2-011,Nairobi,KEN,2023-10-01,10.5849,13,122,28.52
KEN-ADM2-011,Nairobi,KEN,2023-11-01,11.4767,11,122,28.52
KEN-ADM2-011,Nairobi,KEN,2023-12-01,10.9308,10,122,28.52
KEN-ADM2-011,Nairobi,KEN,2024-01-01,11.5912,18,122,28.52
KEN-ADM2-011,Nairobi,KEN,2024-02-01,11.5695,13,122,28.52
KEN-ADM2-011,Nairobi,KEN,2024-03-01,13.0731,19,122,28.52
KEN-ADM2-011,Nairobi,KEN,2024-04-01,11.5293,18,122,28.52
KEN-ADM2-011,Nairobi,KEN,2024-05-01,11.1107,18,122,28.52
KEN-ADM2-011,Nairobi,KEN,2024-06-01,11.8385,12,122,28.52
KEN-ADM2-011,Nairobi,KEN,2024-07-01,11.5515,1,122,28.52
KEN-ADM2-011,Nairobi,KEN,2024-08-01,11.9274,5,122,28.52
KEN-ADM2-011,Nairobi,KEN,2024-09-01,10.6078,4,122,28.52
KEN-ADM2-011,Nairobi,KEN,2024-10-01,11.8537,12,122,28.52
KEN-ADM2-011,Nairobi,KEN,2024-11-01,12.2718,16,122,28.52
KEN-ADM2-011,Nairobi,KEN,2024-12-01,12.2459,13,122,28.52
KEN-ADM2-012,Nairobi,KEN,2019-01-01,9.3952,6,92,21.49
KEN-ADM2-012,Nairobi,KEN,2019-02-01,9.1657,14,92,21.49
KEN-ADM2-012,Nairobi,KEN,2019-03-01,8.9468,9,92,21.49
KEN-ADM2-012,Nairobi,KEN,2019-04-01,9.3806,12,92,21.49
KEN-ADM2-012,Nairobi,KEN,2019-05-01,11.2521,20,92,21.49
KEN-ADM2-012,Nairobi,KEN,2019-06-01,10.182,13,92,21.49
KEN-ADM2-012,Nairobi,KEN,2019-07-01,8.8884,5,92,21.49
KEN-ADM2-012,Nairobi,KEN,2019-08-01,,0,92,21.49
KEN-ADM2-012,Nairobi,KEN,2019-09-01,8.6909,7,92,21.49
KEN-ADM2-012,Nairobi,KEN,2019-10-01,8.8703,14,92,21.49
KEN-ADM2-012,Nairobi,KEN,2019-11-01,8.6633,14,92,21.49
KEN-ADM2-012,Nairobi,KEN,2019-12-01,9.9733,15,92,21.49
KEN-ADM2-012,Nairobi,KEN,2020-01-01,9.3683,9,92,21.49
KEN-ADM2-012,Nairobi,KEN,2020-02-01,9.8127,11,92,21.49
KEN-ADM2-012,Nairobi,KEN,2020-03-01,9.732,13,92,21.49
KEN-ADM2-012,Nairobi,KEN,2020-04-01,7.7857,13,92,21.49
KEN-ADM2-012,Nairobi,KEN,2020-05-01,6.9417,9,92,21.49
KEN-ADM2-012,Nairobi,KEN,2020-06-01,8.3222,4,92,21.49
KEN-ADM2-012,Nairobi,KEN,2020-07-01,,0,92,21.49
KEN-ADM2-012,Nairobi,KEN,2020-08-01,7.5036,5,92,21.49
KEN-ADM2-012,Nairobi,KEN,2020-09-01,9.1067,10,92,21.49
KEN-ADM2-012,Nairobi,KEN,2020-10-01,9.8928,14,92,21.49
KEN-ADM2-012,Nairobi,KEN,2020-11-01,8.6041,16,92,21.49
KEN-ADM2-012,Nairobi,KEN,2020-12-01,9.022,4,92,21.49
KEN-ADM2-012,Nairobi,KEN,2021-01-01,10.2618,13,92,21.49
KEN-ADM2-012,Nairobi,KEN,2021-02-01,10.5003,13,92,21.49
KEN-ADM2-012,Nairobi,KEN,2021-03-01,9.6772,9,92,21.49
KEN-ADM2-012,Nairobi,KEN,2021-04-01,10.2812,13,92,21.49
KEN-ADM2-012,Nairobi,KEN,2021-05-01,10.4583,20,92,21.49
KEN-ADM2-012,Nairobi,KEN,2021-06-01,11.1189,6,92,21.49
KEN-ADM2-012,Nairobi,KEN,2021-07-01,8.1003,3,92,21.49
KEN-ADM2-012,Nairobi,KEN,2021-08-01,10.1531,13,92,21.49
KEN-ADM2-012,Nairobi,KEN,2021-09-01,9.6776,7,92,21.49
KEN-ADM2-012,Nairobi,KEN,2021-10-01,10.6079,18,92,21.49
KEN-ADM2-012,Nairobi,KEN,2021-11-01,10.4891,15,92,21.49
KEN-ADM2-012,Nairobi,KEN,2021-12-01,10.4715,11,92,21.49
KEN-ADM2-012,Nairobi,KEN,2022-01-01,9.7058,13,92,21.49
KEN-ADM2-012,Nairobi,KEN,2022-02-01,10.5068,9,92,21.49
KEN-ADM2-012,Nairobi,KEN,2022-03-01,11.1446,16,92,21.49
KEN-ADM2-012,Nairobi,KEN,2022-04-01,11.1463,9,92,21.49
KEN-ADM2-012,Nairobi,KEN,2022-05-01,11.3881,16,92,21.49
KEN-ADM2-012,Nairobi,KEN,2022-06-01,9.9577,7,92,21.49
KEN-ADM2-012,Nairobi,KEN,2022-07-01,10.1067,7,92,21.49
KEN-ADM2-012,Nairobi,KEN,2022-08-01,11.1954,1,92,21.49
KEN-ADM2-012,Nairobi,KEN,2022-09-01,10.6405,6,92,21.49
KEN-ADM2-012,Nairobi,KEN,2022-10-01,10.7345,14,92,21.49
KEN-ADM2-012,Nairobi,KEN,2022-11-01,10.3453,10,92,21.49
KEN-ADM2-012,Nairobi,KEN,2022-12-01,9.7937,19,92,21.49
KEN-ADM2-012,Nairobi,KEN,2023-01-01,11.4566,13,92,21.49
KEN-ADM2-012,Nairobi,KEN,2023-02-01,10.3338,17,92,21.49
KEN-ADM2-012,Nairobi,KEN,2023-03-01,10.9918,14,92,21.49
KEN-ADM2-012,Nairobi,KEN,2023-04-01,11.2083,13,92,21.49
KEN-ADM2-012,Nairobi,KEN,2023-05-01,10.1435,17,92,21.49
KEN-ADM2-012,Nairobi,KEN,2023-06-01,10.4145,7,92,21.49
KEN-ADM2-012,Nairobi,KEN,2023-07-01,11.9797,7,92,21.49
KEN-ADM2-012,Nairobi,KEN,2023-08-01,11.2759,9,92,21.49
KEN-ADM2-012,Nairobi,KEN,2023-09-01,11.9379,2,92,21.49
KEN-ADM2-012,Nairobi,KEN,2023-10-01,10.4517,13,92,21.49
KEN-ADM2-012,Nairobi,KEN,2023-11-01,10.7941,10,92,21.49
KEN-ADM2-012,Nairobi,KEN,2023-12-01,11.2002,13,92,21.49
KEN-ADM2-012,Nairobi,KEN,2024-01-01,11.4224,12,92,21.49
KEN-ADM2-012,Nairobi,KEN,2024-02-01,11.3967,14,92,21.49
KEN-ADM2-012,Nairobi,KEN,2024-03-01,11.9027,14,92,21.49
KEN-ADM2-012,Nairobi,KEN,2024-04-01,12.1109,10,92,21.49
KEN-ADM2-012,Nairobi,KEN,2024-05-01,12.1546,10,92,21.49
KEN-ADM2-012,Nairobi,KEN,2024-06-01,9.8568,7,92,21.49
KEN-ADM2-012,Nairobi,KEN,2024-07-01,,0,92,21.49
KEN-ADM2-012,Nairobi,KEN,2024-08-01,9.7315,4,92,21.49
KEN-ADM2-012,Nairobi,KEN,2024-09-01,11.7733,9,92,21.49
KEN-ADM2-012,Nairobi,KEN,2024-10-01,12.0234,26,92,21.49
KEN-ADM2-012,Nairobi,KEN,2024-11-01,10.5569,8,92,21.49
KEN-ADM2-012,Nairobi,KEN,2024-12-01,10.6577,10,92,21.49
KEN-ADM2-013,Nairobi,KEN,2019-01-01,3.4341,12,50,11.86
KEN-ADM2-013,Nairobi,KEN,2019-02-01,3.9312,20,50,11.86
KEN-ADM2-013,Nairobi,KEN,2019-03-01,3.9587,17,50,11.86
KEN-ADM2-013,Nairobi,KEN,2019-04-01,3.8087,9,50,11.86
KEN-ADM2-013,Nairobi,KEN,2019-05-01,3.7604,11,50,11.86
KEN-ADM2-013,Nairobi,KEN,2019-06-01,3.806,4,50,11.86
KEN-ADM2-013,Nairobi,KEN,2019-07-01,3.8991,7,50,11.86
KEN-ADM2-013,Nairobi,KEN,2019-08-01,3.5739,4,50,11.86
KEN-ADM2-013,Nairobi,KEN,2019-09-01,3.6753,10,50,11.86
KEN-ADM2-013,Nairobi,KEN,2019-10-01,3.3316,17,50,11.86
KEN-ADM2-013,Nairobi,KEN,2019-11-01,3.5799,15,50,11.86
KEN-ADM2-013,Nairobi,KEN,2019-12-01,3.7414,9,50,11.86
KEN-ADM2-013,Nairobi,KEN,2020-01-01,4.0126,16,50,11.86
KEN-ADM2-013,Nairobi,KEN,2020-02-01,3.8441,17,50,11.86
KEN-ADM2-013,Nairobi,KEN,2020-03-01,3.7011,14,50,11.86
KEN-ADM2-013,Nairobi,KEN,2020-04-01,3.4344,13,50,11.86
KEN-ADM2-013,Nairobi,KEN,2020-05-01,2.8145,14,50,11.86
KEN-ADM2-013,Nairobi,KEN,2020-06-01,3.4064,4,50,11.86
KEN-ADM2-013,Nairobi,KEN,2020-07-01,3.4203,15,50,11.86
KEN-ADM2-013,Nairobi,KEN,2020-08-01,2.7593,6,50,11.86
KEN-ADM2-013,Nairobi,KEN,2020-09-01,4.0261,4,50,11.86
KEN-ADM2-013,Nairobi,KEN,2020-10-01,3.8084,13,50,11.86
KEN-ADM2-013,Nairobi,KEN,2020-11-01,3.4725,18,50,11.86
KEN-ADM2-013,Nairobi,KEN,2020-12-01,4.0447,10,50,11.86
KEN-ADM2-013,Nairobi,KEN,2021-01-01,4.1267,16,50,11.86
KEN-ADM2-013,Nairobi,KEN,2021-02-01,3.5725,14,50,11.86
KEN-ADM2-013,Nairobi,KEN,2021-03-01,3.9975,15,50,11.86
KEN-ADM2-013,Nairobi,KEN,2021-04-01,4.0144,14,50,11.86
KEN-ADM2-013,Nairobi,KEN,2021-05-01,4.1021,15,50,11.86
KEN-ADM2-013,Nairobi,KEN,2021-06-01,4.1908,13,50,11.86
KEN-ADM2-013,Nairobi,KEN,2021-07-01,3.865,3,50,11.86
KEN-ADM2-013,Nairobi,KEN,2021-08-01,3.9653,2,50,11.86
KEN-ADM2-013,Nairobi,KEN,2021-09-01,3.682,8,50,11.86
KEN-ADM2-013,Nairobi,KEN,2021-10-01,3.7061,14,50,11.86
KEN-ADM2-013,Nairobi,KEN,2021-11-01,3.595,14,50,11.86
KEN-ADM2-013,Nairobi,KEN,2021-12-01,3.6958,18,50,11.86
KEN-ADM2-013,Nairobi,KEN,2022-01-01,4.2456,14,50,11.86
KEN-ADM2-013,Nairobi,KEN,2022-02-01,3.9219,10,50,11.86
KEN-ADM2-013,Nairobi,KEN,2022-03-01,3.8854,13,50,11.86
KEN-ADM2-013,Nairobi,KEN,2022-04-01,4.0305,14,50,11.86
KEN-ADM2-013,Nairobi,KEN,2022-05-01,4.1076,14,50,11.86
KEN-ADM2-013,Nairobi,KEN,2022-06-01,3.6206,12,50,11.86
KEN-ADM2-013,Nairobi,KEN,2022-07-01,4.1953,6,50,11.86
KEN-ADM2-013,Nairobi,KEN,2022-08-01,4.2999,1,50,11.86
KEN-ADM2-013,Nairobi,KEN,2022-09-01,3.6048,8,50,11.86
KEN-ADM2-013,Nairobi,KEN,2022-10-01,4.3357,15,50,11.86
KEN-ADM2-013,Nairobi,KEN,2022-11-01,3.8484,12,50,11.86
KEN-ADM2-013,Nairobi,KEN,2022-12-01,4.432,19,50,11.86
KEN-ADM2-013,Nairobi,KEN,2023-01-01,4.2178,17,50,11.86
KEN-ADM2-013,Nairobi,KEN,2023-02-01,4.5349,15,50,11.86
KEN-ADM2-013,Nairobi,KEN,2023-03-01,4.79,18,50,11.86
KEN-ADM2-013,Nairobi,KEN,2023-04-01,4.5409,10,50,11.86
KEN-ADM2-013,Nairobi,KEN,2023-05-01,4.5082,6,50,11.86
KEN-ADM2-013,Nairobi,KEN,2023-06-01,4.6972,8,50,11.86
KEN-ADM2-013,Nairobi,KEN,2023-07-01,,0,50,11.86
KEN-ADM2-013,Nairobi,KEN,2023-08-01,4.3958,9,50,11.86
KEN-ADM2-013,Nairobi,KEN,2023-09-01,4.1653,1,50,11.86
KEN-ADM2-013,Nairobi,KEN,2023-10-01,4.4979,15,50,11.86
KEN-ADM2-013,Nairobi,KEN,2023-11-01,4.2544,20,50,11.86
KEN-ADM2-013,Nairobi,KEN,2023-12-01,4.4563,17,50,11.86
KEN-ADM2-013,Nairobi,KEN,2024-01-01,4.4745,14,50,11.86
KEN-ADM2-013,Nairobi,KEN,2024-02-01,5.1321,15,50,11.86
KEN-ADM2-013,Nairobi,KEN,2024-03-01,4.4684,17,50,11.86
KEN-ADM2-013,Nairobi,KEN,2024-04-01,5.3461,14,50,11.86
KEN-ADM2-013,Nairobi,KEN,2024-05-01,4.6272,11,50,11.86
KEN-ADM2-013,Nairobi,KEN,2024-06-01,,0,50,11.86
KEN-ADM2-013,Nairobi,KEN,2024-07-01,4.348,8,50,11.86
KEN-ADM2-013,Nairobi,KEN,2024-08-01,4.8023,4,50,11.86
KEN-ADM2-013,Nairobi,KEN,2024-09-01,4.4234,2,50,11.86
KEN-ADM2-013,Nairobi,KEN,2024-10-01,4.3107,18,50,11.86
KEN-ADM2-013,Nairobi,KEN,2024-11-01,4.6733,16,50,11.86
KEN-ADM2-013,Nairobi,KEN,2024-12-01,4.4125,14,50,11.86
KEN-ADM2-014,Nairobi,KEN,2019-01-01,6.2489,16,107,24.96
KEN-ADM2-014,Nairobi,KEN,2019-02-01,6.931,18,107,24.96
KEN-ADM2-014,Nairobi,KEN,2019-03-01,6.5327,12,107,24.96
KEN-ADM2-014,Nairobi,KEN,2019-04-01,6.7391,11,107,24.96
KEN-ADM2-014,Nairobi,KEN,2019-05-01,6.5249,12,107,24.96
KEN-ADM2-014,Nairobi,KEN,2019-06-01,6.3047,7,107,24.96
KEN-ADM2-014,Nairobi,KEN,2019-07-01,7.0428,11,107,24.96
KEN-ADM2-014,Nairobi,KEN,2019-08-01,6.5929,4,107,24.96
KEN-ADM2-014,Nairobi,KEN,2019-09-01,7.1222,7,107,24.96
KEN-ADM2-014,Nairobi,KEN,2019-10-01,6.3288,12,107,24.96
KEN-ADM2-014,Nairobi,KEN,2019-11-01,6.7195,10,107,24.96
KEN-ADM2-014,Nairobi,KEN,2019-12-01,6.957,15,107,24.96
KEN-ADM2-014,Nairobi,KEN,2020-01-01,7.2448,13,107,24.96
KEN-ADM2-014,Nairobi,KEN,2020-02-01,7.2272,8,107,24.96
KEN-ADM2-014,Nairobi,KEN,2020-03-01,7.0368,15,107,24.96
KEN-ADM2-014,Nairobi,KEN,2020-04-01,5.7125,14,107,24.96
KEN-ADM2-014,Nairobi,KEN,2020-05-01,5.5879,14,107,24.96
KEN-ADM2-014,Nairobi,KEN,2020-06-01,5.5506,6,107,24.96
KEN-ADM2-014,Nairobi,KEN,2020-07-01,5.6202,4,107,24.96
KEN-ADM2-014,Nairobi,KEN,2020-08-01,5.1019,4,107,24.96
KEN-ADM2-014,Nairobi,KEN,2020-09-01,7.3424,10,107,24.96
KEN-ADM2-014,Nairobi,KEN,2020-10-01,6.2152,14,107,24.96
KEN-ADM2-014,Nairobi,KEN,2020-11-01,7.1411,12,107,24.96
KEN-ADM2-014,Nairobi,KEN,2020-12-01,6.7412,16,107,24.96
KEN-ADM2-014,Nairobi,KEN,2021-01-01,7.0522,17,107,24.96
KEN-ADM2-014,Nairobi,KEN,2021-02-01,7.0197,22,107,24.96
KEN-ADM2-014,Nairobi,KEN,2021-03-01,7.1062,11,107,24.96
KEN-ADM2-014,Nairobi,KEN,2021-04-01,7.1362,19,107,24.96
KEN-ADM2-014,Nairobi,KEN,2021-05-01,7.6414,18,107,24.96
KEN-ADM2-014,Nairobi,KEN,2021-06-01,7.2799,3,107,24.96
KEN-ADM2-014,Nairobi,KEN,2021-07-01,7.5722,7,107,24.96
KEN-ADM2-014,Nairobi,KEN,2021-08-01,6.5672,8,107,24.96
KEN-ADM2-014,Nairobi,KEN,2021-09-01,6.0832,5,107,24.96
KEN-ADM2-014,Nairobi,KEN,2021-10-01,6.5387,19,107,24.96
KEN-ADM2-014,Nairobi,KEN,2021-11-01,6.5761,12,107,24.96
KEN-ADM2-014,Nairobi,KEN,2021-12-01,6.9822,17,107,24.96
KEN-ADM2-014,Nairobi,KEN,2022-01-01,7.3993,12,107,24.96
KEN-ADM2-014,Nairobi,KEN,2022-02-01,7.371,10,107,24.96
KEN-ADM2-014,Nairobi,KEN,2022-03-01,7.3739,15,107,24.96
KEN-ADM2-014,Nairobi,KEN,2022-04-01,7.48,13,107,24.96
KEN-ADM2-014,Nairobi,KEN,2022-05-01,8.0186,10,107,24.96
KEN-ADM2-014,Nairobi,KEN,2022-06-01,7.2379,10,107,24.96
KEN-ADM2-014,Nairobi,KEN,2022-07-01,7.4683,5,107,24.96
KEN-ADM2-014,Nairobi,KEN,2022-08-01,6.6734,1,107,24.96
KEN-ADM2-014,Nairobi,KEN,2022-09-01,6.7642,10,107,24.96
KEN-ADM2-014,Nairobi,KEN,2022-10-01,7.0152,14,107,24.96
KEN-ADM2-014,Nairobi,KEN,2022-11-01,6.0502,14,107,24.96
KEN-ADM2-014,Nairobi,KEN,2022-12-01,7.4114,15,107,24.96
KEN-ADM2-014,Nairobi,KEN,2023-01-01,7.356,14,107,24.96
KEN-ADM2-014,Nairobi,KEN,2023-02-01,6.9863,9,107,24.96
KEN-ADM2-014,Nairobi,KEN,2023-03-01,7.8047,16,107,24.96
KEN-ADM2-014,Nairobi,KEN,2023-04-01,8.1811,16,107,24.96
KEN-ADM2-014,Nairobi,KEN,2023-05-01,7.9845,13,107,24.96
KEN-ADM2-014,Nairobi,KEN,2023-06-01,7.766,9,107,24.96
KEN-ADM2-014,Nairobi,KEN,2023-07-01,7.3422,4,107,24.96
KEN-ADM2-014,Nairobi,KEN,2023-08-01,,0,107,24.96
KEN-ADM2-014,Nairobi,KEN,2023-09-01,7.0714,6,107,24.96
KEN-ADM2-014,Nairobi,KEN,2023-10-01,7.5751,12,107,24.96
KEN-ADM2-014,Nairobi,KEN,2023-11-01,7.2378,17,107,24.96
KEN-ADM2-014,Nairobi,KEN,2023-12-01,7.233,17,107,24.96
KEN-ADM2-014,Nairobi,KEN,2024-01-01,8.4265,20,107,24.96
KEN-ADM2-014,Nairobi,KEN,2024-02-01,7.8768,15,107,24.96
KEN-ADM2-014,Nairobi,KEN,2024-03-01,8.408,17,107,24.96
KEN-ADM2-014,Nairobi,KEN,2024-04-01,7.4229,11,107,24.96
KEN-ADM2-014,Nairobi,KEN,2024-05-01,7.3394,17,107,24.96
KEN-ADM2-014,Nairobi,KEN,2024-06-01,7.4852,3,107,24.96
KEN-ADM2-014,Nairobi,KEN,2024-07-01,7.9502,9,107,24.96
KEN-ADM2-014,Nairobi,KEN,2024-08-01,8.4654,16,107,24.96
KEN-ADM2-014,Nairobi,KEN,2024-09-01,7.7137,2,107,24.96
KEN-ADM2-014,Nairobi,KEN,2024-10-01,6.8286,11,107,24.96
KEN-ADM2-014,Nairobi,KEN,2024-11-01,7.4916,18,107,24.96
KEN-ADM2-014,Nairobi,KEN,2024-12-01,7.5541,15,107,24.96
KEN-ADM2-015,Nairobi,KEN,2019-01-01,12.3553,20,99,23.25
KEN-ADM2-015,Nairobi,KEN,2019-02-01,11.6284,16,99,23.25
KEN-ADM2-015,Nairobi,KEN,2019-03-01,13.0432,15,99,23.25
KEN-ADM2-015,Nairobi,KEN,2019-04-01,12.966,16,99,23.25
KEN-ADM2-015,Nairobi,KEN,2019-05-01,12.9056,12,99,23.25
KEN-ADM2-015,Nairobi,KEN,2019-06-01,13.0137,1,99,23.25
KEN-ADM2-015,Nairobi,KEN,2019-07-01,13.0618,1,99,23.25
KEN-ADM2-015,Nairobi,KEN,2019-08-01,11.8,11,99,23.25
KEN-ADM2-015,Nairobi,KEN,2019-09-01,10.6132,12,99,23.25
KEN-ADM2-015,Nairobi,KEN,2019-10-01,11.5278,15,99,23.25
KEN-ADM2-015,Nairobi,KEN,2019-11-01,13.9372,12,99,23.25
KEN-ADM2-015,Nairobi,KEN,2019-12-01,13.1338,11,99,23.25
KEN-ADM2-015,Nairobi,KEN,2020-01-01,14.0724,12,99,23.25
KEN-ADM2-015,Nairobi,KEN,2020-02-01,10.9833,8,99,23.25
KEN-ADM2-015,Nairobi,KEN,2020-03-01,12.7592,11,99,23.25
KEN-ADM2-015,Nairobi,KEN,2020-04-01,10.4727,10,99,23.25
KEN-ADM2-015,Nairobi,KEN,2020-05-01,10.401,18,99,23.25
KEN-ADM2-015,Nairobi,KEN,2020-06-01,10.3786,8,99,23.25
KEN-ADM2-015,Nairobi,KEN,2020-07-01,9.7412,11,99,23.25
KEN-ADM2-015,Nairobi,KEN,2020-08-01,9.9589,6,99,23.25
KEN-ADM2-015,Nairobi,KEN,2020-09-01,12.7441,8,99,23.25
KEN-ADM2-015,Nairobi,KEN,2020-10-01,12.2139,10,99,23.25
KEN-ADM2-015,Nairobi,KEN,2020-11-01,13.5349,21,99,23.25
KEN-ADM2-015,Nairobi,KEN,2020-12-01,13.0012,13,99,23.25
KEN-ADM2-015,Nairobi,KEN,2021-01-01,13.1552,15,99,23.25
KEN-ADM2-015,Nairobi,KEN,2021-02-01,12.9659,17,99,23.25
KEN-ADM2-015,Nairobi,KEN,2021-03-01,12.7802,8,99,23.25
KEN-ADM2-015,Nairobi,KEN,2021-04-01,14.3156,18,99,23.25
KEN-ADM2-015,Nairobi,KEN,2021-05-01,12.8578,16,99,23.25
KEN-ADM2-015,Nairobi,KEN,2021-06-01,14.4024,6,99,23.25
KEN-ADM2-015,Nairobi,KEN,2021-07-01,14.2629,4,99,23.25
KEN-ADM2-015,Nairobi,KEN,2021-08-01,12.5237,5,99,23.25
KEN-ADM2-015,Nairobi,KEN,2021-09-01,12.5255,8,99,23.25
KEN-ADM2-015,Nairobi,KEN,2021-10-01,13.1698,11,99,23.25
KEN-ADM2-015,Nairobi,KEN,2021-11-01,13.4484,15,99,23.25
KEN-ADM2-015,Nairobi,KEN,2021-12-01,13.6876,18,99,23.25
KEN-ADM2-015,Nairobi,KEN,2022-01-01,14.1995,13,99,23.25
KEN-ADM2-015,Nairobi,KEN,2022-02-01,14.2949,12,99,23.25
KEN-ADM2-015,Nairobi,KEN,2022-03-01,13.245,22,99,23.25
KEN-ADM2-015,Nairobi,KEN,2022-04-01,12.5403,11,99,23.25
KEN-ADM2-015,Nairobi,KEN,2022-05-01,15.9328,19,99,23.25
KEN-ADM2-015,Nairobi,KEN,2022-06-01,14.0775,6,99,23.25
KEN-ADM2-015,Nairobi,KEN,2022-07-01,14.4801,11,99,23.25
KEN-ADM2-015,Nairobi,KEN,2022-08-01,13.9834,1,99,23.25
KEN-ADM2-015,Nairobi,KEN,2022-09-01,12.3856,11,99,23.25
KEN-ADM2-015,Nairobi,KEN,2022-10-01,12.7619,10,99,23.25
KEN-ADM2-015,Nairobi,KEN,2022-11-01,13.3575,18,99,23.25
KEN-ADM2-015,Nairobi,KEN,2022-12-01,14.2943,17,99,23.25
KEN-ADM2-015,Nairobi,KEN,2023-01-01,12.8452,14,99,23.25
KEN-ADM2-015,Nairobi,KEN,2023-02-01,13.9407,14,99,23.25
KEN-ADM2-015,Nairobi,KEN,2023-03-01,15.02,8,99,23.25
KEN-ADM2-015,Nairobi,KEN,2023-04-01,15.6783,9,99,23.25
KEN-ADM2-015,Nairobi,KEN,2023-05-01,14.149,11,99,23.25
KEN-ADM2-015,Nairobi,KEN,2023-06-01,14.0707,4,99,23.25
KEN-ADM2-015,Nairobi,KEN,2023-07-01,15.847,7,99,23.25
KEN-ADM2-015,Nairobi,KEN,2023-08-01,15.1833,7,99,23.25
KEN-ADM2-015,Nairobi,KEN,2023-09-01,,0,99,23.25
KEN-ADM2-015,Nairobi,KEN,2023-10-01,13.2489,9,99,23.25
KEN-ADM2-015,Nairobi,KEN,2023-11-01,15.0392,9,99,23.25
KEN-ADM2-015,Nairobi,KEN,2023-12-01,13.4557,13,99,23.25
KEN-ADM2-015,Nairobi,KEN,2024-01-01,14.5252,15,99,23.25
KEN-ADM2-015,Nairobi,KEN,2024-02-01,15.4121,19,99,23.25
KEN-ADM2-015,Nairobi,KEN,2024-03-01,16.7454,15,99,23.25
KEN-ADM2-015,Nairobi,KEN,2024-04-01,14.461,17,99,23.25
KEN-ADM2-015,Nairobi,KEN,2024-05-01,16.3097,12,99,23.25
KEN-ADM2-015,Nairobi,KEN,2024-06-01,14.2865,7,99,23.25
KEN-ADM2-015,Nairobi,KEN,2024-07-01,15.2889,2,99,23.25
KEN-ADM2-015,Nairobi,KEN,2024-08-01,14.6774,2,99,23.25
KEN-ADM2-015,Nairobi,KEN,2024-09-01,15.3295,5,99,23.25
KEN-ADM2-015,Nairobi,KEN,2024-10-01,14.2555,18,99,23.25
KEN-ADM2-015,Nairobi,KEN,2024-11-01,14.1142,15,99,23.25
KEN-ADM2-015,Nairobi,KEN,2024-12-01,13.4478,12,99,23.25
KEN-ADM2-016,Nairobi,KEN,2019-01-01,21.114,11,52,12.26
KEN-ADM2-016,Nairobi,KEN,2019-02-01,21.9284,14,52,12.26
KEN-ADM2-016,Nairobi,KEN,2019-03-01,22.0007,10,52,12.26
KEN-ADM2-016,Nairobi,KEN,2019-04-01,20.6709,12,52,12.26
KEN-ADM2-016,Nairobi,KEN,2019-05-01,21.8222,12,52,12.26
KEN-ADM2-016,Nairobi,KEN,2019-06-01,21.2737,11,52,12.26
KEN-ADM2-016,Nairobi,KEN,2019-07-01,22.4109,6,52,12.26
KEN-ADM2-016,Nairobi,KEN,2019-08-01,21.7265,13,52,12.26
KEN-ADM2-016,Nairobi,KEN,2019-09-01,,0,52,12.26
KEN-ADM2-016,Nairobi,KEN,2019-10-01,19.5634,9,52,12.26
KEN-ADM2-016,Nairobi,KEN,2019-11-01,19.9032,15,52,12.26
KEN-ADM2-016,Nairobi,KEN,2019-12-01,22.2031,11,52,12.26
KEN-ADM2-016,Nairobi,KEN,2020-01-01,22.0556,10,52,12.26
KEN-ADM2-016,Nairobi,KEN,2020-02-01,22.2472,14,52,12.26
KEN-ADM2-016,Nairobi,KEN,2020-03-01,21.5916,14,52,12.26
KEN-ADM2-016,Nairobi,KEN,2020-04-01,17.1686,14,52,12.26
KEN-ADM2-016,Nairobi,KEN,2020-05-01,18.8173,15,52,12.26
KEN-ADM2-016,Nairobi,KEN,2020-06-01,16.8406,4,52,12.26
KEN-ADM2-016,Nairobi,KEN,2020-07-01,,0,52,12.26
KEN-ADM2-016,Nairobi,KEN,2020-08-01,17.5334,9,52,12.26
KEN-ADM2-016,Nairobi,KEN,2020-09-01,20.283,7,52,12.26
KEN-ADM2-016,Nairobi,KEN,2020-10-01,21.8548,15,52,12.26
KEN-ADM2-016,Nairobi,KEN,2020-11-01,21.6495,13,52,12.26
KEN-ADM2-016,Nairobi,KEN,2020-12-01,21.9456,18,52,12.26
KEN-ADM2-016,Nairobi,KEN,2021-01-01,22.3439,20,52,12.26
KEN-ADM2-016,Nairobi,KEN,2021-02-01,22.728,17,52,12.26
KEN-ADM2-016,Nairobi,KEN,2021-03-01,24.931,12,52,12.26
KEN-ADM2-016,Nairobi,KEN,2021-04-01,21.464,13,52,12.26
KEN-ADM2-016,Nairobi,KEN,2021-05-01,23.7979,13,52,12.26
KEN-ADM2-016,Nairobi,KEN,2021-06-01,21.231,7,52,12.26
KEN-ADM2-016,Nairobi,KEN,2021-07-01,24.8877,15,52,12.26
KEN-ADM2-016,Nairobi,KEN,2021-08-01,24.2341,9,52,12.26
KEN-ADM2-016,Nairobi,KEN,2021-09-01,22.5124,15,52,12.26
KEN-ADM2-016,Nairobi,KEN,2021-10-01,22.0094,18,52,12.26
KEN-ADM2-016,Nairobi,KEN,2021-11-01,22.5401,12,52,12.26
KEN-ADM2-016,Nairobi,KEN,2021-12-01,22.1808,14,52,12.26
KEN-ADM2-016,Nairobi,KEN,2022-01-01,23.5002,12,52,12.26
KEN-ADM2-016,Nairobi,KEN,2022-02-01,22.5075,18,52,12.26
KEN-ADM2-016,Nairobi,KEN,2022-03-01,26.2438,16,52,12.26
KEN-ADM2-016,Nairobi,KEN,2022-04-01,22.2375,19,52,12.26
KEN-ADM2-016,Nairobi,KEN,2022-05-01,24.4751,18,52,12.26
KEN-ADM2-016,Nairobi,KEN,2022-06-01,23.0951,6,52,12.26
KEN-ADM2-016,Nairobi,KEN,2022-07-01,24.264,12,52,12.26
KEN-ADM2-016,Nairobi,KEN,2022-08-01,,0,52,12.26
KEN-ADM2-016,Nairobi,KEN,2022-09-01,23.4539,7,52,12.26
KEN-ADM2-016,Nairobi,KEN,2022-10-01,20.8353,18,52,12.26
KEN-ADM2-016,Nairobi,KEN,2022-11-01,22.7961,18,52,12.26
KEN-ADM2-016,Nairobi,KEN,2022-12-01,22.9322,16,52,12.26
KEN-ADM2-016,Nairobi,KEN,2023-01-01,21.9374,14,52,12.26
KEN-ADM2-016,Nairobi,KEN,2023-02-01,24.2042,12,52,12.26
KEN-ADM2-016,Nairobi,KEN,2023-03-01,24.5517,16,52,12.26
KEN-ADM2-016,Nairobi,KEN,2023-04-01,24.7819,17,52,12.26
KEN-ADM2-016,Nairobi,KEN,2023-05-01,23.6814,16,52,12.26
KEN-ADM2-016,Nairobi,KEN,2023-06-01,21.7584,5,52,12.26
KEN-ADM2-016,Nairobi,KEN,2023-07-01,23.9825,7,52,12.26
KEN-ADM2-016,Nairobi,KEN,2023-08-01,22.0913,6,52,12.26
KEN-ADM2-016,Nairobi,KEN,2023-09-01,21.5043,12,52,12.26
KEN-ADM2-016,Nairobi,KEN,2023-10-01,21.1875,16,52,12.26
KEN-ADM2-016,Nairobi,KEN,2023-11-01,22.266,10,52,12.26
KEN-ADM2-016,Nairobi,KEN,2023-12-01,21.8171,20,52,12.26
KEN-ADM2-016,Nairobi,KEN,2024-01-01,23.547,18,52,12.26
KEN-ADM2-016,Nairobi,KEN,2024-02-01,27.0846,15,52,12.26
KEN-ADM2-016,Nairobi,KEN,2024-03-01,24.7866,10,52,12.26
KEN-ADM2-016,Nairobi,KEN,2024-04-01,25.3076,22,52,12.26
KEN-ADM2-016,Nairobi,KEN,2024-05-01,24.6308,11,52,12.26
KEN-ADM2-016,Nairobi,KEN,2024-06-01,24.5732,13,52,12.26
KEN-ADM2-016,Nairobi,KEN,2024-07-01,24.4174,5,52,12.26
KEN-ADM2-016,Nairobi,KEN,2024-08-01,24.3135,5,52,12.26
KEN-ADM2-016,Nairobi,KEN,2024-09-01,26.3222,7,52,12.26
KEN-ADM2-016,Nairobi,KEN,2024-10-01,24.6446,14,52,12.26
KEN-ADM2-016,Nairobi,KEN,2024-11-01,23.5793,16,52,12.26
KEN-ADM2-016,Nairobi,KEN,2024-12-01,25.241,9,52,12.26
KEN-ADM2-017,Nairobi,KEN,2019-01-01,9.8453,17,128,29.95
KEN-ADM2-017,Nairobi,KEN,2019-02-01,9.0577,19,128,29.95
KEN-ADM2-017,Nairobi,KEN,2019-03-01,9.426,15,128,29.95
KEN-ADM2-017,Nairobi,KEN,2019-04-01,10.1325,18,128,29.95
KEN-ADM2-017,Nairobi,KEN,2019-05-01,9.2896,17,128,29.95
KEN-ADM2-017,Nairobi,KEN,2019-06-01,9.4294,5,128,29.95
KEN-ADM2-017,Nairobi,KEN,2019-07-01,8.8709,1,128,29.95
KEN-ADM2-017,Nairobi,KEN,2019-08-01,8.8906,4,128,29.95
KEN-ADM2-017,Nairobi,KEN,2019-09-01,9.5568,8,128,29.95
KEN-ADM2-017,Nairobi,KEN,2019-10-01,8.4174,9,128,29.95
KEN-ADM2-017,Nairobi,KEN,2019-11-01,9.5178,13,128,29.95
KEN-ADM2-017,Nairobi,KEN,2019-12-01,10.3054,4,128,29.95
KEN-ADM2-017,Nairobi,KEN,2020-01-01,9.7576,15,128,29.95
KEN-ADM2-017,Nairobi,KEN,2020-02-01,9.0489,15,128,29.95
KEN-ADM2-017,Nairobi,KEN,2020-03-01,10.6018,18,128,29.95
KEN-ADM2-017,Nairobi,KEN,2020-04-01,8.3069,19,128,29.95
KEN-ADM2-017,Nairobi,KEN,2020-05-01,7.8382,13,128,29.95
KEN-ADM2-017,Nairobi,KEN,2020-06-01,7.6704,8,128,29.95
KEN-ADM2-017,Nairobi,KEN,2020-07-01,7.5336,9,128,29.95
KEN-ADM2-017,Nairobi,KEN,2020-08-01,8.0984,7,128,29.95
KEN-ADM2-017,Nairobi,KEN,2020-09-01,9.3708,2,128,29.95
KEN-ADM2-017,Nairobi,KEN,2020-10-01,8.741,13,128,29.95
KEN-ADM2-017,Nairobi,KEN,2020-11-01,9.0069,14,128,29.95
KEN-ADM2-017,Nairobi,KEN,2020-12-01,9.7397,13,128,29.95
KEN-ADM2-017,Nairobi,KEN,2021-01-01,8.6823,20,128,29.95
KEN-ADM2-017,Nairobi,KEN,2021-02-01,10.7989,12,128,29.95
KEN-ADM2-017,Nairobi,KEN,2021-03-01,9.7978,9,128,29.95
KEN-ADM2-017,Nairobi,KEN,2021-04-01,9.6009,17,128,29.95
KEN-ADM2-017,Nairobi,KEN,2021-05-01,10.7416,16,128,29.95
KEN-ADM2-017,Nairobi,KEN,2021-06-01,9.7289,8,128,29.95
KEN-ADM2-017,Nairobi,KEN,2021-07-01,10.4354,10,128,29.95
KEN-ADM2-017,Nairobi,KEN,2021-08-01,10.0991,3,128,29.95
KEN-ADM2-017,Nairobi,KEN,2021-09-01,10.8385,3,128,29.95
KEN-ADM2-017,Nairobi,KEN,2021-10-01,12.0704,11,128,29.95
KEN-ADM2-017,Nairobi,KEN,2021-11-01,8.7401,11,128,29.95
KEN-ADM2-017,Nairobi,KEN,2021-12-01,10.1445,25,128,29.95
KEN-ADM2-017,Nairobi,KEN,2022-01-01,10.234,13,128,29.95
KEN-ADM2-017,Nairobi,KEN,2022-02-01,10.0152,13,128,29.95
KEN-ADM2-017,Nairobi,KEN,2022-03-01,10.2847,8,128,29.95
KEN-ADM2-017,Nairobi,KEN,2022-04-01,11.5468,19,128,29.95
KEN-ADM2-017,Nairobi,KEN,2022-05-01,9.7613,20,128,29.95
KEN-ADM2-017,Nairobi,KEN,2022-06-01,11.1603,5,128,29.95
KEN-ADM2-017,Nairobi,KEN,2022-07-01,11.6317,7,128,29.95
KEN-ADM2-017,Nairobi,KEN,2022-08-01,10.6798,10,128,29.95
KEN-ADM2-017,Nairobi,KEN,2022-09-01,11.3725,2,128,29.95
KEN-ADM2-017,Nairobi,KEN,2022-10-01,10.3104,14,128,29.95
KEN-ADM2-017,Nairobi,KEN,2022-11-01,9.7122,13,128,29.95
KEN-ADM2-017,Nairobi,KEN,2022-12-01,10.9345,15,128,29.95
KEN-ADM2-017,Nairobi,KEN,2023-01-01,11.0396,11,128,29.95
KEN-ADM2-017,Nairobi,KEN,2023-02-01,11.326,14,128,29.95
KEN-ADM2-017,Nairobi,KEN,2023-03-01,11.5373,11,128,29.95
KEN-ADM2-017,Nairobi,KEN,2023-04-01,11.8961,18,128,29.95
KEN-ADM2-017,Nairobi,KEN,2023-05-01,11.7453,9,128,29.95
KEN-ADM2-017,Nairobi,KEN,2023-06-01,11.0862,7,128,29.95
KEN-ADM2-017,Nairobi,KEN,2023-07-01,10.2585,10,128,29.95
KEN-ADM2-017,Nairobi,KEN,2023-08-01,11.3875,6,128,29.95
KEN-ADM2-017,Nairobi,KEN,2023-09-01,10.148,6,128,29.95
KEN-ADM2-017,Nairobi,KEN,2023-10-01,10.2136,14,128,29.95
KEN-ADM2-017,Nairobi,KEN,2023-11-01,11.047,19,128,29.95
KEN-ADM2-017,Nairobi,KEN,2023-12-01,10.6321,12,128,29.95
KEN-ADM2-017,Nairobi,KEN,2024-01-01,10.655,16,128,29.95
KEN-ADM2-017,Nairobi,KEN,2024-02-01,13.0283,19,128,29.95
KEN-ADM2-017,Nairobi,KEN,2024-03-01,12.0585,18,128,29.95
KEN-ADM2-017,Nairobi,KEN,2024-04-01,12.1517,11,128,29.95
KEN-ADM2-017,Nairobi,KEN,2024-05-01,10.8232,19,128,29.95
KEN-ADM2-017,Nairobi,KEN,2024-06-01,11.5619,8,128,29.95
KEN-ADM2-017,Nairobi,KEN,2024-07-01,10.9966,7,128,29.95
KEN-ADM2-017,Nairobi,KEN,2024-08-01,12.7598,12,128,29.95
KEN-ADM2-017,Nairobi,KEN,2024-09-01,11.3439,9,128,29.95
KEN-ADM2-017,Nairobi,KEN,2024-10-01,11.6476,17,128,29.95
KEN-ADM2-017,Nairobi,KEN,2024-11-01,11.1803,10,128,29.95
KEN-ADM2-017,Nairobi,KEN,2024-12-01,11.1185,18,128,29.95
KHM-ADM2-001,Phnom Penh,KHM,2019-01-01,7.4113,11,92,21.46
KHM-ADM2-001,Phnom Penh,KHM,2019-02-01,8.81,13,92,21.46
KHM-ADM2-001,Phnom Penh,KHM,2019-03-01,7.5158,12,92,21.46
KHM-ADM2-001,Phnom Penh,KHM,2019-04-01,8.7441,20,92,21.46
KHM-ADM2-001,Phnom Penh,KHM,2019-05-01,9.1829,14,92,21.46
KHM-ADM2-001,Phnom Penh,KHM,2019-06-01,8.158,14,92,21.46
KHM-ADM2-001,Phnom Penh,KHM,2019-07-01,7.9242,7,92,21.46
KHM-ADM2-001,Phnom Penh,KHM,2019-08-01,7.0859,1,92,21.46
KHM-ADM2-001,Phnom Penh,KHM,2019-09-01,7.4656,7,92,21.46
KHM-ADM2-001,Phnom Penh,KHM,2019-10-01,8.2119,15,92,21.46
KHM-ADM2-001,Phnom Penh,KHM,2019-11-01,8.1866,12,92,21.46
KHM-ADM2-001,Phnom Penh,KHM,2019-12-01,8.1275,20,92,21.46
KHM-ADM2-001,Phnom Penh,KHM,2020-01-01,8.8755,18,92,21.46
KHM-ADM2-001,Phnom Penh,KHM,2020-02-01,8.1463,17,92,21.46
KHM-ADM2-001,Phnom Penh,KHM,2020-03-01,8.3215,14,92,21.46
KHM-ADM2-001,Phnom Penh,KHM,2020-04-01,6.6365,9,92,21.46
KHM-ADM2-001,Phnom Penh,KHM,2020-05-01,6.9825,13,92,21.46
KHM-ADM2-001,Phnom Penh,KHM,2020-06-01,7.0884,2,92,21.46
KHM-ADM2-001,Phnom Penh,KHM,2020-07-01,6.8803,6,92,21.46
KHM-ADM2-001,Phnom Penh,KHM,2020-08-01,6.7641,5,92,21.46
KHM-ADM2-001,Phnom Penh,KHM,2020-09-01,8.3306,5,92,21.46
KHM-ADM2-001,Phnom Penh,KHM,2020-10-01,8.291,17,92,21.46
KHM-ADM2-001,Phnom Penh,KHM,2020-11-01,8.5376,12,92,21.46
KHM-ADM2-001,Phnom Penh,KHM,2020-12-01,7.697,13,92,21.46
KHM-ADM2-001,Phnom Penh,KHM,2021-01-01,7.8949,19,92,21.46
KHM-ADM2-001,Phnom Penh,KHM,2021-02-01,7.8708,13,92,21.46
KHM-ADM2-001,Phnom Penh,KHM,2021-03-01,7.7461,13,92,21.46
KHM-ADM2-001,Phnom Penh,KHM,2021-04-01,8.6447,14,92,21.46
KHM-ADM2-001,Phnom Penh,KHM,2021-05-01,8.1631,14,92,21.46
KHM-ADM2-001,Phnom Penh,KHM,2021-06-01,9.2535,6,92,21.46
KHM-ADM2-001,Phnom Penh,KHM,2021-07-01,8.0549,6,92,21.46
KHM-ADM2-001,Phnom Penh,KHM,2021-08-01,8.1074,9,92,21.46
KHM-ADM2-001,Phnom Penh,KHM,2021-09-01,8.5656,4,92,21.46
KHM-ADM2-001,Phnom Penh,KHM,2021-10-01,7.9169,22,92,21.46
KHM-ADM2-001,Phnom Penh,KHM,2021-11-01,7.8931,20,92,21.46
KHM-ADM2-001,Phnom Penh,KHM,2021-12-01,8.2324,12,92,21.46
KHM-ADM2-001,Phnom Penh,KHM,2022-01-01,9.2232,25,92,21.46
KHM-ADM2-001,Phnom Penh,KHM,2022-02-01,9.2713,15,92,21.46
KHM-ADM2-001,Phnom Penh,KHM,2022-03-01,9.0205,14,92,21.46
KHM-ADM2-001,Phnom Penh,KHM,2022-04-01,9.5282,17,92,21.46
KHM-ADM2-001,Phnom Penh,KHM,2022-05-01,9.0986,23,92,21.46
KHM-ADM2-001,Phnom Penh,KHM,2022-06-01,10.2839,11,92,21.46
KHM-ADM2-001,Phnom Penh,KHM,2022-07-01,8.3973,5,92,21.46
KHM-ADM2-001,Phnom Penh,KHM,2022-08-01,8.9898,2,92,21.46
KHM-ADM2-001,Phnom Penh,KHM,2022-09-01,8.7588,2,92,21.46
KHM-ADM2-001,Phnom Penh,KHM,2022-10-01,9.0286,13,92,21.46
KHM-ADM2-001,Phnom Penh,KHM,2022-11-01,8.8623,13,92,21.46
KHM-ADM2-001,Phnom Penh,KHM,2022-12-01,9.134,16,92,21.46
KHM-ADM2-001,Phnom Penh,KHM,2023-01-01,8.935,11,92,21.46
KHM-ADM2-001,Phnom Penh,KHM,2023-02-01,8.886,11,92,21.46
KHM-ADM2-001,Phnom Penh,KHM,2023-03-01,8.9062,15,92,21.46
KHM-ADM2-001,Phnom Penh,KHM,2023-04-01,9.2631,11,92,21.46
KHM-ADM2-001,Phnom Penh,KHM,2023-05-01,8.5579,18,92,21.46
KHM-ADM2-001,Phnom Penh,KHM,2023-06-01,8.8485,8,92,21.46
KHM-ADM2-001,Phnom Penh,KHM,2023-07-01,9.9597,10,92,21.46
KHM-ADM2-001,Phnom Penh,KHM,2023-08-01,8.5054,8,92,21.46
KHM-ADM2-001,Phnom Penh,KHM,2023-09-01,9.0192,3,92,21.46
KHM-ADM2-001,Phnom Penh,KHM,2023-10-01,8.5419,20,92,21.46
KHM-ADM2-001,Phnom Penh,KHM,2023-11-01,9.1577,10,92,21.46
KHM-ADM2-001,Phnom Penh,KHM,2023-12-01,9.6714,14,92,21.46
KHM-ADM2-001,Phnom Penh,KHM,2024-01-01,9.9557,11,92,21.46
KHM-ADM2-001,Phnom Penh,KHM,2024-02-01,9.7752,17,92,21.46
KHM-ADM2-001,Phnom Penh,KHM,2024-03-01,10.1335,7,92,21.46
KHM-ADM2-001,Phnom Penh,KHM,2024-04-01,8.6125,18,92,21.46
KHM-ADM2-001,Phnom Penh,KHM,2024-05-01,9.3873,9,92,21.46
KHM-ADM2-001,Phnom Penh,KHM,2024-06-01,9.0546,12,92,21.46
KHM-ADM2-001,Phnom Penh,KHM,2024-07-01,9.5539,3,92,21.46
KHM-ADM2-001,Phnom Penh,KHM,2024-08-01,10.6463,10,92,21.46
KHM-ADM2-001,Phnom Penh,KHM,2024-09-01,8.3316,6,92,21.46
KHM-ADM2-001,Phnom Penh,KHM,2024-10-01,8.6395,15,92,21.46
KHM-ADM2-001,Phnom Penh,KHM,2024-11-01,9.6193,14,92,21.46
KHM-ADM2-001,Phnom Penh,KHM,2024-12-01,9.1533,13,92,21.46
KHM-ADM2-002,Phnom Penh,KHM,2019-01-01,6.8715,17,57,13.29
KHM-ADM2-002,Phnom Penh,KHM,2019-02-01,6.4871,11,57,13.29
KHM-ADM2-002,Phnom Penh,KHM,2019-03-01,8.3774,14,57,13.29
KHM-ADM2-002,Phnom Penh,KHM,2019-04-01,7.5504,10,57,13.29
KHM-ADM2-002,Phnom Penh,KHM,2019-05-01,6.9607,12,57,13.29
KHM-ADM2-002,Phnom Penh,KHM,2019-06-01,7.2502,6,57,13.29
KHM-ADM2-002,Phnom Penh,KHM,2019-07-01,7.1676,6,57,13.29
KHM-ADM2-002,Phnom Penh,KHM,2019-08-01,6.9145,2,57,13.29
KHM-ADM2-002,Phnom Penh,KHM,2019-09-01,6.7887,5,57,13.29
KHM-ADM2-002,Phnom Penh,KHM,2019-10-01,6.8036,13,57,13.29
KHM-ADM2-002,Phnom Penh,KHM,2019-11-01,6.7669,9,57,13.29
KHM-ADM2-002,Phnom Penh,KHM,2019-12-01,6.63,14,57,13.29
KHM-ADM2-002,Phnom Penh,KHM,2020-01-01,7.6274,7,57,13.29
KHM-ADM2-002,Phnom Penh,KHM,2020-02-01,7.2265,13,57,13.29
KHM-ADM2-002,Phnom Penh,KHM,2020-03-01,8.2602,14,57,13.29
KHM-ADM2-002,Phnom Penh,KHM,2020-04-01,6.5829,16,57,13.29
KHM-ADM2-002,Phnom Penh,KHM,2020-05-01,5.5049,11,57,13.29
KHM-ADM2-002,Phnom Penh,KHM,2020-06-01,6.2113,3,57,13.29
KHM-ADM2-002,Phnom Penh,KHM,2020-07-01,6.2618,2,57,13.29
KHM-ADM2-002,Phnom Penh,KHM,2020-08-01,6.8672,5,57,13.29
KHM-ADM2-002,Phnom Penh,KHM,2020-09-01,7.4245,6,57,13.29
KHM-ADM2-002,Phnom Penh,KHM,2020-10-01,7.5672,11,57,13.29
KHM-ADM2-002,Phnom Penh,KHM,2020-11-01,7.3131,13,57,13.29
KHM-ADM2-002,Phnom Penh,KHM,2020-12-01,7.3232,17,57,13.29
KHM-ADM2-002,Phnom Penh,KHM,2021-01-01,8.0382,13,57,13.29
KHM-ADM2-002,Phnom Penh,KHM,2021-02-01,8.2116,15,57,13.29
KHM-ADM2-002,Phnom Penh,KHM,2021-03-01,7.1657,9,57,13.29
KHM-ADM2-002,Phnom Penh,KHM,2021-04-01,7.9263,19,57,13.29
KHM-ADM2-002,Phnom Penh,KHM,2021-05-01,8.5404,14,57,13.29
KHM-ADM2-002,Phnom Penh,KHM,2021-06-01,7.7133,8,57,13.29
KHM-ADM2-002,Phnom Penh,KHM,2021-07-01,8.3936,1,57,13.29
KHM-ADM2-002,Phnom Penh,KHM,2021-08-01,7.7631,7,57,13.29
KHM-ADM2-002,Phnom Penh,KHM,2021-09-01,7.1481,9,57,13.29
KHM-ADM2-002,Phnom Penh,KHM,2021-10-01,8.2325,20,57,13.29
KHM-ADM2-002,Phnom Penh,KHM,2021-11-01,8.0253,23,57,13.29
KHM-ADM2-002,Phnom Penh,KHM,2021-12-01,8.0159,13,57,13.29
KHM-ADM2-002,Phnom Penh,KHM,2022-01-01,8.297,12,57,13.29
KHM-ADM2-002,Phnom Penh,KHM,2022-02-01,7.8864,10,57,13.29
KHM-ADM2-002,Phnom Penh,KHM,2022-03-01,8.7281,14,57,13.29
KHM-ADM2-002,Phnom Penh,KHM,2022-04-01,7.7444,14,57,13.29
KHM-ADM2-002,Phnom Penh,KHM,2022-05-01,7.9811,17,57,13.29
KHM-ADM2-002,Phnom Penh,KHM,2022-06-01,8.3702,2,57,13.29
KHM-ADM2-002,Phnom Penh,KHM,2022-07-01,7.5007,10,57,13.29
KHM-ADM2-002,Phnom Penh,KHM,2022-08-01,7.8793,7,57,13.29
KHM-ADM2-002,Phnom Penh,KHM,2022-09-01,7.8819,7,57,13.29
KHM-ADM2-002,Phnom Penh,KHM,2022-10-01,7.8212,10,57,13.29
KHM-ADM2-002,Phnom Penh,KHM,2022-11-01,8.4843,16,57,13.29
KHM-ADM2-002,Phnom Penh,KHM,2022-12-01,7.8855,13,57,13.29
KHM-ADM2-002,Phnom Penh,KHM,2023-01-01,8.7002,9,57,13.29
KHM-ADM2-002,Phnom Penh,KHM,2023-02-01,8.0241,14,57,13.29
KHM-ADM2-002,Phnom Penh,KHM,2023-03-01,7.9701,19,57,13.29
KHM-ADM2-002,Phnom Penh,KHM,2023-04-01,8.5557,16,57,13.29
KHM-ADM2-002,Phnom Penh,KHM,2023-05-01,8.3749,16,57,13.29
KHM-ADM2-002,Phnom Penh,KHM,2023-06-01,9.5392,8,57,13.29
KHM-ADM2-002,Phnom Penh,KHM,2023-07-01,8.9333,7,57,13.29
KHM-ADM2-002,Phnom Penh,KHM,2023-08-01,7.8374,2,57,13.29
KHM-ADM2-002,Phnom Penh,KHM,2023-09-01,8.5079,8,57,13.29
KHM-ADM2-002,Phnom Penh,KHM,2023-10-01,8.8854,15,57,13.29
KHM-ADM2-002,Phnom Penh,KHM,2023-11-01,7.7981,19,57,13.29
KHM-ADM2-002,Phnom Penh,KHM,2023-12-01,8.1646,10,57,13.29
KHM-ADM2-002,Phnom Penh,KHM,2024-01-01,8.764,8,57,13.29
KHM-ADM2-002,Phnom Penh,KHM,2024-02-01,9.7407,15,57,13.29
KHM-ADM2-002,Phnom Penh,KHM,2024-03-01,9.301,14,57,13.29
KHM-ADM2-002,Phnom Penh,KHM,2024-04-01,8.7748,16,57,13.29
KHM-ADM2-002,Phnom Penh,KHM,2024-05-01,8.969,10,57,13.29
KHM-ADM2-002,Phnom Penh,KHM,2024-06-01,9.4892,12,57,13.29
KHM-ADM2-002,Phnom Penh,KHM,2024-07-01,8.6809,8,57,13.29
KHM-ADM2-002,Phnom Penh,KHM,2024-08-01,9.3218,8,57,13.29
KHM-ADM2-002,Phnom Penh,KHM,2024-09-01,8.8559,4,57,13.29
KHM-ADM2-002,Phnom Penh,KHM,2024-10-01,9.1447,15,57,13.29
KHM-ADM2-002,Phnom Penh,KHM,2024-11-01,8.7752,18,57,13.29
KHM-ADM2-002,Phnom Penh,KHM,2024-12-01,8.1174,16,57,13.29
KHM-ADM2-003,Phnom Penh,KHM,2019-01-01,4.8991,13,78,18.28
KHM-ADM2-003,Phnom Penh,KHM,2019-02-01,5.3126,8,78,18.28
KHM-ADM2-003,Phnom Penh,KHM,2019-03-01,4.8232,10,78,18.28
KHM-ADM2-003,Phnom Penh,KHM,2019-04-01,5.5011,14,78,18.28
KHM-ADM2-003,Phnom Penh,KHM,2019-05-01,5.9172,12,78,18.28
KHM-ADM2-003,Phnom Penh,KHM,2019-06-01,5.3232,15,78,18.28
KHM-ADM2-003,Phnom Penh,KHM,2019-07-01,5.7987,10,78,18.28
KHM-ADM2-003,Phnom Penh,KHM,2019-08-01,5.6714,1,78,18.28
KHM-ADM2-003,Phnom Penh,KHM,2019-09-01,5.1854,9,78,18.28
KHM-ADM2-003,Phnom Penh,KHM,2019-10-01,4.7407,13,78,18.28
KHM-ADM2-003,Phnom Penh,KHM,2019-11-01,5.4099,11,78,18.28
KHM-ADM2-003,Phnom Penh,KHM,2019-12-01,5.0575,12,78,18.28
KHM-ADM2-003,Phnom Penh,KHM,2020-01-01,5.3506,12,78,18.28
KHM-ADM2-003,Phnom Penh,KHM,2020-02-01,5.6042,8,78,18.28
KHM-ADM2-003,Phnom Penh,KHM,2020-03-01,5.5413,16,78,18.28
KHM-ADM2-003,Phnom Penh,KHM,2020-04-01,4.6373,18,78,18.28
KHM-ADM2-003,Phnom Penh,KHM,2020-05-01,4.3185,14,78,18.28
KHM-ADM2-003,Phnom Penh,KHM,2020-06-01,,0,78,18.28
KHM-ADM2-003,Phnom Penh,KHM,2020-07-01,4.346,7,78,18.28
KHM-ADM2-003,Phnom Penh,KHM,2020-08-01,4.151,7,78,18.28
KHM-ADM2-003,Phnom Penh,KHM,2020-09-01,5.6208,5,78,18.28
KHM-ADM2-003,Phnom Penh,KHM,2020-10-01,5.3039,11,78,18.28
KHM-ADM2-003,Phnom Penh,KHM,2020-11-01,4.9507,18,78,18.28
KHM-ADM2-003,Phnom Penh,KHM,2020-12-01,5.0605,19,78,18.28
KHM-ADM2-003,Phnom Penh,KHM,2021-01-01,5.4919,7,78,18.28
KHM-ADM2-003,Phnom Penh,KHM,2021-02-01,6.3111,11,78,18.28
KHM-ADM2-003,Phnom Penh,KHM,2021-03-01,5.9392,15,78,18.28
KHM-ADM2-003,Phnom Penh,KHM,2021-04-01,5.5901,11,78,18.28
KHM-ADM2-003,Phnom Penh,KHM,2021-05-01,6.2853,18,78,18.28
KHM-ADM2-003,Phnom Penh,KHM,2021-06-01,6.3633,9,78,18.28
KHM-ADM2-003,Phnom Penh,KHM,2021-07-01,5.3982,5,78,18.28
KHM-ADM2-003,Phnom Penh,KHM,2021-08-01,5.6382,1,78,18.28
KHM-ADM2-003,Phnom Penh,KHM,2021-09-01,,0,78,18.28
KHM-ADM2-003,Phnom Penh,KHM,2021-10-01,5.5486,19,78,18.28
KHM-ADM2-003,Phnom Penh,KHM,2021-11-01,5.2118,11,78,18.28
KHM-ADM2-003,Phnom Penh,KHM,2021-12-01,5.9825,17,78,18.28
KHM-ADM2-003,Phnom Penh,KHM,2022-01-01,5.9707,17,78,18.28
KHM-ADM2-003,Phnom Penh,KHM,2022-02-01,5.757,5,78,18.28
KHM-ADM2-003,Phnom Penh,KHM,2022-03-01,6.104,12,78,18.28
KHM-ADM2-003,Phnom Penh,KHM,2022-04-01,6.2547,16,78,18.28
KHM-ADM2-003,Phnom Penh,KHM,2022-05-01,6.3185,26,78,18.28
KHM-ADM2-003,Phnom Penh,KHM,2022-06-01,5.4133,6,78,18.28
KHM-ADM2-003,Phnom Penh,KHM,2022-07-01,6.1773,6,78,18.28
KHM-ADM2-003,Phnom Penh,KHM,2022-08-01,,0,78,18.28
KHM-ADM2-003,Phnom Penh,KHM,2022-09-01,6.2164,5,78,18.28
KHM-ADM2-003,Phnom Penh,KHM,2022-10-01,6.0412,16,78,18.28
KHM-ADM2-003,Phnom Penh,KHM,2022-11-01,5.7942,15,78,18.28
KHM-ADM2-003,Phnom Penh,KHM,2022-12-01,6.229,16,78,18.28
KHM-ADM2-003,Phnom Penh,KHM,2023-01-01,5.9128,13,78,18.28
KHM-ADM2-003,Phnom Penh,KHM,2023-02-01,5.6054,14,78,18.28
KHM-ADM2-003,Phnom Penh,KHM,2023-03-01,6.1424,15,78,18.28
KHM-ADM2-003,Phnom Penh,KHM,2023-04-01,6.0697,10,78,18.28
KHM-ADM2-003,Phnom Penh,KHM,2023-05-01,6.7816,19,78,18.28
KHM-ADM2-003,Phnom Penh,KHM,2023-06-01,6.6851,7,78,18.28
KHM-ADM2-003,Phnom Penh,KHM,2023-07-01,6.3826,2,78,18.28
KHM-ADM2-003,Phnom Penh,KHM,2023-08-01,6.2762,5,78,18.28
KHM-ADM2-003,Phnom Penh,KHM,2023-09-01,6.2625,6,78,18.28
KHM-ADM2-003,Phnom Penh,KHM,2023-10-01,6.0802,15,78,18.28
KHM-ADM2-003,Phnom Penh,KHM,2023-11-01,6.2722,16,78,18.28
KHM-ADM2-003,Phnom Penh,KHM,2023-12-01,6.0594,11,78,18.28
KHM-ADM2-003,Phnom Penh,KHM,2024-01-01,6.9261,11,78,18.28
KHM-ADM2-003,Phnom Penh,KHM,2024-02-01,6.1093,13,78,18.28
KHM-ADM2-003,Phnom Penh,KHM,2024-03-01,6.7405,14,78,18.28
KHM-ADM2-003,Phnom Penh,KHM,2024-04-01,7.2008,17,78,18.28
KHM-ADM2-003,Phnom Penh,KHM,2024-05-01,6.9375,17,78,18.28
KHM-ADM2-003,Phnom Penh,KHM,2024-06-01,6.4425,3,78,18.28
KHM-ADM2-003,Phnom Penh,KHM,2024-07-01,,0,78,18.28
KHM-ADM2-003,Phnom Penh,KHM,2024-08-01,6.2243,4,78,18.28
KHM-ADM2-003,Phnom Penh,KHM,2024-09-01,6.3256,5,78,18.28
KHM-ADM2-003,Phnom Penh,KHM,2024-10-01,6.2591,16,78,18.28
KHM-ADM2-003,Phnom Penh,KHM,2024-11-01,5.4951,18,78,18.28
KHM-ADM2-003,Phnom Penh,KHM,2024-12-01,6.3068,13,78,18.28
KHM-ADM2-004,Phnom Penh,KHM,2019-01-01,16.4051,17,59,13.73
KHM-ADM2-004,Phnom Penh,KHM,2019-02-01,18.012,15,59,13.73
KHM-ADM2-004,Phnom Penh,KHM,2019-03-01,20.4788,15,59,13.73
KHM-ADM2-004,Phnom Penh,KHM,2019-04-01,20.9709,15,59,13.73
KHM-ADM2-004,Phnom Penh,KHM,2019-05-01,19.8325,14,59,13.73
KHM-ADM2-004,Phnom Penh,KHM,2019-06-01,20.6665,5,59,13.73
KHM-ADM2-004,Phnom Penh,KHM,2019-07-01,18.7437,8,59,13.73
KHM-ADM2-004,Phnom Penh,KHM,2019-08-01,18.5903,14,59,13.73
KHM-ADM2-004,Phnom Penh,KHM,2019-09-01,18.9198,2,59,13.73
KHM-ADM2-004,Phnom Penh,KHM,2019-10-01,20.9863,15,59,13.73
KHM-ADM2-004,Phnom Penh,KHM,2019-11-01,18.5437,15,59,13.73
KHM-ADM2-004,Phnom Penh,KHM,2019-12-01,20.0978,15,59,13.73
KHM-ADM2-004,Phnom Penh,KHM,2020-01-01,20.5995,15,59,13.73
KHM-ADM2-004,Phnom Penh,KHM,2020-02-01,19.4607,9,59,13.73
KHM-ADM2-004,Phnom Penh,KHM,2020-03-01,22.9938,15,59,13.73
KHM-ADM2-004,Phnom Penh,KHM,2020-04-01,16.9294,14,59,13.73
KHM-ADM2-004,Phnom Penh,KHM,2020-05-01,16.0885,16,59,13.73
KHM-ADM2-004,Phnom Penh,KHM,2020-06-01,17.7921,2,59,13.73
KHM-ADM2-004,Phnom Penh,KHM,2020-07-01,17.2695,6,59,13.73
KHM-ADM2-004,Phnom Penh,KHM,2020-08-01,17.2979,8,59,13.73
KHM-ADM2-004,Phnom Penh,KHM,2020-09-01,20.6122,5,59,13.73
KHM-ADM2-004,Phnom Penh,KHM,2020-10-01,23.1423,12,59,13.73
KHM-ADM2-004,Phnom Penh,KHM,2020-11-01,20.7146,13,59,13.73
KHM-ADM2-004,Phnom Penh,KHM,2020-12-01,21.2693,14,59,13.73
KHM-ADM2-004,Phnom Penh,KHM,2021-01-01,24.2658,15,59,13.73
KHM-ADM2-004,Phnom Penh,KHM,2021-02-01,25.048,18,59,13.73
KHM-ADM2-004,Phnom Penh,KHM,2021-03-01,20.434,13,59,13.73
KHM-ADM2-004,Phnom Penh,KHM,2021-04-01,24.1504,12,59,13.73
KHM-ADM2-004,Phnom Penh,KHM,2021-05-01,21.8106,17,59,13.73
KHM-ADM2-004,Phnom Penh,KHM,2021-06-01,24.021,2,59,13.73
KHM-ADM2-004,Phnom Penh,KHM,2021-07-01,22.0611,5,59,13.73
KHM-ADM2-004,Phnom Penh,KHM,2021-08-01,21.9054,3,59,13.73
KHM-ADM2-004,Phnom Penh,KHM,2021-09-01,21.3621,1,59,13.73
KHM-ADM2-004,Phnom Penh,KHM,2021-10-01,23.7756,8,59,13.73
KHM-ADM2-004,Phnom Penh,KHM,2021-11-01,21.309,16,59,13.73
KHM-ADM2-004,Phnom Penh,KHM,2021-12-01,25.1199,21,59,13.73
KHM-ADM2-004,Phnom Penh,KHM,2022-01-01,22.3086,14,59,13.73
KHM-ADM2-004,Phnom Penh,KHM,2022-02-01,23.5237,20,59,13.73
KHM-ADM2-004,Phnom Penh,KHM,2022-03-01,23.7275,17,59,13.73
KHM-ADM2-004,Phnom Penh,KHM,2022-04-01,22.7827,12,59,13.73
KHM-ADM2-004,Phnom Penh,KHM,2022-05-01,27.2974,14,59,13.73
KHM-ADM2-004,Phnom Penh,KHM,2022-06-01,24.7541,8,59,13.73
KHM-ADM2-004,Phnom Penh,KHM,2022-07-01,23.6854,8,59,13.73
KHM-ADM2-004,Phnom Penh,KHM,2022-08-01,23.2085,2,59,13.73
KHM-ADM2-004,Phnom Penh,KHM,2022-09-01,24.3322,9,59,13.73
KHM-ADM2-004,Phnom Penh,KHM,2022-10-01,22.0048,16,59,13.73
KHM-ADM2-004,Phnom Penh,KHM,2022-11-01,22.8799,16,59,13.73
KHM-ADM2-004,Phnom Penh,KHM,2022-12-01,24.228,14,59,13.73
KHM-ADM2-004,Phnom Penh,KHM,2023-01-01,24.5826,16,59,13.73
KHM-ADM2-004,Phnom Penh,KHM,2023-02-01,23.3323,19,59,13.73
KHM-ADM2-004,Phnom Penh,KHM,2023-03-01,26.2714,13,59,13.73
KHM-ADM2-004,Phnom Penh,KHM,2023-04-01,28.3738,15,59,13.73
KHM-ADM2-004,Phnom Penh,KHM,2023-05-01,25.5131,14,59,13.73
KHM-ADM2-004,Phnom Penh,KHM,2023-06-01,26.2261,7,59,13.73
KHM-ADM2-004,Phnom Penh,KHM,2023-07-01,25.7599,6,59,13.73
KHM-ADM2-004,Phnom Penh,KHM,2023-08-01,22.0093,8,59,13.73
KHM-ADM2-004,Phnom Penh,KHM,2023-09-01,24.396,12,59,13.73
KHM-ADM2-004,Phnom Penh,KHM,2023-10-01,24.2699,12,59,13.73
KHM-ADM2-004,Phnom Penh,KHM,2023-11-01,25.2137,17,59,13.73
KHM-ADM2-004,Phnom Penh,KHM,2023-12-01,24.8684,11,59,13.73
KHM-ADM2-004,Phnom Penh,KHM,2024-01-01,24.2578,10,59,13.73
KHM-ADM2-004,Phnom Penh,KHM,2024-02-01,25.3892,14,59,13.73
KHM-ADM2-004,Phnom Penh,KHM,2024-03-01,24.3351,17,59,13.73
KHM-ADM2-004,Phnom Penh,KHM,2024-04-01,28.2897,12,59,13.73
KHM-ADM2-004,Phnom Penh,KHM,2024-05-01,28.545,14,59,13.73
KHM-ADM2-004,Phnom Penh,KHM,2024-06-01,28.1611,3,59,13.73
KHM-ADM2-004,Phnom Penh,KHM,2024-07-01,26.4938,6,59,13.73
KHM-ADM2-004,Phnom Penh,KHM,2024-08-01,25.5082,3,59,13.73
KHM-ADM2-004,Phnom Penh,KHM,2024-09-01,26.0702,5,59,13.73
KHM-ADM2-004,Phnom Penh,KHM,2024-10-01,26.8275,14,59,13.73
KHM-ADM2-004,Phnom Penh,KHM,2024-11-01,26.4911,20,59,13.73
KHM-ADM2-004,Phnom Penh,KHM,2024-12-01,26.512,10,59,13.73
KHM-ADM2-005,Phnom Penh,KHM,2019-01-01,12.9509,9,49,11.5
KHM-ADM2-005,Phnom Penh,KHM,2019-02-01,12.1537,16,49,11.5
KHM-ADM2-005,Phnom Penh,KHM,2019-03-01,12.1802,11,49,11.5
KHM-ADM2-005,Phnom Penh,KHM,2019-04-01,11.2504,15,49,11.5
KHM-ADM2-005,Phnom Penh,KHM,2019-05-01,12.5548,10,49,11.5
KHM-ADM2-005,Phnom Penh,KHM,2019-06-01,12.441,8,49,11.5
KHM-ADM2-005,Phnom Penh,KHM,2019-07-01,,0,49,11.5
KHM-ADM2-005,Phnom Penh,KHM,2019-08-01,12.1457,1,49,11.5
KHM-ADM2-005,Phnom Penh,KHM,2019-09-01,11.1301,9,49,11.5
KHM-ADM2-005,Phnom Penh,KHM,2019-10-01,10.7228,13,49,11.5
KHM-ADM2-005,Phnom Penh,KHM,2019-11-01,10.8344,12,49,11.5
KHM-ADM2-005,Phnom Penh,KHM,2019-12-01,12.0685,20,49,11.5
KHM-ADM2-005,Phnom Penh,KHM,2020-01-01,10.3184,12,49,11.5
KHM-ADM2-005,Phnom Penh,KHM,2020-02-01,12.4378,20,49,11.5
KHM-ADM2-005,Phnom Penh,KHM,2020-03-01,13.2365,22,49,11.5
KHM-ADM2-005,Phnom Penh,KHM,2020-04-01,9.7855,12,49,11.5
KHM-ADM2-005,Phnom Penh,KHM,2020-05-01,9.6121,12,49,11.5
KHM-ADM2-005,Phnom Penh,KHM,2020-06-01,8.6392,6,49,11.5
KHM-ADM2-005,Phnom Penh,KHM,2020-07-01,9.6003,8,49,11.5
KHM-ADM2-005,Phnom Penh,KHM,2020-08-01,9.6298,9,49,11.5
KHM-ADM2-005,Phnom Penh,KHM,2020-09-01,11.9202,6,49,11.5
KHM-ADM2-005,Phnom Penh,KHM,2020-10-01,10.8837,12,49,11.5
KHM-ADM2-005,Phnom Penh,KHM,2020-11-01,11.4172,14,49,11.5
KHM-ADM2-005,Phnom Penh,KHM,2020-12-01,12.7091,15,49,11.5
KHM-ADM2-005,Phnom Penh,KHM,2021-01-01,13.2326,16,49,11.5
KHM-ADM2-005,Phnom Penh,KHM,2021-02-01,11.6898,17,49,11.5
KHM-ADM2-005,Phnom Penh,KHM,2021-03-01,12.4095,9,49,11.5
KHM-ADM2-005,Phnom Penh,KHM,2021-04-01,13.0388,15,49,11.5
KHM-ADM2-005,Phnom Penh,KHM,2021-05-01,12.5346,13,49,11.5
KHM-ADM2-005,Phnom Penh,KHM,2021-06-01,11.5964,10,49,11.5
KHM-ADM2-005,Phnom Penh,KHM,2021-07-01,11.6491,2,49,11.5
KHM-ADM2-005,Phnom Penh,KHM,2021-08-01,11.2934,4,49,11.5
KHM-ADM2-005,Phnom Penh,KHM,2021-09-01,11.5959,6,49,11.5
KHM-ADM2-005,Phnom Penh,KHM,2021-10-01,10.8981,17,49,11.5
KHM-ADM2-005,Phnom Penh,KHM,2021-11-01,12.0368,11,49,11.5
KHM-ADM2-005,Phnom Penh,KHM,2021-12-01,12.9627,9,49,11.5
KHM-ADM2-005,Phnom Penh,KHM,2022-01-01,13.1657,11,49,11.5
KHM-ADM2-005,Phnom Penh,KHM,2022-02-01,13.2388,11,49,11.5
KHM-ADM2-005,Phnom Penh,KHM,2022-03-01,13.4025,15,49,11.5
KHM-ADM2-005,Phnom Penh,KHM,2022-04-01,12.1782,13,49,11.5
KHM-ADM2-005,Phnom Penh,KHM,2022-05-01,11.3755,11,49,11.5
KHM-ADM2-005,Phnom Penh,KHM,2022-06-01,13.2661,8,49,11.5
KHM-ADM2-005,Phnom Penh,KHM,2022-07-01,12.9273,3,49,11.5
KHM-ADM2-005,Phnom Penh,KHM,2022-08-01,10.6654,5,49,11.5
KHM-ADM2-005,Phnom Penh,KHM,2022-09-01,11.8881,5,49,11.5
KHM-ADM2-005,Phnom Penh,KHM,2022-10-01,11.0369,13,49,11.5
KHM-ADM2-005,Phnom Penh,KHM,2022-11-01,11.7878,21,49,11.5
KHM-ADM2-005,Phnom Penh,KHM,2022-12-01,12.0738,15,49,11.5
KHM-ADM2-005,Phnom Penh,KHM,2023-01-01,12.8215,14,49,11.5
KHM-ADM2-005,Phnom Penh,KHM,2023-02-01,11.6387,15,49,11.5
KHM-ADM2-005,Phnom Penh,KHM,2023-03-01,12.9307,5,49,11.5
KHM-ADM2-005,Phnom Penh,KHM,2023-04-01,12.8092,11,49,11.5
KHM-ADM2-005,Phnom Penh,KHM,2023-05-01,13.1189,11,49,11.5
KHM-ADM2-005,Phnom Penh,KHM,2023-06-01,11.5747,5,49,11.5
KHM-ADM2-005,Phnom Penh,KHM,2023-07-01,13.6949,8,49,11.5
KHM-ADM2-005,Phnom Penh,KHM,2023-08-01,12.3681,4,49,11.5
KHM-ADM2-005,Phnom Penh,KHM,2023-09-01,11.3081,13,49,11.5
KHM-ADM2-005,Phnom Penh,KHM,2023-10-01,11.1813,21,49,11.5
KHM-ADM2-005,Phnom Penh,KHM,2023-11-01,11.9434,18,49,11.5
KHM-ADM2-005,Phnom Penh,KHM,2023-12-01,13.1256,17,49,11.5
KHM-ADM2-005,Phnom Penh,KHM,2024-01-01,13.4547,20,49,11.5
KHM-ADM2-005,Phnom Penh,KHM,2024-02-01,13.7624,15,49,11.5
KHM-ADM2-005,Phnom Penh,KHM,2024-03-01,13.2208,14,49,11.5
KHM-ADM2-005,Phnom Penh,KHM,2024-04-01,11.6063,15,49,11.5
KHM-ADM2-005,Phnom Penh,KHM,2024-05-01,13.0525,12,49,11.5
KHM-ADM2-005,Phnom Penh,KHM,2024-06-01,12.1906,6,49,11.5
KHM-ADM2-005,Phnom Penh,KHM,2024-07-01,11.7381,6,49,11.5
KHM-ADM2-005,Phnom Penh,KHM,2024-08-01,12.6724,1,49,11.5
KHM-ADM2-005,Phnom Penh,KHM,2024-09-01,11.8099,6,49,11.5
KHM-ADM2-005,Phnom Penh,KHM,2024-10-01,10.9886,12,49,11.5
KHM-ADM2-005,Phnom Penh,KHM,2024-11-01,12.0398,12,49,11.5
KHM-ADM2-005,Phnom Penh,KHM,2024-12-01,12.2471,21,49,11.5
KHM-ADM2-006,Phnom Penh,KHM,2019-01-01,20.0111,11,147,34.32
KHM-ADM2-006,Phnom Penh,KHM,2019-02-01,19.8107,12,147,34.32
KHM-ADM2-006,Phnom Penh,KHM,2019-03-01,23.0103,7,147,34.32
KHM-ADM2-006,Phnom Penh,KHM,2019-04-01,22.3909,16,147,34.32
KHM-ADM2-006,Phnom Penh,KHM,2019-05-01,20.7297,22,147,34.32
KHM-ADM2-006,Phnom Penh,KHM,2019-06-01,23.2002,8,147,34.32
KHM-ADM2-006,Phnom Penh,KHM,2019-07-01,21.8169,3,147,34.32
KHM-ADM2-006,Phnom Penh,KHM,2019-08-01,22.7257,9,147,34.32
KHM-ADM2-006,Phnom Penh,KHM,2019-09-01,21.4006,7,147,34.32
KHM-ADM2-006,Phnom Penh,KHM,2019-10-01,20.4036,8,147,34.32
KHM-ADM2-006,Phnom Penh,KHM,2019-11-01,25.0993,17,147,34.32
KHM-ADM2-006,Phnom Penh,KHM,2019-12-01,21.5292,12,147,34.32
KHM-ADM2-006,Phnom Penh,KHM,2020-01-01,22.7799,10,147,34.32
KHM-ADM2-006,Phnom Penh,KHM,2020-02-01,23.9409,11,147,34.32
KHM-ADM2-006,Phnom Penh,KHM,2020-03-01,23.6959,11,147,34.32
KHM-ADM2-006,Phnom Penh,KHM,2020-04-01,20.7983,13,147,34.32
KHM-ADM2-006,Phnom Penh,KHM,2020-05-01,17.8043,12,147,34.32
KHM-ADM2-006,Phnom Penh,KHM,2020-06-01,19.9278,12,147,34.32
KHM-ADM2-006,Phnom Penh,KHM,2020-07-01,19.8604,5,147,34.32
KHM-ADM2-006,Phnom Penh,KHM,2020-08-01,16.825,6,147,34.32
KHM-ADM2-006,Phnom Penh,KHM,2020-09-01,22.4584,1,147,34.32
KHM-ADM2-006,Phnom Penh,KHM,2020-10-01,21.8614,11,147,34.32
KHM-ADM2-006,Phnom Penh,KHM,2020-11-01,23.4943,13,147,34.32
KHM-ADM2-006,Phnom Penh,KHM,2020-12-01,23.8228,15,147,34.32
KHM-ADM2-006,Phnom Penh,KHM,2021-01-01,23.1136,15,147,34.32
KHM-ADM2-006,Phnom Penh,KHM,2021-02-01,22.7956,13,147,34.32
KHM-ADM2-006,Phnom Penh,KHM,2021-03-01,24.2671,17,147,34.32
KHM-ADM2-006,Phnom Penh,KHM,2021-04-01,25.2238,17,147,34.32
KHM-ADM2-006,Phnom Penh,KHM,2021-05-01,22.7032,12,147,34.32
KHM-ADM2-006,Phnom Penh,KHM,2021-06-01,24.5437,6,147,34.32
KHM-ADM2-006,Phnom Penh,KHM,2021-07-01,24.196,15,147,34.32
KHM-ADM2-006,Phnom Penh,KHM,2021-08-01,25.2854,2,147,34.32
KHM-ADM2-006,Phnom Penh,KHM,2021-09-01,23.7126,14,147,34.32
KHM-ADM2-006,Phnom Penh,KHM,2021-10-01,23.0517,15,147,34.32
KHM-ADM2-006,Phnom Penh,KHM,2021-11-01,21.4899,10,147,34.32
KHM-ADM2-006,Phnom Penh,KHM,2021-12-01,24.1783,14,147,34.32
KHM-ADM2-006,Phnom Penh,KHM,2022-01-01,20.4876,14,147,34.32
KHM-ADM2-006,Phnom Penh,KHM,2022-02-01,27.5106,16,147,34.32
KHM-ADM2-006,Phnom Penh,KHM,2022-03-01,25.1743,10,147,34.32
KHM-ADM2-006,Phnom Penh,KHM,2022-04-01,26.046,12,147,34.32
KHM-ADM2-006,Phnom Penh,KHM,2022-05-01,26.3391,20,147,34.32
KHM-ADM2-006,Phnom Penh,KHM,2022-06-01,23.9564,5,147,34.32
KHM-ADM2-006,Phnom Penh,KHM,2022-07-01,26.9389,8,147,34.32
KHM-ADM2-006,Phnom Penh,KHM,2022-08-01,26.3066,4,147,34.32
KHM-ADM2-006,Phnom Penh,KHM,2022-09-01,23.5103,5,147,34.32
KHM-ADM2-006,Phnom Penh,KHM,2022-10-01,24.4609,11,147,34.32
KHM-ADM2-006,Phnom Penh,KHM,2022-11-01,23.7727,20,147,34.32
KHM-ADM2-006,Phnom Penh,KHM,2022-12-01,23.767,18,147,34.32
KHM-ADM2-006,Phnom Penh,KHM,2023-01-01,26.8626,15,147,34.32
KHM-ADM2-006,Phnom Penh,KHM,2023-02-01,26.4424,14,147,34.32
KHM-ADM2-006,Phnom Penh,KHM,2023-03-01,26.201,11,147,34.32
KHM-ADM2-006,Phnom Penh,KHM,2023-04-01,27.5788,8,147,34.32
KHM-ADM2-006,Phnom Penh,KHM,2023-05-01,27.0181,16,147,34.32
KHM-ADM2-006,Phnom Penh,KHM,2023-06-01,25.2728,5,147,34.32
KHM-ADM2-006,Phnom Penh,KHM,2023-07-01,24.8934,9,147,34.32
KHM-ADM2-006,Phnom Penh,KHM,2023-08-01,21.8013,3,147,34.32
KHM-ADM2-006,Phnom Penh,KHM,2023-09-01,25.2534,4,147,34.32
KHM-ADM2-006,Phnom Penh,KHM,2023-10-01,23.707,15,147,34.32
KHM-ADM2-006,Phnom Penh,KHM,2023-11-01,25.1496,15,147,34.32
KHM-ADM2-006,Phnom Penh,KHM,2023-12-01,27.5717,12,147,34.32
KHM-ADM2-006,Phnom Penh,KHM,2024-01-01,27.146,20,147,34.32
KHM-ADM2-006,Phnom Penh,KHM,2024-02-01,23.8371,13,147,34.32
KHM-ADM2-006,Phnom Penh,KHM,2024-03-01,26.084,13,147,34.32
KHM-ADM2-006,Phnom Penh,KHM,2024-04-01,24.8787,16,147,34.32
KHM-ADM2-006,Phnom Penh,KHM,2024-05-01,28.2856,17,147,34.32
KHM-ADM2-006,Phnom Penh,KHM,2024-06-01,24.2709,3,147,34.32
KHM-ADM2-006,Phnom Penh,KHM,2024-07-01,25.7757,2,147,34.32
KHM-ADM2-006,Phnom Penh,KHM,2024-08-01,24.5648,2,147,34.32
KHM-ADM2-006,Phnom Penh,KHM,2024-09-01,23.9193,11,147,34.32
KHM-ADM2-006,Phnom Penh,KHM,2024-10-01,23.315,7,147,34.32
KHM-ADM2-006,Phnom Penh,KHM,2024-11-01,25.2241,16,147,34.32
KHM-ADM2-006,Phnom Penh,KHM,2024-12-01,23.4092,16,147,34.32
KHM-ADM2-007,Phnom Penh,KHM,2019-01-01,5.2463,12,70,16.35
KHM-ADM2-007,Phnom Penh,KHM,2019-02-01,5.6612,15,70,16.35
KHM-ADM2-007,Phnom Penh,KHM,2019-03-01,6.0195,18,70,16.35
KHM-ADM2-007,Phnom Penh,KHM,2019-04-01,5.5004,15,70,16.35
KHM-ADM2-007,Phnom Penh,KHM,2019-05-01,5.8013,25,70,16.35
KHM-ADM2-007,Phnom Penh,KHM,2019-06-01,4.7607,5,70,16.35
KHM-ADM2-007,Phnom Penh,KHM,2019-07-01,,0,70,16.35
KHM-ADM2-007,Phnom Penh,KHM,2019-08-01,5.3494,5,70,16.35
KHM-ADM2-007,Phnom Penh,KHM,2019-09-01,,0,70,16.35
KHM-ADM2-007,Phnom Penh,KHM,2019-10-01,4.7569,14,70,16.35
KHM-ADM2-007,Phnom Penh,KHM,2019-11-01,4.8498,19,70,16.35
KHM-ADM2-007,Phnom Penh,KHM,2019-12-01,4.9703,13,70,16.35
KHM-ADM2-007,Phnom Penh,KHM,2020-01-01,5.6842,13,70,16.35
KHM-ADM2-007,Phnom Penh,KHM,2020-02-01,6.1398,17,70,16.35
KHM-ADM2-007,Phnom Penh,KHM,2020-03-01,5.2205,12,70,16.35
KHM-ADM2-007,Phnom Penh,KHM,2020-04-01,5.2997,17,70,16.35
KHM-ADM2-007,Phnom Penh,KHM,2020-05-01,4.3839,15,70,16.35
KHM-ADM2-007,Phnom Penh,KHM,2020-06-01,4.3478,5,70,16.35
KHM-ADM2-007,Phnom Penh,KHM,2020-07-01,4.561,1,70,16.35
KHM-ADM2-007,Phnom Penh,KHM,2020-08-01,4.3965,8,70,16.35
KHM-ADM2-007,Phnom Penh,KHM,2020-09-01,4.5987,7,70,16.35
KHM-ADM2-007,Phnom Penh,KHM,2020-10-01,5.2875,18,70,16.35
KHM-ADM2-007,Phnom Penh,KHM,2020-11-01,5.3922,25,70,16.35
KHM-ADM2-007,Phnom Penh,KHM,2020-12-01,5.564,15,70,16.35
KHM-ADM2-007,Phnom Penh,KHM,2021-01-01,5.7352,17,70,16.35
KHM-ADM2-007,Phnom Penh,KHM,2021-02-01,5.5809,12,70,16.35
KHM-ADM2-007,Phnom Penh,KHM,2021-03-01,5.8124,10,70,16.35
KHM-ADM2-007,Phnom Penh,KHM,2021-04-01,5.8406,14,70,16.35
KHM-ADM2-007,Phnom Penh,KHM,2021-05-01,6.0743,13,70,16.35
KHM-ADM2-007,Phnom Penh,KHM,2021-06-01,,0,70,16.35
KHM-ADM2-007,Phnom Penh,KHM,2021-07-01,5.3679,3,70,16.35
KHM-ADM2-007,Phnom Penh,KHM,2021-08-01,5.693,8,70,16.35
KHM-ADM2-007,Phnom Penh,KHM,2021-09-01,6.0421,7,70,16.35
KHM-ADM2-007,Phnom Penh,KHM,2021-10-01,5.5205,20,70,16.35
KHM-ADM2-007,Phnom Penh,KHM,2021-11-01,5.676,13,70,16.35
KHM-ADM2-007,Phnom Penh,KHM,2021-12-01,5.6306,12,70,16.35
KHM-ADM2-007,Phnom Penh,KHM,2022-01-01,5.9323,15,70,16.35
KHM-ADM2-007,Phnom Penh,KHM,2022-02-01,5.2425,17,70,16.35
KHM-ADM2-007,Phnom Penh,KHM,2022-03-01,6.0284,10,70,16.35
KHM-ADM2-007,Phnom Penh,KHM,2022-04-01,5.9285,12,70,16.35
KHM-ADM2-007,Phnom Penh,KHM,2022-05-01,5.8658,23,70,16.35
KHM-ADM2-007,Phnom Penh,KHM,2022-06-01,5.9885,8,70,16.35
KHM-ADM2-007,Phnom Penh,KHM,2022-07-01,6.1052,9,70,16.35
KHM-ADM2-007,Phnom Penh,KHM,2022-08-01,5.5754,3,70,16.35
KHM-ADM2-007,Phnom Penh,KHM,2022-09-01,5.72,2,70,16.35
KHM-ADM2-007,Phnom Penh,KHM,2022-10-01,5.1643,15,70,16.35
KHM-ADM2-007,Phnom Penh,KHM,2022-11-01,6.5205,11,70,16.35
KHM-ADM2-007,Phnom Penh,KHM,2022-12-01,5.5774,11,70,16.35
KHM-ADM2-007,Phnom Penh,KHM,2023-01-01,6.1361,15,70,16.35
KHM-ADM2-007,Phnom Penh,KHM,2023-02-01,5.3881,12,70,16.35
KHM-ADM2-007,Phnom Penh,KHM,2023-03-01,6.2213,12,70,16.35
KHM-ADM2-007,Phnom Penh,KHM,2023-04-01,5.8885,11,70,16.35
KHM-ADM2-007,Phnom Penh,KHM,2023-05-01,5.7722,14,70,16.35
KHM-ADM2-007,Phnom Penh,KHM,2023-06-01,5.4605,3,70,16.35
KHM-ADM2-007,Phnom Penh,KHM,2023-07-01,5.8796,6,70,16.35
KHM-ADM2-007,Phnom Penh,KHM,2023-08-01,5.5078,7,70,16.35
KHM-ADM2-007,Phnom Penh,KHM,2023-09-01,5.7258,8,70,16.35
KHM-ADM2-007,Phnom Penh,KHM,2023-10-01,5.4872,18,70,16.35
KHM-ADM2-007,Phnom Penh,KHM,2023-11-01,5.7911,12,70,16.35
KHM-ADM2-007,Phnom Penh,KHM,2023-12-01,5.8134,18,70,16.35
KHM-ADM2-007,Phnom Penh,KHM,2024-01-01,6.1205,15,70,16.35
KHM-ADM2-007,Phnom Penh,KHM,2024-02-01,6.3202,21,70,16.35
KHM-ADM2-007,Phnom Penh,KHM,2024-03-01,6.1839,14,70,16.35
KHM-ADM2-007,Phnom Penh,KHM,2024-04-01,6.3064,15,70,16.35
KHM-ADM2-007,Phnom Penh,KHM,2024-05-01,7.0872,14,70,16.35
KHM-ADM2-007,Phnom Penh,KHM,2024-06-01,6.7641,13,70,16.35
KHM-ADM2-007,Phnom Penh,KHM,2024-07-01,5.9422,10,70,16.35
KHM-ADM2-007,Phnom Penh,KHM,2024-08-01,6.4,10,70,16.35
KHM-ADM2-007,Phnom Penh,KHM,2024-09-01,5.6461,7,70,16.35
KHM-ADM2-007,Phnom Penh,KHM,2024-10-01,5.9981,14,70,16.35
KHM-ADM2-007,Phnom Penh,KHM,2024-11-01,6.0635,18,70,16.35
KHM-ADM2-007,Phnom Penh,KHM,2024-12-01,6.2386,13,70,16.35
KHM-ADM2-008,Phnom Penh,KHM,2019-01-01,7.8542,10,210,49.01
KHM-ADM2-008,Phnom Penh,KHM,2019-02-01,7.6982,12,210,49.01
KHM-ADM2-008,Phnom Penh,KHM,2019-03-01,8.3899,12,210,49.01
KHM-ADM2-008,Phnom Penh,KHM,2019-04-01,8.5694,18,210,49.01
KHM-ADM2-008,Phnom Penh,KHM,2019-05-01,8.9863,13,210,49.01
KHM-ADM2-008,Phnom Penh,KHM,2019-06-01,9.138,7,210,49.01
KHM-ADM2-008,Phnom Penh,KHM,2019-07-01,8.688,6,210,49.01
KHM-ADM2-008,Phnom Penh,KHM,2019-08-01,8.3248,11,210,49.01
KHM-ADM2-008,Phnom Penh,KHM,2019-09-01,7.5407,3,210,49.01
KHM-ADM2-008,Phnom Penh,KHM,2019-10-01,7.5592,17,210,49.01
KHM-ADM2-008,Phnom Penh,KHM,2019-11-01,8.9818,13,210,49.01
KHM-ADM2-008,Phnom Penh,KHM,2019-12-01,8.7885,11,210,49.01
KHM-ADM2-008,Phnom Penh,KHM,2020-01-01,9.8746,11,210,49.01
KHM-ADM2-008,Phnom Penh,KHM,2020-02-01,8.5843,9,210,49.01
KHM-ADM2-008,Phnom Penh,KHM,2020-03-01,8.4565,10,210,49.01
KHM-ADM2-008,Phnom Penh,KHM,2020-04-01,7.1146,21,210,49.01
KHM-ADM2-008,Phnom Penh,KHM,2020-05-01,7.1104,10,210,49.01
KHM-ADM2-008,Phnom Penh,KHM,2020-06-01,6.6478,8,210,49.01
KHM-ADM2-008,Phnom Penh,KHM,2020-07-01,6.2476,9,210,49.01
KHM-ADM2-008,Phnom Penh,KHM,2020-08-01,,0,210,49.01
KHM-ADM2-008,Phnom Penh,KHM,2020-09-01,8.5394,3,210,49.01
KHM-ADM2-008,Phnom Penh,KHM,2020-10-01,8.1288,11,210,49.01
KHM-ADM2-008,Phnom Penh,KHM,2020-11-01,9.0162,12,210,49.01
KHM-ADM2-008,Phnom Penh,KHM,2020-12-01,8.2763,15,210,49.01
KHM-ADM2-008,Phnom Penh,KHM,2021-01-01,9.8429,7,210,49.01
KHM-ADM2-008,Phnom Penh,KHM,2021-02-01,8.9069,15,210,49.01
KHM-ADM2-008,Phnom Penh,KHM,2021-03-01,9.9141,17,210,49.01
KHM-ADM2-008,Phnom Penh,KHM,2021-04-01,9.2053,21,210,49.01
KHM-ADM2-008,Phnom Penh,KHM,2021-05-01,8.457,11,210,49.01
KHM-ADM2-008,Phnom Penh,KHM,2021-06-01,8.4275,9,210,49.01
KHM-ADM2-008,Phnom Penh,KHM,2021-07-01,9.1844,4,210,49.01
KHM-ADM2-008,Phnom Penh,KHM,2021-08-01,9.545,6,210,49.01
KHM-ADM2-008,Phnom Penh,KHM,2021-09-01,8.8337,6,210,49.01
KHM-ADM2-008,Phnom Penh,KHM,2021-10-01,8.4637,11,210,49.01
KHM-ADM2-008,Phnom Penh,KHM,2021-11-01,8.9835,16,210,49.01
KHM-ADM2-008,Phnom Penh,KHM,2021-12-01,9.1006,16,210,49.01
KHM-ADM2-008,Phnom Penh,KHM,2022-01-01,10.4334,23,210,49.01
KHM-ADM2-008,Phnom Penh,KHM,2022-02-01,9.4753,16,210,49.01
KHM-ADM2-008,Phnom Penh,KHM,2022-03-01,10.3909,12,210,49.01
KHM-ADM2-008,Phnom Penh,KHM,2022-04-01,9.4372,13,210,49.01
KHM-ADM2-008,Phnom Penh,KHM,2022-05-01,10.3584,12,210,49.01
KHM-ADM2-008,Phnom Penh,KHM,2022-06-01,9.9355,7,210,49.01
KHM-ADM2-008,Phnom Penh,KHM,2022-07-01,9.3235,8,210,49.01
KHM-ADM2-008,Phnom Penh,KHM,2022-08-01,8.8132,7,210,49.01
KHM-ADM2-008,Phnom Penh,KHM,2022-09-01,7.5927,7,210,49.01
KHM-ADM2-008,Phnom Penh,KHM,2022-10-01,9.3065,11,210,49.01
KHM-ADM2-008,Phnom Penh,KHM,2022-11-01,9.4552,7,210,49.01
KHM-ADM2-008,Phnom Penh,KHM,2022-12-01,9.1599,14,210,49.01
KHM-ADM2-008,Phnom Penh,KHM,2023-01-01,10.5568,18,210,49.01
KHM-ADM2-008,Phnom Penh,KHM,2023-02-01,10.242,15,210,49.01
KHM-ADM2-008,Phnom Penh,KHM,2023-03-01,10.5152,16,210,49.01
KHM-ADM2-008,Phnom Penh,KHM,2023-04-01,10.6082,9,210,49.01
KHM-ADM2-008,Phnom Penh,KHM,2023-05-01,10.4497,16,210,49.01
KHM-ADM2-008,Phnom Penh,KHM,2023-06-01,10.0566,2,210,49.01
KHM-ADM2-008,Phnom Penh,KHM,2023-07-01,9.9351,1,210,49.01
KHM-ADM2-008,Phnom Penh,KHM,2023-08-01,9.95,7,210,49.01
KHM-ADM2-008,Phnom Penh,KHM,2023-09-01,9.1889,1,210,49.01
KHM-ADM2-008,Phnom Penh,KHM,2023-10-01,10.4318,13,210,49.01
KHM-ADM2-008,Phnom Penh,KHM,2023-11-01,8.4427,13,210,49.01
KHM-ADM2-008,Phnom Penh,KHM,2023-12-01,9.3199,11,210,49.01
KHM-ADM2-008,Phnom Penh,KHM,2024-01-01,9.0408,12,210,49.01
KHM-ADM2-008,Phnom Penh,KHM,2024-02-01,10.9053,7,210,49.01
KHM-ADM2-008,Phnom Penh,KHM,2024-03-01,11.144,9,210,49.01
KHM-ADM2-008,Phnom Penh,KHM,2024-04-01,10.3381,14,210,49.01
KHM-ADM2-008,Phnom Penh,KHM,2024-05-01,10.6663,9,210,49.01
KHM-ADM2-008,Phnom Penh,KHM,2024-06-01,11.7439,3,210,49.01
KHM-ADM2-008,Phnom Penh,KHM,2024-07-01,11.2009,4,210,49.01
KHM-ADM2-008,Phnom Penh,KHM,2024-08-01,10.8701,3,210,49.01
KHM-ADM2-008,Phnom Penh,KHM,2024-09-01,11.0166,4,210,49.01
KHM-ADM2-008,Phnom Penh,KHM,2024-10-01,9.4686,12,210,49.01
KHM-ADM2-008,Phnom Penh,KHM,2024-11-01,10.0139,17,210,49.01
KHM-ADM2-008,Phnom Penh,KHM,2024-12-01,10.2715,12,210,49.01
KHM-ADM2-009,Phnom Penh,KHM,2019-01-01,7.7505,15,108,25.21
KHM-ADM2-009,Phnom Penh,KHM,2019-02-01,7.5554,9,108,25.21
KHM-ADM2-009,Phnom Penh,KHM,2019-03-01,7.2115,10,108,25.21
KHM-ADM2-009,Phnom Penh,KHM,2019-04-01,7.5218,14,108,25.21
KHM-ADM2-009,Phnom Penh,KHM,2019-05-01,7.2985,11,108,25.21
KHM-ADM2-009,Phnom Penh,KHM,2019-06-01,7.3972,14,108,25.21
KHM-ADM2-009,Phnom Penh,KHM,2019-07-01,7.2716,1,108,25.21
KHM-ADM2-009,Phnom Penh,KHM,2019-08-01,7.2545,11,108,25.21
KHM-ADM2-009,Phnom Penh,KHM,2019-09-01,,0,108,25.21
KHM-ADM2-009,Phnom Penh,KHM,2019-10-01,6.7847,7,108,25.21
KHM-ADM2-009,Phnom Penh,KHM,2019-11-01,7.5355,14,108,25.21
KHM-ADM2-009,Phnom Penh,KHM,2019-12-01,7.4326,15,108,25.21
KHM-ADM2-009,Phnom Penh,KHM,2020-01-01,8.5555,16,108,25.21
KHM-ADM2-009,Phnom Penh,KHM,2020-02-01,7.9885,16,108,25.21
KHM-ADM2-009,Phnom Penh,KHM,2020-03-01,8.0808,11,108,25.21
KHM-ADM2-009,Phnom Penh,KHM,2020-04-01,6.3984,16,108,25.21
KHM-ADM2-009,Phnom Penh,KHM,2020-05-01,5.8309,12,108,25.21
KHM-ADM2-009,Phnom Penh,KHM,2020-06-01,6.2263,2,108,25.21
KHM-ADM2-009,Phnom Penh,KHM,2020-07-01,5.7954,5,108,25.21
KHM-ADM2-009,Phnom Penh,KHM,2020-08-01,6.6417,12,108,25.21
KHM-ADM2-009,Phnom Penh,KHM,2020-09-01,7.9725,4,108,25.21
KHM-ADM2-009,Phnom Penh,KHM,2020-10-01,7.1709,8,108,25.21
KHM-ADM2-009,Phnom Penh,KHM,2020-11-01,7.4355,12,108,25.21
KHM-ADM2-009,Phnom Penh,KHM,2020-12-01,7.5392,17,108,25.21
KHM-ADM2-009,Phnom Penh,KHM,2021-01-01,8.2954,11,108,25.21
KHM-ADM2-009,Phnom Penh,KHM,2021-02-01,7.9104,13,108,25.21
KHM-ADM2-009,Phnom Penh,KHM,2021-03-01,9.2302,12,108,25.21
KHM-ADM2-009,Phnom Penh,KHM,2021-04-01,9.0117,14,108,25.21
KHM-ADM2-009,Phnom Penh,KHM,2021-05-01,8.1071,10,108,25.21
KHM-ADM2-009,Phnom Penh,KHM,2021-06-01,9.1506,3,108,25.21
KHM-ADM2-009,Phnom Penh,KHM,2021-07-01,8.5026,6,108,25.21
KHM-ADM2-009,Phnom Penh,KHM,2021-08-01,7.6523,4,108,25.21
KHM-ADM2-009,Phnom Penh,KHM,2021-09-01,7.5238,8,108,25.21
KHM-ADM2-009,Phnom Penh,KHM,2021-10-01,8.0055,14,108,25.21
KHM-ADM2-009,Phnom Penh,KHM,2021-11-01,8.0773,9,108,25.21
KHM-ADM2-009,Phnom Penh,KHM,2021-12-01,7.9147,13,108,25.21
KHM-ADM2-009,Phnom Penh,KHM,2022-01-01,7.4903,21,108,25.21
KHM-ADM2-009,Phnom Penh,KHM,2022-02-01,8.2997,16,108,25.21
KHM-ADM2-009,Phnom Penh,KHM,2022-03-01,8.4327,10,108,25.21
KHM-ADM2-009,Phnom Penh,KHM,2022-04-01,8.2428,11,108,25.21
KHM-ADM2-009,Phnom Penh,KHM,2022-05-01,8.3742,14,108,25.21
KHM-ADM2-009,Phnom Penh,KHM,2022-06-01,8.4188,6,108,25.21
KHM-ADM2-009,Phnom Penh,KHM,2022-07-01,8.2652,4,108,25.21
KHM-ADM2-009,Phnom Penh,KHM,2022-08-01,6.8855,6,108,25.21
KHM-ADM2-009,Phnom Penh,KHM,2022-09-01,7.3087,12,108,25.21
KHM-ADM2-009,Phnom Penh,KHM,2022-10-01,7.9159,9,108,25.21
KHM-ADM2-009,Phnom Penh,KHM,2022-11-01,8.1556,18,108,25.21
KHM-ADM2-009,Phnom Penh,KHM,2022-12-01,8.311,10,108,25.21
KHM-ADM2-009,Phnom Penh,KHM,2023-01-01,8.3687,15,108,25.21
KHM-ADM2-009,Phnom Penh,KHM,2023-02-01,8.4166,10,108,25.21
KHM-ADM2-009,Phnom Penh,KHM,2023-03-01,8.6718,18,108,25.21
KHM-ADM2-009,Phnom Penh,KHM,2023-04-01,8.9162,16,108,25.21
KHM-ADM2-009,Phnom Penh,KHM,2023-05-01,8.4915,9,108,25.21
KHM-ADM2-009,Phnom Penh,KHM,2023-06-01,8.7017,10,108,25.21
KHM-ADM2-009,Phnom Penh,KHM,2023-07-01,9.141,5,108,25.21
KHM-ADM2-009,Phnom Penh,KHM,2023-08-01,8.2018,2,108,25.21
KHM-ADM2-009,Phnom Penh,KHM,2023-09-01,9.2882,6,108,25.21
KHM-ADM2-009,Phnom Penh,KHM,2023-10-01,7.4559,17,108,25.21
KHM-ADM2-009,Phnom Penh,KHM,2023-11-01,8.1998,19,108,25.21
KHM-ADM2-009,Phnom Penh,KHM,2023-12-01,7.9648,8,108,25.21
KHM-ADM2-009,Phnom Penh,KHM,2024-01-01,8.6685,10,108,25.21
KHM-ADM2-009,Phnom Penh,KHM,2024-02-01,9.2384,15,108,25.21
KHM-ADM2-009,Phnom Penh,KHM,2024-03-01,9.1208,14,108,25.21
KHM-ADM2-009,Phnom Penh,KHM,2024-04-01,9.6868,17,108,25.21
KHM-ADM2-009,Phnom Penh,KHM,2024-05-01,8.7443,13,108,25.21
KHM-ADM2-009,Phnom Penh,KHM,2024-06-01,,0,108,25.21
KHM-ADM2-009,Phnom Penh,KHM,2024-07-01,7.6342,11,108,25.21
KHM-ADM2-009,Phnom Penh,KHM,2024-08-01,9.2323,3,108,25.21
KHM-ADM2-009,Phnom Penh,KHM,2024-09-01,,0,108,25.21
KHM-ADM2-009,Phnom Penh,KHM,2024-10-01,8.6523,11,108,25.21
KHM-ADM2-009,Phnom Penh,KHM,2024-11-01,9.2244,17,108,25.21
KHM-ADM2-009,Phnom Penh,KHM,2024-12-01,9.2937,14,108,25.21
KHM-ADM2-010,Phnom Penh,KHM,2019-01-01,11.1915,10,84,19.7
KHM-ADM2-010,Phnom Penh,KHM,2019-02-01,11.8095,21,84,19.7
KHM-ADM2-010,Phnom Penh,KHM,2019-03-01,11.4228,14,84,19.7
KHM-ADM2-010,Phnom Penh,KHM,2019-04-01,11.5565,14,84,19.7
KHM-ADM2-010,Phnom Penh,KHM,2019-05-01,11.7029,12,84,19.7
KHM-ADM2-010,Phnom Penh,KHM,2019-06-01,11.709,1,84,19.7
KHM-ADM2-010,Phnom Penh,KHM,2019-07-01,10.6568,8,84,19.7
KHM-ADM2-010,Phnom Penh,KHM,2019-08-01,11.9256,8,84,19.7
KHM-ADM2-010,Phnom Penh,KHM,2019-09-01,11.3464,5,84,19.7
KHM-ADM2-010,Phnom Penh,KHM,2019-10-01,11.2313,11,84,19.7
KHM-ADM2-010,Phnom Penh,KHM,2019-11-01,11.7103,13,84,19.7
KHM-ADM2-010,Phnom Penh,KHM,2019-12-01,12.909,11,84,19.7
KHM-ADM2-010,Phnom Penh,KHM,2020-01-01,10.5778,13,84,19.7
KHM-ADM2-010,Phnom Penh,KHM,2020-02-01,12.0473,15,84,19.7
KHM-ADM2-010,Phnom Penh,KHM,2020-03-01,12.2273,14,84,19.7
KHM-ADM2-010,Phnom Penh,KHM,2020-04-01,9.5319,15,84,19.7
KHM-ADM2-010,Phnom Penh,KHM,2020-05-01,10.0155,24,84,19.7
KHM-ADM2-010,Phnom Penh,KHM,2020-06-01,10.45,3,84,19.7
KHM-ADM2-010,Phnom Penh,KHM,2020-07-01,9.377,9,84,19.7
KHM-ADM2-010,Phnom Penh,KHM,2020-08-01,,0,84,19.7
KHM-ADM2-010,Phnom Penh,KHM,2020-09-01,11.8199,5,84,19.7
KHM-ADM2-010,Phnom Penh,KHM,2020-10-01,12.8738,12,84,19.7
KHM-ADM2-010,Phnom Penh,KHM,2020-11-01,11.4649,12,84,19.7
KHM-ADM2-010,Phnom Penh,KHM,2020-12-01,13.0097,18,84,19.7
KHM-ADM2-010,Phnom Penh,KHM,2021-01-01,13.2392,11,84,19.7
KHM-ADM2-010,Phnom Penh,KHM,2021-02-01,13.233,12,84,19.7
KHM-ADM2-010,Phnom Penh,KHM,2021-03-01,15.58,12,84,19.7
KHM-ADM2-010,Phnom Penh,KHM,2021-04-01,12.9424,12,84,19.7
KHM-ADM2-010,Phnom Penh,KHM,2021-05-01,13.5372,10,84,19.7
KHM-ADM2-010,Phnom Penh,KHM,2021-06-01,12.6945,4,84,19.7
KHM-ADM2-010,Phnom Penh,KHM,2021-07-01,,0,84,19.7
KHM-ADM2-010,Phnom Penh,KHM,2021-08-01,13.3474,9,84,19.7
KHM-ADM2-010,Phnom Penh,KHM,2021-09-01,13.2369,9,84,19.7
KHM-ADM2-010,Phnom Penh,KHM,2021-10-01,12.0479,14,84,19.7
KHM-ADM2-010,Phnom Penh,KHM,2021-11-01,13.5789,9,84,19.7
KHM-ADM2-010,Phnom Penh,KHM,2021-12-01,13.5165,10,84,19.7
KHM-ADM2-010,Phnom Penh,KHM,2022-01-01,13.639,9,84,19.7
KHM-ADM2-010,Phnom Penh,KHM,2022-02-01,15.2002,20,84,19.7
KHM-ADM2-010,Phnom Penh,KHM,2022-03-01,14.3281,13,84,19.7
KHM-ADM2-010,Phnom Penh,KHM,2022-04-01,14.7786,17,84,19.7
KHM-ADM2-010,Phnom Penh,KHM,2022-05-01,14.5856,11,84,19.7
KHM-ADM2-010,Phnom Penh,KHM,2022-06-01,13.2326,5,84,19.7
KHM-ADM2-010,Phnom Penh,KHM,2022-07-01,,0,84,19.7
KHM-ADM2-010,Phnom Penh,KHM,2022-08-01,14.0921,8,84,19.7
KHM-ADM2-010,Phnom Penh,KHM,2022-09-01,12.4356,11,84,19.7
KHM-ADM2-010,Phnom Penh,KHM,2022-10-01,13.84,9,84,19.7
KHM-ADM2-010,Phnom Penh,KHM,2022-11-01,14.1645,11,84,19.7
KHM-ADM2-010,Phnom Penh,KHM,2022-12-01,13.244,17,84,19.7
KHM-ADM2-010,Phnom Penh,KHM,2023-01-01,14.4261,16,84,19.7
KHM-ADM2-010,Phnom Penh,KHM,2023-02-01,13.0545,12,84,19.7
KHM-ADM2-010,Phnom Penh,KHM,2023-03-01,16.9141,14,84,19.7
KHM-ADM2-010,Phnom Penh,KHM,2023-04-01,13.9028,8,84,19.7
KHM-ADM2-010,Phnom Penh,KHM,2023-05-01,17.2206,11,84,19.7
KHM-ADM2-010,Phnom Penh,KHM,2023-06-01,15.682,3,84,19.7
KHM-ADM2-010,Phnom Penh,KHM,2023-07-01,13.4624,6,84,19.7
KHM-ADM2-010,Phnom Penh,KHM,2023-08-01,12.8761,7,84,19.7
KHM-ADM2-010,Phnom Penh,KHM,2023-09-01,14.9146,6,84,19.7
KHM-ADM2-010,Phnom Penh,KHM,2023-10-01,14.3972,21,84,19.7
KHM-ADM2-010,Phnom Penh,KHM,2023-11-01,12.7269,14,84,19.7
KHM-ADM2-010,Phnom Penh,KHM,2023-12-01,15.1511,24,84,19.7
KHM-ADM2-010,Phnom Penh,KHM,2024-01-01,14.9848,21,84,19.7
KHM-ADM2-010,Phnom Penh,KHM,2024-02-01,15.2429,16,84,19.7
KHM-ADM2-010,Phnom Penh,KHM,2024-03-01,15.8555,14,84,19.7
KHM-ADM2-010,Phnom Penh,KHM,2024-04-01,16.0949,20,84,19.7
KHM-ADM2-010,Phnom Penh,KHM,2024-05-01,14.5103,14,84,19.7
KHM-ADM2-010,Phnom Penh,KHM,2024-06-01,16.293,5,84,19.7
KHM-ADM2-010,Phnom Penh,KHM,2024-07-01,14.3908,6,84,19.7
KHM-ADM2-010,Phnom Penh,KHM,2024-08-01,15.1528,9,84,19.7
KHM-ADM2-010,Phnom Penh,KHM,2024-09-01,12.8369,14,84,19.7
KHM-ADM2-010,Phnom Penh,KHM,2024-10-01,15.9194,10,84,19.7
KHM-ADM2-010,Phnom Penh,KHM,2024-11-01,15.5912,15,84,19.7
KHM-ADM2-010,Phnom Penh,KHM,2024-12-01,15.3299,16,84,19.7
KHM-ADM2-011,Phnom Penh,KHM,2019-01-01,5.3779,16,74,17.3
KHM-ADM2-011,Phnom Penh,KHM,2019-02-01,5.7998,12,74,17.3
KHM-ADM2-011,Phnom Penh,KHM,2019-03-01,5.4534,19,74,17.3
KHM-ADM2-011,Phnom Penh,KHM,2019-04-01,5.7987,18,74,17.3
KHM-ADM2-011,Phnom Penh,KHM,2019-05-01,5.8199,16,74,17.3
KHM-ADM2-011,Phnom Penh,KHM,2019-06-01,5.6962,8,74,17.3
KHM-ADM2-011,Phnom Penh,KHM,2019-07-01,5.1742,8,74,17.3
KHM-ADM2-011,Phnom Penh,KHM,2019-08-01,5.5244,2,74,17.3
KHM-ADM2-011,Phnom Penh,KHM,2019-09-01,5.1915,6,74,17.3
KHM-ADM2-011,Phnom Penh,KHM,2019-10-01,5.7218,8,74,17.3
KHM-ADM2-011,Phnom Penh,KHM,2019-11-01,5.4682,9,74,17.3
KHM-ADM2-011,Phnom Penh,KHM,2019-12-01,5.5007,16,74,17.3
KHM-ADM2-011,Phnom Penh,KHM,2020-01-01,5.4973,17,74,17.3
KHM-ADM2-011,Phnom Penh,KHM,2020-02-01,5.8774,12,74,17.3
KHM-ADM2-011,Phnom Penh,KHM,2020-03-01,6.187,5,74,17.3
KHM-ADM2-011,Phnom Penh,KHM,2020-04-01,4.9232,14,74,17.3
KHM-ADM2-011,Phnom Penh,KHM,2020-05-01,4.3448,15,74,17.3
KHM-ADM2-011,Phnom Penh,KHM,2020-06-01,4.3808,2,74,17.3
KHM-ADM2-011,Phnom Penh,KHM,2020-07-01,5.162,8,74,17.3
KHM-ADM2-011,Phnom Penh,KHM,2020-08-01,4.4076,5,74,17.3
KHM-ADM2-011,Phnom Penh,KHM,2020-09-01,6.1033,10,74,17.3
KHM-ADM2-011,Phnom Penh,KHM,2020-10-01,5.4186,10,74,17.3
KHM-ADM2-011,Phnom Penh,KHM,2020-11-01,5.4223,15,74,17.3
KHM-ADM2-011,Phnom Penh,KHM,2020-12-01,5.3808,15,74,17.3
KHM-ADM2-011,Phnom Penh,KHM,2021-01-01,6.2913,11,74,17.3
KHM-ADM2-011,Phnom Penh,KHM,2021-02-01,6.0957,13,74,17.3
KHM-ADM2-011,Phnom Penh,KHM,2021-03-01,6.389,14,74,17.3
KHM-ADM2-011,Phnom Penh,KHM,2021-04-01,6.4863,10,74,17.3
KHM-ADM2-011,Phnom Penh,KHM,2021-05-01,6.3882,14,74,17.3
KHM-ADM2-011,Phnom Penh,KHM,2021-06-01,6.1761,2,74,17.3
KHM-ADM2-011,Phnom Penh,KHM,2021-07-01,5.2782,7,74,17.3
KHM-ADM2-011,Phnom Penh,KHM,2021-08-01,5.2677,15,74,17.3
KHM-ADM2-011,Phnom Penh,KHM,2021-09-01,5.9504,5,74,17.3
KHM-ADM2-011,Phnom Penh,KHM,2021-10-01,6.125,13,74,17.3
KHM-ADM2-011,Phnom Penh,KHM,2021-11-01,5.8226,19,74,17.3
KHM-ADM2-011,Phnom Penh,KHM,2021-12-01,5.8761,12,74,17.3
KHM-ADM2-011,Phnom Penh,KHM,2022-01-01,5.7969,12,74,17.3
KHM-ADM2-011,Phnom Penh,KHM,2022-02-01,5.8824,9,74,17.3
KHM-ADM2-011,Phnom Penh,KHM,2022-03-01,6.3685,15,74,17.3
KHM-ADM2-011,Phnom Penh,KHM,2022-04-01,6.482,17,74,17.3
KHM-ADM2-011,Phnom Penh,KHM,2022-05-01,7.0061,11,74,17.3
KHM-ADM2-011,Phnom Penh,KHM,2022-06-01,6.5273,7,74,17.3
KHM-ADM2-011,Phnom Penh,KHM,2022-07-01,6.2898,10,74,17.3
KHM-ADM2-011,Phnom Penh,KHM,2022-08-01,5.9717,11,74,17.3
KHM-ADM2-011,Phnom Penh,KHM,2022-09-01,6.6081,5,74,17.3
KHM-ADM2-011,Phnom Penh,KHM,2022-10-01,6.1938,19,74,17.3
KHM-ADM2-011,Phnom Penh,KHM,2022-11-01,6.5201,15,74,17.3
KHM-ADM2-011,Phnom Penh,KHM,2022-12-01,6.3085,9,74,17.3
KHM-ADM2-011,Phnom Penh,KHM,2023-01-01,6.817,13,74,17.3
KHM-ADM2-011,Phnom Penh,KHM,2023-02-01,6.32,15,74,17.3
KHM-ADM2-011,Phnom Penh,KHM,2023-03-01,6.8508,11,74,17.3
KHM-ADM2-011,Phnom Penh,KHM,2023-04-01,6.5899,13,74,17.3
KHM-ADM2-011,Phnom Penh,KHM,2023-05-01,6.9064,9,74,17.3
KHM-ADM2-011,Phnom Penh,KHM,2023-06-01,6.5613,12,74,17.3
KHM-ADM2-011,Phnom Penh,KHM,2023-07-01,6.6751,7,74,17.3
KHM-ADM2-011,Phnom Penh,KHM,2023-08-01,6.1695,3,74,17.3
KHM-ADM2-011,Phnom Penh,KHM,2023-09-01,6.8688,2,74,17.3
KHM-ADM2-011,Phnom Penh,KHM,2023-10-01,6.1639,19,74,17.3
KHM-ADM2-011,Phnom Penh,KHM,2023-11-01,6.5939,17,74,17.3
KHM-ADM2-011,Phnom Penh,KHM,2023-12-01,7.6205,9,74,17.3
KHM-ADM2-011,Phnom Penh,KHM,2024-01-01,6.6875,15,74,17.3
KHM-ADM2-011,Phnom Penh,KHM,2024-02-01,6.8929,15,74,17.3
KHM-ADM2-011,Phnom Penh,KHM,2024-03-01,7.0417,9,74,17.3
KHM-ADM2-011,Phnom Penh,KHM,2024-04-01,6.4974,17,74,17.3
KHM-ADM2-011,Phnom Penh,KHM,2024-05-01,6.9498,13,74,17.3
KHM-ADM2-011,Phnom Penh,KHM,2024-06-01,7.1208,1,74,17.3
KHM-ADM2-011,Phnom Penh,KHM,2024-07-01,7.4097,5,74,17.3
KHM-ADM2-011,Phnom Penh,KHM,2024-08-01,6.743,5,74,17.3
KHM-ADM2-011,Phnom Penh,KHM,2024-09-01,6.8215,4,74,17.3
KHM-ADM2-011,Phnom Penh,KHM,2024-10-01,7.0331,20,74,17.3
KHM-ADM2-011,Phnom Penh,KHM,2024-11-01,6.8337,14,74,17.3
KHM-ADM2-011,Phnom Penh,KHM,2024-12-01,6.6548,19,74,17.3
KHM-ADM2-012,Phnom Penh,KHM,2019-01-01,13.4176,13,78,18.35
KHM-ADM2-012,Phnom Penh,KHM,2019-02-01,12.9406,22,78,18.35
KHM-ADM2-012,Phnom Penh,KHM,2019-03-01,13.8866,9,78,18.35
KHM-ADM2-012,Phnom Penh,KHM,2019-04-01,13.1836,15,78,18.35
KHM-ADM2-012,Phnom Penh,KHM,2019-05-01,12.962,21,78,18.35
KHM-ADM2-012,Phnom Penh,KHM,2019-06-01,15.1555,5,78,18.35
KHM-ADM2-012,Phnom Penh,KHM,2019-07-01,12.8953,2,78,18.35
KHM-ADM2-012,Phnom Penh,KHM,2019-08-01,13.0705,7,78,18.35
KHM-ADM2-012,Phnom Penh,KHM,2019-09-01,14.218,8,78,18.35
KHM-ADM2-012,Phnom Penh,KHM,2019-10-01,16.5011,16,78,18.35
KHM-ADM2-012,Phnom Penh,KHM,2019-11-01,14.5477,16,78,18.35
KHM-ADM2-012,Phnom Penh,KHM,2019-12-01,13.273,11,78,18.35
KHM-ADM2-012,Phnom Penh,KHM,2020-01-01,13.2139,15,78,18.35
KHM-ADM2-012,Phnom Penh,KHM,2020-02-01,14.8042,13,78,18.35
KHM-ADM2-012,Phnom Penh,KHM,2020-03-01,14.6518,11,78,18.35
KHM-ADM2-012,Phnom Penh,KHM,2020-04-01,10.933,10,78,18.35
KHM-ADM2-012,Phnom Penh,KHM,2020-05-01,11.29,21,78,18.35
KHM-ADM2-012,Phnom Penh,KHM,2020-06-01,11.8214,5,78,18.35
KHM-ADM2-012,Phnom Penh,KHM,2020-07-01,11.1194,2,78,18.35
KHM-ADM2-012,Phnom Penh,KHM,2020-08-01,11.6338,9,78,18.35
KHM-ADM2-012,Phnom Penh,KHM,2020-09-01,12.9718,3,78,18.35
KHM-ADM2-012,Phnom Penh,KHM,2020-10-01,14.1992,18,78,18.35
KHM-ADM2-012,Phnom Penh,KHM,2020-11-01,15.4866,16,78,18.35
KHM-ADM2-012,Phnom Penh,KHM,2020-12-01,14.657,13,78,18.35
KHM-ADM2-012,Phnom Penh,KHM,2021-01-01,15.5202,13,78,18.35
KHM-ADM2-012,Phnom Penh,KHM,2021-02-01,14.5461,15,78,18.35
KHM-ADM2-012,Phnom Penh,KHM,2021-03-01,14.7146,16,78,18.35
KHM-ADM2-012,Phnom Penh,KHM,2021-04-01,16.2818,10,78,18.35
KHM-ADM2-012,Phnom Penh,KHM,2021-05-01,15.4596,9,78,18.35
KHM-ADM2-012,Phnom Penh,KHM,2021-06-01,14.2369,3,78,18.35
KHM-ADM2-012,Phnom Penh,KHM,2021-07-01,13.4417,5,78,18.35
KHM-ADM2-012,Phnom Penh,KHM,2021-08-01,14.7206,4,78,18.35
KHM-ADM2-012,Phnom Penh,KHM,2021-09-01,13.9165,8,78,18.35
KHM-ADM2-012,Phnom Penh,KHM,2021-10-01,13.6971,9,78,18.35
KHM-ADM2-012,Phnom Penh,KHM,2021-11-01,14.7259,11,78,18.35
KHM-ADM2-012,Phnom Penh,KHM,2021-12-01,14.0981,22,78,18.35
KHM-ADM2-012,Phnom Penh,KHM,2022-01-01,13.9518,16,78,18.35
KHM-ADM2-012,Phnom Penh,KHM,2022-02-01,16.0713,13,78,18.35
KHM-ADM2-012,Phnom Penh,KHM,2022-03-01,13.6844,6,78,18.35
KHM-ADM2-012,Phnom Penh,KHM,2022-04-01,13.4844,7,78,18.35
KHM-ADM2-012,Phnom Penh,KHM,2022-05-01,14.9405,12,78,18.35
KHM-ADM2-012,Phnom Penh,KHM,2022-06-01,15.7282,12,78,18.35
KHM-ADM2-012,Phnom Penh,KHM,2022-07-01,13.3336,3,78,18.35
KHM-ADM2-012,Phnom Penh,KHM,2022-08-01,15.9312,9,78,18.35
KHM-ADM2-012,Phnom Penh,KHM,2022-09-01,,0,78,18.35
KHM-ADM2-012,Phnom Penh,KHM,2022-10-01,14.6722,10,78,18.35
KHM-ADM2-012,Phnom Penh,KHM,2022-11-01,15.8681,15,78,18.35
KHM-ADM2-012,Phnom Penh,KHM,2022-12-01,16.634,14,78,18.35
KHM-ADM2-012,Phnom Penh,KHM,2023-01-01,18.008,17,78,18.35
KHM-ADM2-012,Phnom Penh,KHM,2023-02-01,16.3766,9,78,18.35
KHM-ADM2-012,Phnom Penh,KHM,2023-03-01,16.0309,11,78,18.35
KHM-ADM2-012,Phnom Penh,KHM,2023-04-01,16.5834,16,78,18.35
KHM-ADM2-012,Phnom Penh,KHM,2023-05-01,16.1448,15,78,18.35
KHM-ADM2-012,Phnom Penh,KHM,2023-06-01,16.2582,8,78,18.35
KHM-ADM2-012,Phnom Penh,KHM,2023-07-01,14.6595,2,78,18.35
KHM-ADM2-012,Phnom Penh,KHM,2023-08-01,14.2187,3,78,18.35
KHM-ADM2-012,Phnom Penh,KHM,2023-09-01,13.3703,2,78,18.35
KHM-ADM2-012,Phnom Penh,KHM,2023-10-01,16.2377,15,78,18.35
KHM-ADM2-012,Phnom Penh,KHM,2023-11-01,16.1555,9,78,18.35
KHM-ADM2-012,Phnom Penh,KHM,2023-12-01,16.2194,13,78,18.35
KHM-ADM2-012,Phnom Penh,KHM,2024-01-01,16.7734,10,78,18.35
KHM-ADM2-012,Phnom Penh,KHM,2024-02-01,15.7658,14,78,18.35
KHM-ADM2-012,Phnom Penh,KHM,2024-03-01,17.874,9,78,18.35
KHM-ADM2-012,Phnom Penh,KHM,2024-04-01,15.9605,17,78,18.35
KHM-ADM2-012,Phnom Penh,KHM,2024-05-01,16.2093,14,78,18.35
KHM-ADM2-012,Phnom Penh,KHM,2024-06-01,16.4963,10,78,18.35
KHM-ADM2-012,Phnom Penh,KHM,2024-07-01,15.2011,4,78,18.35
KHM-ADM2-012,Phnom Penh,KHM,2024-08-01,16.1952,11,78,18.35
KHM-ADM2-012,Phnom Penh,KHM,2024-09-01,16.1992,4,78,18.35
KHM-ADM2-012,Phnom Penh,KHM,2024-10-01,15.8465,19,78,18.35
KHM-ADM2-012,Phnom Penh,KHM,2024-11-01,16.7365,8,78,18.35
KHM-ADM2-012,Phnom Penh,KHM,2024-12-01,15.6348,13,78,18.35
KHM-ADM2-013,Phnom Penh,KHM,2019-01-01,10.4733,11,91,21.35
KHM-ADM2-013,Phnom Penh,KHM,2019-02-01,10.6519,9,91,21.35
KHM-ADM2-013,Phnom Penh,KHM,2019-03-01,10.2361,12,91,21.35
KHM-ADM2-013,Phnom Penh,KHM,2019-04-01,11.5953,13,91,21.35
KHM-ADM2-013,Phnom Penh,KHM,2019-05-01,10.2312,10,91,21.35
KHM-ADM2-013,Phnom Penh,KHM,2019-06-01,11.0864,5,91,21.35
KHM-ADM2-013,Phnom Penh,KHM,2019-07-01,12.0885,2,91,21.35
KHM-ADM2-013,Phnom Penh,KHM,2019-08-01,11.4612,11,91,21.35
KHM-ADM2-013,Phnom Penh,KHM,2019-09-01,10.0,7,91,21.35
KHM-ADM2-013,Phnom Penh,KHM,2019-10-01,10.0469,14,91,21.35
KHM-ADM2-013,Phnom Penh,KHM,2019-11-01,10.4017,10,91,21.35
KHM-ADM2-013,Phnom Penh,KHM,2019-12-01,11.3463,14,91,21.35
KHM-ADM2-013,Phnom Penh,KHM,2020-01-01,10.5193,11,91,21.35
KHM-ADM2-013,Phnom Penh,KHM,2020-02-01,11.4622,15,91,21.35
KHM-ADM2-013,Phnom Penh,KHM,2020-03-01,11.3031,19,91,21.35
KHM-ADM2-013,Phnom Penh,KHM,2020-04-01,8.6769,8,91,21.35
KHM-ADM2-013,Phnom Penh,KHM,2020-05-01,9.8324,9,91,21.35
KHM-ADM2-013,Phnom Penh,KHM,2020-06-01,8.3189,6,91,21.35
KHM-ADM2-013,Phnom Penh,KHM,2020-07-01,8.2962,11,91,21.35
KHM-ADM2-013,Phnom Penh,KHM,2020-08-01,9.0555,8,91,21.35
KHM-ADM2-013,Phnom Penh,KHM,2020-09-01,10.1923,5,91,21.35
KHM-ADM2-013,Phnom Penh,KHM,2020-10-01,11.7412,18,91,21.35
KHM-ADM2-013,Phnom Penh,KHM,2020-11-01,11.3945,13,91,21.35
KHM-ADM2-013,Phnom Penh,KHM,2020-12-01,10.1055,15,91,21.35
KHM-ADM2-013,Phnom Penh,KHM,2021-01-01,10.7846,10,91,21.35
KHM-ADM2-013,Phnom Penh,KHM,2021-02-01,9.641,16,91,21.35
KHM-ADM2-013,Phnom Penh,KHM,2021-03-01,10.5465,12,91,21.35
KHM-ADM2-013,Phnom Penh,KHM,2021-04-01,10.9261,13,91,21.35
KHM-ADM2-013,Phnom Penh,KHM,2021-05-01,11.1959,8,91,21.35
KHM-ADM2-013,Phnom Penh,KHM,2021-06-01,12.1297,13,91,21.35
KHM-ADM2-013,Phnom Penh,KHM,2021-07-01,10.6174,4,91,21.35
KHM-ADM2-013,Phnom Penh,KHM,2021-08-01,11.1903,2,91,21.35
KHM-ADM2-013,Phnom Penh,KHM,2021-09-01,10.3532,6,91,21.35
KHM-ADM2-013,Phnom Penh,KHM,2021-10-01,10.1825,21,91,21.35
KHM-ADM2-013,Phnom Penh,KHM,2021-11-01,10.2432,14,91,21.35
KHM-ADM2-013,Phnom Penh,KHM,2021-12-01,9.975,17,91,21.35
KHM-ADM2-013,Phnom Penh,KHM,2022-01-01,11.0739,14,91,21.35
KHM-ADM2-013,Phnom Penh,KHM,2022-02-01,11.8838,11,91,21.35
KHM-ADM2-013,Phnom Penh,KHM,2022-03-01,11.6258,9,91,21.35
KHM-ADM2-013,Phnom Penh,KHM,2022-04-01,12.0055,11,91,21.35
KHM-ADM2-013,Phnom Penh,KHM,2022-05-01,11.6965,20,91,21.35
KHM-ADM2-013,Phnom Penh,KHM,2022-06-01,11.2762,6,91,21.35
KHM-ADM2-013,Phnom Penh,KHM,2022-07-01,12.6558,9,91,21.35
KHM-ADM2-013,Phnom Penh,KHM,2022-08-01,11.6697,5,91,21.35
KHM-ADM2-013,Phnom Penh,KHM,2022-09-01,10.0414,6,91,21.35
KHM-ADM2-013,Phnom Penh,KHM,2022-10-01,10.4982,13,91,21.35
KHM-ADM2-013,Phnom Penh,KHM,2022-11-01,10.9737,15,91,21.35
KHM-ADM2-013,Phnom Penh,KHM,2022-12-01,11.3688,13,91,21.35
KHM-ADM2-013,Phnom Penh,KHM,2023-01-01,11.3885,11,91,21.35
KHM-ADM2-013,Phnom Penh,KHM,2023-02-01,11.6722,13,91,21.35
KHM-ADM2-013,Phnom Penh,KHM,2023-03-01,13.5147,12,91,21.35
KHM-ADM2-013,Phnom Penh,KHM,2023-04-01,11.2205,19,91,21.35
KHM-ADM2-013,Phnom Penh,KHM,2023-05-01,12.0058,12,91,21.35
KHM-ADM2-013,Phnom Penh,KHM,2023-06-01,11.0,6,91,21.35
KHM-ADM2-013,Phnom Penh,KHM,2023-07-01,10.5523,4,91,21.35
KHM-ADM2-013,Phnom Penh,KHM,2023-08-01,11.576,10,91,21.35
KHM-ADM2-013,Phnom Penh,KHM,2023-09-01,9.8727,11,91,21.35
KHM-ADM2-013,Phnom Penh,KHM,2023-10-01,9.6684,13,91,21.35
KHM-ADM2-013,Phnom Penh,KHM,2023-11-01,10.0345,10,91,21.35
KHM-ADM2-013,Phnom Penh,KHM,2023-12-01,12.1871,14,91,21.35
KHM-ADM2-013,Phnom Penh,KHM,2024-01-01,11.7993,17,91,21.35
KHM-ADM2-013,Phnom Penh,KHM,2024-02-01,12.5668,13,91,21.35
KHM-ADM2-013,Phnom Penh,KHM,2024-03-01,11.2673,15,91,21.35
KHM-ADM2-013,Phnom Penh,KHM,2024-04-01,12.3915,16,91,21.35
KHM-ADM2-013,Phnom Penh,KHM,2024-05-01,12.1712,12,91,21.35
KHM-ADM2-013,Phnom Penh,KHM,2024-06-01,11.3321,6,91,21.35
KHM-ADM2-013,Phnom Penh,KHM,2024-07-01,12.2361,13,91,21.35
KHM-ADM2-013,Phnom Penh,KHM,2024-08-01,11.1097,2,91,21.35
KHM-ADM2-013,Phnom Penh,KHM,2024-09-01,11.1941,5,91,21.35
KHM-ADM2-013,Phnom Penh,KHM,2024-10-01,11.4598,10,91,21.35
KHM-ADM2-013,Phnom Penh,KHM,2024-11-01,11.0905,15,91,21.35
KHM-ADM2-013,Phnom Penh,KHM,2024-12-01,12.9625,13,91,21.35
KHM-ADM2-014,Phnom Penh,KHM,2019-01-01,5.8732,20,121,28.25
KHM-ADM2-014,Phnom Penh,KHM,2019-02-01,6.2509,15,121,28.25
KHM-ADM2-014,Phnom Penh,KHM,2019-03-01,6.3215,11,121,28.25
KHM-ADM2-014,Phnom Penh,KHM,2019-04-01,6.2848,14,121,28.25
KHM-ADM2-014,Phnom Penh,KHM,2019-05-01,6.1136,9,121,28.25
KHM-ADM2-014,Phnom Penh,KHM,2019-06-01,5.7065,8,121,28.25
KHM-ADM2-014,Phnom Penh,KHM,2019-07-01,7.1638,7,121,28.25
KHM-ADM2-014,Phnom Penh,KHM,2019-08-01,6.1401,6,121,28.25
KHM-ADM2-014,Phnom Penh,KHM,2019-09-01,5.6116,2,121,28.25
KHM-ADM2-014,Phnom Penh,KHM,2019-10-01,6.0279,11,121,28.25
KHM-ADM2-014,Phnom Penh,KHM,2019-11-01,6.0621,20,121,28.25
KHM-ADM2-014,Phnom Penh,KHM,2019-12-01,6.7278,15,121,28.25
KHM-ADM2-014,Phnom Penh,KHM,2020-01-01,7.1926,14,121,28.25
KHM-ADM2-014,Phnom Penh,KHM,2020-02-01,6.0953,9,121,28.25
KHM-ADM2-014,Phnom Penh,KHM,2020-03-01,6.3441,9,121,28.25
KHM-ADM2-014,Phnom Penh,KHM,2020-04-01,5.2963,18,121,28.25
KHM-ADM2-014,Phnom Penh,KHM,2020-05-01,5.6249,19,121,28.25
KHM-ADM2-014,Phnom Penh,KHM,2020-06-01,5.2562,13,121,28.25
KHM-ADM2-014,Phnom Penh,KHM,2020-07-01,5.3955,8,121,28.25
KHM-ADM2-014,Phnom Penh,KHM,2020-08-01,5.2383,8,121,28.25
KHM-ADM2-014,Phnom Penh,KHM,2020-09-01,5.594,12,121,28.25
KHM-ADM2-014,Phnom Penh,KHM,2020-10-01,6.7888,12,121,28.25
KHM-ADM2-014,Phnom Penh,KHM,2020-11-01,6.1458,12,121,28.25
KHM-ADM2-014,Phnom Penh,KHM,2020-12-01,6.1815,21,121,28.25
KHM-ADM2-014,Phnom Penh,KHM,2021-01-01,7.6214,15,121,28.25
KHM-ADM2-014,Phnom Penh,KHM,2021-02-01,6.4357,20,121,28.25
KHM-ADM2-014,Phnom Penh,KHM,2021-03-01,6.963,8,121,28.25
KHM-ADM2-014,Phnom Penh,KHM,2021-04-01,6.6903,13,121,28.25
KHM-ADM2-014,Phnom Penh,KHM,2021-05-01,6.7839,14,121,28.25
KHM-ADM2-014,Phnom Penh,KHM,2021-06-01,7.0517,9,121,28.25
KHM-ADM2-014,Phnom Penh,KHM,2021-07-01,6.4815,4,121,28.25
KHM-ADM2-014,Phnom Penh,KHM,2021-08-01,,0,121,28.25
KHM-ADM2-014,Phnom Penh,KHM,2021-09-01,7.3101,8,121,28.25
KHM-ADM2-014,Phnom Penh,KHM,2021-10-01,6.7435,12,121,28.25
KHM-ADM2-014,Phnom Penh,KHM,2021-11-01,6.5597,15,121,28.25
KHM-ADM2-014,Phnom Penh,KHM,2021-12-01,7.0981,13,121,28.25
KHM-ADM2-014,Phnom Penh,KHM,2022-01-01,6.6458,13,121,28.25
KHM-ADM2-014,Phnom Penh,KHM,2022-02-01,8.2474,17,121,28.25
KHM-ADM2-014,Phnom Penh,KHM,2022-03-01,7.6209,17,121,28.25
KHM-ADM2-014,Phnom Penh,KHM,2022-04-01,7.1159,12,121,28.25
KHM-ADM2-014,Phnom Penh,KHM,2022-05-01,7.3289,11,121,28.25
KHM-ADM2-014,Phnom Penh,KHM,2022-06-01,7.0252,13,121,28.25
KHM-ADM2-014,Phnom Penh,KHM,2022-07-01,6.7194,8,121,28.25
KHM-ADM2-014,Phnom Penh,KHM,2022-08-01,7.0369,4,121,28.25
KHM-ADM2-014,Phnom Penh,KHM,2022-09-01,6.3635,7,121,28.25
KHM-ADM2-014,Phnom Penh,KHM,2022-10-01,6.6975,15,121,28.25
KHM-ADM2-014,Phnom Penh,KHM,2022-11-01,7.2128,12,121,28.25
KHM-ADM2-014,Phnom Penh,KHM,2022-12-01,7.1066,17,121,28.25
KHM-ADM2-014,Phnom Penh,KHM,2023-01-01,7.3846,15,121,28.25
KHM-ADM2-014,Phnom Penh,KHM,2023-02-01,7.0433,13,121,28.25
KHM-ADM2-014,Phnom Penh,KHM,2023-03-01,7.8705,11,121,28.25
KHM-ADM2-014,Phnom Penh,KHM,2023-04-01,7.7173,11,121,28.25
KHM-ADM2-014,Phnom Penh,KHM,2023-05-01,7.9115,14,121,28.25
KHM-ADM2-014,Phnom Penh,KHM,2023-06-01,7.9647,8,121,28.25
KHM-ADM2-014,Phnom Penh,KHM,2023-07-01,6.9478,1,121,28.25
KHM-ADM2-014,Phnom Penh,KHM,2023-08-01,6.7646,7,121,28.25
KHM-ADM2-014,Phnom Penh,KHM,2023-09-01,7.4903,3,121,28.25
KHM-ADM2-014,Phnom Penh,KHM,2023-10-01,7.8015,11,121,28.25
KHM-ADM2-014,Phnom Penh,KHM,2023-11-01,8.1853,18,121,28.25
KHM-ADM2-014,Phnom Penh,KHM,2023-12-01,8.2561,14,121,28.25
KHM-ADM2-014,Phnom Penh,KHM,2024-01-01,7.0565,14,121,28.25
KHM-ADM2-014,Phnom Penh,KHM,2024-02-01,7.8478,17,121,28.25
KHM-ADM2-014,Phnom Penh,KHM,2024-03-01,8.843,4,121,28.25
KHM-ADM2-014,Phnom Penh,KHM,2024-04-01,8.3608,22,121,28.25
KHM-ADM2-014,Phnom Penh,KHM,2024-05-01,7.8021,17,121,28.25
KHM-ADM2-014,Phnom Penh,KHM,2024-06-01,,0,121,28.25
KHM-ADM2-014,Phnom Penh,KHM,2024-07-01,7.8717,11,121,28.25
KHM-ADM2-014,Phnom Penh,KHM,2024-08-01,7.2368,1,121,28.25
KHM-ADM2-014,Phnom Penh,KHM,2024-09-01,7.4496,3,121,28.25
KHM-ADM2-014,Phnom Penh,KHM,2024-10-01,6.7865,13,121,28.25
KHM-ADM2-014,Phnom Penh,KHM,2024-11-01,8.141,25,121,28.25
KHM-ADM2-014,Phnom Penh,KHM,2024-12-01,8.3559,13,121,28.25
USA-ADM2-001,Philadelphia,USA,2019-01-01,12.6163,11,89,20.72
USA-ADM2-001,Philadelphia,USA,2019-02-01,12.7526,16,89,20.72
USA-ADM2-001,Philadelphia,USA,2019-03-01,13.563,6,89,20.72
USA-ADM2-001,Philadelphia,USA,2019-04-01,14.3043,20,89,20.72
USA-ADM2-001,Philadelphia,USA,2019-05-01,12.6219,14,89,20.72
USA-ADM2-001,Philadelphia,USA,2019-06-01,13.4174,4,89,20.72
USA-ADM2-001,Philadelphia,USA,2019-07-01,12.3057,6,89,20.72
USA-ADM2-001,Philadelphia,USA,2019-08-01,11.7892,4,89,20.72
USA-ADM2-001,Philadelphia,USA,2019-09-01,12.6567,9,89,20.72
USA-ADM2-001,Philadelphia,USA,2019-10-01,12.7417,12,89,20.72
USA-ADM2-001,Philadelphia,USA,2019-11-01,13.3043,18,89,20.72
USA-ADM2-001,Philadelphia,USA,2019-12-01,13.0116,15,89,20.72
USA-ADM2-001,Philadelphia,USA,2020-01-01,14.0765,9,89,20.72
USA-ADM2-001,Philadelphia,USA,2020-02-01,13.0205,11,89,20.72
USA-ADM2-001,Philadelphia,USA,2020-03-01,15.1987,10,89,20.72
USA-ADM2-001,Philadelphia,USA,2020-04-01,11.4766,10,89,20.72
USA-ADM2-001,Philadelphia,USA,2020-05-01,12.6923,12,89,20.72
USA-ADM2-001,Philadelphia,USA,2020-06-01,10.3752,4,89,20.72
USA-ADM2-001,Philadelphia,USA,2020-07-01,10.4206,9,89,20.72
USA-ADM2-001,Philadelphia,USA,2020-08-01,11.7178,7,89,20.72
USA-ADM2-001,Philadelphia,USA,2020-09-01,12.9959,11,89,20.72
USA-ADM2-001,Philadelphia,USA,2020-10-01,12.9386,14,89,20.72
USA-ADM2-001,Philadelphia,USA,2020-11-01,13.3141,11,89,20.72
USA-ADM2-001,Philadelphia,USA,2020-12-01,12.8652,15,89,20.72
USA-ADM2-001,Philadelphia,USA,2021-01-01,13.4871,9,89,20.72
USA-ADM2-001,Philadelphia,USA,2021-02-01,15.4316,9,89,20.72
USA-ADM2-001,Philadelphia,USA,2021-03-01,15.6631,13,89,20.72
USA-ADM2-001,Philadelphia,USA,2021-04-01,15.5329,14,89,20.72
USA-ADM2-001,Philadelphia,USA,2021-05-01,13.8261,20,89,20.72
USA-ADM2-001,Philadelphia,USA,2021-06-01,14.2894,7,89,20.72
USA-ADM2-001,Philadelphia,USA,2021-07-01,14.4353,5,89,20.72
USA-ADM2-001,Philadelphia,USA,2021-08-01,13.6215,6,89,20.72
USA-ADM2-001,Philadelphia,USA,2021-09-01,13.9912,8,89,20.72
USA-ADM2-001,Philadelphia,USA,2021-10-01,14.4904,24,89,20.72
USA-ADM2-001,Philadelphia,USA,2021-11-01,13.5656,10,89,20.72
USA-ADM2-001,Philadelphia,USA,2021-12-01,15.2872,21,89,20.72
USA-ADM2-001,Philadelphia,USA,2022-01-01,12.9853,14,89,20.72
USA-ADM2-001,Philadelphia,USA,2022-02-01,14.8357,11,89,20.72
USA-ADM2-001,Philadelphia,USA,2022-03-01,16.8301,12,89,20.72
USA-ADM2-001,Philadelphia,USA,2022-04-01,17.1823,11,89,20.72
USA-ADM2-001,Philadelphia,USA,2022-05-01,14.3237,18,89,20.72
USA-ADM2-001,Philadelphia,USA,2022-06-01,14.9387,8,89,20.72
USA-ADM2-001,Philadelphia,USA,2022-07-01,15.2397,10,89,20.72
USA-ADM2-001,Philadelphia,USA,2022-08-01,,0,89,20.72
USA-ADM2-001,Philadelphia,USA,2022-09-01,14.8376,18,89,20.72
USA-ADM2-001,Philadelphia,USA,2022-10-01,14.0843,19,89,20.72
USA-ADM2-001,Philadelphia,USA,2022-11-01,16.8057,15,89,20.72
USA-ADM2-001,Philadelphia,USA,2022-12-01,15.2069,12,89,20.72
USA-ADM2-001,Philadelphia,USA,2023-01-01,17.0808,15,89,20.72
USA-ADM2-001,Philadelphia,USA,2023-02-01,16.0697,9,89,20.72
USA-ADM2-001,Philadelphia,USA,2023-03-01,16.3009,19,89,20.72
USA-ADM2-001,Philadelphia,USA,2023-04-01,17.9596,19,89,20.72
USA-ADM2-001,Philadelphia,USA,2023-05-01,15.6774,23,89,20.72
USA-ADM2-001,Philadelphia,USA,2023-06-01,14.8312,5,89,20.72
USA-ADM2-001,Philadelphia,USA,2023-07-01,,0,89,20.72
USA-ADM2-001,Philadelphia,USA,2023-08-01,14.7684,7,89,20.72
USA-ADM2-001,Philadelphia,USA,2023-09-01,14.2816,4,89,20.72
USA-ADM2-001,Philadelphia,USA,2023-10-01,16.0156,15,89,20.72
USA-ADM2-001,Philadelphia,USA,2023-11-01,16.1968,15,89,20.72
USA-ADM2-001,Philadelphia,USA,2023-12-01,18.1655,17,89,20.72
USA-ADM2-001,Philadelphia,USA,2024-01-01,16.8527,12,89,20.72
USA-ADM2-001,Philadelphia,USA,2024-02-01,16.2305,16,89,20.72
USA-ADM2-001,Philadelphia,USA,2024-03-01,16.1611,16,89,20.72
USA-ADM2-001,Philadelphia,USA,2024-04-01,17.6423,21,89,20.72
USA-ADM2-001,Philadelphia,USA,2024-05-01,17.6899,12,89,20.72
USA-ADM2-001,Philadelphia,USA,2024-06-01,15.0789,7,89,20.72
USA-ADM2-001,Philadelphia,USA,2024-07-01,15.0451,7,89,20.72
USA-ADM2-001,Philadelphia,USA,2024-08-01,15.9322,9,89,20.72
USA-ADM2-001,Philadelphia,USA,2024-09-01,,0,89,20.72
USA-ADM2-001,Philadelphia,USA,2024-10-01,16.1425,13,89,20.72
USA-ADM2-001,Philadelphia,USA,2024-11-01,19.0409,16,89,20.72
USA-ADM2-001,Philadelphia,USA,2024-12-01,15.8778,18,89,20.72
USA-ADM2-002,Philadelphia,USA,2019-01-01,4.6493,11,65,15.15
USA-ADM2-002,Philadelphia,USA,2019-02-01,4.4782,10,65,15.15
USA-ADM2-002,Philadelphia,USA,2019-03-01,5.0064,15,65,15.15
USA-ADM2-002,Philadelphia,USA,2019-04-01,4.6529,14,65,15.15
USA-ADM2-002,Philadelphia,USA,2019-05-01,4.6025,13,65,15.15
USA-ADM2-002,Philadelphia,USA,2019-06-01,5.2338,7,65,15.15
USA-ADM2-002,Philadelphia,USA,2019-07-01,4.5837,8,65,15.15
USA-ADM2-002,Philadelphia,USA,2019-08-01,4.4159,3,65,15.15
USA-ADM2-002,Philadelphia,USA,2019-09-01,4.7188,13,65,15.15
USA-ADM2-002,Philadelphia,USA,2019-10-01,4.6787,12,65,15.15
USA-ADM2-002,Philadelphia,USA,2019-11-01,4.9336,9,65,15.15
USA-ADM2-002,Philadelphia,USA,2019-12-01,4.4476,17,65,15.15
USA-ADM2-002,Philadelphia,USA,2020-01-01,4.7576,16,65,15.15
USA-ADM2-002,Philadelphia,USA,2020-02-01,5.3789,14,65,15.15
USA-ADM2-002,Philadelphia,USA,2020-03-01,5.0697,18,65,15.15
USA-ADM2-002,Philadelphia,USA,2020-04-01,4.0535,15,65,15.15
USA-ADM2-002,Philadelphia,USA,2020-05-01,4.0384,10,65,15.15
USA-ADM2-002,Philadelphia,USA,2020-06-01,4.4053,2,65,15.15
USA-ADM2-002,Philadelphia,USA,2020-07-01,4.0615,6,65,15.15
USA-ADM2-002,Philadelphia,USA,2020-08-01,4.2148,5,65,15.15
USA-ADM2-002,Philadelphia,USA,2020-09-01,4.958,4,65,15.15
USA-ADM2-002,Philadelphia,USA,2020-10-01,5.237,14,65,15.15
USA-ADM2-002,Philadelphia,USA,2020-11-01,5.014,18,65,15.15
USA-ADM2-002,Philadelphia,USA,2020-12-01,4.7016,16,65,15.15
USA-ADM2-002,Philadelphia,USA,2021-01-01,5.4823,14,65,15.15
USA-ADM2-002,Philadelphia,USA,2021-02-01,5.4463,11,65,15.15
USA-ADM2-002,Philadelphia,USA,2021-03-01,5.7457,16,65,15.15
USA-ADM2-002,Philadelphia,USA,2021-04-01,5.9847,18,65,15.15
USA-ADM2-002,Philadelphia,USA,2021-05-01,5.6652,14,65,15.15
USA-ADM2-002,Philadelphia,USA,2021-06-01,,0,65,15.15
USA-ADM2-002,Philadelphia,USA,2021-07-01,4.9056,10,65,15.15
USA-ADM2-002,Philadelphia,USA,2021-08-01,4.9894,5,65,15.15
USA-ADM2-002,Philadelphia,USA,2021-09-01,5.5565,3,65,15.15
USA-ADM2-002,Philadelphia,USA,2021-10-01,5.695,11,65,15.15
USA-ADM2-002,Philadelphia,USA,2021-11-01,5.9519,16,65,15.15
USA-ADM2-002,Philadelphia,USA,2021-12-01,5.1436,18,65,15.15
USA-ADM2-002,Philadelphia,USA,2022-01-01,5.6028,18,65,15.15
USA-ADM2-002,Philadelphia,USA,2022-02-01,5.6288,11,65,15.15
USA-ADM2-002,Philadelphia,USA,2022-03-01,6.1065,12,65,15.15
USA-ADM2-002,Philadelphia,USA,2022-04-01,6.4502,13,65,15.15
USA-ADM2-002,Philadelphia,USA,2022-05-01,6.189,20,65,15.15
USA-ADM2-002,Philadelphia,USA,2022-06-01,5.8311,9,65,15.15
USA-ADM2-002,Philadelphia,USA,2022-07-01,5.0386,2,65,15.15
USA-ADM2-002,Philadelphia,USA,2022-08-01,5.7041,2,65,15.15
USA-ADM2-002,Philadelphia,USA,2022-09-01,5.2442,5,65,15.15
USA-ADM2-002,Philadelphia,USA,2022-10-01,5.4644,15,65,15.15
USA-ADM2-002,Philadelphia,USA,2022-11-01,5.6426,8,65,15.15
USA-ADM2-002,Philadelphia,USA,2022-12-01,5.9917,13,65,15.15
USA-ADM2-002,Philadelphia,USA,2023-01-01,6.0999,16,65,15.15
USA-ADM2-002,Philadelphia,USA,2023-02-01,6.463,10,65,15.15
USA-ADM2-002,Philadelphia,USA,2023-03-01,6.1432,12,65,15.15
USA-ADM2-002,Philadelphia,USA,2023-04-01,6.2805,12,65,15.15
USA-ADM2-002,Philadelphia,USA,2023-05-01,6.1055,15,65,15.15
USA-ADM2-002,Philadelphia,USA,2023-06-01,6.1574,4,65,15.15
USA-ADM2-002,Philadelphia,USA,2023-07-01,6.1217,4,65,15.15
USA-ADM2-002,Philadelphia,USA,2023-08-01,,0,65,15.15
USA-ADM2-002,Philadelphia,USA,2023-09-01,5.029,6,65,15.15
USA-ADM2-002,Philadelphia,USA,2023-10-01,6.0384,13,65,15.15
USA-ADM2-002,Philadelphia,USA,2023-11-01,6.3928,12,65,15.15
USA-ADM2-002,Philadelphia,USA,2023-12-01,5.7886,14,65,15.15
USA-ADM2-002,Philadelphia,USA,2024-01-01,6.8326,16,65,15.15
USA-ADM2-002,Philadelphia,USA,2024-02-01,6.5092,11,65,15.15
USA-ADM2-002,Philadelphia,USA,2024-03-01,6.7573,13,65,15.15
USA-ADM2-002,Philadelphia,USA,2024-04-01,7.173,11,65,15.15
USA-ADM2-002,Philadelphia,USA,2024-05-01,6.5584,11,65,15.15
USA-ADM2-002,Philadelphia,USA,2024-06-01,7.0657,2,65,15.15
USA-ADM2-002,Philadelphia,USA,2024-07-01,6.5511,5,65,15.15
USA-ADM2-002,Philadelphia,USA,2024-08-01,6.5873,10,65,15.15
USA-ADM2-002,Philadelphia,USA,2024-09-01,6.2813,7,65,15.15
USA-ADM2-002,Philadelphia,USA,2024-10-01,5.5303,13,65,15.15
USA-ADM2-002,Philadelphia,USA,2024-11-01,5.8841,17,65,15.15
USA-ADM2-002,Philadelphia,USA,2024-12-01,6.1998,13,65,15.15
USA-ADM2-003,Philadelphia,USA,2019-01-01,14.5549,9,51,12.06
USA-ADM2-003,Philadelphia,USA,2019-02-01,16.9765,13,51,12.06
USA-ADM2-003,Philadelphia,USA,2019-03-01,16.3913,15,51,12.06
USA-ADM2-003,Philadelphia,USA,2019-04-01,15.663,17,51,12.06
USA-ADM2-003,Philadelphia,USA,2019-05-01,16.5006,17,51,12.06
USA-ADM2-003,Philadelphia,USA,2019-06-01,17.6295,4,51,12.06
USA-ADM2-003,Philadelphia,USA,2019-07-01,15.5424,3,51,12.06
USA-ADM2-003,Philadelphia,USA,2019-08-01,15.9445,4,51,12.06
USA-ADM2-003,Philadelphia,USA,2019-09-01,15.0644,3,51,12.06
USA-ADM2-003,Philadelphia,USA,2019-10-01,17.2652,18,51,12.06
USA-ADM2-003,Philadelphia,USA,2019-11-01,15.7979,24,51,12.06
USA-ADM2-003,Philadelphia,USA,2019-12-01,15.6426,11,51,12.06
USA-ADM2-003,Philadelphia,USA,2020-01-01,16.4766,11,51,12.06
USA-ADM2-003,Philadelphia,USA,2020-02-01,17.1529,15,51,12.06
USA-ADM2-003,Philadelphia,USA,2020-03-01,18.5654,15,51,12.06
USA-ADM2-003,Philadelphia,USA,2020-04-01,13.1912,21,51,12.06
USA-ADM2-003,Philadelphia,USA,2020-05-01,14.6258,19,51,12.06
USA-ADM2-003,Philadelphia,USA,2020-06-01,13.6117,11,51,12.06
USA-ADM2-003,Philadelphia,USA,2020-07-01,13.7314,6,51,12.06
USA-ADM2-003,Philadelphia,USA,2020-08-01,14.5934,5,51,12.06
USA-ADM2-003,Philadelphia,USA,2020-09-01,17.4794,9,51,12.06
USA-ADM2-003,Philadelphia,USA,2020-10-01,17.4523,16,51,12.06
USA-ADM2-003,Philadelphia,USA,2020-11-01,16.8939,17,51,12.06
USA-ADM2-003,Philadelphia,USA,2020-12-01,15.2699,11,51,12.06
USA-ADM2-003,Philadelphia,USA,2021-01-01,19.0076,17,51,12.06
USA-ADM2-003,Philadelphia,USA,2021-02-01,16.7459,14,51,12.06
USA-ADM2-003,Philadelphia,USA,2021-03-01,17.9022,9,51,12.06
USA-ADM2-003,Philadelphia,USA,2021-04-01,17.1837,12,51,12.06
USA-ADM2-003,Philadelphia,USA,2021-05-01,17.4528,10,51,12.06
USA-ADM2-003,Philadelphia,USA,2021-06-01,18.4547,5,51,12.06
USA-ADM2-003,Philadelphia,USA,2021-07-01,18.6735,4,51,12.06
USA-ADM2-003,Philadelphia,USA,2021-08-01,17.0635,2,51,12.06
USA-ADM2-003,Philadelphia,USA,2021-09-01,16.7931,4,51,12.06
USA-ADM2-003,Philadelphia,USA,2021-10-01,16.7833,12,51,12.06
USA-ADM2-003,Philadelphia,USA,2021-11-01,15.6857,17,51,12.06
USA-ADM2-003,Philadelphia,USA,2021-12-01,17.1737,15,51,12.06
USA-ADM2-003,Philadelphia,USA,2022-01-01,17.1451,19,51,12.06
USA-ADM2-003,Philadelphia,USA,2022-02-01,17.9783,10,51,12.06
USA-ADM2-003,Philadelphia,USA,2022-03-01,17.4753,10,51,12.06
USA-ADM2-003,Philadelphia,USA,2022-04-01,17.8415,18,51,12.06
USA-ADM2-003,Philadelphia,USA,2022-05-01,16.5331,11,51,12.06
USA-ADM2-003,Philadelphia,USA,2022-06-01,18.6751,5,51,12.06
USA-ADM2-003,Philadelphia,USA,2022-07-01,17.6941,2,51,12.06
USA-ADM2-003,Philadelphia,USA,2022-08-01,17.4448,3,51,12.06
USA-ADM2-003,Philadelphia,USA,2022-09-01,15.7848,2,51,12.06
USA-ADM2-003,Philadelphia,USA,2022-10-01,16.7384,10,51,12.06
USA-ADM2-003,Philadelphia,USA,2022-11-01,18.004,14,51,12.06
USA-ADM2-003,Philadelphia,USA,2022-12-01,18.8606,10,51,12.06
USA-ADM2-003,Philadelphia,USA,2023-01-01,16.506,14,51,12.06
USA-ADM2-003,Philadelphia,USA,2023-02-01,18.0087,12,51,12.06
USA-ADM2-003,Philadelphia,USA,2023-03-01,18.6226,10,51,12.06
USA-ADM2-003,Philadelphia,USA,2023-04-01,20.1393,11,51,12.06
USA-ADM2-003,Philadelphia,USA,2023-05-01,21.2826,13,51,12.06
USA-ADM2-003,Philadelphia,USA,2023-06-01,17.9569,7,51,12.06
USA-ADM2-003,Philadelphia,USA,2023-07-01,19.8993,4,51,12.06
USA-ADM2-003,Philadelphia,USA,2023-08-01,15.852,5,51,12.06
USA-ADM2-003,Philadelphia,USA,2023-09-01,17.1058,6,51,12.06
USA-ADM2-003,Philadelphia,USA,2023-10-01,19.6557,16,51,12.06
USA-ADM2-003,Philadelphia,USA,2023-11-01,18.3695,7,51,12.06
USA-ADM2-003,Philadelphia,USA,2023-12-01,19.3326,13,51,12.06
USA-ADM2-003,Philadelphia,USA,2024-01-01,19.9232,17,51,12.06
USA-ADM2-003,Philadelphia,USA,2024-02-01,17.7124,11,51,12.06
USA-ADM2-003,Philadelphia,USA,2024-03-01,20.1059,16,51,12.06
USA-ADM2-003,Philadelphia,USA,2024-04-01,18.5769,23,51,12.06
USA-ADM2-003,Philadelphia,USA,2024-05-01,21.3533,10,51,12.06
USA-ADM2-003,Philadelphia,USA,2024-06-01,19.0279,9,51,12.06
USA-ADM2-003,Philadelphia,USA,2024-07-01,19.0213,4,51,12.06
USA-ADM2-003,Philadelphia,USA,2024-08-01,17.2513,3,51,12.06
USA-ADM2-003,Philadelphia,USA,2024-09-01,19.0185,10,51,12.06
USA-ADM2-003,Philadelphia,USA,2024-10-01,18.6433,13,51,12.06
USA-ADM2-003,Philadelphia,USA,2024-11-01,17.3209,17,51,12.06
USA-ADM2-003,Philadelphia,USA,2024-12-01,17.9746,12,51,12.06
USA-ADM2-004,Philadelphia,USA,2019-01-01,7.291,10,77,18.0
USA-ADM2-004,Philadelphia,USA,2019-02-01,6.9864,8,77,18.0
USA-ADM2-004,Philadelphia,USA,2019-03-01,7.6284,13,77,18.0
USA-ADM2-004,Philadelphia,USA,2019-04-01,7.3792,13,77,18.0
USA-ADM2-004,Philadelphia,USA,2019-05-01,6.8594,16,77,18.0
USA-ADM2-004,Philadelphia,USA,2019-06-01,6.7771,12,77,18.0
USA-ADM2-004,Philadelphia,USA,2019-07-01,6.7287,4,77,18.0
USA-ADM2-004,Philadelphia,USA,2019-08-01,6.29,4,77,18.0
USA-ADM2-004,Philadelphia,USA,2019-09-01,7.3738,6,77,18.0
USA-ADM2-004,Philadelphia,USA,2019-10-01,7.0661,14,77,18.0
USA-ADM2-004,Philadelphia,USA,2019-11-01,6.6075,12,77,18.0
USA-ADM2-004,Philadelphia,USA,2019-12-01,6.9289,9,77,18.0
USA-ADM2-004,Philadelphia,USA,2020-01-01,6.8925,12,77,18.0
USA-ADM2-004,Philadelphia,USA,2020-02-01,7.3044,13,77,18.0
USA-ADM2-004,Philadelphia,USA,2020-03-01,7.7308,12,77,18.0
USA-ADM2-004,Philadelphia,USA,2020-04-01,5.797,14,77,18.0
USA-ADM2-004,Philadelphia,USA,2020-05-01,6.1009,14,77,18.0
USA-ADM2-004,Philadelphia,USA,2020-06-01,5.6111,8,77,18.0
USA-ADM2-004,Philadelphia,USA,2020-07-01,5.426,3,77,18.0
USA-ADM2-004,Philadelphia,USA,2020-08-01,5.4826,10,77,18.0
USA-ADM2-004,Philadelphia,USA,2020-09-01,6.9848,8,77,18.0
USA-ADM2-004,Philadelphia,USA,2020-10-01,6.4763,9,77,18.0
USA-ADM2-004,Philadelphia,USA,2020-11-01,6.9938,14,77,18.0
USA-ADM2-004,Philadelphia,USA,2020-12-01,7.4832,15,77,18.0
USA-ADM2-004,Philadelphia,USA,2021-01-01,7.1422,4,77,18.0
USA-ADM2-004,Philadelphia,USA,2021-02-01,7.6036,11,77,18.0
USA-ADM2-004,Philadelphia,USA,2021-03-01,7.6062,12,77,18.0
USA-ADM2-004,Philadelphia,USA,2021-04-01,7.1451,12,77,18.0
USA-ADM2-004,Philadelphia,USA,2021-05-01,6.9981,13,77,18.0
USA-ADM2-004,Philadelphia,USA,2021-06-01,7.8674,2,77,18.0
USA-ADM2-004,Philadelphia,USA,2021-07-01,7.331,7,77,18.0
USA-ADM2-004,Philadelphia,USA,2021-08-01,6.8171,8,77,18.0
USA-ADM2-004,Philadelphia,USA,2021-09-01,7.3556,9,77,18.0
USA-ADM2-004,Philadelphia,USA,2021-10-01,7.5414,10,77,18.0
USA-ADM2-004,Philadelphia,USA,2021-11-01,6.8207,11,77,18.0
USA-ADM2-004,Philadelphia,USA,2021-12-01,7.3372,13,77,18.0
USA-ADM2-004,Philadelphia,USA,2022-01-01,7.7031,15,77,18.0
USA-ADM2-004,Philadelphia,USA,2022-02-01,7.4798,8,77,18.0
USA-ADM2-004,Philadelphia,USA,2022-03-01,8.124,15,77,18.0
USA-ADM2-004,Philadelphia,USA,2022-04-01,7.7809,13,77,18.0
USA-ADM2-004,Philadelphia,USA,2022-05-01,8.5425,13,77,18.0
USA-ADM2-004,Philadelphia,USA,2022-06-01,7.9307,9,77,18.0
USA-ADM2-004,Philadelphia,USA,2022-07-01,7.7852,3,77,18.0
USA-ADM2-004,Philadelphia,USA,2022-08-01,7.2536,8,77,18.0
USA-ADM2-004,Philadelphia,USA,2022-09-01,7.5485,7,77,18.0
USA-ADM2-004,Philadelphia,USA,2022-10-01,7.2756,18,77,18.0
USA-ADM2-004,Philadelphia,USA,2022-11-01,7.3413,12,77,18.0
USA-ADM2-004,Philadelphia,USA,2022-12-01,7.6034,6,77,18.0
USA-ADM2-004,Philadelphia,USA,2023-01-01,8.4086,18,77,18.0
USA-ADM2-004,Philadelphia,USA,2023-02-01,8.1323,15,77,18.0
USA-ADM2-004,Philadelphia,USA,2023-03-01,7.0626,11,77,18.0
USA-ADM2-004,Philadelphia,USA,2023-04-01,7.7984,13,77,18.0
USA-ADM2-004,Philadelphia,USA,2023-05-01,8.939,20,77,18.0
USA-ADM2-004,Philadelphia,USA,2023-06-01,8.4613,9,77,18.0
USA-ADM2-004,Philadelphia,USA,2023-07-01,7.3984,11,77,18.0
USA-ADM2-004,Philadelphia,USA,2023-08-01,8.271,10,77,18.0
USA-ADM2-004,Philadelphia,USA,2023-09-01,6.9619,6,77,18.0
USA-ADM2-004,Philadelphia,USA,2023-10-01,7.6519,10,77,18.0
USA-ADM2-004,Philadelphia,USA,2023-11-01,7.3996,14,77,18.0
USA-ADM2-004,Philadelphia,USA,2023-12-01,8.0541,11,77,18.0
USA-ADM2-004,Philadelphia,USA,2024-01-01,8.3171,11,77,18.0
USA-ADM2-004,Philadelphia,USA,2024-02-01,8.4939,12,77,18.0
USA-ADM2-004,Philadelphia,USA,2024-03-01,7.9184,16,77,18.0
USA-ADM2-004,Philadelphia,USA,2024-04-01,7.3549,13,77,18.0
USA-ADM2-004,Philadelphia,USA,2024-05-01,7.701,10,77,18.0
USA-ADM2-004,Philadelphia,USA,2024-06-01,8.2841,10,77,18.0
USA-ADM2-004,Philadelphia,USA,2024-07-01,8.3055,11,77,18.0
USA-ADM2-004,Philadelphia,USA,2024-08-01,7.5277,8,77,18.0
USA-ADM2-004,Philadelphia,USA,2024-09-01,7.5827,11,77,18.0
USA-ADM2-004,Philadelphia,USA,2024-10-01,8.656,15,77,18.0
USA-ADM2-004,Philadelphia,USA,2024-11-01,8.8384,22,77,18.0
USA-ADM2-004,Philadelphia,USA,2024-12-01,7.6558,13,77,18.0
USA-ADM2-005,Philadelphia,USA,2019-01-01,4.9728,16,157,36.61
USA-ADM2-005,Philadelphia,USA,2019-02-01,4.7437,15,157,36.61
USA-ADM2-005,Philadelphia,USA,2019-03-01,5.1953,20,157,36.61
USA-ADM2-005,Philadelphia,USA,2019-04-01,5.0523,13,157,36.61
USA-ADM2-005,Philadelphia,USA,2019-05-01,5.4999,11,157,36.61
USA-ADM2-005,Philadelphia,USA,2019-06-01,5.0811,3,157,36.61
USA-ADM2-005,Philadelphia,USA,2019-07-01,4.8226,7,157,36.61
USA-ADM2-005,Philadelphia,USA,2019-08-01,5.4549,10,157,36.61
USA-ADM2-005,Philadelphia,USA,2019-09-01,5.0141,2,157,36.61
USA-ADM2-005,Philadelphia,USA,2019-10-01,5.2078,10,157,36.61
USA-ADM2-005,Philadelphia,USA,2019-11-01,4.9394,19,157,36.61
USA-ADM2-005,Philadelphia,USA,2019-12-01,5.1904,10,157,36.61
USA-ADM2-005,Philadelphia,USA,2020-01-01,4.9222,13,157,36.61
USA-ADM2-005,Philadelphia,USA,2020-02-01,4.805,20,157,36.61
USA-ADM2-005,Philadelphia,USA,2020-03-01,5.3107,13,157,36.61
USA-ADM2-005,Philadelphia,USA,2020-04-01,4.3757,20,157,36.61
USA-ADM2-005,Philadelphia,USA,2020-05-01,4.3874,11,157,36.61
USA-ADM2-005,Philadelphia,USA,2020-06-01,3.9573,4,157,36.61
USA-ADM2-005,Philadelphia,USA,2020-07-01,,0,157,36.61
USA-ADM2-005,Philadelphia,USA,2020-08-01,3.846,8,157,36.61
USA-ADM2-005,Philadelphia,USA,2020-09-01,5.5543,8,157,36.61
USA-ADM2-005,Philadelphia,USA,2020-10-01,4.8616,19,157,36.61
USA-ADM2-005,Philadelphia,USA,2020-11-01,5.142,10,157,36.61
USA-ADM2-005,Philadelphia,USA,2020-12-01,5.012,13,157,36.61
USA-ADM2-005,Philadelphia,USA,2021-01-01,5.3044,11,157,36.61
USA-ADM2-005,Philadelphia,USA,2021-02-01,5.4865,10,157,36.61
USA-ADM2-005,Philadelphia,USA,2021-03-01,6.0976,24,157,36.61
USA-ADM2-005,Philadelphia,USA,2021-04-01,5.5195,12,157,36.61
USA-ADM2-005,Philadelphia,USA,2021-05-01,5.719,14,157,36.61
USA-ADM2-005,Philadelphia,USA,2021-06-01,5.5373,2,157,36.61
USA-ADM2-005,Philadelphia,USA,2021-07-01,5.2933,9,157,36.61
USA-ADM2-005,Philadelphia,USA,2021-08-01,5.7514,5,157,36.61
USA-ADM2-005,Philadelphia,USA,2021-09-01,5.4768,3,157,36.61
USA-ADM2-005,Philadelphia,USA,2021-10-01,4.864,19,157,36.61
USA-ADM2-005,Philadelphia,USA,2021-11-01,5.6487,14,157,36.61
USA-ADM2-005,Philadelphia,USA,2021-12-01,5.1592,13,157,36.61
USA-ADM2-005,Philadelphia,USA,2022-01-01,5.2152,10,157,36.61
USA-ADM2-005,Philadelphia,USA,2022-02-01,5.5252,12,157,36.61
USA-ADM2-005,Philadelphia,USA,2022-03-01,6.2819,16,157,36.61
USA-ADM2-005,Philadelphia,USA,2022-04-01,6.3394,15,157,36.61
USA-ADM2-005,Philadelphia,USA,2022-05-01,5.1961,13,157,36.61
USA-ADM2-005,Philadelphia,USA,2022-06-01,5.924,10,157,36.61
USA-ADM2-005,Philadelphia,USA,2022-07-01,5.8118,8,157,36.61
USA-ADM2-005,Philadelphia,USA,2022-08-01,5.3057,4,157,36.61
USA-ADM2-005,Philadelphia,USA,2022-09-01,5.7217,4,157,36.61
USA-ADM2-005,Philadelphia,USA,2022-10-01,5.159,16,157,36.61
USA-ADM2-005,Philadelphia,USA,2022-11-01,6.0196,15,157,36.61
USA-ADM2-005,Philadelphia,USA,2022-12-01,5.6107,13,157,36.61
USA-ADM2-005,Philadelphia,USA,2023-01-01,6.754,16,157,36.61
USA-ADM2-005,Philadelphia,USA,2023-02-01,6.0034,13,157,36.61
USA-ADM2-005,Philadelphia,USA,2023-03-01,6.0892,20,157,36.61
USA-ADM2-005,Philadelphia,USA,2023-04-01,5.6187,12,157,36.61
USA-ADM2-005,Philadelphia,USA,2023-05-01,5.6752,12,157,36.61
USA-ADM2-005,Philadelphia,USA,2023-06-01,6.2575,15,157,36.61
USA-ADM2-005,Philadelphia,USA,2023-07-01,6.3117,4,157,36.61
USA-ADM2-005,Philadelphia,USA,2023-08-01,5.7777,11,157,36.61
USA-ADM2-005,Philadelphia,USA,2023-09-01,5.6161,4,157,36.61
USA-ADM2-005,Philadelphia,USA,2023-10-01,5.1965,16,157,36.61
USA-ADM2-005,Philadelphia,USA,2023-11-01,6.1017,12,157,36.61
USA-ADM2-005,Philadelphia,USA,2023-12-01,6.2395,10,157,36.61
USA-ADM2-005,Philadelphia,USA,2024-01-01,5.9135,10,157,36.61
USA-ADM2-005,Philadelphia,USA,2024-02-01,5.9773,16,157,36.61
USA-ADM2-005,Philadelphia,USA,2024-03-01,6.5136,22,157,36.61
USA-ADM2-005,Philadelphia,USA,2024-04-01,6.7551,15,157,36.61
USA-ADM2-005,Philadelphia,USA,2024-05-01,6.9899,13,157,36.61
USA-ADM2-005,Philadelphia,USA,2024-06-01,6.874,3,157,36.61
USA-ADM2-005,Philadelphia,USA,2024-07-01,6.3927,4,157,36.61
USA-ADM2-005,Philadelphia,USA,2024-08-01,5.4997,7,157,36.61
USA-ADM2-005,Philadelphia,USA,2024-09-01,6.3638,4,157,36.61
USA-ADM2-005,Philadelphia,USA,2024-10-01,6.0692,13,157,36.61
USA-ADM2-005,Philadelphia,USA,2024-11-01,6.6722,18,157,36.61
USA-ADM2-005,Philadelphia,USA,2024-12-01,6.4079,10,157,36.61
USA-ADM2-006,Philadelphia,USA,2019-01-01,9.259,11,72,16.9
USA-ADM2-006,Philadelphia,USA,2019-02-01,9.4782,18,72,16.9
USA-ADM2-006,Philadelphia,USA,2019-03-01,9.7795,13,72,16.9
USA-ADM2-006,Philadelphia,USA,2019-04-01,9.0103,16,72,16.9
USA-ADM2-006,Philadelphia,USA,2019-05-01,9.7287,14,72,16.9
USA-ADM2-006,Philadelphia,USA,2019-06-01,9.7987,5,72,16.9
USA-ADM2-006,Philadelphia,USA,2019-07-01,9.7573,5,72,16.9
USA-ADM2-006,Philadelphia,USA,2019-08-01,9.8239,5,72,16.9
USA-ADM2-006,Philadelphia,USA,2019-09-01,9.5895,13,72,16.9
USA-ADM2-006,Philadelphia,USA,2019-10-01,9.3161,13,72,16.9
USA-ADM2-006,Philadelphia,USA,2019-11-01,10.0939,12,72,16.9
USA-ADM2-006,Philadelphia,USA,2019-12-01,9.5011,20,72,16.9
USA-ADM2-006,Philadelphia,USA,2020-01-01,10.1484,16,72,16.9
USA-ADM2-006,Philadelphia,USA,2020-02-01,10.497,14,72,16.9
USA-ADM2-006,Philadelphia,USA,2020-03-01,10.0746,20,72,16.9
USA-ADM2-006,Philadelphia,USA,2020-04-01,8.3241,19,72,16.9
USA-ADM2-006,Philadelphia,USA,2020-05-01,9.1597,14,72,16.9
USA-ADM2-006,Philadelphia,USA,2020-06-01,8.6669,3,72,16.9
USA-ADM2-006,Philadelphia,USA,2020-07-01,7.3868,10,72,16.9
USA-ADM2-006,Philadelphia,USA,2020-08-01,8.3088,4,72,16.9
USA-ADM2-006,Philadelphia,USA,2020-09-01,9.7324,7,72,16.9
USA-ADM2-006,Philadelphia,USA,2020-10-01,9.9413,14,72,16.9
USA-ADM2-006,Philadelphia,USA,2020-11-01,8.6683,11,72,16.9
USA-ADM2-006,Philadelphia,USA,2020-12-01,10.0604,12,72,16.9
USA-ADM2-006,Philadelphia,USA,2021-01-01,10.1134,15,72,16.9
USA-ADM2-006,Philadelphia,USA,2021-02-01,11.2476,16,72,16.9
USA-ADM2-006,Philadelphia,USA,2021-03-01,11.2965,19,72,16.9
USA-ADM2-006,Philadelphia,USA,2021-04-01,10.7269,14,72,16.9
USA-ADM2-006,Philadelphia,USA,2021-05-01,9.4485,13,72,16.9
USA-ADM2-006,Philadelphia,USA,2021-06-01,11.0303,5,72,16.9
USA-ADM2-006,Philadelphia,USA,2021-07-01,11.2445,9,72,16.9
USA-ADM2-006,Philadelphia,USA,2021-08-01,10.0788,8,72,16.9
USA-ADM2-006,Philadelphia,USA,2021-09-01,9.7893,9,72,16.9
USA-ADM2-006,Philadelphia,USA,2021-10-01,10.1395,14,72,16.9
USA-ADM2-006,Philadelphia,USA,2021-11-01,10.2862,11,72,16.9
USA-ADM2-006,Philadelphia,USA,2021-12-01,10.0774,19,72,16.9
USA-ADM2-006,Philadelphia,USA,2022-01-01,11.1018,12,72,16.9
USA-ADM2-006,Philadelphia,USA,2022-02-01,11.3337,16,72,16.9
USA-ADM2-006,Philadelphia,USA,2022-03-01,10.7085,12,72,16.9
USA-ADM2-006,Philadelphia,USA,2022-04-01,11.4994,18,72,16.9
USA-ADM2-006,Philadelphia,USA,2022-05-01,10.9302,19,72,16.9
USA-ADM2-006,Philadelphia,USA,2022-06-01,10.7996,7,72,16.9
USA-ADM2-006,Philadelphia,USA,2022-07-01,10.1625,4,72,16.9
USA-ADM2-006,Philadelphia,USA,2022-08-01,11.5095,1,72,16.9
USA-ADM2-006,Philadelphia,USA,2022-09-01,10.1888,8,72,16.9
USA-ADM2-006,Philadelphia,USA,2022-10-01,10.4109,13,72,16.9
USA-ADM2-006,Philadelphia,USA,2022-11-01,10.5507,13,72,16.9
USA-ADM2-006,Philadelphia,USA,2022-12-01,10.9015,11,72,16.9
USA-ADM2-006,Philadelphia,USA,2023-01-01,11.3504,16,72,16.9
USA-ADM2-006,Philadelphia,USA,2023-02-01,11.1038,15,72,16.9
USA-ADM2-006,Philadelphia,USA,2023-03-01,12.2297,15,72,16.9
USA-ADM2-006,Philadelphia,USA,2023-04-01,12.0646,12,72,16.9
USA-ADM2-006,Philadelphia,USA,2023-05-01,12.1778,10,72,16.9
USA-ADM2-006,Philadelphia,USA,2023-06-01,11.928,10,72,16.9
USA-ADM2-006,Philadelphia,USA,2023-07-01,12.3151,4,72,16.9
USA-ADM2-006,Philadelphia,USA,2023-08-01,11.3801,4,72,16.9
USA-ADM2-006,Philadelphia,USA,2023-09-01,9.3126,4,72,16.9
USA-ADM2-006,Philadelphia,USA,2023-10-01,9.9686,13,72,16.9
USA-ADM2-006,Philadelphia,USA,2023-11-01,11.0469,17,72,16.9
USA-ADM2-006,Philadelphia,USA,2023-12-01,11.4245,18,72,16.9
USA-ADM2-006,Philadelphia,USA,2024-01-01,13.6007,12,72,16.9
USA-ADM2-006,Philadelphia,USA,2024-02-01,10.6515,15,72,16.9
USA-ADM2-006,Philadelphia,USA,2024-03-01,14.9883,12,72,16.9
USA-ADM2-006,Philadelphia,USA,2024-04-01,11.294,9,72,16.9
USA-ADM2-006,Philadelphia,USA,2024-05-01,13.4451,11,72,16.9
USA-ADM2-006,Philadelphia,USA,2024-06-01,12.1943,4,72,16.9
USA-ADM2-006,Philadelphia,USA,2024-07-01,12.3064,12,72,16.9
USA-ADM2-006,Philadelphia,USA,2024-08-01,12.0977,5,72,16.9
USA-ADM2-006,Philadelphia,USA,2024-09-01,11.882,2,72,16.9
USA-ADM2-006,Philadelphia,USA,2024-10-01,10.9174,13,72,16.9
USA-ADM2-006,Philadelphia,USA,2024-11-01,12.7744,16,72,16.9
USA-ADM2-006,Philadelphia,USA,2024-12-01,13.5554,21,72,16.9
USA-ADM2-007,Philadelphia,USA,2019-01-01,8.5872,12,154,35.88
USA-ADM2-007,Philadelphia,USA,2019-02-01,8.107,15,154,35.88
USA-ADM2-007,Philadelphia,USA,2019-03-01,9.218,8,154,35.88
USA-ADM2-007,Philadelphia,USA,2019-04-01,9.4195,17,154,35.88
USA-ADM2-007,Philadelphia,USA,2019-05-01,10.3534,10,154,35.88
USA-ADM2-007,Philadelphia,USA,2019-06-01,9.0028,11,154,35.88
USA-ADM2-007,Philadelphia,USA,2019-07-01,9.15,11,154,35.88
USA-ADM2-007,Philadelphia,USA,2019-08-01,8.931,3,154,35.88
USA-ADM2-007,Philadelphia,USA,2019-09-01,9.3727,8,154,35.88
USA-ADM2-007,Philadelphia,USA,2019-10-01,9.1782,13,154,35.88
USA-ADM2-007,Philadelphia,USA,2019-11-01,8.8008,12,154,35.88
USA-ADM2-007,Philadelphia,USA,2019-12-01,9.0639,11,154,35.88
USA-ADM2-007,Philadelphia,USA,2020-01-01,9.0993,6,154,35.88
USA-ADM2-007,Philadelphia,USA,2020-02-01,9.5253,16,154,35.88
USA-ADM2-007,Philadelphia,USA,2020-03-01,8.6682,15,154,35.88
USA-ADM2-007,Philadelphia,USA,2020-04-01,7.9478,8,154,35.88
USA-ADM2-007,Philadelphia,USA,2020-05-01,7.3357,13,154,35.88
USA-ADM2-007,Philadelphia,USA,2020-06-01,8.2058,5,154,35.88
USA-ADM2-007,Philadelphia,USA,2020-07-01,7.7746,3,154,35.88
USA-ADM2-007,Philadelphia,USA,2020-08-01,6.7768,7,154,35.88
USA-ADM2-007,Philadelphia,USA,2020-09-01,9.1476,2,154,35.88
USA-ADM2-007,Philadelphia,USA,2020-10-01,9.8338,21,154,35.88
USA-ADM2-007,Philadelphia,USA,2020-11-01,8.8292,9,154,35.88
USA-ADM2-007,Philadelphia,USA,2020-12-01,9.705,21,154,35.88
USA-ADM2-007,Philadelphia,USA,2021-01-01,9.9454,10,154,35.88
USA-ADM2-007,Philadelphia,USA,2021-02-01,10.2297,10,154,35.88
USA-ADM2-007,Philadelphia,USA,2021-03-01,10.2833,8,154,35.88
USA-ADM2-007,Philadelphia,USA,2021-04-01,9.7712,16,154,35.88
USA-ADM2-007,Philadelphia,USA,2021-05-01,9.688,19,154,35.88
USA-ADM2-007,Philadelphia,USA,2021-06-01,10.1192,12,154,35.88
USA-ADM2-007,Philadelphia,USA,2021-07-01,,0,154,35.88
USA-ADM2-007,Philadelphia,USA,2021-08-01,9.221,1,154,35.88
USA-ADM2-007,Philadelphia,USA,2021-09-01,,0,154,35.88
USA-ADM2-007,Philadelphia,USA,2021-10-01,8.9769,14,154,35.88
USA-ADM2-007,Philadelphia,USA,2021-11-01,9.8008,11,154,35.88
USA-ADM2-007,Philadelphia,USA,2021-12-01,10.4829,14,154,35.88
USA-ADM2-007,Philadelphia,USA,2022-01-01,9.5537,12,154,35.88
USA-ADM2-007,Philadelphia,USA,2022-02-01,9.6418,14,154,35.88
USA-ADM2-007,Philadelphia,USA,2022-03-01,11.4417,9,154,35.88
USA-ADM2-007,Philadelphia,USA,2022-04-01,9.9545,13,154,35.88
USA-ADM2-007,Philadelphia,USA,2022-05-01,10.5813,10,154,35.88
USA-ADM2-007,Philadelphia,USA,2022-06-01,9.8962,13,154,35.88
USA-ADM2-007,Philadelphia,USA,2022-07-01,10.8538,7,154,35.88
USA-ADM2-007,Philadelphia,USA,2022-08-01,9.1594,3,154,35.88
USA-ADM2-007,Philadelphia,USA,2022-09-01,8.9772,7,154,35.88
USA-ADM2-007,Philadelphia,USA,2022-10-01,10.2993,13,154,35.88
USA-ADM2-007,Philadelphia,USA,2022-11-01,9.4058,13,154,35.88
USA-ADM2-007,Philadelphia,USA,2022-12-01,8.9319,15,154,35.88
USA-ADM2-007,Philadelphia,USA,2023-01-01,10.1618,16,154,35.88
USA-ADM2-007,Philadelphia,USA,2023-02-01,10.1796,11,154,35.88
USA-ADM2-007,Philadelphia,USA,2023-03-01,11.3126,15,154,35.88
USA-ADM2-007,Philadelphia,USA,2023-04-01,11.0272,15,154,35.88
USA-ADM2-007,Philadelphia,USA,2023-05-01,10.5762,16,154,35.88
USA-ADM2-007,Philadelphia,USA,2023-06-01,10.3491,11,154,35.88
USA-ADM2-007,Philadelphia,USA,2023-07-01,11.7387,1,154,35.88
USA-ADM2-007,Philadelphia,USA,2023-08-01,9.082,7,154,35.88
USA-ADM2-007,Philadelphia,USA,2023-09-01,9.8462,4,154,35.88
USA-ADM2-007,Philadelphia,USA,2023-10-01,10.0161,12,154,35.88
USA-ADM2-007,Philadelphia,USA,2023-11-01,9.9799,12,154,35.88
USA-ADM2-007,Philadelphia,USA,2023-12-01,10.148,11,154,35.88
USA-ADM2-007,Philadelphia,USA,2024-01-01,11.4678,23,154,35.88
USA-ADM2-007,Philadelphia,USA,2024-02-01,10.6808,17,154,35.88
USA-ADM2-007,Philadelphia,USA,2024-03-01,11.3821,16,154,35.88
USA-ADM2-007,Philadelphia,USA,2024-04-01,10.9516,14,154,35.88
USA-ADM2-007,Philadelphia,USA,2024-05-01,11.8438,17,154,35.88
USA-ADM2-007,Philadelphia,USA,2024-06-01,9.8431,4,154,35.88
USA-ADM2-007,Philadelphia,USA,2024-07-01,11.3818,6,154,35.88
USA-ADM2-007,Philadelphia,USA,2024-08-01,11.0187,5,154,35.88
USA-ADM2-007,Philadelphia,USA,2024-09-01,10.3223,4,154,35.88
USA-ADM2-007,Philadelphia,USA,2024-10-01,10.8085,6,154,35.88
USA-ADM2-007,Philadelphia,USA,2024-11-01,11.403,15,154,35.88
USA-ADM2-007,Philadelphia,USA,2024-12-01,10.3178,14,154,35.88
USA-ADM2-008,Philadelphia,USA,2019-01-01,15.0293,16,62,14.52
USA-ADM2-008,Philadelphia,USA,2019-02-01,14.604,14,62,14.52
USA-ADM2-008,Philadelphia,USA,2019-03-01,15.6982,19,62,14.52
USA-ADM2-008,Philadelphia,USA,2019-04-01,17.0115,13,62,14.52
USA-ADM2-008,Philadelphia,USA,2019-05-01,16.5395,7,62,14.52
USA-ADM2-008,Philadelphia,USA,2019-06-01,15.4384,13,62,14.52
USA-ADM2-008,Philadelphia,USA,2019-07-01,14.0096,3,62,14.52
USA-ADM2-008,Philadelphia,USA,2019-08-01,14.7674,4,62,14.52
USA-ADM2-008,Philadelphia,USA,2019-09-01,12.7376,6,62,14.52
USA-ADM2-008,Philadelphia,USA,2019-10-01,15.2006,10,62,14.52
USA-ADM2-008,Philadelphia,USA,2019-11-01,15.2887,17,62,14.52
USA-ADM2-008,Philadelphia,USA,2019-12-01,14.6638,14,62,14.52
USA-ADM2-008,Philadelphia,USA,2020-01-01,16.4791,9,62,14.52
USA-ADM2-008,Philadelphia,USA,2020-02-01,16.3639,9,62,14.52
USA-ADM2-008,Philadelphia,USA,2020-03-01,16.7049,18,62,14.52
USA-ADM2-008,Philadelphia,USA,2020-04-01,12.9786,15,62,14.52
USA-ADM2-008,Philadelphia,USA,2020-05-01,12.919,14,62,14.52
USA-ADM2-008,Philadelphia,USA,2020-06-01,11.7883,1,62,14.52
USA-ADM2-008,Philadelphia,USA,2020-07-01,12.9889,10,62,14.52
USA-ADM2-008,Philadelphia,USA,2020-08-01,13.0744,12,62,14.52
USA-ADM2-008,Philadelphia,USA,2020-09-01,15.972,4,62,14.52
USA-ADM2-008,Philadelphia,USA,2020-10-01,17.1108,9,62,14.52
USA-ADM2-008,Philadelphia,USA,2020-11-01,16.6625,7,62,14.52
USA-ADM2-008,Philadelphia,USA,2020-12-01,15.753,18,62,14.52
USA-ADM2-008,Philadelphia,USA,2021-01-01,16.309,15,62,14.52
USA-ADM2-008,Philadelphia,USA,2021-02-01,17.4072,17,62,14.52
USA-ADM2-008,Philadelphia,USA,2021-03-01,18.2233,12,62,14.52
USA-ADM2-008,Philadelphia,USA,2021-04-01,17.4941,17,62,14.52
USA-ADM2-008,Philadelphia,USA,2021-05-01,18.5616,14,62,14.52
USA-ADM2-008,Philadelphia,USA,2021-06-01,16.1193,8,62,14.52
USA-ADM2-008,Philadelphia,USA,2021-07-01,17.9718,2,62,14.52
USA-ADM2-008,Philadelphia,USA,2021-08-01,,0,62,14.52
USA-ADM2-008,Philadelphia,USA,2021-09-01,16.9918,8,62,14.52
USA-ADM2-008,Philadelphia,USA,2021-10-01,16.4545,16,62,14.52
USA-ADM2-008,Philadelphia,USA,2021-11-01,17.056,14,62,14.52
USA-ADM2-008,Philadelphia,USA,2021-12-01,17.6802,12,62,14.52
USA-ADM2-008,Philadelphia,USA,2022-01-01,17.0753,20,62,14.52
USA-ADM2-008,Philadelphia,USA,2022-02-01,17.9471,18,62,14.52
USA-ADM2-008,Philadelphia,USA,2022-03-01,15.6008,13,62,14.52
USA-ADM2-008,Philadelphia,USA,2022-04-01,18.5332,15,62,14.52
USA-ADM2-008,Philadelphia,USA,2022-05-01,17.7711,11,62,14.52
USA-ADM2-008,Philadelphia,USA,2022-06-01,17.2861,1,62,14.52
USA-ADM2-008,Philadelphia,USA,2022-07-01,17.2842,4,62,14.52
USA-ADM2-008,Philadelphia,USA,2022-08-01,17.0605,11,62,14.52
USA-ADM2-008,Philadelphia,USA,2022-09-01,17.4298,9,62,14.52
USA-ADM2-008,Philadelphia,USA,2022-10-01,17.8975,16,62,14.52
USA-ADM2-008,Philadelphia,USA,2022-11-01,17.8342,21,62,14.52
USA-ADM2-008,Philadelphia,USA,2022-12-01,19.8693,17,62,14.52
USA-ADM2-008,Philadelphia,USA,2023-01-01,17.41,14,62,14.52
USA-ADM2-008,Philadelphia,USA,2023-02-01,17.4582,13,62,14.52
USA-ADM2-008,Philadelphia,USA,2023-03-01,19.2761,8,62,14.52
USA-ADM2-008,Philadelphia,USA,2023-04-01,18.7353,17,62,14.52
USA-ADM2-008,Philadelphia,USA,2023-05-01,16.5171,10,62,14.52
USA-ADM2-008,Philadelphia,USA,2023-06-01,18.4369,10,62,14.52
USA-ADM2-008,Philadelphia,USA,2023-07-01,18.1337,2,62,14.52
USA-ADM2-008,Philadelphia,USA,2023-08-01,17.9635,2,62,14.52
USA-ADM2-008,Philadelphia,USA,2023-09-01,17.4957,6,62,14.52
USA-ADM2-008,Philadelphia,USA,2023-10-01,17.9063,12,62,14.52
USA-ADM2-008,Philadelphia,USA,2023-11-01,18.108,14,62,14.52
USA-ADM2-008,Philadelphia,USA,2023-12-01,16.8712,18,62,14.52
USA-ADM2-008,Philadelphia,USA,2024-01-01,19.5881,12,62,14.52
USA-ADM2-008,Philadelphia,USA,2024-02-01,20.0447,11,62,14.52
USA-ADM2-008,Philadelphia,USA,2024-03-01,21.0687,14,62,14.52
USA-ADM2-008,Philadelphia,USA,2024-04-01,20.8131,15,62,14.52
USA-ADM2-008,Philadelphia,USA,2024-05-01,19.5156,14,62,14.52
USA-ADM2-008,Philadelphia,USA,2024-06-01,19.7483,11,62,14.52
USA-ADM2-008,Philadelphia,USA,2024-07-01,,0,62,14.52
USA-ADM2-008,Philadelphia,USA,2024-08-01,18.288,7,62,14.52
USA-ADM2-008,Philadelphia,USA,2024-09-01,23.0168,5,62,14.52
USA-ADM2-008,Philadelphia,USA,2024-10-01,16.8288,10,62,14.52
USA-ADM2-008,Philadelphia,USA,2024-11-01,21.0132,22,62,14.52
USA-ADM2-008,Philadelphia,USA,2024-12-01,18.6854,25,62,14.52
USA-ADM2-009,Philadelphia,USA,2019-01-01,16.4223,13,69,16.24
USA-ADM2-009,Philadelphia,USA,2019-02-01,13.5907,12,69,16.24
USA-ADM2-009,Philadelphia,USA,2019-03-01,14.1237,15,69,16.24
USA-ADM2-009,Philadelphia,USA,2019-04-01,13.562,10,69,16.24
USA-ADM2-009,Philadelphia,USA,2019-05-01,13.1099,17,69,16.24
USA-ADM2-009,Philadelphia,USA,2019-06-01,14.4515,5,69,16.24
USA-ADM2-009,Philadelphia,USA,2019-07-01,,0,69,16.24
USA-ADM2-009,Philadelphia,USA,2019-08-01,13.4959,8,69,16.24
USA-ADM2-009,Philadelphia,USA,2019-09-01,14.3267,5,69,16.24
USA-ADM2-009,Philadelphia,USA,2019-10-01,13.5867,16,69,16.24
USA-ADM2-009,Philadelphia,USA,2019-11-01,14.7962,12,69,16.24
USA-ADM2-009,Philadelphia,USA,2019-12-01,15.6785,19,69,16.24
USA-ADM2-009,Philadelphia,USA,2020-01-01,15.235,12,69,16.24
USA-ADM2-009,Philadelphia,USA,2020-02-01,14.9648,8,69,16.24
USA-ADM2-009,Philadelphia,USA,2020-03-01,14.937,12,69,16.24
USA-ADM2-009,Philadelphia,USA,2020-04-01,13.8201,15,69,16.24
USA-ADM2-009,Philadelphia,USA,2020-05-01,12.133,18,69,16.24
USA-ADM2-009,Philadelphia,USA,2020-06-01,,0,69,16.24
USA-ADM2-009,Philadelphia,USA,2020-07-01,11.4266,7,69,16.24
USA-ADM2-009,Philadelphia,USA,2020-08-01,11.5359,11,69,16.24
USA-ADM2-009,Philadelphia,USA,2020-09-01,15.5159,14,69,16.24
USA-ADM2-009,Philadelphia,USA,2020-10-01,14.4886,12,69,16.24
USA-ADM2-009,Philadelphia,USA,2020-11-01,14.7693,7,69,16.24
USA-ADM2-009,Philadelphia,USA,2020-12-01,15.4063,19,69,16.24
USA-ADM2-009,Philadelphia,USA,2021-01-01,14.294,8,69,16.24
USA-ADM2-009,Philadelphia,USA,2021-02-01,14.9132,15,69,16.24
USA-ADM2-009,Philadelphia,USA,2021-03-01,17.3213,16,69,16.24
USA-ADM2-009,Philadelphia,USA,2021-04-01,16.8337,16,69,16.24
USA-ADM2-009,Philadelphia,USA,2021-05-01,14.9129,10,69,16.24
USA-ADM2-009,Philadelphia,USA,2021-06-01,14.9259,9,69,16.24
USA-ADM2-009,Philadelphia,USA,2021-07-01,14.9236,2,69,16.24
USA-ADM2-009,Philadelphia,USA,2021-08-01,15.1686,4,69,16.24
USA-ADM2-009,Philadelphia,USA,2021-09-01,15.8996,5,69,16.24
USA-ADM2-009,Philadelphia,USA,2021-10-01,15.6237,15,69,16.24
USA-ADM2-009,Philadelphia,USA,2021-11-01,15.2178,10,69,16.24
USA-ADM2-009,Philadelphia,USA,2021-12-01,17.5793,13,69,16.24
USA-ADM2-009,Philadelphia,USA,2022-01-01,15.327,22,69,16.24
USA-ADM2-009,Philadelphia,USA,2022-02-01,18.9526,15,69,16.24
USA-ADM2-009,Philadelphia,USA,2022-03-01,16.3757,14,69,16.24
USA-ADM2-009,Philadelphia,USA,2022-04-01,16.4504,15,69,16.24
USA-ADM2-009,Philadelphia,USA,2022-05-01,16.5382,13,69,16.24
USA-ADM2-009,Philadelphia,USA,2022-06-01,16.7174,7,69,16.24
USA-ADM2-009,Philadelphia,USA,2022-07-01,15.589,7,69,16.24
USA-ADM2-009,Philadelphia,USA,2022-08-01,16.816,11,69,16.24
USA-ADM2-009,Philadelphia,USA,2022-09-01,17.2972,8,69,16.24
USA-ADM2-009,Philadelphia,USA,2022-10-01,15.4561,13,69,16.24
USA-ADM2-009,Philadelphia,USA,2022-11-01,19.3537,14,69,16.24
USA-ADM2-009,Philadelphia,USA,2022-12-01,17.929,16,69,16.24
USA-ADM2-009,Philadelphia,USA,2023-01-01,16.8801,11,69,16.24
USA-ADM2-009,Philadelphia,USA,2023-02-01,16.8232,9,69,16.24
USA-ADM2-009,Philadelphia,USA,2023-03-01,17.8289,15,69,16.24
USA-ADM2-009,Philadelphia,USA,2023-04-01,17.3564,19,69,16.24
USA-ADM2-009,Philadelphia,USA,2023-05-01,18.0103,14,69,16.24
USA-ADM2-009,Philadelphia,USA,2023-06-01,17.7799,7,69,16.24
USA-ADM2-009,Philadelphia,USA,2023-07-01,17.6305,5,69,16.24
USA-ADM2-009,Philadelphia,USA,2023-08-01,14.9025,4,69,16.24
USA-ADM2-009,Philadelphia,USA,2023-09-01,15.92,5,69,16.24
USA-ADM2-009,Philadelphia,USA,2023-10-01,16.2821,17,69,16.24
USA-ADM2-009,Philadelphia,USA,2023-11-01,17.5345,18,69,16.24
USA-ADM2-009,Philadelphia,USA,2023-12-01,18.9579,12,69,16.24
USA-ADM2-009,Philadelphia,USA,2024-01-01,16.7814,11,69,16.24
USA-ADM2-009,Philadelphia,USA,2024-02-01,20.0448,10,69,16.24
USA-ADM2-009,Philadelphia,USA,2024-03-01,19.1074,13,69,16.24
USA-ADM2-009,Philadelphia,USA,2024-04-01,17.2605,15,69,16.24
USA-ADM2-009,Philadelphia,USA,2024-05-01,18.2899,5,69,16.24
USA-ADM2-009,Philadelphia,USA,2024-06-01,19.1021,4,69,16.24
USA-ADM2-009,Philadelphia,USA,2024-07-01,17.7511,11,69,16.24
USA-ADM2-009,Philadelphia,USA,2024-08-01,18.2991,3,69,16.24
USA-ADM2-009,Philadelphia,USA,2024-09-01,17.1579,1,69,16.24
USA-ADM2-009,Philadelphia,USA,2024-10-01,16.8302,19,69,16.24
USA-ADM2-009,Philadelphia,USA,2024-11-01,18.8598,12,69,16.24
USA-ADM2-009,Philadelphia,USA,2024-12-01,19.9381,17,69,16.24
USA-ADM2-010,Philadelphia,USA,2019-01-01,13.4873,15,78,18.16
USA-ADM2-010,Philadelphia,USA,2019-02-01,13.1113,19,78,18.16
USA-ADM2-010,Philadelphia,USA,2019-03-01,14.6899,11,78,18.16
USA-ADM2-010,Philadelphia,USA,2019-04-01,15.221,15,78,18.16
USA-ADM2-010,Philadelphia,USA,2019-05-01,13.509,11,78,18.16
USA-ADM2-010,Philadelphia,USA,2019-06-01,15.203,9,78,18.16
USA-ADM2-010,Philadelphia,USA,2019-07-01,14.7798,11,78,18.16
USA-ADM2-010,Philadelphia,USA,2019-08-01,14.575,2,78,18.16
USA-ADM2-010,Philadelphia,USA,2019-09-01,13.5077,13,78,18.16
USA-ADM2-010,Philadelphia,USA,2019-10-01,13.9092,20,78,18.16
USA-ADM2-010,Philadelphia,USA,2019-11-01,14.0916,10,78,18.16
USA-ADM2-010,Philadelphia,USA,2019-12-01,14.5992,6,78,18.16
USA-ADM2-010,Philadelphia,USA,2020-01-01,14.9815,11,78,18.16
USA-ADM2-010,Philadelphia,USA,2020-02-01,16.1703,15,78,18.16
USA-ADM2-010,Philadelphia,USA,2020-03-01,15.7198,16,78,18.16
USA-ADM2-010,Philadelphia,USA,2020-04-01,12.837,17,78,18.16
USA-ADM2-010,Philadelphia,USA,2020-05-01,13.1768,17,78,18.16
USA-ADM2-010,Philadelphia,USA,2020-06-01,11.0864,4,78,18.16
USA-ADM2-010,Philadelphia,USA,2020-07-01,12.1949,7,78,18.16
USA-ADM2-010,Philadelphia,USA,2020-08-01,10.4624,2,78,18.16
USA-ADM2-010,Philadelphia,USA,2020-09-01,14.8976,12,78,18.16
USA-ADM2-010,Philadelphia,USA,2020-10-01,13.2918,13,78,18.16
USA-ADM2-010,Philadelphia,USA,2020-11-01,15.3752,13,78,18.16
USA-ADM2-010,Philadelphia,USA,2020-12-01,15.8515,17,78,18.16
USA-ADM2-010,Philadelphia,USA,2021-01-01,15.9901,14,78,18.16
USA-ADM2-010,Philadelphia,USA,2021-02-01,14.8671,16,78,18.16
USA-ADM2-010,Philadelphia,USA,2021-03-01,17.9036,14,78,18.16
USA-ADM2-010,Philadelphia,USA,2021-04-01,15.3859,13,78,18.16
USA-ADM2-010,Philadelphia,USA,2021-05-01,18.4786,19,78,18.16
USA-ADM2-010,Philadelphia,USA,2021-06-01,16.9958,2,78,18.16
USA-ADM2-010,Philadelphia,USA,2021-07-01,16.6457,8,78,18.16
USA-ADM2-010,Philadelphia,USA,2021-08-01,14.9952,7,78,18.16
USA-ADM2-010,Philadelphia,USA,2021-09-01,14.3664,11,78,18.16
USA-ADM2-010,Philadelphia,USA,2021-10-01,14.9766,16,78,18.16
USA-ADM2-010,Philadelphia,USA,2021-11-01,14.7543,8,78,18.16
USA-ADM2-010,Philadelphia,USA,2021-12-01,15.5712,17,78,18.16
USA-ADM2-010,Philadelphia,USA,2022-01-01,15.4421,14,78,18.16
USA-ADM2-010,Philadelphia,USA,2022-02-01,15.6963,17,78,18.16
USA-ADM2-010,Philadelphia,USA,2022-03-01,15.3231,9,78,18.16
USA-ADM2-010,Philadelphia,USA,2022-04-01,17.0804,15,78,18.16
USA-ADM2-010,Philadelphia,USA,2022-05-01,17.5393,11,78,18.16
USA-ADM2-010,Philadelphia,USA,2022-06-01,15.104,10,78,18.16
USA-ADM2-010,Philadelphia,USA,2022-07-01,15.6258,1,78,18.16
USA-ADM2-010,Philadelphia,USA,2022-08-01,15.4516,2,78,18.16
USA-ADM2-010,Philadelphia,USA,2022-09-01,16.2589,7,78,18.16
USA-ADM2-010,Philadelphia,USA,2022-10-01,16.1029,16,78,18.16
USA-ADM2-010,Philadelphia,USA,2022-11-01,14.8556,6,78,18.16
USA-ADM2-010,Philadelphia,USA,2022-12-01,14.9908,19,78,18.16
USA-ADM2-010,Philadelphia,USA,2023-01-01,18.0394,19,78,18.16
USA-ADM2-010,Philadelphia,USA,2023-02-01,16.129,16,78,18.16
USA-ADM2-010,Philadelphia,USA,2023-03-01,16.4667,12,78,18.16
USA-ADM2-010,Philadelphia,USA,2023-04-01,17.3424,10,78,18.16
USA-ADM2-010,Philadelphia,USA,2023-05-01,19.2722,16,78,18.16
USA-ADM2-010,Philadelphia,USA,2023-06-01,15.9016,7,78,18.16
USA-ADM2-010,Philadelphia,USA,2023-07-01,16.7116,5,78,18.16
USA-ADM2-010,Philadelphia,USA,2023-08-01,15.9787,3,78,18.16
USA-ADM2-010,Philadelphia,USA,2023-09-01,15.1287,8,78,18.16
USA-ADM2-010,Philadelphia,USA,2023-10-01,14.847,12,78,18.16
USA-ADM2-010,Philadelphia,USA,2023-11-01,16.2753,14,78,18.16
USA-ADM2-010,Philadelphia,USA,2023-12-01,17.9825,13,78,18.16
USA-ADM2-010,Philadelphia,USA,2024-01-01,15.9352,12,78,18.16
USA-ADM2-010,Philadelphia,USA,2024-02-01,17.5828,10,78,18.16
USA-ADM2-010,Philadelphia,USA,2024-03-01,17.0912,12,78,18.16
USA-ADM2-010,Philadelphia,USA,2024-04-01,18.8401,11,78,18.16
USA-ADM2-010,Philadelphia,USA,2024-05-01,19.0452,16,78,18.16
USA-ADM2-010,Philadelphia,USA,2024-06-01,,0,78,18.16
USA-ADM2-010,Philadelphia,USA,2024-07-01,18.5598,2,78,18.16
USA-ADM2-010,Philadelphia,USA,2024-08-01,16.3008,1,78,18.16
USA-ADM2-010,Philadelphia,USA,2024-09-01,15.3178,5,78,18.16
USA-ADM2-010,Philadelphia,USA,2024-10-01,17.0993,13,78,18.16
USA-ADM2-010,Philadelphia,USA,2024-11-01,15.0515,17,78,18.16
USA-ADM2-010,Philadelphia,USA,2024-12-01,15.6519,12,78,18.16
USA-ADM2-011,Philadelphia,USA,2019-01-01,10.223,10,76,17.7
USA-ADM2-011,Philadelphia,USA,2019-02-01,9.5269,12,76,17.7
USA-ADM2-011,Philadelphia,USA,2019-03-01,10.8934,13,76,17.7
USA-ADM2-011,Philadelphia,USA,2019-04-01,9.9631,10,76,17.7
USA-ADM2-011,Philadelphia,USA,2019-05-01,10.839,14,76,17.7
USA-ADM2-011,Philadelphia,USA,2019-06-01,10.342,9,76,17.7
USA-ADM2-011,Philadelphia,USA,2019-07-01,10.9438,4,76,17.7
USA-ADM2-011,Philadelphia,USA,2019-08-01,9.3459,14,76,17.7
USA-ADM2-011,Philadelphia,USA,2019-09-01,9.3446,6,76,17.7
USA-ADM2-011,Philadelphia,USA,2019-10-01,10.1682,18,76,17.7
USA-ADM2-011,Philadelphia,USA,2019-11-01,10.1335,10,76,17.7
USA-ADM2-011,Philadelphia,USA,2019-12-01,9.4389,14,76,17.7
USA-ADM2-011,Philadelphia,USA,2020-01-01,10.2537,7,76,17.7
USA-ADM2-011,Philadelphia,USA,2020-02-01,10.1724,11,76,17.7
USA-ADM2-011,Philadelphia,USA,2020-03-01,11.7029,14,76,17.7
USA-ADM2-011,Philadelphia,USA,2020-04-01,8.2118,11,76,17.7
USA-ADM2-011,Philadelphia,USA,2020-05-01,9.3131,6,76,17.7
USA-ADM2-011,Philadelphia,USA,2020-06-01,8.7981,7,76,17.7
USA-ADM2-011,Philadelphia,USA,2020-07-01,8.8096,7,76,17.7
USA-ADM2-011,Philadelphia,USA,2020-08-01,,0,76,17.7
USA-ADM2-011,Philadelphia,USA,2020-09-01,10.7438,11,76,17.7
USA-ADM2-011,Philadelphia,USA,2020-10-01,10.9489,21,76,17.7
USA-ADM2-011,Philadelphia,USA,2020-11-01,10.7189,12,76,17.7
USA-ADM2-011,Philadelphia,USA,2020-12-01,10.8529,13,76,17.7
USA-ADM2-011,Philadelphia,USA,2021-01-01,11.329,11,76,17.7
USA-ADM2-011,Philadelphia,USA,2021-02-01,11.6481,18,76,17.7
USA-ADM2-011,Philadelphia,USA,2021-03-01,10.1678,11,76,17.7
USA-ADM2-011,Philadelphia,USA,2021-04-01,12.3334,16,76,17.7
USA-ADM2-011,Philadelphia,USA,2021-05-01,11.3977,13,76,17.7
USA-ADM2-011,Philadelphia,USA,2021-06-01,11.0601,3,76,17.7
USA-ADM2-011,Philadelphia,USA,2021-07-01,11.3901,4,76,17.7
USA-ADM2-011,Philadelphia,USA,2021-08-01,9.3532,1,76,17.7
USA-ADM2-011,Philadelphia,USA,2021-09-01,11.004,8,76,17.7
USA-ADM2-011,Philadelphia,USA,2021-10-01,11.9212,16,76,17.7
USA-ADM2-011,Philadelphia,USA,2021-11-01,10.2045,12,76,17.7
USA-ADM2-011,Philadelphia,USA,2021-12-01,10.1265,5,76,17.7
USA-ADM2-011,Philadelphia,USA,2022-01-01,11.5746,13,76,17.7
USA-ADM2-011,Philadelphia,USA,2022-02-01,12.5181,15,76,17.7
USA-ADM2-011,Philadelphia,USA,2022-03-01,11.249,14,76,17.7
USA-ADM2-011,Philadelphia,USA,2022-04-01,12.6504,20,76,17.7
USA-ADM2-011,Philadelphia,USA,2022-05-01,11.786,15,76,17.7
USA-ADM2-011,Philadelphia,USA,2022-06-01,11.7174,3,76,17.7
USA-ADM2-011,Philadelphia,USA,2022-07-01,11.6184,13,76,17.7
USA-ADM2-011,Philadelphia,USA,2022-08-01,11.67,4,76,17.7
USA-ADM2-011,Philadelphia,USA,2022-09-01,11.0952,12,76,17.7
USA-ADM2-011,Philadelphia,USA,2022-10-01,11.0997,6,76,17.7
USA-ADM2-011,Philadelphia,USA,2022-11-01,11.4376,16,76,17.7
USA-ADM2-011,Philadelphia,USA,2022-12-01,11.7676,15,76,17.7
USA-ADM2-011,Philadelphia,USA,2023-01-01,11.8951,18,76,17.7
USA-ADM2-011,Philadelphia,USA,2023-02-01,12.1231,16,76,17.7
USA-ADM2-011,Philadelphia,USA,2023-03-01,12.8593,13,76,17.7
USA-ADM2-011,Philadelphia,USA,2023-04-01,13.29,15,76,17.7
USA-ADM2-011,Philadelphia,USA,2023-05-01,12.6395,13,76,17.7
USA-ADM2-011,Philadelphia,USA,2023-06-01,12.2242,13,76,17.7
USA-ADM2-011,Philadelphia,USA,2023-07-01,11.3416,10,76,17.7
USA-ADM2-011,Philadelphia,USA,2023-08-01,12.9543,5,76,17.7
USA-ADM2-011,Philadelphia,USA,2023-09-01,12.209,5,76,17.7
USA-ADM2-011,Philadelphia,USA,2023-10-01,11.4622,18,76,17.7
USA-ADM2-011,Philadelphia,USA,2023-11-01,11.1437,10,76,17.7
USA-ADM2-011,Philadelphia,USA,2023-12-01,11.6152,13,76,17.7
USA-ADM2-011,Philadelphia,USA,2024-01-01,12.0882,13,76,17.7
USA-ADM2-011,Philadelphia,USA,2024-02-01,11.9026,15,76,17.7
USA-ADM2-011,Philadelphia,USA,2024-03-01,13.5866,12,76,17.7
USA-ADM2-011,Philadelphia,USA,2024-04-01,12.9812,10,76,17.7
USA-ADM2-011,Philadelphia,USA,2024-05-01,12.3134,18,76,17.7
USA-ADM2-011,Philadelphia,USA,2024-06-01,12.101,5,76,17.7
USA-ADM2-011,Philadelphia,USA,2024-07-01,13.5607,6,76,17.7
USA-ADM2-011,Philadelphia,USA,2024-08-01,12.6381,3,76,17.7
USA-ADM2-011,Philadelphia,USA,2024-09-01,11.1055,6,76,17.7
USA-ADM2-011,Philadelphia,USA,2024-10-01,11.6135,20,76,17.7
USA-ADM2-011,Philadelphia,USA,2024-11-01,12.1399,18,76,17.7
USA-ADM2-011,Philadelphia,USA,2024-12-01,12.269,17,76,17.7
USA-ADM2-012,Philadelphia,USA,2019-01-01,7.3322,13,89,20.7
USA-ADM2-012,Philadelphia,USA,2019-02-01,6.786,15,89,20.7
USA-ADM2-012,Philadelphia,USA,2019-03-01,7.5316,16,89,20.7
USA-ADM2-012,Philadelphia,USA,2019-04-01,7.9295,8,89,20.7
USA-ADM2-012,Philadelphia,USA,2019-05-01,8.0442,13,89,20.7
USA-ADM2-012,Philadelphia,USA,2019-06-01,7.4548,7,89,20.7
USA-ADM2-012,Philadelphia,USA,2019-07-01,7.0133,6,89,20.7
USA-ADM2-012,Philadelphia,USA,2019-08-01,7.6014,2,89,20.7
USA-ADM2-012,Philadelphia,USA,2019-09-01,8.2301,7,89,20.7
USA-ADM2-012,Philadelphia,USA,2019-10-01,7.9227,13,89,20.7
USA-ADM2-012,Philadelphia,USA,2019-11-01,7.9971,17,89,20.7
USA-ADM2-012,Philadelphia,USA,2019-12-01,7.3394,19,89,20.7
USA-ADM2-012,Philadelphia,USA,2020-01-01,8.1098,17,89,20.7
USA-ADM2-012,Philadelphia,USA,2020-02-01,8.1329,13,89,20.7
USA-ADM2-012,Philadelphia,USA,2020-03-01,7.9609,11,89,20.7
USA-ADM2-012,Philadelphia,USA,2020-04-01,6.8641,14,89,20.7
USA-ADM2-012,Philadelphia,USA,2020-05-01,7.165,14,89,20.7
USA-ADM2-012,Philadelphia,USA,2020-06-01,6.3755,9,89,20.7
USA-ADM2-012,Philadelphia,USA,2020-07-01,6.5001,2,89,20.7
USA-ADM2-012,Philadelphia,USA,2020-08-01,6.0489,4,89,20.7
USA-ADM2-012,Philadelphia,USA,2020-09-01,7.9805,11,89,20.7
USA-ADM2-012,Philadelphia,USA,2020-10-01,7.3816,19,89,20.7
USA-ADM2-012,Philadelphia,USA,2020-11-01,8.1831,10,89,20.7
USA-ADM2-012,Philadelphia,USA,2020-12-01,8.5812,19,89,20.7
USA-ADM2-012,Philadelphia,USA,2021-01-01,7.6931,14,89,20.7
USA-ADM2-012,Philadelphia,USA,2021-02-01,7.2853,17,89,20.7
USA-ADM2-012,Philadelphia,USA,2021-03-01,9.2607,6,89,20.7
USA-ADM2-012,Philadelphia,USA,2021-04-01,9.1802,14,89,20.7
USA-ADM2-012,Philadelphia,USA,2021-05-01,9.3684,18,89,20.7
USA-ADM2-012,Philadelphia,USA,2021-06-01,9.3943,9,89,20.7
USA-ADM2-012,Philadelphia,USA,2021-07-01,8.7793,15,89,20.7
USA-ADM2-012,Philadelphia,USA,2021-08-01,8.5161,7,89,20.7
USA-ADM2-012,Philadelphia,USA,2021-09-01,8.5773,3,89,20.7
USA-ADM2-012,Philadelphia,USA,2021-10-01,8.3897,16,89,20.7
USA-ADM2-012,Philadelphia,USA,2021-11-01,8.6276,14,89,20.7
USA-ADM2-012,Philadelphia,USA,2021-12-01,8.3798,13,89,20.7
USA-ADM2-012,Philadelphia,USA,2022-01-01,8.3466,16,89,20.7
USA-ADM2-012,Philadelphia,USA,2022-02-01,9.0367,16,89,20.7
USA-ADM2-012,Philadelphia,USA,2022-03-01,9.4657,12,89,20.7
USA-ADM2-012,Philadelphia,USA,2022-04-01,9.2771,21,89,20.7
USA-ADM2-012,Philadelphia,USA,2022-05-01,11.136,12,89,20.7
USA-ADM2-012,Philadelphia,USA,2022-06-01,9.0729,9,89,20.7
USA-ADM2-012,Philadelphia,USA,2022-07-01,9.0855,7,89,20.7
USA-ADM2-012,Philadelphia,USA,2022-08-01,8.6856,8,89,20.7
USA-ADM2-012,Philadelphia,USA,2022-09-01,8.722,8,89,20.7
USA-ADM2-012,Philadelphia,USA,2022-10-01,8.4008,14,89,20.7
USA-ADM2-012,Philadelphia,USA,2022-11-01,9.1629,18,89,20.7
USA-ADM2-012,Philadelphia,USA,2022-12-01,8.6011,17,89,20.7
USA-ADM2-012,Philadelphia,USA,2023-01-01,9.4914,17,89,20.7
USA-ADM2-012,Philadelphia,USA,2023-02-01,9.1366,9,89,20.7
USA-ADM2-012,Philadelphia,USA,2023-03-01,8.702,17,89,20.7
USA-ADM2-012,Philadelphia,USA,2023-04-01,10.1172,18,89,20.7
USA-ADM2-012,Philadelphia,USA,2023-05-01,9.4559,13,89,20.7
USA-ADM2-012,Philadelphia,USA,2023-06-01,9.6189,9,89,20.7
USA-ADM2-012,Philadelphia,USA,2023-07-01,9.0413,1,89,20.7
USA-ADM2-012,Philadelphia,USA,2023-08-01,9.5446,12,89,20.7
USA-ADM2-012,Philadelphia,USA,2023-09-01,9.4181,1,89,20.7
USA-ADM2-012,Philadelphia,USA,2023-10-01,8.6207,16,89,20.7
USA-ADM2-012,Philadelphia,USA,2023-11-01,9.3322,13,89,20.7
USA-ADM2-012,Philadelphia,USA,2023-12-01,9.7133,12,89,20.7
USA-ADM2-012,Philadelphia,USA,2024-01-01,11.25,17,89,20.7
USA-ADM2-012,Philadelphia,USA,2024-02-01,9.9626,12,89,20.7
USA-ADM2-012,Philadelphia,USA,2024-03-01,10.2793,9,89,20.7
USA-ADM2-012,Philadelphia,USA,2024-04-01,9.3452,12,89,20.7
USA-ADM2-012,Philadelphia,USA,2024-05-01,10.7472,16,89,20.7
USA-ADM2-012,Philadelphia,USA,2024-06-01,10.8952,3,89,20.7
USA-ADM2-012,Philadelphia,USA,2024-07-01,10.8339,3,89,20.7
USA-ADM2-012,Philadelphia,USA,2024-08-01,9.6024,2,89,20.7
USA-ADM2-012,Philadelphia,USA,2024-09-01,10.3126,8,89,20.7
USA-ADM2-012,Philadelphia,USA,2024-10-01,9.1986,17,89,20.7
USA-ADM2-012,Philadelphia,USA,2024-11-01,10.1964,23,89,20.7
USA-ADM2-012,Philadelphia,USA,2024-12-01,10.9648,12,89,20.7
UZB-ADM2-001,Tashkent,UZB,2019-01-01,8.3605,18,100,23.33
UZB-ADM2-001,Tashkent,UZB,2019-02-01,9.0276,12,100,23.33
UZB-ADM2-001,Tashkent,UZB,2019-03-01,8.1431,9,100,23.33
UZB-ADM2-001,Tashkent,UZB,2019-04-01,8.4994,16,100,23.33
UZB-ADM2-001,Tashkent,UZB,2019-05-01,7.8954,9,100,23.33
UZB-ADM2-001,Tashkent,UZB,2019-06-01,7.3318,4,100,23.33
UZB-ADM2-001,Tashkent,UZB,2019-07-01,7.1706,2,100,23.33
UZB-ADM2-001,Tashkent,UZB,2019-08-01,7.3901,7,100,23.33
UZB-ADM2-001,Tashkent,UZB,2019-09-01,7.7521,8,100,23.33
UZB-ADM2-001,Tashkent,UZB,2019-10-01,7.23,16,100,23.33
UZB-ADM2-001,Tashkent,UZB,2019-11-01,7.5278,16,100,23.33
UZB-ADM2-001,Tashkent,UZB,2019-12-01,8.3245,13,100,23.33
UZB-ADM2-001,Tashkent,UZB,2020-01-01,8.0041,10,100,23.33
UZB-ADM2-001,Tashkent,UZB,2020-02-01,8.1696,16,100,23.33
UZB-ADM2-001,Tashkent,UZB,2020-03-01,9.5824,19,100,23.33
UZB-ADM2-001,Tashkent,UZB,2020-04-01,7.3362,20,100,23.33
UZB-ADM2-001,Tashkent,UZB,2020-05-01,6.8406,15,100,23.33
UZB-ADM2-001,Tashkent,UZB,2020-06-01,7.4118,8,100,23.33
UZB-ADM2-001,Tashkent,UZB,2020-07-01,6.657,9,100,23.33
UZB-ADM2-001,Tashkent,UZB,2020-08-01,6.5363,4,100,23.33
UZB-ADM2-001,Tashkent,UZB,2020-09-01,8.7523,6,100,23.33
UZB-ADM2-001,Tashkent,UZB,2020-10-01,8.6126,21,100,23.33
UZB-ADM2-001,Tashkent,UZB,2020-11-01,8.6922,19,100,23.33
UZB-ADM2-001,Tashkent,UZB,2020-12-01,8.5619,15,100,23.33
UZB-ADM2-001,Tashkent,UZB,2021-01-01,7.8384,13,100,23.33
UZB-ADM2-001,Tashkent,UZB,2021-02-01,9.0762,13,100,23.33
UZB-ADM2-001,Tashkent,UZB,2021-03-01,9.9575,17,100,23.33
UZB-ADM2-001,Tashkent,UZB,2021-04-01,8.9314,8,100,23.33
UZB-ADM2-001,Tashkent,UZB,2021-05-01,8.7826,14,100,23.33
UZB-ADM2-001,Tashkent,UZB,2021-06-01,8.6728,2,100,23.33
UZB-ADM2-001,Tashkent,UZB,2021-07-01,,0,100,23.33
UZB-ADM2-001,Tashkent,UZB,2021-08-01,8.7477,13,100,23.33
UZB-ADM2-001,Tashkent,UZB,2021-09-01,7.9591,12,100,23.33
UZB-ADM2-001,Tashkent,UZB,2021-10-01,8.6904,5,100,23.33
UZB-ADM2-001,Tashkent,UZB,2021-11-01,8.2861,23,100,23.33
UZB-ADM2-001,Tashkent,UZB,2021-12-01,9.1258,16,100,23.33
UZB-ADM2-001-A,Tashkent,UZB,2022-01-01,10.1375,14,50,11.66
UZB-ADM2-001-A,Tashkent,UZB,2022-02-01,12.3342,18,50,11.66
UZB-ADM2-001-A,Tashkent,UZB,2022-03-01,11.7578,23,50,11.66
UZB-ADM2-001-A,Tashkent,UZB,2022-04-01,11.264,13,50,11.66
UZB-ADM2-001-A,Tashkent,UZB,2022-05-01,11.6377,11,50,11.66
UZB-ADM2-001-A,Tashkent,UZB,2022-06-01,11.585,2,50,11.66
UZB-ADM2-001-A,Tashkent,UZB,2022-07-01,10.9515,4,50,11.66
UZB-ADM2-001-A,Tashkent,UZB,2022-08-01,11.0274,1,50,11.66
UZB-ADM2-001-A,Tashkent,UZB,2022-09-01,10.8682,3,50,11.66
UZB-ADM2-001-A,Tashkent,UZB,2022-10-01,10.8932,13,50,11.66
UZB-ADM2-001-A,Tashkent,UZB,2022-11-01,11.162,12,50,11.66
UZB-ADM2-001-A,Tashkent,UZB,2022-12-01,12.0354,3,50,11.66
UZB-ADM2-001-A,Tashkent,UZB,2023-01-01,10.8431,7,50,11.66
UZB-ADM2-001-A,Tashkent,UZB,2023-02-01,12.8504,16,50,11.66
UZB-ADM2-001-A,Tashkent,UZB,2023-03-01,12.831,15,50,11.66
UZB-ADM2-001-A,Tashkent,UZB,2023-04-01,12.1195,16,50,11.66
UZB-ADM2-001-A,Tashkent,UZB,2023-05-01,13.657,14,50,11.66
UZB-ADM2-001-A,Tashkent,UZB,2023-06-01,12.7701,6,50,11.66
UZB-ADM2-001-A,Tashkent,UZB,2023-07-01,,0,50,11.66
UZB-ADM2-001-A,Tashkent,UZB,2023-08-01,13.7063,10,50,11.66
UZB-ADM2-001-A,Tashkent,UZB,2023-09-01,11.3983,9,50,11.66
UZB-ADM2-001-A,Tashkent,UZB,2023-10-01,12.0997,15,50,11.66
UZB-ADM2-001-A,Tashkent,UZB,2023-11-01,12.2132,13,50,11.66
UZB-ADM2-001-A,Tashkent,UZB,2023-12-01,12.7599,13,50,11.66
UZB-ADM2-001-A,Tashkent,UZB,2024-01-01,11.9798,15,50,11.66
UZB-ADM2-001-A,Tashkent,UZB,2024-02-01,13.1387,14,50,11.66
UZB-ADM2-001-A,Tashkent,UZB,2024-03-01,14.0884,16,50,11.66
UZB-ADM2-001-A,Tashkent,UZB,2024-04-01,11.4878,15,50,11.66
UZB-ADM2-001-A,Tashkent,UZB,2024-05-01,13.5591,20,50,11.66
UZB-ADM2-001-A,Tashkent,UZB,2024-06-01,13.7451,10,50,11.66
UZB-ADM2-001-A,Tashkent,UZB,2024-07-01,,0,50,11.66
UZB-ADM2-001-A,Tashkent,UZB,2024-08-01,13.7716,5,50,11.66
UZB-ADM2-001-A,Tashkent,UZB,2024-09-01,14.313,8,50,11.66
UZB-ADM2-001-A,Tashkent,UZB,2024-10-01,13.7102,21,50,11.66
UZB-ADM2-001-A,Tashkent,UZB,2024-11-01,12.5201,12,50,11.66
UZB-ADM2-001-A,Tashkent,UZB,2024-12-01,12.1069,20,50,11.66
UZB-ADM2-001-B,Tashkent,UZB,2022-01-01,6.9312,14,50,11.66
UZB-ADM2-001-B,Tashkent,UZB,2022-02-01,7.6127,18,50,11.66
UZB-ADM2-001-B,Tashkent,UZB,2022-03-01,7.7561,23,50,11.66
UZB-ADM2-001-B,Tashkent,UZB,2022-04-01,7.1369,13,50,11.66
UZB-ADM2-001-B,Tashkent,UZB,2022-05-01,7.754,11,50,11.66
UZB-ADM2-001-B,Tashkent,UZB,2022-06-01,7.903,2,50,11.66
UZB-ADM2-001-B,Tashkent,UZB,2022-07-01,7.4131,4,50,11.66
UZB-ADM2-001-B,Tashkent,UZB,2022-08-01,7.4694,1,50,11.66
UZB-ADM2-001-B,Tashkent,UZB,2022-09-01,6.9689,3,50,11.66
UZB-ADM2-001-B,Tashkent,UZB,2022-10-01,7.1221,13,50,11.66
UZB-ADM2-001-B,Tashkent,UZB,2022-11-01,7.1379,12,50,11.66
UZB-ADM2-001-B,Tashkent,UZB,2022-12-01,7.512,3,50,11.66
UZB-ADM2-001-B,Tashkent,UZB,2023-01-01,6.6058,7,50,11.66
UZB-ADM2-001-B,Tashkent,UZB,2023-02-01,8.2171,16,50,11.66
UZB-ADM2-001-B,Tashkent,UZB,2023-03-01,8.2679,15,50,11.66
UZB-ADM2-001-B,Tashkent,UZB,2023-04-01,8.4756,16,50,11.66
UZB-ADM2-001-B,Tashkent,UZB,2023-05-01,8.3501,14,50,11.66
UZB-ADM2-001-B,Tashkent,UZB,2023-06-01,8.3024,6,50,11.66
UZB-ADM2-001-B,Tashkent,UZB,2023-07-01,,0,50,11.66
UZB-ADM2-001-B,Tashkent,UZB,2023-08-01,8.2471,10,50,11.66
UZB-ADM2-001-B,Tashkent,UZB,2023-09-01,7.5035,9,50,11.66
UZB-ADM2-001-B,Tashkent,UZB,2023-10-01,7.6863,15,50,11.66
UZB-ADM2-001-B,Tashkent,UZB,2023-11-01,7.8066,13,50,11.66
UZB-ADM2-001-B,Tashkent,UZB,2023-12-01,8.4414,13,50,11.66
UZB-ADM2-001-B,Tashkent,UZB,2024-01-01,7.4979,15,50,11.66
UZB-ADM2-001-B,Tashkent,UZB,2024-02-01,9.276,14,50,11.66
UZB-ADM2-001-B,Tashkent,UZB,2024-03-01,9.0311,16,50,11.66
UZB-ADM2-001-B,Tashkent,UZB,2024-04-01,7.6837,15,50,11.66
UZB-ADM2-001-B,Tashkent,UZB,2024-05-01,8.7158,20,50,11.66
UZB-ADM2-001-B,Tashkent,UZB,2024-06-01,8.7368,10,50,11.66
UZB-ADM2-001-B,Tashkent,UZB,2024-07-01,,0,50,11.66
UZB-ADM2-001-B,Tashkent,UZB,2024-08-01,8.4039,5,50,11.66
UZB-ADM2-001-B,Tashkent,UZB,2024-09-01,8.6554,8,50,11.66
UZB-ADM2-001-B,Tashkent,UZB,2024-10-01,9.0584,21,50,11.66
UZB-ADM2-001-B,Tashkent,UZB,2024-11-01,7.7976,12,50,11.66
UZB-ADM2-001-B,Tashkent,UZB,2024-12-01,7.5199,20,50,11.66
UZB-ADM2-002,Tashkent,UZB,2019-01-01,5.7257,18,121,28.27
UZB-ADM2-002,Tashkent,UZB,2019-02-01,5.5378,14,121,28.27
UZB-ADM2-002,Tashkent,UZB,2019-03-01,5.997,10,121,28.27
UZB-ADM2-002,Tashkent,UZB,2019-04-01,6.3449,12,121,28.27
UZB-ADM2-002,Tashkent,UZB,2019-05-01,5.9142,6,121,28.27
UZB-ADM2-002,Tashkent,UZB,2019-06-01,5.561,11,121,28.27
UZB-ADM2-002,Tashkent,UZB,2019-07-01,5.5799,4,121,28.27
UZB-ADM2-002,Tashkent,UZB,2019-08-01,5.9213,4,121,28.27
UZB-ADM2-002,Tashkent,UZB,2019-09-01,5.2724,5,121,28.27
UZB-ADM2-002,Tashkent,UZB,2019-10-01,5.5542,18,121,28.27
UZB-ADM2-002,Tashkent,UZB,2019-11-01,5.5713,14,121,28.27
UZB-ADM2-002,Tashkent,UZB,2019-12-01,6.1338,9,121,28.27
UZB-ADM2-002,Tashkent,UZB,2020-01-01,5.8334,16,121,28.27
UZB-ADM2-002,Tashkent,UZB,2020-02-01,6.2617,13,121,28.27
UZB-ADM2-002,Tashkent,UZB,2020-03-01,6.9057,11,121,28.27
UZB-ADM2-002,Tashkent,UZB,2020-04-01,5.2595,12,121,28.27
UZB-ADM2-002,Tashkent,UZB,2020-05-01,5.0965,18,121,28.27
UZB-ADM2-002,Tashkent,UZB,2020-06-01,5.0031,8,121,28.27
UZB-ADM2-002,Tashkent,UZB,2020-07-01,5.2561,7,121,28.27
UZB-ADM2-002,Tashkent,UZB,2020-08-01,4.2976,6,121,28.27
UZB-ADM2-002,Tashkent,UZB,2020-09-01,6.2913,11,121,28.27
UZB-ADM2-002,Tashkent,UZB,2020-10-01,5.9204,10,121,28.27
UZB-ADM2-002,Tashkent,UZB,2020-11-01,5.6731,16,121,28.27
UZB-ADM2-002,Tashkent,UZB,2020-12-01,6.1607,21,121,28.27
UZB-ADM2-002,Tashkent,UZB,2021-01-01,6.0803,16,121,28.27
UZB-ADM2-002,Tashkent,UZB,2021-02-01,6.7507,17,121,28.27
UZB-ADM2-002,Tashkent,UZB,2021-03-01,6.0628,11,121,28.27
UZB-ADM2-002,Tashkent,UZB,2021-04-01,6.1799,15,121,28.27
UZB-ADM2-002,Tashkent,UZB,2021-05-01,6.2183,12,121,28.27
UZB-ADM2-002,Tashkent,UZB,2021-06-01,6.6157,5,121,28.27
UZB-ADM2-002,Tashkent,UZB,2021-07-01,6.6019,4,121,28.27
UZB-ADM2-002,Tashkent,UZB,2021-08-01,5.8762,9,121,28.27
UZB-ADM2-002,Tashkent,UZB,2021-09-01,6.1373,5,121,28.27
UZB-ADM2-002,Tashkent,UZB,2021-10-01,5.9986,11,121,28.27
UZB-ADM2-002,Tashkent,UZB,2021-11-01,6.2931,15,121,28.27
UZB-ADM2-002,Tashkent,UZB,2021-12-01,6.4759,9,121,28.27
UZB-ADM2-002-A,Tashkent,UZB,2022-01-01,7.1109,8,60,14.14
UZB-ADM2-002-A,Tashkent,UZB,2022-02-01,8.5362,11,60,14.14
UZB-ADM2-002-A,Tashkent,UZB,2022-03-01,8.0708,15,60,14.14
UZB-ADM2-002-A,Tashkent,UZB,2022-04-01,8.5138,22,60,14.14
UZB-ADM2-002-A,Tashkent,UZB,2022-05-01,8.236,13,60,14.14
UZB-ADM2-002-A,Tashkent,UZB,2022-06-01,7.5506,2,60,14.14
UZB-ADM2-002-A,Tashkent,UZB,2022-07-01,8.9726,4,60,14.14
UZB-ADM2-002-A,Tashkent,UZB,2022-08-01,7.565,9,60,14.14
UZB-ADM2-002-A,Tashkent,UZB,2022-09-01,8.1279,11,60,14.14
UZB-ADM2-002-A,Tashkent,UZB,2022-10-01,7.6723,19,60,14.14
UZB-ADM2-002-A,Tashkent,UZB,2022-11-01,8.326,14,60,14.14
UZB-ADM2-002-A,Tashkent,UZB,2022-12-01,9.0126,12,60,14.14
UZB-ADM2-002-A,Tashkent,UZB,2023-01-01,8.3815,4,60,14.14
UZB-ADM2-002-A,Tashkent,UZB,2023-02-01,8.63,9,60,14.14
UZB-ADM2-002-A,Tashkent,UZB,2023-03-01,9.1594,13,60,14.14
UZB-ADM2-002-A,Tashkent,UZB,2023-04-01,9.2185,13,60,14.14
UZB-ADM2-002-A,Tashkent,UZB,2023-05-01,8.8037,11,60,14.14
UZB-ADM2-002-A,Tashkent,UZB,2023-06-01,8.4819,9,60,14.14
UZB-ADM2-002-A,Tashkent,UZB,2023-07-01,8.9315,8,60,14.14
UZB-ADM2-002-A,Tashkent,UZB,2023-08-01,9.0146,3,60,14.14
UZB-ADM2-002-A,Tashkent,UZB,2023-09-01,9.2389,10,60,14.14
UZB-ADM2-002-A,Tashkent,UZB,2023-10-01,7.7062,17,60,14.14
UZB-ADM2-002-A,Tashkent,UZB,2023-11-01,9.0369,21,60,14.14
UZB-ADM2-002-A,Tashkent,UZB,2023-12-01,7.9193,16,60,14.14
UZB-ADM2-002-A,Tashkent,UZB,2024-01-01,7.5504,12,60,14.14
UZB-ADM2-002-A,Tashkent,UZB,2024-02-01,9.8582,10,60,14.14
UZB-ADM2-002-A,Tashkent,UZB,2024-03-01,8.627,10,60,14.14
UZB-ADM2-002-A,Tashkent,UZB,2024-04-01,9.7372,23,60,14.14
UZB-ADM2-002-A,Tashkent,UZB,2024-05-01,9.6345,10,60,14.14
UZB-ADM2-002-A,Tashkent,UZB,2024-06-01,8.9358,6,60,14.14
UZB-ADM2-002-A,Tashkent,UZB,2024-07-01,8.8572,5,60,14.14
UZB-ADM2-002-A,Tashkent,UZB,2024-08-01,9.2425,11,60,14.14
UZB-ADM2-002-A,Tashkent,UZB,2024-09-01,9.0785,3,60,14.14
UZB-ADM2-002-A,Tashkent,UZB,2024-10-01,8.0344,5,60,14.14
UZB-ADM2-002-A,Tashkent,UZB,2024-11-01,8.4951,12,60,14.14
UZB-ADM2-002-A,Tashkent,UZB,2024-12-01,10.7685,13,60,14.14
UZB-ADM2-002-B,Tashkent,UZB,2022-01-01,4.565,8,60,14.14
UZB-ADM2-002-B,Tashkent,UZB,2022-02-01,5.8073,11,60,14.14
UZB-ADM2-002-B,Tashkent,UZB,2022-03-01,5.6285,15,60,14.14
UZB-ADM2-002-B,Tashkent,UZB,2022-04-01,5.7746,22,60,14.14
UZB-ADM2-002-B,Tashkent,UZB,2022-05-01,4.9804,13,60,14.14
UZB-ADM2-002-B,Tashkent,UZB,2022-06-01,4.6764,2,60,14.14
UZB-ADM2-002-B,Tashkent,UZB,2022-07-01,5.6487,4,60,14.14
UZB-ADM2-002-B,Tashkent,UZB,2022-08-01,4.9482,9,60,14.14
UZB-ADM2-002-B,Tashkent,UZB,2022-09-01,5.2697,11,60,14.14
UZB-ADM2-002-B,Tashkent,UZB,2022-10-01,5.1075,19,60,14.14
UZB-ADM2-002-B,Tashkent,UZB,2022-11-01,5.6058,14,60,14.14
UZB-ADM2-002-B,Tashkent,UZB,2022-12-01,5.2954,12,60,14.14
UZB-ADM2-002-B,Tashkent,UZB,2023-01-01,5.5359,4,60,14.14
UZB-ADM2-002-B,Tashkent,UZB,2023-02-01,5.8046,9,60,14.14
UZB-ADM2-002-B,Tashkent,UZB,2023-03-01,5.6133,13,60,14.14
UZB-ADM2-002-B,Tashkent,UZB,2023-04-01,5.9209,13,60,14.14
UZB-ADM2-002-B,Tashkent,UZB,2023-05-01,5.6637,11,60,14.14
UZB-ADM2-002-B,Tashkent,UZB,2023-06-01,5.4518,9,60,14.14
UZB-ADM2-002-B,Tashkent,UZB,2023-07-01,5.7139,8,60,14.14
UZB-ADM2-002-B,Tashkent,UZB,2023-08-01,6.1864,3,60,14.14
UZB-ADM2-002-B,Tashkent,UZB,2023-09-01,5.3514,10,60,14.14
UZB-ADM2-002-B,Tashkent,UZB,2023-10-01,5.0392,17,60,14.14
UZB-ADM2-002-B,Tashkent,UZB,2023-11-01,5.52,21,60,14.14
UZB-ADM2-002-B,Tashkent,UZB,2023-12-01,5.2352,16,60,14.14
UZB-ADM2-002-B,Tashkent,UZB,2024-01-01,5.0327,12,60,14.14
UZB-ADM2-002-B,Tashkent,UZB,2024-02-01,6.1712,10,60,14.14
UZB-ADM2-002-B,Tashkent,UZB,2024-03-01,5.6115,10,60,14.14
UZB-ADM2-002-B,Tashkent,UZB,2024-04-01,6.8277,23,60,14.14
UZB-ADM2-002-B,Tashkent,UZB,2024-05-01,6.254,10,60,14.14
UZB-ADM2-002-B,Tashkent,UZB,2024-06-01,5.5457,6,60,14.14
UZB-ADM2-002-B,Tashkent,UZB,2024-07-01,6.2224,5,60,14.14
UZB-ADM2-002-B,Tashkent,UZB,2024-08-01,5.9817,11,60,14.14
UZB-ADM2-002-B,Tashkent,UZB,2024-09-01,5.9405,3,60,14.14
UZB-ADM2-002-B,Tashkent,UZB,2024-10-01,5.1579,5,60,14.14
UZB-ADM2-002-B,Tashkent,UZB,2024-11-01,5.5079,12,60,14.14
UZB-ADM2-002-B,Tashkent,UZB,2024-12-01,6.7709,13,60,14.14
UZB-ADM2-003,Tashkent,UZB,2019-01-01,11.1007,8,30,7.09
UZB-ADM2-003,Tashkent,UZB,2019-02-01,11.5845,9,30,7.09
UZB-ADM2-003,Tashkent,UZB,2019-03-01,11.6899,19,30,7.09
UZB-ADM2-003,Tashkent,UZB,2019-04-01,11.8895,16,30,7.09
UZB-ADM2-003,Tashkent,UZB,2019-05-01,10.5229,12,30,7.09
UZB-ADM2-003,Tashkent,UZB,2019-06-01,12.1076,6,30,7.09
UZB-ADM2-003,Tashkent,UZB,2019-07-01,11.0125,8,30,7.09
UZB-ADM2-003,Tashkent,UZB,2019-08-01,11.3222,7,30,7.09
UZB-ADM2-003,Tashkent,UZB,2019-09-01,11.9906,13,30,7.09
UZB-ADM2-003,Tashkent,UZB,2019-10-01,10.9881,14,30,7.09
UZB-ADM2-003,Tashkent,UZB,2019-11-01,11.4963,15,30,7.09
UZB-ADM2-003,Tashkent,UZB,2019-12-01,12.0184,14,30,7.09
UZB-ADM2-003,Tashkent,UZB,2020-01-01,12.8921,15,30,7.09
UZB-ADM2-003,Tashkent,UZB,2020-02-01,12.8089,19,30,7.09
UZB-ADM2-003,Tashkent,UZB,2020-03-01,13.5,14,30,7.09
UZB-ADM2-003,Tashkent,UZB,2020-04-01,10.7937,19,30,7.09
UZB-ADM2-003,Tashkent,UZB,2020-05-01,10.2029,12,30,7.09
UZB-ADM2-003,Tashkent,UZB,2020-06-01,10.1651,5,30,7.09
UZB-ADM2-003,Tashkent,UZB,2020-07-01,10.7759,8,30,7.09
UZB-ADM2-003,Tashkent,UZB,2020-08-01,9.7471,9,30,7.09
UZB-ADM2-003,Tashkent,UZB,2020-09-01,,0,30,7.09
UZB-ADM2-003,Tashkent,UZB,2020-10-01,11.6186,8,30,7.09
UZB-ADM2-003,Tashkent,UZB,2020-11-01,11.4429,12,30,7.09
UZB-ADM2-003,Tashkent,UZB,2020-12-01,11.2689,19,30,7.09
UZB-ADM2-003,Tashkent,UZB,2021-01-01,11.5907,17,30,7.09
UZB-ADM2-003,Tashkent,UZB,2021-02-01,11.7965,16,30,7.09
UZB-ADM2-003,Tashkent,UZB,2021-03-01,12.5676,12,30,7.09
UZB-ADM2-003,Tashkent,UZB,2021-04-01,12.1971,19,30,7.09
UZB-ADM2-003,Tashkent,UZB,2021-05-01,13.1851,17,30,7.09
UZB-ADM2-003,Tashkent,UZB,2021-06-01,,0,30,7.09
UZB-ADM2-003,Tashkent,UZB,2021-07-01,12.1078,4,30,7.09
UZB-ADM2-003,Tashkent,UZB,2021-08-01,12.5397,9,30,7.09
UZB-ADM2-003,Tashkent,UZB,2021-09-01,11.5795,8,30,7.09
UZB-ADM2-003,Tashkent,UZB,2021-10-01,12.8502,7,30,7.09
UZB-ADM2-003,Tashkent,UZB,2021-11-01,11.3152,16,30,7.09
UZB-ADM2-003,Tashkent,UZB,2021-12-01,12.508,13,30,7.09
UZB-ADM2-003-A,Tashkent,UZB,2022-01-01,17.2749,12,15,3.54
UZB-ADM2-003-A,Tashkent,UZB,2022-02-01,14.4354,12,15,3.54
UZB-ADM2-003-A,Tashkent,UZB,2022-03-01,14.3926,14,15,3.54
UZB-ADM2-003-A,Tashkent,UZB,2022-04-01,14.5308,16,15,3.54
UZB-ADM2-003-A,Tashkent,UZB,2022-05-01,15.5317,14,15,3.54
UZB-ADM2-003-A,Tashkent,UZB,2022-06-01,15.6827,1,15,3.54
UZB-ADM2-003-A,Tashkent,UZB,2022-07-01,14.7782,3,15,3.54
UZB-ADM2-003-A,Tashkent,UZB,2022-08-01,14.4448,5,15,3.54
UZB-ADM2-003-A,Tashkent,UZB,2022-09-01,15.4381,8,15,3.54
UZB-ADM2-003-A,Tashkent,UZB,2022-10-01,16.2069,13,15,3.54
UZB-ADM2-003-A,Tashkent,UZB,2022-11-01,14.0649,12,15,3.54
UZB-ADM2-003-A,Tashkent,UZB,2022-12-01,17.2983,13,15,3.54
UZB-ADM2-003-A,Tashkent,UZB,2023-01-01,16.2665,19,15,3.54
UZB-ADM2-003-A,Tashkent,UZB,2023-02-01,14.8011,15,15,3.54
UZB-ADM2-003-A,Tashkent,UZB,2023-03-01,16.7273,20,15,3.54
UZB-ADM2-003-A,Tashkent,UZB,2023-04-01,16.4968,9,15,3.54
UZB-ADM2-003-A,Tashkent,UZB,2023-05-01,16.4417,16,15,3.54
UZB-ADM2-003-A,Tashkent,UZB,2023-06-01,15.1978,12,15,3.54
UZB-ADM2-003-A,Tashkent,UZB,2023-07-01,15.7246,10,15,3.54
UZB-ADM2-003-A,Tashkent,UZB,2023-08-01,14.5037,11,15,3.54
UZB-ADM2-003-A,Tashkent,UZB,2023-09-01,13.5322,10,15,3.54
UZB-ADM2-003-A,Tashkent,UZB,2023-10-01,15.896,14,15,3.54
UZB-ADM2-003-A,Tashkent,UZB,2023-11-01,15.2696,15,15,3.54
UZB-ADM2-003-A,Tashkent,UZB,2023-12-01,16.4096,18,15,3.54
UZB-ADM2-003-A,Tashkent,UZB,2024-01-01,15.1501,13,15,3.54
UZB-ADM2-003-A,Tashkent,UZB,2024-02-01,16.5738,15,15,3.54
UZB-ADM2-003-A,Tashkent,UZB,2024-03-01,17.4159,14,15,3.54
UZB-ADM2-003-A,Tashkent,UZB,2024-04-01,15.4932,9,15,3.54
UZB-ADM2-003-A,Tashkent,UZB,2024-05-01,17.8654,8,15,3.54
UZB-ADM2-003-A,Tashkent,UZB,2024-06-01,17.064,2,15,3.54
UZB-ADM2-003-A,Tashkent,UZB,2024-07-01,16.6943,2,15,3.54
UZB-ADM2-003-A,Tashkent,UZB,2024-08-01,18.5266,10,15,3.54
UZB-ADM2-003-A,Tashkent,UZB,2024-09-01,16.6216,9,15,3.54
UZB-ADM2-003-A,Tashkent,UZB,2024-10-01,15.9335,10,15,3.54
UZB-ADM2-003-A,Tashkent,UZB,2024-11-01,16.0876,13,15,3.54
UZB-ADM2-003-A,Tashkent,UZB,2024-12-01,15.4464,27,15,3.54
UZB-ADM2-003-B,Tashkent,UZB,2022-01-01,11.1069,12,15,3.54
UZB-ADM2-003-B,Tashkent,UZB,2022-02-01,9.4545,12,15,3.54
UZB-ADM2-003-B,Tashkent,UZB,2022-03-01,9.1771,14,15,3.54
UZB-ADM2-003-B,Tashkent,UZB,2022-04-01,9.5322,16,15,3.54
UZB-ADM2-003-B,Tashkent,UZB,2022-05-01,10.7113,14,15,3.54
UZB-ADM2-003-B,Tashkent,UZB,2022-06-01,10.0092,1,15,3.54
UZB-ADM2-003-B,Tashkent,UZB,2022-07-01,9.5283,3,15,3.54
UZB-ADM2-003-B,Tashkent,UZB,2022-08-01,9.2358,5,15,3.54
UZB-ADM2-003-B,Tashkent,UZB,2022-09-01,9.8601,8,15,3.54
UZB-ADM2-003-B,Tashkent,UZB,2022-10-01,10.6571,13,15,3.54
UZB-ADM2-003-B,Tashkent,UZB,2022-11-01,8.9051,12,15,3.54
UZB-ADM2-003-B,Tashkent,UZB,2022-12-01,11.1598,13,15,3.54
UZB-ADM2-003-B,Tashkent,UZB,2023-01-01,9.7592,19,15,3.54
UZB-ADM2-003-B,Tashkent,UZB,2023-02-01,9.5437,15,15,3.54
UZB-ADM2-003-B,Tashkent,UZB,2023-03-01,10.6707,20,15,3.54
UZB-ADM2-003-B,Tashkent,UZB,2023-04-01,10.5733,9,15,3.54
UZB-ADM2-003-B,Tashkent,UZB,2023-05-01,10.6986,16,15,3.54
UZB-ADM2-003-B,Tashkent,UZB,2023-06-01,9.5126,12,15,3.54
UZB-ADM2-003-B,Tashkent,UZB,2023-07-01,9.7235,10,15,3.54
UZB-ADM2-003-B,Tashkent,UZB,2023-08-01,8.8128,11,15,3.54
UZB-ADM2-003-B,Tashkent,UZB,2023-09-01,9.0295,10,15,3.54
UZB-ADM2-003-B,Tashkent,UZB,2023-10-01,10.346,14,15,3.54
UZB-ADM2-003-B,Tashkent,UZB,2023-11-01,10.7022,15,15,3.54
UZB-ADM2-003-B,Tashkent,UZB,2023-12-01,10.5506,18,15,3.54
UZB-ADM2-003-B,Tashkent,UZB,2024-01-01,9.7464,13,15,3.54
UZB-ADM2-003-B,Tashkent,UZB,2024-02-01,11.0831,15,15,3.54
UZB-ADM2-003-B,Tashkent,UZB,2024-03-01,10.9741,14,15,3.54
UZB-ADM2-003-B,Tashkent,UZB,2024-04-01,10.8008,9,15,3.54
UZB-ADM2-003-B,Tashkent,UZB,2024-05-01,11.2467,8,15,3.54
UZB-ADM2-003-B,Tashkent,UZB,2024-06-01,10.5949,2,15,3.54
UZB-ADM2-003-B,Tashkent,UZB,2024-07-01,10.5207,2,15,3.54
UZB-ADM2-003-B,Tashkent,UZB,2024-08-01,11.2296,10,15,3.54
UZB-ADM2-003-B,Tashkent,UZB,2024-09-01,10.9996,9,15,3.54
UZB-ADM2-003-B,Tashkent,UZB,2024-10-01,9.2843,10,15,3.54
UZB-ADM2-003-B,Tashkent,UZB,2024-11-01,9.8597,13,15,3.54
UZB-ADM2-003-B,Tashkent,UZB,2024-12-01,9.8399,27,15,3.54
UZB-ADM2-004,Tashkent,UZB,2019-01-01,9.2888,14,126,29.4
UZB-ADM2-004,Tashkent,UZB,2019-02-01,9.4144,22,126,29.4
UZB-ADM2-004,Tashkent,UZB,2019-03-01,8.5389,10,126,29.4
UZB-ADM2-004,Tashkent,UZB,2019-04-01,9.0855,17,126,29.4
UZB-ADM2-004,Tashkent,UZB,2019-05-01,9.2111,18,126,29.4
UZB-ADM2-004,Tashkent,UZB,2019-06-01,9.2447,4,126,29.4
UZB-ADM2-004,Tashkent,UZB,2019-07-01,9.2379,18,126,29.4
UZB-ADM2-004,Tashkent,UZB,2019-08-01,8.1163,3,126,29.4
UZB-ADM2-004,Tashkent,UZB,2019-09-01,9.1705,10,126,29.4
UZB-ADM2-004,Tashkent,UZB,2019-10-01,8.2362,14,126,29.4
UZB-ADM2-004,Tashkent,UZB,2019-11-01,9.613,21,126,29.4
UZB-ADM2-004,Tashkent,UZB,2019-12-01,9.7064,14,126,29.4
UZB-ADM2-004,Tashkent,UZB,2020-01-01,9.2159,12,126,29.4
UZB-ADM2-004,Tashkent,UZB,2020-02-01,9.9797,17,126,29.4
UZB-ADM2-004,Tashkent,UZB,2020-03-01,8.8083,10,126,29.4
UZB-ADM2-004,Tashkent,UZB,2020-04-01,8.2884,17,126,29.4
UZB-ADM2-004,Tashkent,UZB,2020-05-01,7.6078,16,126,29.4
UZB-ADM2-004,Tashkent,UZB,2020-06-01,6.958,16,126,29.4
UZB-ADM2-004,Tashkent,UZB,2020-07-01,6.9446,8,126,29.4
UZB-ADM2-004,Tashkent,UZB,2020-08-01,7.5207,3,126,29.4
UZB-ADM2-004,Tashkent,UZB,2020-09-01,8.5876,3,126,29.4
UZB-ADM2-004,Tashkent,UZB,2020-10-01,8.5108,9,126,29.4
UZB-ADM2-004,Tashkent,UZB,2020-11-01,9.4042,15,126,29.4
UZB-ADM2-004,Tashkent,UZB,2020-12-01,7.9771,15,126,29.4
UZB-ADM2-004,Tashkent,UZB,2021-01-01,8.9615,18,126,29.4
UZB-ADM2-004,Tashkent,UZB,2021-02-01,9.6314,11,126,29.4
UZB-ADM2-004,Tashkent,UZB,2021-03-01,9.1417,11,126,29.4
UZB-ADM2-004,Tashkent,UZB,2021-04-01,9.5721,13,126,29.4
UZB-ADM2-004,Tashkent,UZB,2021-05-01,9.383,10,126,29.4
UZB-ADM2-004,Tashkent,UZB,2021-06-01,8.959,15,126,29.4
UZB-ADM2-004,Tashkent,UZB,2021-07-01,10.1558,3,126,29.4
UZB-ADM2-004,Tashkent,UZB,2021-08-01,,0,126,29.4
UZB-ADM2-004,Tashkent,UZB,2021-09-01,,0,126,29.4
UZB-ADM2-004,Tashkent,UZB,2021-10-01,7.4707,14,126,29.4
UZB-ADM2-004,Tashkent,UZB,2021-11-01,10.2455,9,126,29.4
UZB-ADM2-004,Tashkent,UZB,2021-12-01,8.3478,14,126,29.4
UZB-ADM2-004,Tashkent,UZB,2022-01-01,8.5051,11,126,29.4
UZB-ADM2-004,Tashkent,UZB,2022-02-01,9.385,12,126,29.4
UZB-ADM2-004,Tashkent,UZB,2022-03-01,10.0065,16,126,29.4
UZB-ADM2-004,Tashkent,UZB,2022-04-01,10.442,16,126,29.4
UZB-ADM2-004,Tashkent,UZB,2022-05-01,9.5993,10,126,29.4
UZB-ADM2-004,Tashkent,UZB,2022-06-01,8.3308,1,126,29.4
UZB-ADM2-004,Tashkent,UZB,2022-07-01,8.7545,9,126,29.4
UZB-ADM2-004,Tashkent,UZB,2022-08-01,9.7998,10,126,29.4
UZB-ADM2-004,Tashkent,UZB,2022-09-01,9.006,8,126,29.4
UZB-ADM2-004,Tashkent,UZB,2022-10-01,9.4264,18,126,29.4
UZB-ADM2-004,Tashkent,UZB,2022-11-01,9.4503,15,126,29.4
UZB-ADM2-004,Tashkent,UZB,2022-12-01,10.063,8,126,29.4
UZB-ADM2-004,Tashkent,UZB,2023-01-01,8.6506,9,126,29.4
UZB-ADM2-004,Tashkent,UZB,2023-02-01,9.875,15,126,29.4
UZB-ADM2-004,Tashkent,UZB,2023-03-01,10.0606,10,126,29.4
UZB-ADM2-004,Tashkent,UZB,2023-04-01,10.0784,18,126,29.4
UZB-ADM2-004,Tashkent,UZB,2023-05-01,9.5023,13,126,29.4
UZB-ADM2-004,Tashkent,UZB,2023-06-01,8.9648,4,126,29.4
UZB-ADM2-004,Tashkent,UZB,2023-07-01,9.719,9,126,29.4
UZB-ADM2-004,Tashkent,UZB,2023-08-01,10.067,3,126,29.4
UZB-ADM2-004,Tashkent,UZB,2023-09-01,8.9098,6,126,29.4
UZB-ADM2-004,Tashkent,UZB,2023-10-01,9.0656,10,126,29.4
UZB-ADM2-004,Tashkent,UZB,2023-11-01,9.1971,7,126,29.4
UZB-ADM2-004,Tashkent,UZB,2023-12-01,10.7669,13,126,29.4
UZB-ADM2-004,Tashkent,UZB,2024-01-01,9.1773,22,126,29.4
UZB-ADM2-004,Tashkent,UZB,2024-02-01,9.9264,17,126,29.4
UZB-ADM2-004,Tashkent,UZB,2024-03-01,9.9933,12,126,29.4
UZB-ADM2-004,Tashkent,UZB,2024-04-01,9.0476,10,126,29.4
UZB-ADM2-004,Tashkent,UZB,2024-05-01,10.0184,14,126,29.4
UZB-ADM2-004,Tashkent,UZB,2024-06-01,9.334,2,126,29.4
UZB-ADM2-004,Tashkent,UZB,2024-07-01,9.0841,13,126,29.4
UZB-ADM2-004,Tashkent,UZB,2024-08-01,9.0991,10,126,29.4
UZB-ADM2-004,Tashkent,UZB,2024-09-01,9.1998,8,126,29.4
UZB-ADM2-004,Tashkent,UZB,2024-10-01,9.8151,16,126,29.4
UZB-ADM2-004,Tashkent,UZB,2024-11-01,9.1802,8,126,29.4
UZB-ADM2-004,Tashkent,UZB,2024-12-01,9.5625,14,126,29.4
UZB-ADM2-005,Tashkent,UZB,2019-01-01,10.379,21,135,31.52
UZB-ADM2-005,Tashkent,UZB,2019-02-01,9.1335,14,135,31.52
UZB-ADM2-005,Tashkent,UZB,2019-03-01,9.7955,17,135,31.52
UZB-ADM2-005,Tashkent,UZB,2019-04-01,11.9927,14,135,31.52
UZB-ADM2-005,Tashkent,UZB,2019-05-01,9.973,16,135,31.52
UZB-ADM2-005,Tashkent,UZB,2019-06-01,10.4878,1,135,31.52
UZB-ADM2-005,Tashkent,UZB,2019-07-01,,0,135,31.52
UZB-ADM2-005,Tashkent,UZB,2019-08-01,11.0507,10,135,31.52
UZB-ADM2-005,Tashkent,UZB,2019-09-01,10.8167,8,135,31.52
UZB-ADM2-005,Tashkent,UZB,2019-10-01,9.6547,14,135,31.52
UZB-ADM2-005,Tashkent,UZB,2019-11-01,11.0367,10,135,31.52
UZB-ADM2-005,Tashkent,UZB,2019-12-01,10.649,21,135,31.52
UZB-ADM2-005,Tashkent,UZB,2020-01-01,10.3015,13,135,31.52
UZB-ADM2-005,Tashkent,UZB,2020-02-01,11.7634,12,135,31.52
UZB-ADM2-005,Tashkent,UZB,2020-03-01,10.0047,13,135,31.52
UZB-ADM2-005,Tashkent,UZB,2020-04-01,8.5984,24,135,31.52
UZB-ADM2-005,Tashkent,UZB,2020-05-01,8.5054,8,135,31.52
UZB-ADM2-005,Tashkent,UZB,2020-06-01,8.8682,15,135,31.52
UZB-ADM2-005,Tashkent,UZB,2020-07-01,9.264,1,135,31.52
UZB-ADM2-005,Tashkent,UZB,2020-08-01,8.4996,3,135,31.52
UZB-ADM2-005,Tashkent,UZB,2020-09-01,11.3968,5,135,31.52
UZB-ADM2-005,Tashkent,UZB,2020-10-01,10.692,13,135,31.52
UZB-ADM2-005,Tashkent,UZB,2020-11-01,10.7133,9,135,31.52
UZB-ADM2-005,Tashkent,UZB,2020-12-01,10.8933,20,135,31.52
UZB-ADM2-005,Tashkent,UZB,2021-01-01,10.6165,16,135,31.52
UZB-ADM2-005,Tashkent,UZB,2021-02-01,11.6727,19,135,31.52
UZB-ADM2-005,Tashkent,UZB,2021-03-01,11.8405,17,135,31.52
UZB-ADM2-005,Tashkent,UZB,2021-04-01,10.8451,26,135,31.52
UZB-ADM2-005,Tashkent,UZB,2021-05-01,12.1787,18,135,31.52
UZB-ADM2-005,Tashkent,UZB,2021-06-01,11.7359,2,135,31.52
UZB-ADM2-005,Tashkent,UZB,2021-07-01,12.8735,5,135,31.52
UZB-ADM2-005,Tashkent,UZB,2021-08-01,10.69,9,135,31.52
UZB-ADM2-005,Tashkent,UZB,2021-09-01,10.7703,8,135,31.52
UZB-ADM2-005,Tashkent,UZB,2021-10-01,10.2983,18,135,31.52
UZB-ADM2-005,Tashkent,UZB,2021-11-01,11.852,16,135,31.52
UZB-ADM2-005,Tashkent,UZB,2021-12-01,10.0381,6,135,31.52
UZB-ADM2-005,Tashkent,UZB,2022-01-01,11.8682,18,135,31.52
UZB-ADM2-005,Tashkent,UZB,2022-02-01,10.9725,13,135,31.52
UZB-ADM2-005,Tashkent,UZB,2022-03-01,11.9279,11,135,31.52
UZB-ADM2-005,Tashkent,UZB,2022-04-01,13.8493,13,135,31.52
UZB-ADM2-005,Tashkent,UZB,2022-05-01,12.8098,13,135,31.52
UZB-ADM2-005,Tashkent,UZB,2022-06-01,12.4319,6,135,31.52
UZB-ADM2-005,Tashkent,UZB,2022-07-01,12.6615,3,135,31.52
UZB-ADM2-005,Tashkent,UZB,2022-08-01,11.5253,5,135,31.52
UZB-ADM2-005,Tashkent,UZB,2022-09-01,11.7585,9,135,31.52
UZB-ADM2-005,Tashkent,UZB,2022-10-01,11.2156,19,135,31.52
UZB-ADM2-005,Tashkent,UZB,2022-11-01,11.4852,11,135,31.52
UZB-ADM2-005,Tashkent,UZB,2022-12-01,12.1555,18,135,31.52
UZB-ADM2-005,Tashkent,UZB,2023-01-01,12.8237,13,135,31.52
UZB-ADM2-005,Tashkent,UZB,2023-02-01,13.4689,15,135,31.52
UZB-ADM2-005,Tashkent,UZB,2023-03-01,12.3569,7,135,31.52
UZB-ADM2-005,Tashkent,UZB,2023-04-01,13.3624,14,135,31.52
UZB-ADM2-005,Tashkent,UZB,2023-05-01,12.9309,18,135,31.52
UZB-ADM2-005,Tashkent,UZB,2023-06-01,12.2201,1,135,31.52
UZB-ADM2-005,Tashkent,UZB,2023-07-01,,0,135,31.52
UZB-ADM2-005,Tashkent,UZB,2023-08-01,12.5778,5,135,31.52
UZB-ADM2-005,Tashkent,UZB,2023-09-01,13.8803,10,135,31.52
UZB-ADM2-005,Tashkent,UZB,2023-10-01,12.2126,12,135,31.52
UZB-ADM2-005,Tashkent,UZB,2023-11-01,12.4758,12,135,31.52
UZB-ADM2-005,Tashkent,UZB,2023-12-01,11.8586,14,135,31.52
UZB-ADM2-005,Tashkent,UZB,2024-01-01,12.0775,24,135,31.52
UZB-ADM2-005,Tashkent,UZB,2024-02-01,14.5484,17,135,31.52
UZB-ADM2-005,Tashkent,UZB,2024-03-01,12.8511,9,135,31.52
UZB-ADM2-005,Tashkent,UZB,2024-04-01,13.0997,8,135,31.52
UZB-ADM2-005,Tashkent,UZB,2024-05-01,12.766,12,135,31.52
UZB-ADM2-005,Tashkent,UZB,2024-06-01,12.0699,3,135,31.52
UZB-ADM2-005,Tashkent,UZB,2024-07-01,12.9039,5,135,31.52
UZB-ADM2-005,Tashkent,UZB,2024-08-01,,0,135,31.52
UZB-ADM2-005,Tashkent,UZB,2024-09-01,12.2577,8,135,31.52
UZB-ADM2-005,Tashkent,UZB,2024-10-01,11.4337,14,135,31.52
UZB-ADM2-005,Tashkent,UZB,2024-11-01,12.2191,11,135,31.52
UZB-ADM2-005,Tashkent,UZB,2024-12-01,13.0082,13,135,31.52
UZB-ADM2-006,Tashkent,UZB,2019-01-01,8.6586,12,186,43.43
UZB-ADM2-006,Tashkent,UZB,2019-02-01,9.6002,18,186,43.43
UZB-ADM2-006,Tashkent,UZB,2019-03-01,9.9164,11,186,43.43
UZB-ADM2-006,Tashkent,UZB,2019-04-01,10.1682,21,186,43.43
UZB-ADM2-006,Tashkent,UZB,2019-05-01,10.1239,22,186,43.43
UZB-ADM2-006,Tashkent,UZB,2019-06-01,9.6462,3,186,43.43
UZB-ADM2-006,Tashkent,UZB,2019-07-01,10.0096,5,186,43.43
UZB-ADM2-006,Tashkent,UZB,2019-08-01,9.159,7,186,43.43
UZB-ADM2-006,Tashkent,UZB,2019-09-01,9.2305,5,186,43.43
UZB-ADM2-006,Tashkent,UZB,2019-10-01,8.8471,10,186,43.43
UZB-ADM2-006,Tashkent,UZB,2019-11-01,9.5095,10,186,43.43
UZB-ADM2-006,Tashkent,UZB,2019-12-01,10.2499,19,186,43.43
UZB-ADM2-006,Tashkent,UZB,2020-01-01,9.6359,12,186,43.43
UZB-ADM2-006,Tashkent,UZB,2020-02-01,9.5271,14,186,43.43
UZB-ADM2-006,Tashkent,UZB,2020-03-01,9.2979,12,186,43.43
UZB-ADM2-006,Tashkent,UZB,2020-04-01,8.2361,16,186,43.43
UZB-ADM2-006,Tashkent,UZB,2020-05-01,8.5133,12,186,43.43
UZB-ADM2-006,Tashkent,UZB,2020-06-01,,0,186,43.43
UZB-ADM2-006,Tashkent,UZB,2020-07-01,8.5972,4,186,43.43
UZB-ADM2-006,Tashkent,UZB,2020-08-01,8.0916,12,186,43.43
UZB-ADM2-006,Tashkent,UZB,2020-09-01,9.7424,9,186,43.43
UZB-ADM2-006,Tashkent,UZB,2020-10-01,10.2716,18,186,43.43
UZB-ADM2-006,Tashkent,UZB,2020-11-01,9.1383,12,186,43.43
UZB-ADM2-006,Tashkent,UZB,2020-12-01,10.6158,16,186,43.43
UZB-ADM2-006,Tashkent,UZB,2021-01-01,9.8779,18,186,43.43
UZB-ADM2-006,Tashkent,UZB,2021-02-01,11.7828,11,186,43.43
UZB-ADM2-006,Tashkent,UZB,2021-03-01,10.8219,13,186,43.43
UZB-ADM2-006,Tashkent,UZB,2021-04-01,11.32,16,186,43.43
UZB-ADM2-006,Tashkent,UZB,2021-05-01,10.7061,16,186,43.43
UZB-ADM2-006,Tashkent,UZB,2021-06-01,9.7098,7,186,43.43
UZB-ADM2-006,Tashkent,UZB,2021-07-01,10.5206,16,186,43.43
UZB-ADM2-006,Tashkent,UZB,2021-08-01,8.8968,7,186,43.43
UZB-ADM2-006,Tashkent,UZB,2021-09-01,9.669,11,186,43.43
UZB-ADM2-006,Tashkent,UZB,2021-10-01,10.3043,13,186,43.43
UZB-ADM2-006,Tashkent,UZB,2021-11-01,10.8956,17,186,43.43
UZB-ADM2-006,Tashkent,UZB,2021-12-01,11.1369,15,186,43.43
UZB-ADM2-006,Tashkent,UZB,2022-01-01,12.3605,10,186,43.43
UZB-ADM2-006,Tashkent,UZB,2022-02-01,10.9527,12,186,43.43
UZB-ADM2-006,Tashkent,UZB,2022-03-01,11.2276,13,186,43.43
UZB-ADM2-006,Tashkent,UZB,2022-04-01,10.9771,18,186,43.43
UZB-ADM2-006,Tashkent,UZB,2022-05-01,10.6556,7,186,43.43
UZB-ADM2-006,Tashkent,UZB,2022-06-01,11.4002,5,186,43.43
UZB-ADM2-006,Tashkent,UZB,2022-07-01,11.0854,1,186,43.43
UZB-ADM2-006,Tashkent,UZB,2022-08-01,11.9421,2,186,43.43
UZB-ADM2-006,Tashkent,UZB,2022-09-01,10.8131,7,186,43.43
UZB-ADM2-006,Tashkent,UZB,2022-10-01,12.1101,13,186,43.43
UZB-ADM2-006,Tashkent,UZB,2022-11-01,10.9979,15,186,43.43
UZB-ADM2-006,Tashkent,UZB,2022-12-01,11.7299,9,186,43.43
UZB-ADM2-006,Tashkent,UZB,2023-01-01,11.5684,11,186,43.43
UZB-ADM2-006,Tashkent,UZB,2023-02-01,11.2269,18,186,43.43
UZB-ADM2-006,Tashkent,UZB,2023-03-01,11.3558,15,186,43.43
UZB-ADM2-006,Tashkent,UZB,2023-04-01,12.745,11,186,43.43
UZB-ADM2-006,Tashkent,UZB,2023-05-01,11.2822,18,186,43.43
UZB-ADM2-006,Tashkent,UZB,2023-06-01,12.6923,9,186,43.43
UZB-ADM2-006,Tashkent,UZB,2023-07-01,11.4684,3,186,43.43
UZB-ADM2-006,Tashkent,UZB,2023-08-01,11.8473,4,186,43.43
UZB-ADM2-006,Tashkent,UZB,2023-09-01,12.296,12,186,43.43
UZB-ADM2-006,Tashkent,UZB,2023-10-01,11.4194,12,186,43.43
UZB-ADM2-006,Tashkent,UZB,2023-11-01,10.9937,13,186,43.43
UZB-ADM2-006,Tashkent,UZB,2023-12-01,11.9904,20,186,43.43
UZB-ADM2-006,Tashkent,UZB,2024-01-01,13.3476,11,186,43.43
UZB-ADM2-006,Tashkent,UZB,2024-02-01,12.8655,17,186,43.43
UZB-ADM2-006,Tashkent,UZB,2024-03-01,13.1083,15,186,43.43
UZB-ADM2-006,Tashkent,UZB,2024-04-01,12.2241,23,186,43.43
UZB-ADM2-006,Tashkent,UZB,2024-05-01,13.8962,17,186,43.43
UZB-ADM2-006,Tashkent,UZB,2024-06-01,14.164,5,186,43.43
UZB-ADM2-006,Tashkent,UZB,2024-07-01,12.2896,4,186,43.43
UZB-ADM2-006,Tashkent,UZB,2024-08-01,11.4034,1,186,43.43
UZB-ADM2-006,Tashkent,UZB,2024-09-01,11.6547,1,186,43.43
UZB-ADM2-006,Tashkent,UZB,2024-10-01,12.0911,22,186,43.43
UZB-ADM2-006,Tashkent,UZB,2024-11-01,12.7786,23,186,43.43
UZB-ADM2-006,Tashkent,UZB,2024-12-01,12.8789,19,186,43.43
UZB-ADM2-007,Tashkent,UZB,2019-01-01,8.5181,8,52,12.27
UZB-ADM2-007,Tashkent,UZB,2019-02-01,8.5136,12,52,12.27
UZB-ADM2-007,Tashkent,UZB,2019-03-01,8.0434,18,52,12.27
UZB-ADM2-007,Tashkent,UZB,2019-04-01,8.9365,12,52,12.27
UZB-ADM2-007,Tashkent,UZB,2019-05-01,8.7303,17,52,12.27
UZB-ADM2-007,Tashkent,UZB,2019-06-01,8.9312,6,52,12.27
UZB-ADM2-007,Tashkent,UZB,2019-07-01,7.844,4,52,12.27
UZB-ADM2-007,Tashkent,UZB,2019-08-01,9.2167,14,52,12.27
UZB-ADM2-007,Tashkent,UZB,2019-09-01,7.9774,11,52,12.27
UZB-ADM2-007,Tashkent,UZB,2019-10-01,8.3268,12,52,12.27
UZB-ADM2-007,Tashkent,UZB,2019-11-01,8.6403,13,52,12.27
UZB-ADM2-007,Tashkent,UZB,2019-12-01,8.9016,12,52,12.27
UZB-ADM2-007,Tashkent,UZB,2020-01-01,9.1236,10,52,12.27
UZB-ADM2-007,Tashkent,UZB,2020-02-01,9.249,13,52,12.27
UZB-ADM2-007,Tashkent,UZB,2020-03-01,8.6128,18,52,12.27
UZB-ADM2-007,Tashkent,UZB,2020-04-01,7.1514,12,52,12.27
UZB-ADM2-007,Tashkent,UZB,2020-05-01,7.7866,17,52,12.27
UZB-ADM2-007,Tashkent,UZB,2020-06-01,7.4911,5,52,12.27
UZB-ADM2-007,Tashkent,UZB,2020-07-01,6.2662,4,52,12.27
UZB-ADM2-007,Tashkent,UZB,2020-08-01,6.2334,2,52,12.27
UZB-ADM2-007,Tashkent,UZB,2020-09-01,8.1273,5,52,12.27
UZB-ADM2-007,Tashkent,UZB,2020-10-01,8.1604,8,52,12.27
UZB-ADM2-007,Tashkent,UZB,2020-11-01,8.4832,18,52,12.27
UZB-ADM2-007,Tashkent,UZB,2020-12-01,9.2266,13,52,12.27
UZB-ADM2-007,Tashkent,UZB,2021-01-01,9.6221,18,52,12.27
UZB-ADM2-007,Tashkent,UZB,2021-02-01,9.4923,8,52,12.27
UZB-ADM2-007,Tashkent,UZB,2021-03-01,8.6337,13,52,12.27
UZB-ADM2-007,Tashkent,UZB,2021-04-01,9.0274,10,52,12.27
UZB-ADM2-007,Tashkent,UZB,2021-05-01,10.028,11,52,12.27
UZB-ADM2-007,Tashkent,UZB,2021-06-01,8.0511,6,52,12.27
UZB-ADM2-007,Tashkent,UZB,2021-07-01,10.2143,4,52,12.27
UZB-ADM2-007,Tashkent,UZB,2021-08-01,9.4796,9,52,12.27
UZB-ADM2-007,Tashkent,UZB,2021-09-01,7.9873,7,52,12.27
UZB-ADM2-007,Tashkent,UZB,2021-10-01,8.8714,14,52,12.27
UZB-ADM2-007,Tashkent,UZB,2021-11-01,8.9124,13,52,12.27
UZB-ADM2-007,Tashkent,UZB,2021-12-01,8.9166,10,52,12.27
UZB-ADM2-007,Tashkent,UZB,2022-01-01,10.3935,12,52,12.27
UZB-ADM2-007,Tashkent,UZB,2022-02-01,8.9972,16,52,12.27
UZB-ADM2-007,Tashkent,UZB,2022-03-01,8.9662,22,52,12.27
UZB-ADM2-007,Tashkent,UZB,2022-04-01,11.5064,11,52,12.27
UZB-ADM2-007,Tashkent,UZB,2022-05-01,8.9267,13,52,12.27
UZB-ADM2-007,Tashkent,UZB,2022-06-01,9.7145,8,52,12.27
UZB-ADM2-007,Tashkent,UZB,2022-07-01,,0,52,12.27
UZB-ADM2-007,Tashkent,UZB,2022-08-01,8.157,3,52,12.27
UZB-ADM2-007,Tashkent,UZB,2022-09-01,9.0253,8,52,12.27
UZB-ADM2-007,Tashkent,UZB,2022-10-01,8.8948,12,52,12.27
UZB-ADM2-007,Tashkent,UZB,2022-11-01,8.7914,14,52,12.27
UZB-ADM2-007,Tashkent,UZB,2022-12-01,9.4331,22,52,12.27
UZB-ADM2-007,Tashkent,UZB,2023-01-01,9.2358,13,52,12.27
UZB-ADM2-007,Tashkent,UZB,2023-02-01,10.684,5,52,12.27
UZB-ADM2-007,Tashkent,UZB,2023-03-01,9.5265,16,52,12.27
UZB-ADM2-007,Tashkent,UZB,2023-04-01,10.0633,12,52,12.27
UZB-ADM2-007,Tashkent,UZB,2023-05-01,9.5575,6,52,12.27
UZB-ADM2-007,Tashkent,UZB,2023-06-01,9.4057,7,52,12.27
UZB-ADM2-007,Tashkent,UZB,2023-07-01,10.392,1,52,12.27
UZB-ADM2-007,Tashkent,UZB,2023-08-01,10.9902,8,52,12.27
UZB-ADM2-007,Tashkent,UZB,2023-09-01,8.0246,4,52,12.27
UZB-ADM2-007,Tashkent,UZB,2023-10-01,8.8756,15,52,12.27
UZB-ADM2-007,Tashkent,UZB,2023-11-01,9.4844,12,52,12.27
UZB-ADM2-007,Tashkent,UZB,2023-12-01,9.508,15,52,12.27
UZB-ADM2-007,Tashkent,UZB,2024-01-01,9.6304,15,52,12.27
UZB-ADM2-007,Tashkent,UZB,2024-02-01,9.1302,13,52,12.27
UZB-ADM2-007,Tashkent,UZB,2024-03-01,9.5674,11,52,12.27
UZB-ADM2-007,Tashkent,UZB,2024-04-01,10.2531,15,52,12.27
UZB-ADM2-007,Tashkent,UZB,2024-05-01,9.0744,10,52,12.27
UZB-ADM2-007,Tashkent,UZB,2024-06-01,8.2444,9,52,12.27
UZB-ADM2-007,Tashkent,UZB,2024-07-01,9.4418,9,52,12.27
UZB-ADM2-007,Tashkent,UZB,2024-08-01,9.586,6,52,12.27
UZB-ADM2-007,Tashkent,UZB,2024-09-01,9.4758,11,52,12.27
UZB-ADM2-007,Tashkent,UZB,2024-10-01,8.4737,16,52,12.27
UZB-ADM2-007,Tashkent,UZB,2024-11-01,9.083,12,52,12.27
UZB-ADM2-007,Tashkent,UZB,2024-12-01,8.8262,15,52,12.27
UZB-ADM2-008,Tashkent,UZB,2019-01-01,7.8226,12,44,10.26
UZB-ADM2-008,Tashkent,UZB,2019-02-01,7.3444,14,44,10.26
UZB-ADM2-008,Tashkent,UZB,2019-03-01,8.4031,10,44,10.26
UZB-ADM2-008,Tashkent,UZB,2019-04-01,8.1639,21,44,10.26
UZB-ADM2-008,Tashkent,UZB,2019-05-01,7.5045,10,44,10.26
UZB-ADM2-008,Tashkent,UZB,2019-06-01,7.9047,2,44,10.26
UZB-ADM2-008,Tashkent,UZB,2019-07-01,7.7135,4,44,10.26
UZB-ADM2-008,Tashkent,UZB,2019-08-01,7.941,6,44,10.26
UZB-ADM2-008,Tashkent,UZB,2019-09-01,8.0519,7,44,10.26
UZB-ADM2-008,Tashkent,UZB,2019-10-01,7.6608,13,44,10.26
UZB-ADM2-008,Tashkent,UZB,2019-11-01,7.4368,10,44,10.26
UZB-ADM2-008,Tashkent,UZB,2019-12-01,7.5664,13,44,10.26
UZB-ADM2-008,Tashkent,UZB,2020-01-01,7.3677,17,44,10.26
UZB-ADM2-008,Tashkent,UZB,2020-02-01,8.5943,17,44,10.26
UZB-ADM2-008,Tashkent,UZB,2020-03-01,8.3,12,44,10.26
UZB-ADM2-008,Tashkent,UZB,2020-04-01,7.15,15,44,10.26
UZB-ADM2-008,Tashkent,UZB,2020-05-01,5.9707,7,44,10.26
UZB-ADM2-008,Tashkent,UZB,2020-06-01,6.2281,9,44,10.26
UZB-ADM2-008,Tashkent,UZB,2020-07-01,6.2854,11,44,10.26
UZB-ADM2-008,Tashkent,UZB,2020-08-01,6.1959,7,44,10.26
UZB-ADM2-008,Tashkent,UZB,2020-09-01,7.9557,17,44,10.26
UZB-ADM2-008,Tashkent,UZB,2020-10-01,7.8414,17,44,10.26
UZB-ADM2-008,Tashkent,UZB,2020-11-01,7.6998,17,44,10.26
UZB-ADM2-008,Tashkent,UZB,2020-12-01,8.2878,15,44,10.26
UZB-ADM2-008,Tashkent,UZB,2021-01-01,7.8896,13,44,10.26
UZB-ADM2-008,Tashkent,UZB,2021-02-01,8.1991,12,44,10.26
UZB-ADM2-008,Tashkent,UZB,2021-03-01,7.9224,12,44,10.26
UZB-ADM2-008,Tashkent,UZB,2021-04-01,8.5377,15,44,10.26
UZB-ADM2-008,Tashkent,UZB,2021-05-01,8.3218,14,44,10.26
UZB-ADM2-008,Tashkent,UZB,2021-06-01,,0,44,10.26
UZB-ADM2-008,Tashkent,UZB,2021-07-01,8.7289,5,44,10.26
UZB-ADM2-008,Tashkent,UZB,2021-08-01,8.8443,3,44,10.26
UZB-ADM2-008,Tashkent,UZB,2021-09-01,8.4172,9,44,10.26
UZB-ADM2-008,Tashkent,UZB,2021-10-01,7.3703,20,44,10.26
UZB-ADM2-008,Tashkent,UZB,2021-11-01,7.4775,17,44,10.26
UZB-ADM2-008,Tashkent,UZB,2021-12-01,8.7045,17,44,10.26
UZB-ADM2-008,Tashkent,UZB,2022-01-01,8.4505,13,44,10.26
UZB-ADM2-008,Tashkent,UZB,2022-02-01,8.5948,17,44,10.26
UZB-ADM2-008,Tashkent,UZB,2022-03-01,8.4588,13,44,10.26
UZB-ADM2-008,Tashkent,UZB,2022-04-01,8.2567,17,44,10.26
UZB-ADM2-008,Tashkent,UZB,2022-05-01,8.6462,13,44,10.26
UZB-ADM2-008,Tashkent,UZB,2022-06-01,8.925,3,44,10.26
UZB-ADM2-008,Tashkent,UZB,2022-07-01,,0,44,10.26
UZB-ADM2-008,Tashkent,UZB,2022-08-01,9.3535,6,44,10.26
UZB-ADM2-008,Tashkent,UZB,2022-09-01,8.6425,4,44,10.26
UZB-ADM2-008,Tashkent,UZB,2022-10-01,7.5271,14,44,10.26
UZB-ADM2-008,Tashkent,UZB,2022-11-01,9.1816,18,44,10.26
UZB-ADM2-008,Tashkent,UZB,2022-12-01,9.4417,15,44,10.26
UZB-ADM2-008,Tashkent,UZB,2023-01-01,9.1615,14,44,10.26
UZB-ADM2-008,Tashkent,UZB,2023-02-01,8.0462,8,44,10.26
UZB-ADM2-008,Tashkent,UZB,2023-03-01,9.0434,13,44,10.26
UZB-ADM2-008,Tashkent,UZB,2023-04-01,10.1824,17,44,10.26
UZB-ADM2-008,Tashkent,UZB,2023-05-01,8.9069,9,44,10.26
UZB-ADM2-008,Tashkent,UZB,2023-06-01,9.2982,12,44,10.26
UZB-ADM2-008,Tashkent,UZB,2023-07-01,8.6646,14,44,10.26
UZB-ADM2-008,Tashkent,UZB,2023-08-01,,0,44,10.26
UZB-ADM2-008,Tashkent,UZB,2023-09-01,8.8291,5,44,10.26
UZB-ADM2-008,Tashkent,UZB,2023-10-01,8.9735,11,44,10.26
UZB-ADM2-008,Tashkent,UZB,2023-11-01,8.993,21,44,10.26
UZB-ADM2-008,Tashkent,UZB,2023-12-01,9.6096,15,44,10.26
UZB-ADM2-008,Tashkent,UZB,2024-01-01,9.9783,16,44,10.26
UZB-ADM2-008,Tashkent,UZB,2024-02-01,9.4668,11,44,10.26
UZB-ADM2-008,Tashkent,UZB,2024-03-01,9.5881,15,44,10.26
UZB-ADM2-008,Tashkent,UZB,2024-04-01,9.5191,16,44,10.26
UZB-ADM2-008,Tashkent,UZB,2024-05-01,9.2178,13,44,10.26
UZB-ADM2-008,Tashkent,UZB,2024-06-01,9.544,7,44,10.26
UZB-ADM2-008,Tashkent,UZB,2024-07-01,8.9519,2,44,10.26
UZB-ADM2-008,Tashkent,UZB,2024-08-01,8.6213,8,44,10.26
UZB-ADM2-008,Tashkent,UZB,2024-09-01,9.5916,5,44,10.26
UZB-ADM2-008,Tashkent,UZB,2024-10-01,9.3682,13,44,10.26
UZB-ADM2-008,Tashkent,UZB,2024-11-01,9.2905,13,44,10.26
UZB-ADM2-008,Tashkent,UZB,2024-12-01,10.0778,12,44,10.26
UZB-ADM2-009,Tashkent,UZB,2019-01-01,6.8252,16,67,15.77
UZB-ADM2-009,Tashkent,UZB,2019-02-01,7.6452,11,67,15.77
UZB-ADM2-009,Tashkent,UZB,2019-03-01,8.2508,13,67,15.77
UZB-ADM2-009,Tashkent,UZB,2019-04-01,9.056,20,67,15.77
UZB-ADM2-009,Tashkent,UZB,2019-05-01,8.8748,18,67,15.77
UZB-ADM2-009,Tashkent,UZB,2019-06-01,8.2213,9,67,15.77
UZB-ADM2-009,Tashkent,UZB,2019-07-01,8.2066,3,67,15.77
UZB-ADM2-009,Tashkent,UZB,2019-08-01,,0,67,15.77
UZB-ADM2-009,Tashkent,UZB,2019-09-01,7.8018,6,67,15.77
UZB-ADM2-009,Tashkent,UZB,2019-10-01,7.9504,14,67,15.77
UZB-ADM2-009,Tashkent,UZB,2019-11-01,7.9601,14,67,15.77
UZB-ADM2-009,Tashkent,UZB,2019-12-01,8.16,14,67,15.77
UZB-ADM2-009,Tashkent,UZB,2020-01-01,8.6289,16,67,15.77
UZB-ADM2-009,Tashkent,UZB,2020-02-01,8.3407,15,67,15.77
UZB-ADM2-009,Tashkent,UZB,2020-03-01,8.7623,21,67,15.77
UZB-ADM2-009,Tashkent,UZB,2020-04-01,6.7621,12,67,15.77
UZB-ADM2-009,Tashkent,UZB,2020-05-01,6.8367,15,67,15.77
UZB-ADM2-009,Tashkent,UZB,2020-06-01,8.1787,11,67,15.77
UZB-ADM2-009,Tashkent,UZB,2020-07-01,,0,67,15.77
UZB-ADM2-009,Tashkent,UZB,2020-08-01,6.6813,6,67,15.77
UZB-ADM2-009,Tashkent,UZB,2020-09-01,8.5032,10,67,15.77
UZB-ADM2-009,Tashkent,UZB,2020-10-01,8.3141,8,67,15.77
UZB-ADM2-009,Tashkent,UZB,2020-11-01,7.4142,13,67,15.77
UZB-ADM2-009,Tashkent,UZB,2020-12-01,7.8284,14,67,15.77
UZB-ADM2-009,Tashkent,UZB,2021-01-01,7.8421,9,67,15.77
UZB-ADM2-009,Tashkent,UZB,2021-02-01,9.5,9,67,15.77
UZB-ADM2-009,Tashkent,UZB,2021-03-01,8.557,5,67,15.77
UZB-ADM2-009,Tashkent,UZB,2021-04-01,9.0337,9,67,15.77
UZB-ADM2-009,Tashkent,UZB,2021-05-01,9.0051,19,67,15.77
UZB-ADM2-009,Tashkent,UZB,2021-06-01,8.7601,1,67,15.77
UZB-ADM2-009,Tashkent,UZB,2021-07-01,8.9984,6,67,15.77
UZB-ADM2-009,Tashkent,UZB,2021-08-01,8.3547,10,67,15.77
UZB-ADM2-009,Tashkent,UZB,2021-09-01,7.8149,1,67,15.77
UZB-ADM2-009,Tashkent,UZB,2021-10-01,8.8273,11,67,15.77
UZB-ADM2-009,Tashkent,UZB,2021-11-01,8.601,12,67,15.77
UZB-ADM2-009,Tashkent,UZB,2021-12-01,8.9382,9,67,15.77
UZB-ADM2-009,Tashkent,UZB,2022-01-01,9.7306,16,67,15.77
UZB-ADM2-009,Tashkent,UZB,2022-02-01,8.7762,7,67,15.77
UZB-ADM2-009,Tashkent,UZB,2022-03-01,9.816,16,67,15.77
UZB-ADM2-009,Tashkent,UZB,2022-04-01,8.5128,10,67,15.77
UZB-ADM2-009,Tashkent,UZB,2022-05-01,8.9174,14,67,15.77
UZB-ADM2-009,Tashkent,UZB,2022-06-01,8.8259,5,67,15.77
UZB-ADM2-009,Tashkent,UZB,2022-07-01,9.4153,5,67,15.77
UZB-ADM2-009,Tashkent,UZB,2022-08-01,8.8103,4,67,15.77
UZB-ADM2-009,Tashkent,UZB,2022-09-01,,0,67,15.77
UZB-ADM2-009,Tashkent,UZB,2022-10-01,9.1384,19,67,15.77
UZB-ADM2-009,Tashkent,UZB,2022-11-01,7.585,7,67,15.77
UZB-ADM2-009,Tashkent,UZB,2022-12-01,9.4578,15,67,15.77
UZB-ADM2-009,Tashkent,UZB,2023-01-01,8.439,13,67,15.77
UZB-ADM2-009,Tashkent,UZB,2023-02-01,10.3965,16,67,15.77
UZB-ADM2-009,Tashkent,UZB,2023-03-01,9.0092,13,67,15.77
UZB-ADM2-009,Tashkent,UZB,2023-04-01,8.7331,14,67,15.77
UZB-ADM2-009,Tashkent,UZB,2023-05-01,8.8731,15,67,15.77
UZB-ADM2-009,Tashkent,UZB,2023-06-01,,0,67,15.77
UZB-ADM2-009,Tashkent,UZB,2023-07-01,7.7249,6,67,15.77
UZB-ADM2-009,Tashkent,UZB,2023-08-01,8.4771,5,67,15.77
UZB-ADM2-009,Tashkent,UZB,2023-09-01,8.669,11,67,15.77
UZB-ADM2-009,Tashkent,UZB,2023-10-01,8.3435,8,67,15.77
UZB-ADM2-009,Tashkent,UZB,2023-11-01,8.4119,17,67,15.77
UZB-ADM2-009,Tashkent,UZB,2023-12-01,8.01,12,67,15.77
UZB-ADM2-009,Tashkent,UZB,2024-01-01,8.9894,13,67,15.77
UZB-ADM2-009,Tashkent,UZB,2024-02-01,9.6148,21,67,15.77
UZB-ADM2-009,Tashkent,UZB,2024-03-01,8.5457,16,67,15.77
UZB-ADM2-009,Tashkent,UZB,2024-04-01,8.2477,9,67,15.77
UZB-ADM2-009,Tashkent,UZB,2024-05-01,9.772,12,67,15.77
UZB-ADM2-009,Tashkent,UZB,2024-06-01,8.5719,12,67,15.77
UZB-ADM2-009,Tashkent,UZB,2024-07-01,8.8175,5,67,15.77
UZB-ADM2-009,Tashkent,UZB,2024-08-01,9.7584,4,67,15.77
UZB-ADM2-009,Tashkent,UZB,2024-09-01,,0,67,15.77
UZB-ADM2-009,Tashkent,UZB,2024-10-01,8.5636,13,67,15.77
UZB-ADM2-009,Tashkent,UZB,2024-11-01,8.9562,13,67,15.77
UZB-ADM2-009,Tashkent,UZB,2024-12-01,9.367,12,67,15.77
UZB-ADM2-010,Tashkent,UZB,2019-01-01,11.2997,11,60,14.08
UZB-ADM2-010,Tashkent,UZB,2019-02-01,12.5646,13,60,14.08
UZB-ADM2-010,Tashkent,UZB,2019-03-01,13.2215,18,60,14.08
UZB-ADM2-010,Tashkent,UZB,2019-04-01,13.3639,14,60,14.08
UZB-ADM2-010,Tashkent,UZB,2019-05-01,12.368,19,60,14.08
UZB-ADM2-010,Tashkent,UZB,2019-06-01,11.9967,7,60,14.08
UZB-ADM2-010,Tashkent,UZB,2019-07-01,12.6919,7,60,14.08
UZB-ADM2-010,Tashkent,UZB,2019-08-01,11.7197,9,60,14.08
UZB-ADM2-010,Tashkent,UZB,2019-09-01,12.3659,3,60,14.08
UZB-ADM2-010,Tashkent,UZB,2019-10-01,13.1936,15,60,14.08
UZB-ADM2-010,Tashkent,UZB,2019-11-01,13.5397,14,60,14.08
UZB-ADM2-010,Tashkent,UZB,2019-12-01,11.8678,14,60,14.08
UZB-ADM2-010,Tashkent,UZB,2020-01-01,13.4424,13,60,14.08
UZB-ADM2-010,Tashkent,UZB,2020-02-01,13.3252,17,60,14.08
UZB-ADM2-010,Tashkent,UZB,2020-03-01,12.5578,18,60,14.08
UZB-ADM2-010,Tashkent,UZB,2020-04-01,10.2471,10,60,14.08
UZB-ADM2-010,Tashkent,UZB,2020-05-01,10.77,16,60,14.08
UZB-ADM2-010,Tashkent,UZB,2020-06-01,10.2429,5,60,14.08
UZB-ADM2-010,Tashkent,UZB,2020-07-01,10.6001,3,60,14.08
UZB-ADM2-010,Tashkent,UZB,2020-08-01,9.8592,10,60,14.08
UZB-ADM2-010,Tashkent,UZB,2020-09-01,12.7932,9,60,14.08
UZB-ADM2-010,Tashkent,UZB,2020-10-01,13.1375,6,60,14.08
UZB-ADM2-010,Tashkent,UZB,2020-11-01,12.6418,15,60,14.08
UZB-ADM2-010,Tashkent,UZB,2020-12-01,12.8184,10,60,14.08
UZB-ADM2-010,Tashkent,UZB,2021-01-01,13.1034,20,60,14.08
UZB-ADM2-010,Tashkent,UZB,2021-02-01,14.2067,22,60,14.08
UZB-ADM2-010,Tashkent,UZB,2021-03-01,13.3047,15,60,14.08
UZB-ADM2-010,Tashkent,UZB,2021-04-01,13.0123,16,60,14.08
UZB-ADM2-010,Tashkent,UZB,2021-05-01,13.4738,16,60,14.08
UZB-ADM2-010,Tashkent,UZB,2021-06-01,13.83,5,60,14.08
UZB-ADM2-010,Tashkent,UZB,2021-07-01,13.5612,11,60,14.08
UZB-ADM2-010,Tashkent,UZB,2021-08-01,13.0784,6,60,14.08
UZB-ADM2-010,Tashkent,UZB,2021-09-01,13.5891,7,60,14.08
UZB-ADM2-010,Tashkent,UZB,2021-10-01,12.1365,18,60,14.08
UZB-ADM2-010,Tashkent,UZB,2021-11-01,13.9943,6,60,14.08
UZB-ADM2-010,Tashkent,UZB,2021-12-01,14.3519,16,60,14.08
UZB-ADM2-010,Tashkent,UZB,2022-01-01,12.5384,13,60,14.08
UZB-ADM2-010,Tashkent,UZB,2022-02-01,14.3635,15,60,14.08
UZB-ADM2-010,Tashkent,UZB,2022-03-01,13.4002,8,60,14.08
UZB-ADM2-010,Tashkent,UZB,2022-04-01,16.6886,12,60,14.08
UZB-ADM2-010,Tashkent,UZB,2022-05-01,13.616,7,60,14.08
UZB-ADM2-010,Tashkent,UZB,2022-06-01,13.5197,4,60,14.08
UZB-ADM2-010,Tashkent,UZB,2022-07-01,15.5765,6,60,14.08
UZB-ADM2-010,Tashkent,UZB,2022-08-01,,0,60,14.08
UZB-ADM2-010,Tashkent,UZB,2022-09-01,13.3321,6,60,14.08
UZB-ADM2-010,Tashkent,UZB,2022-10-01,13.6251,15,60,14.08
UZB-ADM2-010,Tashkent,UZB,2022-11-01,13.6188,5,60,14.08
UZB-ADM2-010,Tashkent,UZB,2022-12-01,15.7375,21,60,14.08
UZB-ADM2-010,Tashkent,UZB,2023-01-01,12.2295,15,60,14.08
UZB-ADM2-010,Tashkent,UZB,2023-02-01,14.4267,12,60,14.08
UZB-ADM2-010,Tashkent,UZB,2023-03-01,15.4364,18,60,14.08
UZB-ADM2-010,Tashkent,UZB,2023-04-01,15.2731,19,60,14.08
UZB-ADM2-010,Tashkent,UZB,2023-05-01,14.4245,15,60,14.08
UZB-ADM2-010,Tashkent,UZB,2023-06-01,14.6364,5,60,14.08
UZB-ADM2-010,Tashkent,UZB,2023-07-01,,0,60,14.08
UZB-ADM2-010,Tashkent,UZB,2023-08-01,14.3267,9,60,14.08
UZB-ADM2-010,Tashkent,UZB,2023-09-01,14.5226,9,60,14.08
UZB-ADM2-010,Tashkent,UZB,2023-10-01,14.2059,25,60,14.08
UZB-ADM2-010,Tashkent,UZB,2023-11-01,14.3391,13,60,14.08
UZB-ADM2-010,Tashkent,UZB,2023-12-01,15.0872,14,60,14.08
UZB-ADM2-010,Tashkent,UZB,2024-01-01,14.9748,15,60,14.08
UZB-ADM2-010,Tashkent,UZB,2024-02-01,16.0596,10,60,14.08
UZB-ADM2-010,Tashkent,UZB,2024-03-01,14.4989,13,60,14.08
UZB-ADM2-010,Tashkent,UZB,2024-04-01,16.3769,21,60,14.08
UZB-ADM2-010,Tashkent,UZB,2024-05-01,15.6411,14,60,14.08
UZB-ADM2-010,Tashkent,UZB,2024-06-01,14.1485,7,60,14.08
UZB-ADM2-010,Tashkent,UZB,2024-07-01,14.934,10,60,14.08
UZB-ADM2-010,Tashkent,UZB,2024-08-01,14.1991,6,60,14.08
UZB-ADM2-010,Tashkent,UZB,2024-09-01,14.2228,8,60,14.08
UZB-ADM2-010,Tashkent,UZB,2024-10-01,16.6479,16,60,14.08
UZB-ADM2-010,Tashkent,UZB,2024-11-01,15.2447,22,60,14.08
UZB-ADM2-010,Tashkent,UZB,2024-12-01,15.127,14,60,14.08
UZB-ADM2-011,Tashkent,UZB,2019-01-01,11.4193,5,65,15.3
UZB-ADM2-011,Tashkent,UZB,2019-02-01,11.7933,11,65,15.3
UZB-ADM2-011,Tashkent,UZB,2019-03-01,13.1466,11,65,15.3
UZB-ADM2-011,Tashkent,UZB,2019-04-01,11.5442,27,65,15.3
UZB-ADM2-011,Tashkent,UZB,2019-05-01,12.3073,12,65,15.3
UZB-ADM2-011,Tashkent,UZB,2019-06-01,12.6894,9,65,15.3
UZB-ADM2-011,Tashkent,UZB,2019-07-01,11.5716,8,65,15.3
UZB-ADM2-011,Tashkent,UZB,2019-08-01,12.1386,4,65,15.3
UZB-ADM2-011,Tashkent,UZB,2019-09-01,11.7133,16,65,15.3
UZB-ADM2-011,Tashkent,UZB,2019-10-01,12.0874,16,65,15.3
UZB-ADM2-011,Tashkent,UZB,2019-11-01,11.7577,17,65,15.3
UZB-ADM2-011,Tashkent,UZB,2019-12-01,11.9272,13,65,15.3
UZB-ADM2-011,Tashkent,UZB,2020-01-01,12.5592,13,65,15.3
UZB-ADM2-011,Tashkent,UZB,2020-02-01,13.4854,11,65,15.3
UZB-ADM2-011,Tashkent,UZB,2020-03-01,12.7034,17,65,15.3
UZB-ADM2-011,Tashkent,UZB,2020-04-01,10.15,8,65,15.3
UZB-ADM2-011,Tashkent,UZB,2020-05-01,11.0535,12,65,15.3
UZB-ADM2-011,Tashkent,UZB,2020-06-01,9.292,7,65,15.3
UZB-ADM2-011,Tashkent,UZB,2020-07-01,10.1771,6,65,15.3
UZB-ADM2-011,Tashkent,UZB,2020-08-01,10.0363,11,65,15.3
UZB-ADM2-011,Tashkent,UZB,2020-09-01,12.8204,6,65,15.3
UZB-ADM2-011,Tashkent,UZB,2020-10-01,13.3921,16,65,15.3
UZB-ADM2-011,Tashkent,UZB,2020-11-01,12.6953,17,65,15.3
UZB-ADM2-011,Tashkent,UZB,2020-12-01,11.8856,11,65,15.3
UZB-ADM2-011,Tashkent,UZB,2021-01-01,11.2349,19,65,15.3
UZB-ADM2-011,Tashkent,UZB,2021-02-01,12.4635,17,65,15.3
UZB-ADM2-011,Tashkent,UZB,2021-03-01,12.547,15,65,15.3
UZB-ADM2-011,Tashkent,UZB,2021-04-01,13.369,12,65,15.3
UZB-ADM2-011,Tashkent,UZB,2021-05-01,14.0871,21,65,15.3
UZB-ADM2-011,Tashkent,UZB,2021-06-01,13.6102,8,65,15.3
UZB-ADM2-011,Tashkent,UZB,2021-07-01,,0,65,15.3
UZB-ADM2-011,Tashkent,UZB,2021-08-01,13.4788,1,65,15.3
UZB-ADM2-011,Tashkent,UZB,2021-09-01,11.6412,7,65,15.3
UZB-ADM2-011,Tashkent,UZB,2021-10-01,13.4604,12,65,15.3
UZB-ADM2-011,Tashkent,UZB,2021-11-01,13.1856,10,65,15.3
UZB-ADM2-011,Tashkent,UZB,2021-12-01,12.4288,13,65,15.3
UZB-ADM2-011,Tashkent,UZB,2022-01-01,12.6673,11,65,15.3
UZB-ADM2-011,Tashkent,UZB,2022-02-01,12.9269,21,65,15.3
UZB-ADM2-011,Tashkent,UZB,2022-03-01,12.8952,16,65,15.3
UZB-ADM2-011,Tashkent,UZB,2022-04-01,12.9213,11,65,15.3
UZB-ADM2-011,Tashkent,UZB,2022-05-01,12.6101,15,65,15.3
UZB-ADM2-011,Tashkent,UZB,2022-06-01,12.9217,1,65,15.3
UZB-ADM2-011,Tashkent,UZB,2022-07-01,12.6071,7,65,15.3
UZB-ADM2-011,Tashkent,UZB,2022-08-01,13.0035,11,65,15.3
UZB-ADM2-011,Tashkent,UZB,2022-09-01,13.9229,6,65,15.3
UZB-ADM2-011,Tashkent,UZB,2022-10-01,13.1647,19,65,15.3
UZB-ADM2-011,Tashkent,UZB,2022-11-01,11.8843,14,65,15.3
UZB-ADM2-011,Tashkent,UZB,2022-12-01,14.531,17,65,15.3
UZB-ADM2-011,Tashkent,UZB,2023-01-01,12.4456,21,65,15.3
UZB-ADM2-011,Tashkent,UZB,2023-02-01,14.7918,9,65,15.3
UZB-ADM2-011,Tashkent,UZB,2023-03-01,13.9793,15,65,15.3
UZB-ADM2-011,Tashkent,UZB,2023-04-01,14.9,18,65,15.3
UZB-ADM2-011,Tashkent,UZB,2023-05-01,14.6966,19,65,15.3
UZB-ADM2-011,Tashkent,UZB,2023-06-01,13.9882,6,65,15.3
UZB-ADM2-011,Tashkent,UZB,2023-07-01,14.6717,9,65,15.3
UZB-ADM2-011,Tashkent,UZB,2023-08-01,13.4558,11,65,15.3
UZB-ADM2-011,Tashkent,UZB,2023-09-01,14.1154,11,65,15.3
UZB-ADM2-011,Tashkent,UZB,2023-10-01,11.8613,11,65,15.3
UZB-ADM2-011,Tashkent,UZB,2023-11-01,13.2573,11,65,15.3
UZB-ADM2-011,Tashkent,UZB,2023-12-01,13.878,15,65,15.3
UZB-ADM2-011,Tashkent,UZB,2024-01-01,14.0731,17,65,15.3
UZB-ADM2-011,Tashkent,UZB,2024-02-01,15.8018,10,65,15.3
UZB-ADM2-011,Tashkent,UZB,2024-03-01,13.1838,15,65,15.3
UZB-ADM2-011,Tashkent,UZB,2024-04-01,14.2043,11,65,15.3
UZB-ADM2-011,Tashkent,UZB,2024-05-01,13.2797,20,65,15.3
UZB-ADM2-011,Tashkent,UZB,2024-06-01,14.4667,4,65,15.3
UZB-ADM2-011,Tashkent,UZB,2024-07-01,14.3674,1,65,15.3
UZB-ADM2-011,Tashkent,UZB,2024-08-01,14.9238,3,65,15.3
UZB-ADM2-011,Tashkent,UZB,2024-09-01,15.2015,2,65,15.3
UZB-ADM2-011,Tashkent,UZB,2024-10-01,12.4517,16,65,15.3
UZB-ADM2-011,Tashkent,UZB,2024-11-01,14.4305,17,65,15.3
UZB-ADM2-011,Tashkent,UZB,2024-12-01,14.3869,22,65,15.3
UZB-ADM2-012,Tashkent,UZB,2019-01-01,7.1237,14,53,12.33
UZB-ADM2-012,Tashkent,UZB,2019-02-01,8.0146,18,53,12.33
UZB-ADM2-012,Tashkent,UZB,2019-03-01,7.3095,21,53,12.33
UZB-ADM2-012,Tashkent,UZB,2019-04-01,7.4136,22,53,12.33
UZB-ADM2-012,Tashkent,UZB,2019-05-01,8.5283,12,53,12.33
UZB-ADM2-012,Tashkent,UZB,2019-06-01,,0,53,12.33
UZB-ADM2-012,Tashkent,UZB,2019-07-01,8.1466,3,53,12.33
UZB-ADM2-012,Tashkent,UZB,2019-08-01,8.1403,6,53,12.33
UZB-ADM2-012,Tashkent,UZB,2019-09-01,7.6677,2,53,12.33
UZB-ADM2-012,Tashkent,UZB,2019-10-01,8.0851,14,53,12.33
UZB-ADM2-012,Tashkent,UZB,2019-11-01,6.9935,17,53,12.33
UZB-ADM2-012,Tashkent,UZB,2019-12-01,8.3868,15,53,12.33
UZB-ADM2-012,Tashkent,UZB,2020-01-01,7.4966,6,53,12.33
UZB-ADM2-012,Tashkent,UZB,2020-02-01,9.0838,19,53,12.33
UZB-ADM2-012,Tashkent,UZB,2020-03-01,8.3275,10,53,12.33
UZB-ADM2-012,Tashkent,UZB,2020-04-01,7.0862,18,53,12.33
UZB-ADM2-012,Tashkent,UZB,2020-05-01,7.1599,14,53,12.33
UZB-ADM2-012,Tashkent,UZB,2020-06-01,7.3675,1,53,12.33
UZB-ADM2-012,Tashkent,UZB,2020-07-01,6.9823,2,53,12.33
UZB-ADM2-012,Tashkent,UZB,2020-08-01,7.5448,11,53,12.33
UZB-ADM2-012,Tashkent,UZB,2020-09-01,8.0211,3,53,12.33
UZB-ADM2-012,Tashkent,UZB,2020-10-01,7.951,12,53,12.33
UZB-ADM2-012,Tashkent,UZB,2020-11-01,8.4111,11,53,12.33
UZB-ADM2-012,Tashkent,UZB,2020-12-01,9.3385,18,53,12.33
UZB-ADM2-012,Tashkent,UZB,2021-01-01,8.9681,18,53,12.33
UZB-ADM2-012,Tashkent,UZB,2021-02-01,9.0089,11,53,12.33
UZB-ADM2-012,Tashkent,UZB,2021-03-01,10.0348,19,53,12.33
UZB-ADM2-012,Tashkent,UZB,2021-04-01,9.506,14,53,12.33
UZB-ADM2-012,Tashkent,UZB,2021-05-01,9.9259,18,53,12.33
UZB-ADM2-012,Tashkent,UZB,2021-06-01,8.8016,7,53,12.33
UZB-ADM2-012,Tashkent,UZB,2021-07-01,9.4145,5,53,12.33
UZB-ADM2-012,Tashkent,UZB,2021-08-01,10.2234,8,53,12.33
UZB-ADM2-012,Tashkent,UZB,2021-09-01,9.7323,9,53,12.33
UZB-ADM2-012,Tashkent,UZB,2021-10-01,8.3582,10,53,12.33
UZB-ADM2-012,Tashkent,UZB,2021-11-01,8.7417,17,53,12.33
UZB-ADM2-012,Tashkent,UZB,2021-12-01,10.1107,13,53,12.33
UZB-ADM2-012,Tashkent,UZB,2022-01-01,10.1004,22,53,12.33
UZB-ADM2-012,Tashkent,UZB,2022-02-01,10.66,17,53,12.33
UZB-ADM2-012,Tashkent,UZB,2022-03-01,10.7291,13,53,12.33
UZB-ADM2-012,Tashkent,UZB,2022-04-01,10.1152,7,53,12.33
UZB-ADM2-012,Tashkent,UZB,2022-05-01,9.4213,19,53,12.33
UZB-ADM2-012,Tashkent,UZB,2022-06-01,10.2484,11,53,12.33
UZB-ADM2-012,Tashkent,UZB,2022-07-01,10.8016,7,53,12.33
UZB-ADM2-012,Tashkent,UZB,2022-08-01,10.3941,4,53,12.33
UZB-ADM2-012,Tashkent,UZB,2022-09-01,10.4171,9,53,12.33
UZB-ADM2-012,Tashkent,UZB,2022-10-01,9.6866,18,53,12.33
UZB-ADM2-012,Tashkent,UZB,2022-11-01,9.6935,19,53,12.33
UZB-ADM2-012,Tashkent,UZB,2022-12-01,8.8133,14,53,12.33
UZB-ADM2-012,Tashkent,UZB,2023-01-01,10.3394,17,53,12.33
UZB-ADM2-012,Tashkent,UZB,2023-02-01,11.1622,15,53,12.33
UZB-ADM2-012,Tashkent,UZB,2023-03-01,10.5836,12,53,12.33
UZB-ADM2-012,Tashkent,UZB,2023-04-01,11.6777,15,53,12.33
UZB-ADM2-012,Tashkent,UZB,2023-05-01,10.6288,18,53,12.33
UZB-ADM2-012,Tashkent,UZB,2023-06-01,11.2345,3,53,12.33
UZB-ADM2-012,Tashkent,UZB,2023-07-01,11.1175,5,53,12.33
UZB-ADM2-012,Tashkent,UZB,2023-08-01,10.4407,8,53,12.33
UZB-ADM2-012,Tashkent,UZB,2023-09-01,10.8919,4,53,12.33
UZB-ADM2-012,Tashkent,UZB,2023-10-01,10.3334,11,53,12.33
UZB-ADM2-012,Tashkent,UZB,2023-11-01,10.3145,12,53,12.33
UZB-ADM2-012,Tashkent,UZB,2023-12-01,11.0051,10,53,12.33
UZB-ADM2-012,Tashkent,UZB,2024-01-01,10.5732,18,53,12.33
UZB-ADM2-012,Tashkent,UZB,2024-02-01,12.1561,18,53,12.33
UZB-ADM2-012,Tashkent,UZB,2024-03-01,11.9277,19,53,12.33
UZB-ADM2-012,Tashkent,UZB,2024-04-01,12.6036,14,53,12.33
UZB-ADM2-012,Tashkent,UZB,2024-05-01,11.0823,14,53,12.33
UZB-ADM2-012,Tashkent,UZB,2024-06-01,10.604,16,53,12.33
UZB-ADM2-012,Tashkent,UZB,2024-07-01,11.7478,10,53,12.33
UZB-ADM2-012,Tashkent,UZB,2024-08-01,11.5157,5,53,12.33
UZB-ADM2-012,Tashkent,UZB,2024-09-01,12.986,7,53,12.33
UZB-ADM2-012,Tashkent,UZB,2024-10-01,11.0065,8,53,12.33
UZB-ADM2-012,Tashkent,UZB,2024-11-01,11.3427,17,53,12.33
UZB-ADM2-012,Tashkent,UZB,2024-12-01,11.2978,11,53,12.33
VNM-ADM2-001,Hanoi,VNM,2019-01-01,23.3242,14,37,8.62
VNM-ADM2-001,Hanoi,VNM,2019-02-01,21.3256,16,37,8.62
VNM-ADM2-001,Hanoi,VNM,2019-03-01,23.8027,12,37,8.62
VNM-ADM2-001,Hanoi,VNM,2019-04-01,25.4534,15,37,8.62
VNM-ADM2-001,Hanoi,VNM,2019-05-01,23.08,15,37,8.62
VNM-ADM2-001,Hanoi,VNM,2019-06-01,23.2953,7,37,8.62
VNM-ADM2-001,Hanoi,VNM,2019-07-01,21.6455,8,37,8.62
VNM-ADM2-001,Hanoi,VNM,2019-08-01,,0,37,8.62
VNM-ADM2-001,Hanoi,VNM,2019-09-01,24.1758,5,37,8.62
VNM-ADM2-001,Hanoi,VNM,2019-10-01,22.8674,19,37,8.62
VNM-ADM2-001,Hanoi,VNM,2019-11-01,24.5433,10,37,8.62
VNM-ADM2-001,Hanoi,VNM,2019-12-01,23.5488,19,37,8.62
VNM-ADM2-001,Hanoi,VNM,2020-01-01,26.4441,14,37,8.62
VNM-ADM2-001,Hanoi,VNM,2020-02-01,24.3554,9,37,8.62
VNM-ADM2-001,Hanoi,VNM,2020-03-01,22.3655,15,37,8.62
VNM-ADM2-001,Hanoi,VNM,2020-04-01,21.5213,23,37,8.62
VNM-ADM2-001,Hanoi,VNM,2020-05-01,19.082,14,37,8.62
VNM-ADM2-001,Hanoi,VNM,2020-06-01,20.5334,10,37,8.62
VNM-ADM2-001,Hanoi,VNM,2020-07-01,,0,37,8.62
VNM-ADM2-001,Hanoi,VNM,2020-08-01,18.549,11,37,8.62
VNM-ADM2-001,Hanoi,VNM,2020-09-01,24.2688,8,37,8.62
VNM-ADM2-001,Hanoi,VNM,2020-10-01,22.9008,13,37,8.62
VNM-ADM2-001,Hanoi,VNM,2020-11-01,21.9925,14,37,8.62
VNM-ADM2-001,Hanoi,VNM,2020-12-01,22.3296,14,37,8.62
VNM-ADM2-001,Hanoi,VNM,2021-01-01,22.8771,11,37,8.62
VNM-ADM2-001,Hanoi,VNM,2021-02-01,24.7386,12,37,8.62
VNM-ADM2-001,Hanoi,VNM,2021-03-01,21.7733,8,37,8.62
VNM-ADM2-001,Hanoi,VNM,2021-04-01,26.056,15,37,8.62
VNM-ADM2-001,Hanoi,VNM,2021-05-01,23.4373,15,37,8.62
VNM-ADM2-001,Hanoi,VNM,2021-06-01,25.6818,3,37,8.62
VNM-ADM2-001,Hanoi,VNM,2021-07-01,21.1813,3,37,8.62
VNM-ADM2-001,Hanoi,VNM,2021-08-01,22.6134,8,37,8.62
VNM-ADM2-001,Hanoi,VNM,2021-09-01,21.5805,4,37,8.62
VNM-ADM2-001,Hanoi,VNM,2021-10-01,22.5613,13,37,8.62
VNM-ADM2-001,Hanoi,VNM,2021-11-01,24.4192,21,37,8.62
VNM-ADM2-001,Hanoi,VNM,2021-12-01,22.9202,16,37,8.62
VNM-ADM2-001,Hanoi,VNM,2022-01-01,22.5755,14,37,8.62
VNM-ADM2-001,Hanoi,VNM,2022-02-01,25.7742,20,37,8.62
VNM-ADM2-001,Hanoi,VNM,2022-03-01,24.7516,19,37,8.62
VNM-ADM2-001,Hanoi,VNM,2022-04-01,27.1597,13,37,8.62
VNM-ADM2-001,Hanoi,VNM,2022-05-01,25.5976,12,37,8.62
VNM-ADM2-001,Hanoi,VNM,2022-06-01,23.668,1,37,8.62
VNM-ADM2-001,Hanoi,VNM,2022-07-01,23.3094,18,37,8.62
VNM-ADM2-001,Hanoi,VNM,2022-08-01,23.2362,1,37,8.62
VNM-ADM2-001,Hanoi,VNM,2022-09-01,22.6065,3,37,8.62
VNM-ADM2-001,Hanoi,VNM,2022-10-01,22.1168,16,37,8.62
VNM-ADM2-001,Hanoi,VNM,2022-11-01,24.5896,16,37,8.62
VNM-ADM2-001,Hanoi,VNM,2022-12-01,26.7207,14,37,8.62
VNM-ADM2-001,Hanoi,VNM,2023-01-01,25.3409,14,37,8.62
VNM-ADM2-001,Hanoi,VNM,2023-02-01,25.4358,22,37,8.62
VNM-ADM2-001,Hanoi,VNM,2023-03-01,24.1284,16,37,8.62
VNM-ADM2-001,Hanoi,VNM,2023-04-01,23.7257,17,37,8.62
VNM-ADM2-001,Hanoi,VNM,2023-05-01,26.0956,9,37,8.62
VNM-ADM2-001,Hanoi,VNM,2023-06-01,23.5218,15,37,8.62
VNM-ADM2-001,Hanoi,VNM,2023-07-01,23.1944,7,37,8.62
VNM-ADM2-001,Hanoi,VNM,2023-08-01,23.4163,9,37,8.62
VNM-ADM2-001,Hanoi,VNM,2023-09-01,,0,37,8.62
VNM-ADM2-001,Hanoi,VNM,2023-10-01,25.4231,13,37,8.62
VNM-ADM2-001,Hanoi,VNM,2023-11-01,22.4817,10,37,8.62
VNM-ADM2-001,Hanoi,VNM,2023-12-01,24.3411,15,37,8.62
VNM-ADM2-001,Hanoi,VNM,2024-01-01,25.0908,13,37,8.62
VNM-ADM2-001,Hanoi,VNM,2024-02-01,26.5494,15,37,8.62
VNM-ADM2-001,Hanoi,VNM,2024-03-01,26.5124,22,37,8.62
VNM-ADM2-001,Hanoi,VNM,2024-04-01,24.1379,11,37,8.62
VNM-ADM2-001,Hanoi,VNM,2024-05-01,26.1908,14,37,8.62
VNM-ADM2-001,Hanoi,VNM,2024-06-01,25.4472,2,37,8.62
VNM-ADM2-001,Hanoi,VNM,2024-07-01,23.2278,12,37,8.62
VNM-ADM2-001,Hanoi,VNM,2024-08-01,26.3713,4,37,8.62
VNM-ADM2-001,Hanoi,VNM,2024-09-01,23.2531,3,37,8.62
VNM-ADM2-001,Hanoi,VNM,2024-10-01,24.0019,10,37,8.62
VNM-ADM2-001,Hanoi,VNM,2024-11-01,22.6485,19,37,8.62
VNM-ADM2-001,Hanoi,VNM,2024-12-01,25.801,15,37,8.62
VNM-ADM2-002,Hanoi,VNM,2019-01-01,20.3563,14,43,10.18
VNM-ADM2-002,Hanoi,VNM,2019-02-01,21.0288,17,43,10.18
VNM-ADM2-002,Hanoi,VNM,2019-03-01,20.0796,7,43,10.18
VNM-ADM2-002,Hanoi,VNM,2019-04-01,22.5767,11,43,10.18
VNM-ADM2-002,Hanoi,VNM,2019-05-01,19.3725,8,43,10.18
VNM-ADM2-002,Hanoi,VNM,2019-06-01,21.8933,4,43,10.18
VNM-ADM2-002,Hanoi,VNM,2019-07-01,21.7889,2,43,10.18
VNM-ADM2-002,Hanoi,VNM,2019-08-01,21.0618,6,43,10.18
VNM-ADM2-002,Hanoi,VNM,2019-09-01,19.2623,9,43,10.18
VNM-ADM2-002,Hanoi,VNM,2019-10-01,20.6868,14,43,10.18
VNM-ADM2-002,Hanoi,VNM,2019-11-01,20.5901,11,43,10.18
VNM-ADM2-002,Hanoi,VNM,2019-12-01,20.3112,8,43,10.18
VNM-ADM2-002,Hanoi,VNM,2020-01-01,21.057,12,43,10.18
VNM-ADM2-002,Hanoi,VNM,2020-02-01,21.4151,8,43,10.18
VNM-ADM2-002,Hanoi,VNM,2020-03-01,20.9435,11,43,10.18
VNM-ADM2-002,Hanoi,VNM,2020-04-01,17.0051,14,43,10.18
VNM-ADM2-002,Hanoi,VNM,2020-05-01,16.36,11,43,10.18
VNM-ADM2-002,Hanoi,VNM,2020-06-01,16.5122,5,43,10.18
VNM-ADM2-002,Hanoi,VNM,2020-07-01,17.8761,8,43,10.18
VNM-ADM2-002,Hanoi,VNM,2020-08-01,16.6822,6,43,10.18
VNM-ADM2-002,Hanoi,VNM,2020-09-01,20.3344,6,43,10.18
VNM-ADM2-002,Hanoi,VNM,2020-10-01,19.8782,17,43,10.18
VNM-ADM2-002,Hanoi,VNM,2020-11-01,20.6626,10,43,10.18
VNM-ADM2-002,Hanoi,VNM,2020-12-01,20.7462,19,43,10.18
VNM-ADM2-002,Hanoi,VNM,2021-01-01,20.8584,16,43,10.18
VNM-ADM2-002,Hanoi,VNM,2021-02-01,22.1765,11,43,10.18
VNM-ADM2-002,Hanoi,VNM,2021-03-01,23.9848,12,43,10.18
VNM-ADM2-002,Hanoi,VNM,2021-04-01,23.1002,12,43,10.18
VNM-ADM2-002,Hanoi,VNM,2021-05-01,22.6587,16,43,10.18
VNM-ADM2-002,Hanoi,VNM,2021-06-01,25.3304,5,43,10.18
VNM-ADM2-002,Hanoi,VNM,2021-07-01,,0,43,10.18
VNM-ADM2-002,Hanoi,VNM,2021-08-01,21.3081,6,43,10.18
VNM-ADM2-002,Hanoi,VNM,2021-09-01,23.7683,3,43,10.18
VNM-ADM2-002,Hanoi,VNM,2021-10-01,22.9467,14,43,10.18
VNM-ADM2-002,Hanoi,VNM,2021-11-01,22.8602,18,43,10.18
VNM-ADM2-002,Hanoi,VNM,2021-12-01,22.8032,15,43,10.18
VNM-ADM2-002,Hanoi,VNM,2022-01-01,23.6615,15,43,10.18
VNM-ADM2-002,Hanoi,VNM,2022-02-01,24.979,12,43,10.18
VNM-ADM2-002,Hanoi,VNM,2022-03-01,22.1756,16,43,10.18
VNM-ADM2-002,Hanoi,VNM,2022-04-01,22.3536,13,43,10.18
VNM-ADM2-002,Hanoi,VNM,2022-05-01,21.0673,13,43,10.18
VNM-ADM2-002,Hanoi,VNM,2022-06-01,22.9972,6,43,10.18
VNM-ADM2-002,Hanoi,VNM,2022-07-01,22.9434,3,43,10.18
VNM-ADM2-002,Hanoi,VNM,2022-08-01,24.1474,3,43,10.18
VNM-ADM2-002,Hanoi,VNM,2022-09-01,21.4153,3,43,10.18
VNM-ADM2-002,Hanoi,VNM,2022-10-01,25.394,15,43,10.18
VNM-ADM2-002,Hanoi,VNM,2022-11-01,21.1831,13,43,10.18
VNM-ADM2-002,Hanoi,VNM,2022-12-01,22.6947,11,43,10.18
VNM-ADM2-002,Hanoi,VNM,2023-01-01,22.0116,14,43,10.18
VNM-ADM2-002,Hanoi,VNM,2023-02-01,24.2619,7,43,10.18
VNM-ADM2-002,Hanoi,VNM,2023-03-01,24.4949,18,43,10.18
VNM-ADM2-002,Hanoi,VNM,2023-04-01,24.3891,23,43,10.18
VNM-ADM2-002,Hanoi,VNM,2023-05-01,25.7329,14,43,10.18
VNM-ADM2-002,Hanoi,VNM,2023-06-01,25.1395,11,43,10.18
VNM-ADM2-002,Hanoi,VNM,2023-07-01,22.6042,6,43,10.18
VNM-ADM2-002,Hanoi,VNM,2023-08-01,25.7369,3,43,10.18
VNM-ADM2-002,Hanoi,VNM,2023-09-01,,0,43,10.18
VNM-ADM2-002,Hanoi,VNM,2023-10-01,21.121,17,43,10.18
VNM-ADM2-002,Hanoi,VNM,2023-11-01,22.8034,13,43,10.18
VNM-ADM2-002,Hanoi,VNM,2023-12-01,24.6068,11,43,10.18
VNM-ADM2-002,Hanoi,VNM,2024-01-01,24.2176,12,43,10.18
VNM-ADM2-002,Hanoi,VNM,2024-02-01,22.9302,14,43,10.18
VNM-ADM2-002,Hanoi,VNM,2024-03-01,25.3732,12,43,10.18
VNM-ADM2-002,Hanoi,VNM,2024-04-01,26.3602,14,43,10.18
VNM-ADM2-002,Hanoi,VNM,2024-05-01,23.0822,13,43,10.18
VNM-ADM2-002,Hanoi,VNM,2024-06-01,27.1171,5,43,10.18
VNM-ADM2-002,Hanoi,VNM,2024-07-01,26.5452,9,43,10.18
VNM-ADM2-002,Hanoi,VNM,2024-08-01,23.7205,7,43,10.18
VNM-ADM2-002,Hanoi,VNM,2024-09-01,23.2762,5,43,10.18
VNM-ADM2-002,Hanoi,VNM,2024-10-01,23.5754,12,43,10.18
VNM-ADM2-002,Hanoi,VNM,2024-11-01,23.5383,15,43,10.18
VNM-ADM2-002,Hanoi,VNM,2024-12-01,27.4217,13,43,10.18
VNM-ADM2-003,Hanoi,VNM,2019-01-01,6.2181,14,87,20.42
VNM-ADM2-003,Hanoi,VNM,2019-02-01,6.4009,14,87,20.42
VNM-ADM2-003,Hanoi,VNM,2019-03-01,5.6159,15,87,20.42
VNM-ADM2-003,Hanoi,VNM,2019-04-01,6.5242,9,87,20.42
VNM-ADM2-003,Hanoi,VNM,2019-05-01,6.2288,10,87,20.42
VNM-ADM2-003,Hanoi,VNM,2019-06-01,6.0689,7,87,20.42
VNM-ADM2-003,Hanoi,VNM,2019-07-01,6.3906,13,87,20.42
VNM-ADM2-003,Hanoi,VNM,2019-08-01,6.0128,12,87,20.42
VNM-ADM2-003,Hanoi,VNM,2019-09-01,5.7525,2,87,20.42
VNM-ADM2-003,Hanoi,VNM,2019-10-01,6.3827,13,87,20.42
VNM-ADM2-003,Hanoi,VNM,2019-11-01,5.879,16,87,20.42
VNM-ADM2-003,Hanoi,VNM,2019-12-01,6.2976,18,87,20.42
VNM-ADM2-003,Hanoi,VNM,2020-01-01,6.6149,13,87,20.42
VNM-ADM2-003,Hanoi,VNM,2020-02-01,5.8542,8,87,20.42
VNM-ADM2-003,Hanoi,VNM,2020-03-01,6.2511,13,87,20.42
VNM-ADM2-003,Hanoi,VNM,2020-04-01,5.1323,14,87,20.42
VNM-ADM2-003,Hanoi,VNM,2020-05-01,5.3789,19,87,20.42
VNM-ADM2-003,Hanoi,VNM,2020-06-01,5.7424,7,87,20.42
VNM-ADM2-003,Hanoi,VNM,2020-07-01,5.0493,6,87,20.42
VNM-ADM2-003,Hanoi,VNM,2020-08-01,5.0373,5,87,20.42
VNM-ADM2-003,Hanoi,VNM,2020-09-01,6.0824,1,87,20.42
VNM-ADM2-003,Hanoi,VNM,2020-10-01,6.0346,11,87,20.42
VNM-ADM2-003,Hanoi,VNM,2020-11-01,6.1036,15,87,20.42
VNM-ADM2-003,Hanoi,VNM,2020-12-01,7.864,18,87,20.42
VNM-ADM2-003,Hanoi,VNM,2021-01-01,6.3919,16,87,20.42
VNM-ADM2-003,Hanoi,VNM,2021-02-01,7.1712,15,87,20.42
VNM-ADM2-003,Hanoi,VNM,2021-03-01,7.2552,15,87,20.42
VNM-ADM2-003,Hanoi,VNM,2021-04-01,7.3971,17,87,20.42
VNM-ADM2-003,Hanoi,VNM,2021-05-01,6.7114,19,87,20.42
VNM-ADM2-003,Hanoi,VNM,2021-06-01,7.1061,10,87,20.42
VNM-ADM2-003,Hanoi,VNM,2021-07-01,6.6818,6,87,20.42
VNM-ADM2-003,Hanoi,VNM,2021-08-01,6.8403,7,87,20.42
VNM-ADM2-003,Hanoi,VNM,2021-09-01,7.0021,4,87,20.42
VNM-ADM2-003,Hanoi,VNM,2021-10-01,6.6329,15,87,20.42
VNM-ADM2-003,Hanoi,VNM,2021-11-01,5.8618,10,87,20.42
VNM-ADM2-003,Hanoi,VNM,2021-12-01,6.3703,17,87,20.42
VNM-ADM2-003,Hanoi,VNM,2022-01-01,7.3505,17,87,20.42
VNM-ADM2-003,Hanoi,VNM,2022-02-01,6.8193,16,87,20.42
VNM-ADM2-003,Hanoi,VNM,2022-03-01,6.9431,11,87,20.42
VNM-ADM2-003,Hanoi,VNM,2022-04-01,7.7573,12,87,20.42
VNM-ADM2-003,Hanoi,VNM,2022-05-01,7.2065,12,87,20.42
VNM-ADM2-003,Hanoi,VNM,2022-06-01,7.4627,4,87,20.42
VNM-ADM2-003,Hanoi,VNM,2022-07-01,7.1947,4,87,20.42
VNM-ADM2-003,Hanoi,VNM,2022-08-01,6.5877,3,87,20.42
VNM-ADM2-003,Hanoi,VNM,2022-09-01,6.9147,3,87,20.42
VNM-ADM2-003,Hanoi,VNM,2022-10-01,6.2935,17,87,20.42
VNM-ADM2-003,Hanoi,VNM,2022-11-01,7.5231,9,87,20.42
VNM-ADM2-003,Hanoi,VNM,2022-12-01,7.5741,22,87,20.42
VNM-ADM2-003,Hanoi,VNM,2023-01-01,7.1367,13,87,20.42
VNM-ADM2-003,Hanoi,VNM,2023-02-01,6.9557,11,87,20.42
VNM-ADM2-003,Hanoi,VNM,2023-03-01,8.0131,18,87,20.42
VNM-ADM2-003,Hanoi,VNM,2023-04-01,6.582,18,87,20.42
VNM-ADM2-003,Hanoi,VNM,2023-05-01,7.8772,9,87,20.42
VNM-ADM2-003,Hanoi,VNM,2023-06-01,7.3454,2,87,20.42
VNM-ADM2-003,Hanoi,VNM,2023-07-01,7.5502,3,87,20.42
VNM-ADM2-003,Hanoi,VNM,2023-08-01,6.8992,5,87,20.42
VNM-ADM2-003,Hanoi,VNM,2023-09-01,7.2301,4,87,20.42
VNM-ADM2-003,Hanoi,VNM,2023-10-01,7.5193,12,87,20.42
VNM-ADM2-003,Hanoi,VNM,2023-11-01,7.2823,18,87,20.42
VNM-ADM2-003,Hanoi,VNM,2023-12-01,7.0523,5,87,20.42
VNM-ADM2-003,Hanoi,VNM,2024-01-01,8.1128,16,87,20.42
VNM-ADM2-003,Hanoi,VNM,2024-02-01,7.392,10,87,20.42
VNM-ADM2-003,Hanoi,VNM,2024-03-01,8.9813,9,87,20.42
VNM-ADM2-003,Hanoi,VNM,2024-04-01,8.5149,13,87,20.42
VNM-ADM2-003,Hanoi,VNM,2024-05-01,7.8546,11,87,20.42
VNM-ADM2-003,Hanoi,VNM,2024-06-01,7.3756,11,87,20.42
VNM-ADM2-003,Hanoi,VNM,2024-07-01,7.1046,12,87,20.42
VNM-ADM2-003,Hanoi,VNM,2024-08-01,7.9279,5,87,20.42
VNM-ADM2-003,Hanoi,VNM,2024-09-01,8.3095,10,87,20.42
VNM-ADM2-003,Hanoi,VNM,2024-10-01,7.7892,13,87,20.42
VNM-ADM2-003,Hanoi,VNM,2024-11-01,6.971,20,87,20.42
VNM-ADM2-003,Hanoi,VNM,2024-12-01,8.0332,22,87,20.42
VNM-ADM2-004,Hanoi,VNM,2019-01-01,6.9608,10,142,33.25
VNM-ADM2-004,Hanoi,VNM,2019-02-01,7.2765,10,142,33.25
VNM-ADM2-004,Hanoi,VNM,2019-03-01,8.2016,17,142,33.25
VNM-ADM2-004,Hanoi,VNM,2019-04-01,7.4622,19,142,33.25
VNM-ADM2-004,Hanoi,VNM,2019-05-01,7.8759,12,142,33.25
VNM-ADM2-004,Hanoi,VNM,2019-06-01,,0,142,33.25
VNM-ADM2-004,Hanoi,VNM,2019-07-01,7.3536,1,142,33.25
VNM-ADM2-004,Hanoi,VNM,2019-08-01,6.9776,5,142,33.25
VNM-ADM2-004,Hanoi,VNM,2019-09-01,7.9902,1,142,33.25
VNM-ADM2-004,Hanoi,VNM,2019-10-01,6.5171,12,142,33.25
VNM-ADM2-004,Hanoi,VNM,2019-11-01,8.1383,11,142,33.25
VNM-ADM2-004,Hanoi,VNM,2019-12-01,7.3141,6,142,33.25
VNM-ADM2-004,Hanoi,VNM,2020-01-01,7.9831,8,142,33.25
VNM-ADM2-004,Hanoi,VNM,2020-02-01,7.8654,17,142,33.25
VNM-ADM2-004,Hanoi,VNM,2020-03-01,8.7555,9,142,33.25
VNM-ADM2-004,Hanoi,VNM,2020-04-01,6.5471,12,142,33.25
VNM-ADM2-004,Hanoi,VNM,2020-05-01,6.5114,13,142,33.25
VNM-ADM2-004,Hanoi,VNM,2020-06-01,6.346,1,142,33.25
VNM-ADM2-004,Hanoi,VNM,2020-07-01,5.3038,7,142,33.25
VNM-ADM2-004,Hanoi,VNM,2020-08-01,5.8183,4,142,33.25
VNM-ADM2-004,Hanoi,VNM,2020-09-01,7.3814,8,142,33.25
VNM-ADM2-004,Hanoi,VNM,2020-10-01,8.1246,19,142,33.25
VNM-ADM2-004,Hanoi,VNM,2020-11-01,8.2072,12,142,33.25
VNM-ADM2-004,Hanoi,VNM,2020-12-01,8.0859,11,142,33.25
VNM-ADM2-004,Hanoi,VNM,2021-01-01,7.7487,12,142,33.25
VNM-ADM2-004,Hanoi,VNM,2021-02-01,7.4746,16,142,33.25
VNM-ADM2-004,Hanoi,VNM,2021-03-01,7.7303,9,142,33.25
VNM-ADM2-004,Hanoi,VNM,2021-04-01,8.656,20,142,33.25
VNM-ADM2-004,Hanoi,VNM,2021-05-01,8.2363,22,142,33.25
VNM-ADM2-004,Hanoi,VNM,2021-06-01,8.1085,6,142,33.25
VNM-ADM2-004,Hanoi,VNM,2021-07-01,8.3907,11,142,33.25
VNM-ADM2-004,Hanoi,VNM,2021-08-01,8.7318,12,142,33.25
VNM-ADM2-004,Hanoi,VNM,2021-09-01,7.9328,11,142,33.25
VNM-ADM2-004,Hanoi,VNM,2021-10-01,7.6496,12,142,33.25
VNM-ADM2-004,Hanoi,VNM,2021-11-01,8.3172,15,142,33.25
VNM-ADM2-004,Hanoi,VNM,2021-12-01,8.1158,14,142,33.25
VNM-ADM2-004,Hanoi,VNM,2022-01-01,8.6869,15,142,33.25
VNM-ADM2-004,Hanoi,VNM,2022-02-01,8.1732,13,142,33.25
VNM-ADM2-004,Hanoi,VNM,2022-03-01,9.0406,19,142,33.25
VNM-ADM2-004,Hanoi,VNM,2022-04-01,8.4953,20,142,33.25
VNM-ADM2-004,Hanoi,VNM,2022-05-01,9.8737,9,142,33.25
VNM-ADM2-004,Hanoi,VNM,2022-06-01,8.3246,7,142,33.25
VNM-ADM2-004,Hanoi,VNM,2022-07-01,8.3381,7,142,33.25
VNM-ADM2-004,Hanoi,VNM,2022-08-01,8.0451,5,142,33.25
VNM-ADM2-004,Hanoi,VNM,2022-09-01,8.9296,9,142,33.25
VNM-ADM2-004,Hanoi,VNM,2022-10-01,8.6289,18,142,33.25
VNM-ADM2-004,Hanoi,VNM,2022-11-01,8.6478,15,142,33.25
VNM-ADM2-004,Hanoi,VNM,2022-12-01,8.4328,15,142,33.25
VNM-ADM2-004,Hanoi,VNM,2023-01-01,8.7556,13,142,33.25
VNM-ADM2-004,Hanoi,VNM,2023-02-01,9.2322,7,142,33.25
VNM-ADM2-004,Hanoi,VNM,2023-03-01,8.3241,10,142,33.25
VNM-ADM2-004,Hanoi,VNM,2023-04-01,9.5196,9,142,33.25
VNM-ADM2-004,Hanoi,VNM,2023-05-01,9.7014,19,142,33.25
VNM-ADM2-004,Hanoi,VNM,2023-06-01,9.1595,8,142,33.25
VNM-ADM2-004,Hanoi,VNM,2023-07-01,9.1222,3,142,33.25
VNM-ADM2-004,Hanoi,VNM,2023-08-01,8.8285,11,142,33.25
VNM-ADM2-004,Hanoi,VNM,2023-09-01,9.4557,6,142,33.25
VNM-ADM2-004,Hanoi,VNM,2023-10-01,9.2656,7,142,33.25
VNM-ADM2-004,Hanoi,VNM,2023-11-01,8.53,6,142,33.25
VNM-ADM2-004,Hanoi,VNM,2023-12-01,9.1149,12,142,33.25
VNM-ADM2-004,Hanoi,VNM,2024-01-01,9.7717,12,142,33.25
VNM-ADM2-004,Hanoi,VNM,2024-02-01,9.6639,12,142,33.25
VNM-ADM2-004,Hanoi,VNM,2024-03-01,9.9597,11,142,33.25
VNM-ADM2-004,Hanoi,VNM,2024-04-01,9.8182,13,142,33.25
VNM-ADM2-004,Hanoi,VNM,2024-05-01,9.9017,15,142,33.25
VNM-ADM2-004,Hanoi,VNM,2024-06-01,9.8856,8,142,33.25
VNM-ADM2-004,Hanoi,VNM,2024-07-01,10.0201,8,142,33.25
VNM-ADM2-004,Hanoi,VNM,2024-08-01,9.2058,7,142,33.25
VNM-ADM2-004,Hanoi,VNM,2024-09-01,9.0932,3,142,33.25
VNM-ADM2-004,Hanoi,VNM,2024-10-01,10.0482,11,142,33.25
VNM-ADM2-004,Hanoi,VNM,2024-11-01,9.297,9,142,33.25
VNM-ADM2-004,Hanoi,VNM,2024-12-01,10.3123,16,142,33.25
VNM-ADM2-005,Hanoi,VNM,2019-01-01,6.0085,16,88,20.61
VNM-ADM2-005,Hanoi,VNM,2019-02-01,5.6906,13,88,20.61
VNM-ADM2-005,Hanoi,VNM,2019-03-01,6.6286,17,88,20.61
VNM-ADM2-005,Hanoi,VNM,2019-04-01,6.9997,16,88,20.61
VNM-ADM2-005,Hanoi,VNM,2019-05-01,5.977,17,88,20.61
VNM-ADM2-005,Hanoi,VNM,2019-06-01,7.1084,3,88,20.61
VNM-ADM2-005,Hanoi,VNM,2019-07-01,6.3252,8,88,20.61
VNM-ADM2-005,Hanoi,VNM,2019-08-01,6.6704,9,88,20.61
VNM-ADM2-005,Hanoi,VNM,2019-09-01,5.6514,5,88,20.61
VNM-ADM2-005,Hanoi,VNM,2019-10-01,6.388,18,88,20.61
VNM-ADM2-005,Hanoi,VNM,2019-11-01,6.1532,14,88,20.61
VNM-ADM2-005,Hanoi,VNM,2019-12-01,6.2493,16,88,20.61
VNM-ADM2-005,Hanoi,VNM,2020-01-01,6.7395,13,88,20.61
VNM-ADM2-005,Hanoi,VNM,2020-02-01,6.5606,21,88,20.61
VNM-ADM2-005,Hanoi,VNM,2020-03-01,6.1297,12,88,20.61
VNM-ADM2-005,Hanoi,VNM,2020-04-01,5.3258,20,88,20.61
VNM-ADM2-005,Hanoi,VNM,2020-05-01,5.4179,22,88,20.61
VNM-ADM2-005,Hanoi,VNM,2020-06-01,5.3016,11,88,20.61
VNM-ADM2-005,Hanoi,VNM,2020-07-01,5.3624,7,88,20.61
VNM-ADM2-005,Hanoi,VNM,2020-08-01,5.2178,7,88,20.61
VNM-ADM2-005,Hanoi,VNM,2020-09-01,6.1285,2,88,20.61
VNM-ADM2-005,Hanoi,VNM,2020-10-01,6.0594,17,88,20.61
VNM-ADM2-005,Hanoi,VNM,2020-11-01,6.2893,18,88,20.61
VNM-ADM2-005,Hanoi,VNM,2020-12-01,5.8508,7,88,20.61
VNM-ADM2-005,Hanoi,VNM,2021-01-01,6.874,12,88,20.61
VNM-ADM2-005,Hanoi,VNM,2021-02-01,7.6422,13,88,20.61
VNM-ADM2-005,Hanoi,VNM,2021-03-01,7.2767,17,88,20.61
VNM-ADM2-005,Hanoi,VNM,2021-04-01,6.5922,15,88,20.61
VNM-ADM2-005,Hanoi,VNM,2021-05-01,7.0751,6,88,20.61
VNM-ADM2-005,Hanoi,VNM,2021-06-01,6.2799,4,88,20.61
VNM-ADM2-005,Hanoi,VNM,2021-07-01,6.5154,4,88,20.61
VNM-ADM2-005,Hanoi,VNM,2021-08-01,6.7194,10,88,20.61
VNM-ADM2-005,Hanoi,VNM,2021-09-01,6.5847,3,88,20.61
VNM-ADM2-005,Hanoi,VNM,2021-10-01,6.1965,10,88,20.61
VNM-ADM2-005,Hanoi,VNM,2021-11-01,6.7723,22,88,20.61
VNM-ADM2-005,Hanoi,VNM,2021-12-01,6.9301,15,88,20.61
VNM-ADM2-005,Hanoi,VNM,2022-01-01,6.233,15,88,20.61
VNM-ADM2-005,Hanoi,VNM,2022-02-01,6.81,15,88,20.61
VNM-ADM2-005,Hanoi,VNM,2022-03-01,7.0277,13,88,20.61
VNM-ADM2-005,Hanoi,VNM,2022-04-01,7.3713,10,88,20.61
VNM-ADM2-005,Hanoi,VNM,2022-05-01,6.6098,7,88,20.61
VNM-ADM2-005,Hanoi,VNM,2022-06-01,7.1668,4,88,20.61
VNM-ADM2-005,Hanoi,VNM,2022-07-01,,0,88,20.61
VNM-ADM2-005,Hanoi,VNM,2022-08-01,6.6282,9,88,20.61
VNM-ADM2-005,Hanoi,VNM,2022-09-01,6.2197,14,88,20.61
VNM-ADM2-005,Hanoi,VNM,2022-10-01,6.8353,15,88,20.61
VNM-ADM2-005,Hanoi,VNM,2022-11-01,6.502,16,88,20.61
VNM-ADM2-005,Hanoi,VNM,2022-12-01,6.9945,14,88,20.61
VNM-ADM2-005,Hanoi,VNM,2023-01-01,7.5945,20,88,20.61
VNM-ADM2-005,Hanoi,VNM,2023-02-01,7.2699,13,88,20.61
VNM-ADM2-005,Hanoi,VNM,2023-03-01,7.8075,15,88,20.61
VNM-ADM2-005,Hanoi,VNM,2023-04-01,6.8653,12,88,20.61
VNM-ADM2-005,Hanoi,VNM,2023-05-01,8.5308,12,88,20.61
VNM-ADM2-005,Hanoi,VNM,2023-06-01,,0,88,20.61
VNM-ADM2-005,Hanoi,VNM,2023-07-01,7.3482,5,88,20.61
VNM-ADM2-005,Hanoi,VNM,2023-08-01,,0,88,20.61
VNM-ADM2-005,Hanoi,VNM,2023-09-01,7.1696,4,88,20.61
VNM-ADM2-005,Hanoi,VNM,2023-10-01,6.703,13,88,20.61
VNM-ADM2-005,Hanoi,VNM,2023-11-01,7.2329,17,88,20.61
VNM-ADM2-005,Hanoi,VNM,2023-12-01,7.5925,7,88,20.61
VNM-ADM2-005,Hanoi,VNM,2024-01-01,7.3471,17,88,20.61
VNM-ADM2-005,Hanoi,VNM,2024-02-01,7.3712,17,88,20.61
VNM-ADM2-005,Hanoi,VNM,2024-03-01,8.2392,15,88,20.61
VNM-ADM2-005,Hanoi,VNM,2024-04-01,7.9835,18,88,20.61
VNM-ADM2-005,Hanoi,VNM,2024-05-01,8.4319,14,88,20.61
VNM-ADM2-005,Hanoi,VNM,2024-06-01,7.8273,2,88,20.61
VNM-ADM2-005,Hanoi,VNM,2024-07-01,7.8591,2,88,20.61
VNM-ADM2-005,Hanoi,VNM,2024-08-01,7.4364,5,88,20.61
VNM-ADM2-005,Hanoi,VNM,2024-09-01,7.6362,1,88,20.61
VNM-ADM2-005,Hanoi,VNM,2024-10-01,7.6016,17,88,20.61
VNM-ADM2-005,Hanoi,VNM,2024-11-01,7.4722,13,88,20.61
VNM-ADM2-005,Hanoi,VNM,2024-12-01,7.3172,19,88,20.61
VNM-ADM2-006,Hanoi,VNM,2019-01-01,12.4728,22,72,16.95
VNM-ADM2-006,Hanoi,VNM,2019-02-01,13.6835,11,72,16.95
VNM-ADM2-006,Hanoi,VNM,2019-03-01,13.0988,17,72,16.95
VNM-ADM2-006,Hanoi,VNM,2019-04-01,14.4627,12,72,16.95
VNM-ADM2-006,Hanoi,VNM,2019-05-01,13.3766,10,72,16.95
VNM-ADM2-006,Hanoi,VNM,2019-06-01,13.4778,6,72,16.95
VNM-ADM2-006,Hanoi,VNM,2019-07-01,13.1717,8,72,16.95
VNM-ADM2-006,Hanoi,VNM,2019-08-01,12.2847,12,72,16.95
VNM-ADM2-006,Hanoi,VNM,2019-09-01,12.2369,8,72,16.95
VNM-ADM2-006,Hanoi,VNM,2019-10-01,12.4105,15,72,16.95
VNM-ADM2-006,Hanoi,VNM,2019-11-01,14.2112,16,72,16.95
VNM-ADM2-006,Hanoi,VNM,2019-12-01,13.6853,10,72,16.95
VNM-ADM2-006,Hanoi,VNM,2020-01-01,12.2427,25,72,16.95
VNM-ADM2-006,Hanoi,VNM,2020-02-01,13.7133,11,72,16.95
VNM-ADM2-006,Hanoi,VNM,2020-03-01,13.3894,15,72,16.95
VNM-ADM2-006,Hanoi,VNM,2020-04-01,10.7425,10,72,16.95
VNM-ADM2-006,Hanoi,VNM,2020-05-01,12.1234,16,72,16.95
VNM-ADM2-006,Hanoi,VNM,2020-06-01,11.8948,4,72,16.95
VNM-ADM2-006,Hanoi,VNM,2020-07-01,10.6739,8,72,16.95
VNM-ADM2-006,Hanoi,VNM,2020-08-01,11.0874,2,72,16.95
VNM-ADM2-006,Hanoi,VNM,2020-09-01,12.7536,4,72,16.95
VNM-ADM2-006,Hanoi,VNM,2020-10-01,12.8282,11,72,16.95
VNM-ADM2-006,Hanoi,VNM,2020-11-01,13.5215,9,72,16.95
VNM-ADM2-006,Hanoi,VNM,2020-12-01,12.7681,11,72,16.95
VNM-ADM2-006,Hanoi,VNM,2021-01-01,15.4658,17,72,16.95
VNM-ADM2-006,Hanoi,VNM,2021-02-01,14.8741,23,72,16.95
VNM-ADM2-006,Hanoi,VNM,2021-03-01,14.9996,18,72,16.95
VNM-ADM2-006,Hanoi,VNM,2021-04-01,15.1038,16,72,16.95
VNM-ADM2-006,Hanoi,VNM,2021-05-01,16.028,15,72,16.95
VNM-ADM2-006,Hanoi,VNM,2021-06-01,13.8696,9,72,16.95
VNM-ADM2-006,Hanoi,VNM,2021-07-01,13.7373,8,72,16.95
VNM-ADM2-006,Hanoi,VNM,2021-08-01,,0,72,16.95
VNM-ADM2-006,Hanoi,VNM,2021-09-01,13.7261,8,72,16.95
VNM-ADM2-006,Hanoi,VNM,2021-10-01,12.8476,19,72,16.95
VNM-ADM2-006,Hanoi,VNM,2021-11-01,15.813,9,72,16.95
VNM-ADM2-006,Hanoi,VNM,2021-12-01,14.2198,18,72,16.95
VNM-ADM2-006,Hanoi,VNM,2022-01-01,14.5303,9,72,16.95
VNM-ADM2-006,Hanoi,VNM,2022-02-01,13.9689,7,72,16.95
VNM-ADM2-006,Hanoi,VNM,2022-03-01,15.0146,16,72,16.95
VNM-ADM2-006,Hanoi,VNM,2022-04-01,16.1676,8,72,16.95
VNM-ADM2-006,Hanoi,VNM,2022-05-01,15.0163,11,72,16.95
VNM-ADM2-006,Hanoi,VNM,2022-06-01,17.345,2,72,16.95
VNM-ADM2-006,Hanoi,VNM,2022-07-01,13.942,6,72,16.95
VNM-ADM2-006,Hanoi,VNM,2022-08-01,14.0259,8,72,16.95
VNM-ADM2-006,Hanoi,VNM,2022-09-01,14.4139,5,72,16.95
VNM-ADM2-006,Hanoi,VNM,2022-10-01,15.501,15,72,16.95
VNM-ADM2-006,Hanoi,VNM,2022-11-01,15.8555,17,72,16.95
VNM-ADM2-006,Hanoi,VNM,2022-12-01,15.9794,10,72,16.95
VNM-ADM2-006,Hanoi,VNM,2023-01-01,15.5543,17,72,16.95
VNM-ADM2-006,Hanoi,VNM,2023-02-01,16.918,7,72,16.95
VNM-ADM2-006,Hanoi,VNM,2023-03-01,16.5954,11,72,16.95
VNM-ADM2-006,Hanoi,VNM,2023-04-01,17.3902,8,72,16.95
VNM-ADM2-006,Hanoi,VNM,2023-05-01,16.7445,20,72,16.95
VNM-ADM2-006,Hanoi,VNM,2023-06-01,14.6644,2,72,16.95
VNM-ADM2-006,Hanoi,VNM,2023-07-01,16.8554,5,72,16.95
VNM-ADM2-006,Hanoi,VNM,2023-08-01,14.837,6,72,16.95
VNM-ADM2-006,Hanoi,VNM,2023-09-01,15.7571,2,72,16.95
VNM-ADM2-006,Hanoi,VNM,2023-10-01,17.1224,11,72,16.95
VNM-ADM2-006,Hanoi,VNM,2023-11-01,16.5201,16,72,16.95
VNM-ADM2-006,Hanoi,VNM,2023-12-01,16.3313,17,72,16.95
VNM-ADM2-006,Hanoi,VNM,2024-01-01,16.4682,12,72,16.95
VNM-ADM2-006,Hanoi,VNM,2024-02-01,16.6932,12,72,16.95
VNM-ADM2-006,Hanoi,VNM,2024-03-01,18.1843,15,72,16.95
VNM-ADM2-006,Hanoi,VNM,2024-04-01,18.6414,16,72,16.95
VNM-ADM2-006,Hanoi,VNM,2024-05-01,17.314,18,72,16.95
VNM-ADM2-006,Hanoi,VNM,2024-06-01,17.8195,9,72,16.95
VNM-ADM2-006,Hanoi,VNM,2024-07-01,17.4034,1,72,16.95
VNM-ADM2-006,Hanoi,VNM,2024-08-01,18.4794,16,72,16.95
VNM-ADM2-006,Hanoi,VNM,2024-09-01,17.0269,4,72,16.95
VNM-ADM2-006,Hanoi,VNM,2024-10-01,16.5363,17,72,16.95
VNM-ADM2-006,Hanoi,VNM,2024-11-01,18.9472,13,72,16.95
VNM-ADM2-006,Hanoi,VNM,2024-12-01,15.7764,14,72,16.95
VNM-ADM2-007,Hanoi,VNM,2019-01-01,9.6769,19,29,6.75
VNM-ADM2-007,Hanoi,VNM,2019-02-01,9.7543,11,29,6.75
VNM-ADM2-007,Hanoi,VNM,2019-03-01,10.3115,10,29,6.75
VNM-ADM2-007,Hanoi,VNM,2019-04-01,10.8718,15,29,6.75
VNM-ADM2-007,Hanoi,VNM,2019-05-01,9.4961,10,29,6.75
VNM-ADM2-007,Hanoi,VNM,2019-06-01,,0,29,6.75
VNM-ADM2-007,Hanoi,VNM,2019-07-01,10.9094,4,29,6.75
VNM-ADM2-007,Hanoi,VNM,2019-08-01,9.7867,12,29,6.75
VNM-ADM2-007,Hanoi,VNM,2019-09-01,9.3193,1,29,6.75
VNM-ADM2-007,Hanoi,VNM,2019-10-01,9.1231,12,29,6.75
VNM-ADM2-007,Hanoi,VNM,2019-11-01,9.8854,7,29,6.75
VNM-ADM2-007,Hanoi,VNM,2019-12-01,9.7604,15,29,6.75
VNM-ADM2-007,Hanoi,VNM,2020-01-01,10.1335,15,29,6.75
VNM-ADM2-007,Hanoi,VNM,2020-02-01,9.8199,17,29,6.75
VNM-ADM2-007,Hanoi,VNM,2020-03-01,9.6678,15,29,6.75
VNM-ADM2-007,Hanoi,VNM,2020-04-01,8.7452,12,29,6.75
VNM-ADM2-007,Hanoi,VNM,2020-05-01,8.729,23,29,6.75
VNM-ADM2-007,Hanoi,VNM,2020-06-01,7.8115,2,29,6.75
VNM-ADM2-007,Hanoi,VNM,2020-07-01,8.4685,5,29,6.75
VNM-ADM2-007,Hanoi,VNM,2020-08-01,7.8229,5,29,6.75
VNM-ADM2-007,Hanoi,VNM,2020-09-01,9.3829,3,29,6.75
VNM-ADM2-007,Hanoi,VNM,2020-10-01,8.2999,12,29,6.75
VNM-ADM2-007,Hanoi,VNM,2020-11-01,10.8,12,29,6.75
VNM-ADM2-007,Hanoi,VNM,2020-12-01,9.7296,16,29,6.75
VNM-ADM2-007,Hanoi,VNM,2021-01-01,10.3505,21,29,6.75
VNM-ADM2-007,Hanoi,VNM,2021-02-01,10.3772,15,29,6.75
VNM-ADM2-007,Hanoi,VNM,2021-03-01,10.6113,18,29,6.75
VNM-ADM2-007,Hanoi,VNM,2021-04-01,12.0766,20,29,6.75
VNM-ADM2-007,Hanoi,VNM,2021-05-01,9.8712,9,29,6.75
VNM-ADM2-007,Hanoi,VNM,2021-06-01,11.1462,1,29,6.75
VNM-ADM2-007,Hanoi,VNM,2021-07-01,10.7105,4,29,6.75
VNM-ADM2-007,Hanoi,VNM,2021-08-01,10.4661,6,29,6.75
VNM-ADM2-007,Hanoi,VNM,2021-09-01,10.4569,4,29,6.75
VNM-ADM2-007,Hanoi,VNM,2021-10-01,10.7668,14,29,6.75
VNM-ADM2-007,Hanoi,VNM,2021-11-01,10.044,23,29,6.75
VNM-ADM2-007,Hanoi,VNM,2021-12-01,9.5993,13,29,6.75
VNM-ADM2-007,Hanoi,VNM,2022-01-01,10.6615,16,29,6.75
VNM-ADM2-007,Hanoi,VNM,2022-02-01,11.9158,18,29,6.75
VNM-ADM2-007,Hanoi,VNM,2022-03-01,11.3758,18,29,6.75
VNM-ADM2-007,Hanoi,VNM,2022-04-01,11.1596,16,29,6.75
VNM-ADM2-007,Hanoi,VNM,2022-05-01,11.8077,21,29,6.75
VNM-ADM2-007,Hanoi,VNM,2022-06-01,9.8314,11,29,6.75
VNM-ADM2-007,Hanoi,VNM,2022-07-01,9.9859,5,29,6.75
VNM-ADM2-007,Hanoi,VNM,2022-08-01,9.5371,3,29,6.75
VNM-ADM2-007,Hanoi,VNM,2022-09-01,10.3338,2,29,6.75
VNM-ADM2-007,Hanoi,VNM,2022-10-01,10.7784,9,29,6.75
VNM-ADM2-007,Hanoi,VNM,2022-11-01,9.8394,21,29,6.75
VNM-ADM2-007,Hanoi,VNM,2022-12-01,10.275,18,29,6.75
VNM-ADM2-007,Hanoi,VNM,2023-01-01,10.1659,12,29,6.75
VNM-ADM2-007,Hanoi,VNM,2023-02-01,11.3871,21,29,6.75
VNM-ADM2-007,Hanoi,VNM,2023-03-01,11.3918,10,29,6.75
VNM-ADM2-007,Hanoi,VNM,2023-04-01,10.5186,12,29,6.75
VNM-ADM2-007,Hanoi,VNM,2023-05-01,12.1882,8,29,6.75
VNM-ADM2-007,Hanoi,VNM,2023-06-01,11.9524,9,29,6.75
VNM-ADM2-007,Hanoi,VNM,2023-07-01,12.6035,13,29,6.75
VNM-ADM2-007,Hanoi,VNM,2023-08-01,11.3176,11,29,6.75
VNM-ADM2-007,Hanoi,VNM,2023-09-01,11.5316,7,29,6.75
VNM-ADM2-007,Hanoi,VNM,2023-10-01,12.0588,11,29,6.75
VNM-ADM2-007,Hanoi,VNM,2023-11-01,10.1405,20,29,6.75
VNM-ADM2-007,Hanoi,VNM,2023-12-01,9.5571,17,29,6.75
VNM-ADM2-007,Hanoi,VNM,2024-01-01,12.253,20,29,6.75
VNM-ADM2-007,Hanoi,VNM,2024-02-01,11.0855,11,29,6.75
VNM-ADM2-007,Hanoi,VNM,2024-03-01,10.9832,15,29,6.75
VNM-ADM2-007,Hanoi,VNM,2024-04-01,12.2984,20,29,6.75
VNM-ADM2-007,Hanoi,VNM,2024-05-01,11.231,12,29,6.75
VNM-ADM2-007,Hanoi,VNM,2024-06-01,13.0567,6,29,6.75
VNM-ADM2-007,Hanoi,VNM,2024-07-01,11.0169,4,29,6.75
VNM-ADM2-007,Hanoi,VNM,2024-08-01,10.5707,7,29,6.75
VNM-ADM2-007,Hanoi,VNM,2024-09-01,,0,29,6.75
VNM-ADM2-007,Hanoi,VNM,2024-10-01,11.0476,15,29,6.75
VNM-ADM2-007,Hanoi,VNM,2024-11-01,11.9418,8,29,6.75
VNM-ADM2-007,Hanoi,VNM,2024-12-01,11.7199,17,29,6.75
VNM-ADM2-008,Hanoi,VNM,2019-01-01,8.9434,14,53,12.51
VNM-ADM2-008,Hanoi,VNM,2019-02-01,8.0749,18,53,12.51
VNM-ADM2-008,Hanoi,VNM,2019-03-01,8.6314,13,53,12.51
VNM-ADM2-008,Hanoi,VNM,2019-04-01,8.7918,23,53,12.51
VNM-ADM2-008,Hanoi,VNM,2019-05-01,8.7752,20,53,12.51
VNM-ADM2-008,Hanoi,VNM,2019-06-01,8.0309,5,53,12.51
VNM-ADM2-008,Hanoi,VNM,2019-07-01,8.6484,2,53,12.51
VNM-ADM2-008,Hanoi,VNM,2019-08-01,7.7846,12,53,12.51
VNM-ADM2-008,Hanoi,VNM,2019-09-01,7.6746,3,53,12.51
VNM-ADM2-008,Hanoi,VNM,2019-10-01,7.716,11,53,12.51
VNM-ADM2-008,Hanoi,VNM,2019-11-01,7.8751,16,53,12.51
VNM-ADM2-008,Hanoi,VNM,2019-12-01,8.3355,9,53,12.51
VNM-ADM2-008,Hanoi,VNM,2020-01-01,8.1315,18,53,12.51
VNM-ADM2-008,Hanoi,VNM,2020-02-01,8.6398,15,53,12.51
VNM-ADM2-008,Hanoi,VNM,2020-03-01,8.2888,11,53,12.51
VNM-ADM2-008,Hanoi,VNM,2020-04-01,6.9964,14,53,12.51
VNM-ADM2-008,Hanoi,VNM,2020-05-01,6.6297,18,53,12.51
VNM-ADM2-008,Hanoi,VNM,2020-06-01,6.6491,4,53,12.51
VNM-ADM2-008,Hanoi,VNM,2020-07-01,6.5816,8,53,12.51
VNM-ADM2-008,Hanoi,VNM,2020-08-01,6.192,1,53,12.51
VNM-ADM2-008,Hanoi,VNM,2020-09-01,7.2323,10,53,12.51
VNM-ADM2-008,Hanoi,VNM,2020-10-01,7.1436,10,53,12.51
VNM-ADM2-008,Hanoi,VNM,2020-11-01,7.6523,12,53,12.51
VNM-ADM2-008,Hanoi,VNM,2020-12-01,8.5354,16,53,12.51
VNM-ADM2-008,Hanoi,VNM,2021-01-01,8.6965,19,53,12.51
VNM-ADM2-008,Hanoi,VNM,2021-02-01,8.6807,12,53,12.51
VNM-ADM2-008,Hanoi,VNM,2021-03-01,7.9732,17,53,12.51
VNM-ADM2-008,Hanoi,VNM,2021-04-01,8.4882,20,53,12.51
VNM-ADM2-008,Hanoi,VNM,2021-05-01,9.5849,14,53,12.51
VNM-ADM2-008,Hanoi,VNM,2021-06-01,8.7459,5,53,12.51
VNM-ADM2-008,Hanoi,VNM,2021-07-01,7.9576,2,53,12.51
VNM-ADM2-008,Hanoi,VNM,2021-08-01,8.4305,4,53,12.51
VNM-ADM2-008,Hanoi,VNM,2021-09-01,8.0944,1,53,12.51
VNM-ADM2-008,Hanoi,VNM,2021-10-01,8.2249,13,53,12.51
VNM-ADM2-008,Hanoi,VNM,2021-11-01,7.6003,14,53,12.51
VNM-ADM2-008,Hanoi,VNM,2021-12-01,8.151,8,53,12.51
VNM-ADM2-008,Hanoi,VNM,2022-01-01,9.2999,16,53,12.51
VNM-ADM2-008,Hanoi,VNM,2022-02-01,9.1755,14,53,12.51
VNM-ADM2-008,Hanoi,VNM,2022-03-01,9.9238,15,53,12.51
VNM-ADM2-008,Hanoi,VNM,2022-04-01,9.6307,9,53,12.51
VNM-ADM2-008,Hanoi,VNM,2022-05-01,8.2301,16,53,12.51
VNM-ADM2-008,Hanoi,VNM,2022-06-01,9.4618,3,53,12.51
VNM-ADM2-008,Hanoi,VNM,2022-07-01,9.298,8,53,12.51
VNM-ADM2-008,Hanoi,VNM,2022-08-01,9.0401,9,53,12.51
VNM-ADM2-008,Hanoi,VNM,2022-09-01,7.7993,5,53,12.51
VNM-ADM2-008,Hanoi,VNM,2022-10-01,8.4642,8,53,12.51
VNM-ADM2-008,Hanoi,VNM,2022-11-01,8.3433,15,53,12.51
VNM-ADM2-008,Hanoi,VNM,2022-12-01,9.0252,16,53,12.51
VNM-ADM2-008,Hanoi,VNM,2023-01-01,8.9834,14,53,12.51
VNM-ADM2-008,Hanoi,VNM,2023-02-01,8.984,13,53,12.51
VNM-ADM2-008,Hanoi,VNM,2023-03-01,8.5819,18,53,12.51
VNM-ADM2-008,Hanoi,VNM,2023-04-01,8.6785,18,53,12.51
VNM-ADM2-008,Hanoi,VNM,2023-05-01,10.088,8,53,12.51
VNM-ADM2-008,Hanoi,VNM,2023-06-01,8.9287,6,53,12.51
VNM-ADM2-008,Hanoi,VNM,2023-07-01,9.1004,4,53,12.51
VNM-ADM2-008,Hanoi,VNM,2023-08-01,9.3514,5,53,12.51
VNM-ADM2-008,Hanoi,VNM,2023-09-01,9.2326,8,53,12.51
VNM-ADM2-008,Hanoi,VNM,2023-10-01,9.3189,12,53,12.51
VNM-ADM2-008,Hanoi,VNM,2023-11-01,8.6884,12,53,12.51
VNM-ADM2-008,Hanoi,VNM,2023-12-01,9.9821,15,53,12.51
VNM-ADM2-008,Hanoi,VNM,2024-01-01,8.9865,11,53,12.51
VNM-ADM2-008,Hanoi,VNM,2024-02-01,10.2822,15,53,12.51
VNM-ADM2-008,Hanoi,VNM,2024-03-01,9.3114,21,53,12.51
VNM-ADM2-008,Hanoi,VNM,2024-04-01,10.3475,14,53,12.51
VNM-ADM2-008,Hanoi,VNM,2024-05-01,10.2366,11,53,12.51
VNM-ADM2-008,Hanoi,VNM,2024-06-01,10.0442,5,53,12.51
VNM-ADM2-008,Hanoi,VNM,2024-07-01,8.824,10,53,12.51
VNM-ADM2-008,Hanoi,VNM,2024-08-01,,0,53,12.51
VNM-ADM2-008,Hanoi,VNM,2024-09-01,8.7016,9,53,12.51
VNM-ADM2-008,Hanoi,VNM,2024-10-01,9.0187,12,53,12.51
VNM-ADM2-008,Hanoi,VNM,2024-11-01,9.8804,17,53,12.51
VNM-ADM2-008,Hanoi,VNM,2024-12-01,10.2404,16,53,12.51
VNM-ADM2-009,Hanoi,VNM,2019-01-01,21.7456,9,121,28.21
VNM-ADM2-009,Hanoi,VNM,2019-02-01,24.2332,13,121,28.21
VNM-ADM2-009,Hanoi,VNM,2019-03-01,21.6736,11,121,28.21
VNM-ADM2-009,Hanoi,VNM,2019-04-01,24.6511,12,121,28.21
VNM-ADM2-009,Hanoi,VNM,2019-05-01,26.7511,8,121,28.21
VNM-ADM2-009,Hanoi,VNM,2019-06-01,21.4359,8,121,28.21
VNM-ADM2-009,Hanoi,VNM,2019-07-01,23.8058,15,121,28.21
VNM-ADM2-009,Hanoi,VNM,2019-08-01,21.2388,2,121,28.21
VNM-ADM2-009,Hanoi,VNM,2019-09-01,22.3629,7,121,28.21
VNM-ADM2-009,Hanoi,VNM,2019-10-01,23.6715,12,121,28.21
VNM-ADM2-009,Hanoi,VNM,2019-11-01,24.59,14,121,28.21
VNM-ADM2-009,Hanoi,VNM,2019-12-01,21.7556,21,121,28.21
VNM-ADM2-009,Hanoi,VNM,2020-01-01,23.981,11,121,28.21
VNM-ADM2-009,Hanoi,VNM,2020-02-01,26.5093,12,121,28.21
VNM-ADM2-009,Hanoi,VNM,2020-03-01,25.2631,11,121,28.21
VNM-ADM2-009,Hanoi,VNM,2020-04-01,21.5178,14,121,28.21
VNM-ADM2-009,Hanoi,VNM,2020-05-01,21.9468,16,121,28.21
VNM-ADM2-009,Hanoi,VNM,2020-06-01,21.4695,7,121,28.21
VNM-ADM2-009,Hanoi,VNM,2020-07-01,20.6907,7,121,28.21
VNM-ADM2-009,Hanoi,VNM,2020-08-01,22.0816,5,121,28.21
VNM-ADM2-009,Hanoi,VNM,2020-09-01,24.3029,1,121,28.21
VNM-ADM2-009,Hanoi,VNM,2020-10-01,23.7982,19,121,28.21
VNM-ADM2-009,Hanoi,VNM,2020-11-01,26.4912,9,121,28.21
VNM-ADM2-009,Hanoi,VNM,2020-12-01,25.0452,15,121,28.21
VNM-ADM2-009,Hanoi,VNM,2021-01-01,28.6545,14,121,28.21
VNM-ADM2-009,Hanoi,VNM,2021-02-01,27.6159,3,121,28.21
VNM-ADM2-009,Hanoi,VNM,2021-03-01,25.3768,13,121,28.21
VNM-ADM2-009,Hanoi,VNM,2021-04-01,28.8437,13,121,28.21
VNM-ADM2-009,Hanoi,VNM,2021-05-01,27.3764,14,121,28.21
VNM-ADM2-009,Hanoi,VNM,2021-06-01,23.6318,4,121,28.21
VNM-ADM2-009,Hanoi,VNM,2021-07-01,26.2405,8,121,28.21
VNM-ADM2-009,Hanoi,VNM,2021-08-01,27.1404,5,121,28.21
VNM-ADM2-009,Hanoi,VNM,2021-09-01,27.4509,11,121,28.21
VNM-ADM2-009,Hanoi,VNM,2021-10-01,26.0633,18,121,28.21
VNM-ADM2-009,Hanoi,VNM,2021-11-01,27.4678,22,121,28.21
VNM-ADM2-009,Hanoi,VNM,2021-12-01,28.0875,13,121,28.21
VNM-ADM2-009,Hanoi,VNM,2022-01-01,27.5427,19,121,28.21
VNM-ADM2-009,Hanoi,VNM,2022-02-01,28.7272,14,121,28.21
VNM-ADM2-009,Hanoi,VNM,2022-03-01,28.5615,15,121,28.21
VNM-ADM2-009,Hanoi,VNM,2022-04-01,28.6943,16,121,28.21
VNM-ADM2-009,Hanoi,VNM,2022-05-01,29.4794,8,121,28.21
VNM-ADM2-009,Hanoi,VNM,2022-06-01,30.7488,8,121,28.21
VNM-ADM2-009,Hanoi,VNM,2022-07-01,30.0979,4,121,28.21
VNM-ADM2-009,Hanoi,VNM,2022-08-01,29.7357,5,121,28.21
VNM-ADM2-009,Hanoi,VNM,2022-09-01,27.3514,14,121,28.21
VNM-ADM2-009,Hanoi,VNM,2022-10-01,25.9566,15,121,28.21
VNM-ADM2-009,Hanoi,VNM,2022-11-01,30.5785,12,121,28.21
VNM-ADM2-009,Hanoi,VNM,2022-12-01,29.3434,8,121,28.21
VNM-ADM2-009,Hanoi,VNM,2023-01-01,28.1124,12,121,28.21
VNM-ADM2-009,Hanoi,VNM,2023-02-01,29.0933,15,121,28.21
VNM-ADM2-009,Hanoi,VNM,2023-03-01,31.0551,8,121,28.21
VNM-ADM2-009,Hanoi,VNM,2023-04-01,28.7822,18,121,28.21
VNM-ADM2-009,Hanoi,VNM,2023-05-01,29.348,13,121,28.21
VNM-ADM2-009,Hanoi,VNM,2023-06-01,29.8037,4,121,28.21
VNM-ADM2-009,Hanoi,VNM,2023-07-01,30.8382,5,121,28.21
VNM-ADM2-009,Hanoi,VNM,2023-08-01,29.0539,2,121,28.21
VNM-ADM2-009,Hanoi,VNM,2023-09-01,,0,121,28.21
VNM-ADM2-009,Hanoi,VNM,2023-10-01,26.9761,15,121,28.21
VNM-ADM2-009,Hanoi,VNM,2023-11-01,30.2797,13,121,28.21
VNM-ADM2-009,Hanoi,VNM,2023-12-01,32.8193,17,121,28.21
VNM-ADM2-009,Hanoi,VNM,2024-01-01,30.2179,11,121,28.21
VNM-ADM2-009,Hanoi,VNM,2024-02-01,28.7422,19,121,28.21
VNM-ADM2-009,Hanoi,VNM,2024-03-01,32.7017,20,121,28.21
VNM-ADM2-009,Hanoi,VNM,2024-04-01,34.2474,15,121,28.21
VNM-ADM2-009,Hanoi,VNM,2024-05-01,35.9439,11,121,28.21
VNM-ADM2-009,Hanoi,VNM,2024-06-01,31.1539,4,121,28.21
VNM-ADM2-009,Hanoi,VNM,2024-07-01,32.6207,3,121,28.21
VNM-ADM2-009,Hanoi,VNM,2024-08-01,31.6394,4,121,28.21
VNM-ADM2-009,Hanoi,VNM,2024-09-01,31.5202,8,121,28.21
VNM-ADM2-009,Hanoi,VNM,2024-10-01,32.8402,11,121,28.21
VNM-ADM2-009,Hanoi,VNM,2024-11-01,27.6892,13,121,28.21
VNM-ADM2-009,Hanoi,VNM,2024-12-01,31.5959,13,121,28.21
VNM-ADM2-010,Hanoi,VNM,2019-01-01,8.5542,11,132,30.73
VNM-ADM2-010,Hanoi,VNM,2019-02-01,10.4116,13,132,30.73
VNM-ADM2-010,Hanoi,VNM,2019-03-01,9.2339,11,132,30.73
VNM-ADM2-010,Hanoi,VNM,2019-04-01,9.9369,10,132,30.73
VNM-ADM2-010,Hanoi,VNM,2019-05-01,9.9208,16,132,30.73
VNM-ADM2-010,Hanoi,VNM,2019-06-01,8.8633,6,132,30.73
VNM-ADM2-010,Hanoi,VNM,2019-07-01,10.093,6,132,30.73
VNM-ADM2-010,Hanoi,VNM,2019-08-01,9.5403,6,132,30.73
VNM-ADM2-010,Hanoi,VNM,2019-09-01,10.3495,4,132,30.73
VNM-ADM2-010,Hanoi,VNM,2019-10-01,9.2417,8,132,30.73
VNM-ADM2-010,Hanoi,VNM,2019-11-01,9.5626,12,132,30.73
VNM-ADM2-010,Hanoi,VNM,2019-12-01,9.8536,22,132,30.73
VNM-ADM2-010,Hanoi,VNM,2020-01-01,9.9223,12,132,30.73
VNM-ADM2-010,Hanoi,VNM,2020-02-01,11.4326,22,132,30.73
VNM-ADM2-010,Hanoi,VNM,2020-03-01,11.7247,10,132,30.73
VNM-ADM2-010,Hanoi,VNM,2020-04-01,8.4559,12,132,30.73
VNM-ADM2-010,Hanoi,VNM,2020-05-01,8.2922,13,132,30.73
VNM-ADM2-010,Hanoi,VNM,2020-06-01,8.316,3,132,30.73
VNM-ADM2-010,Hanoi,VNM,2020-07-01,8.1719,4,132,30.73
VNM-ADM2-010,Hanoi,VNM,2020-08-01,7.5666,13,132,30.73
VNM-ADM2-010,Hanoi,VNM,2020-09-01,9.0026,1,132,30.73
VNM-ADM2-010,Hanoi,VNM,2020-10-01,9.9538,15,132,30.73
VNM-ADM2-010,Hanoi,VNM,2020-11-01,10.2901,17,132,30.73
VNM-ADM2-010,Hanoi,VNM,2020-12-01,10.4852,16,132,30.73
VNM-ADM2-010,Hanoi,VNM,2021-01-01,10.161,14,132,30.73
VNM-ADM2-010,Hanoi,VNM,2021-02-01,11.8202,16,132,30.73
VNM-ADM2-010,Hanoi,VNM,2021-03-01,11.713,21,132,30.73
VNM-ADM2-010,Hanoi,VNM,2021-04-01,10.5947,13,132,30.73
VNM-ADM2-010,Hanoi,VNM,2021-05-01,11.0736,11,132,30.73
VNM-ADM2-010,Hanoi,VNM,2021-06-01,10.3966,4,132,30.73
VNM-ADM2-010,Hanoi,VNM,2021-07-01,10.4523,16,132,30.73
VNM-ADM2-010,Hanoi,VNM,2021-08-01,10.6549,9,132,30.73
VNM-ADM2-010,Hanoi,VNM,2021-09-01,11.5482,7,132,30.73
VNM-ADM2-010,Hanoi,VNM,2021-10-01,11.2131,11,132,30.73
VNM-ADM2-010,Hanoi,VNM,2021-11-01,11.1879,8,132,30.73
VNM-ADM2-010,Hanoi,VNM,2021-12-01,10.6131,18,132,30.73
VNM-ADM2-010,Hanoi,VNM,2022-01-01,11.4217,14,132,30.73
VNM-ADM2-010,Hanoi,VNM,2022-02-01,10.4431,15,132,30.73
VNM-ADM2-010,Hanoi,VNM,2022-03-01,10.7691,16,132,30.73
VNM-ADM2-010,Hanoi,VNM,2022-04-01,12.4294,16,132,30.73
VNM-ADM2-010,Hanoi,VNM,2022-05-01,10.407,17,132,30.73
VNM-ADM2-010,Hanoi,VNM,2022-06-01,11.1419,16,132,30.73
VNM-ADM2-010,Hanoi,VNM,2022-07-01,10.5931,6,132,30.73
VNM-ADM2-010,Hanoi,VNM,2022-08-01,11.1108,10,132,30.73
VNM-ADM2-010,Hanoi,VNM,2022-09-01,11.1128,13,132,30.73
VNM-ADM2-010,Hanoi,VNM,2022-10-01,12.015,12,132,30.73
VNM-ADM2-010,Hanoi,VNM,2022-11-01,11.5612,20,132,30.73
VNM-ADM2-010,Hanoi,VNM,2022-12-01,10.3043,19,132,30.73
VNM-ADM2-010,Hanoi,VNM,2023-01-01,11.7998,8,132,30.73
VNM-ADM2-010,Hanoi,VNM,2023-02-01,12.9285,10,132,30.73
VNM-ADM2-010,Hanoi,VNM,2023-03-01,12.9496,16,132,30.73
VNM-ADM2-010,Hanoi,VNM,2023-04-01,12.893,10,132,30.73
VNM-ADM2-010,Hanoi,VNM,2023-05-01,12.8099,18,132,30.73
VNM-ADM2-010,Hanoi,VNM,2023-06-01,11.0095,6,132,30.73
VNM-ADM2-010,Hanoi,VNM,2023-07-01,10.8718,9,132,30.73
VNM-ADM2-010,Hanoi,VNM,2023-08-01,12.1868,9,132,30.73
VNM-ADM2-010,Hanoi,VNM,2023-09-01,11.17,7,132,30.73
VNM-ADM2-010,Hanoi,VNM,2023-10-01,11.7079,13,132,30.73
VNM-ADM2-010,Hanoi,VNM,2023-11-01,10.517,12,132,30.73
VNM-ADM2-010,Hanoi,VNM,2023-12-01,12.1061,12,132,30.73
VNM-ADM2-010,Hanoi,VNM,2024-01-01,11.2115,9,132,30.73
VNM-ADM2-010,Hanoi,VNM,2024-02-01,12.2622,14,132,30.73
VNM-ADM2-010,Hanoi,VNM,2024-03-01,13.247,13,132,30.73
VNM-ADM2-010,Hanoi,VNM,2024-04-01,13.2701,16,132,30.73
VNM-ADM2-010,Hanoi,VNM,2024-05-01,11.8933,12,132,30.73
VNM-ADM2-010,Hanoi,VNM,2024-06-01,12.128,3,132,30.73
VNM-ADM2-010,Hanoi,VNM,2024-07-01,13.6201,6,132,30.73
VNM-ADM2-010,Hanoi,VNM,2024-08-01,12.4299,6,132,30.73
VNM-ADM2-010,Hanoi,VNM,2024-09-01,12.1963,9,132,30.73
VNM-ADM2-010,Hanoi,VNM,2024-10-01,11.3535,9,132,30.73
VNM-ADM2-010,Hanoi,VNM,2024-11-01,11.9978,9,132,30.73
VNM-ADM2-010,Hanoi,VNM,2024-12-01,12.6567,13,132,30.73
VNM-ADM2-011,Hanoi,VNM,2019-01-01,14.2915,12,33,7.7
VNM-ADM2-011,Hanoi,VNM,2019-02-01,13.9202,13,33,7.7
VNM-ADM2-011,Hanoi,VNM,2019-03-01,14.7868,9,33,7.7
VNM-ADM2-011,Hanoi,VNM,2019-04-01,14.1582,14,33,7.7
VNM-ADM2-011,Hanoi,VNM,2019-05-01,15.8354,11,33,7.7
VNM-ADM2-011,Hanoi,VNM,2019-06-01,13.7448,8,33,7.7
VNM-ADM2-011,Hanoi,VNM,2019-07-01,13.2232,3,33,7.7
VNM-ADM2-011,Hanoi,VNM,2019-08-01,15.1708,7,33,7.7
VNM-ADM2-011,Hanoi,VNM,2019-09-01,13.3148,8,33,7.7
VNM-ADM2-011,Hanoi,VNM,2019-10-01,13.7529,18,33,7.7
VNM-ADM2-011,Hanoi,VNM,2019-11-01,14.4718,18,33,7.7
VNM-ADM2-011,Hanoi,VNM,2019-12-01,15.5745,14,33,7.7
VNM-ADM2-011,Hanoi,VNM,2020-01-01,14.1533,17,33,7.7
VNM-ADM2-011,Hanoi,VNM,2020-02-01,15.4142,15,33,7.7
VNM-ADM2-011,Hanoi,VNM,2020-03-01,14.3913,11,33,7.7
VNM-ADM2-011,Hanoi,VNM,2020-04-01,11.9197,17,33,7.7
VNM-ADM2-011,Hanoi,VNM,2020-05-01,12.2686,15,33,7.7
VNM-ADM2-011,Hanoi,VNM,2020-06-01,13.1202,10,33,7.7
VNM-ADM2-011,Hanoi,VNM,2020-07-01,,0,33,7.7
VNM-ADM2-011,Hanoi,VNM,2020-08-01,11.9679,8,33,7.7
VNM-ADM2-011,Hanoi,VNM,2020-09-01,12.7804,4,33,7.7
VNM-ADM2-011,Hanoi,VNM,2020-10-01,15.2979,15,33,7.7
VNM-ADM2-011,Hanoi,VNM,2020-11-01,13.6901,14,33,7.7
VNM-ADM2-011,Hanoi,VNM,2020-12-01,14.5561,11,33,7.7
VNM-ADM2-011,Hanoi,VNM,2021-01-01,15.2444,12,33,7.7
VNM-ADM2-011,Hanoi,VNM,2021-02-01,15.243,16,33,7.7
VNM-ADM2-011,Hanoi,VNM,2021-03-01,14.1203,18,33,7.7
VNM-ADM2-011,Hanoi,VNM,2021-04-01,15.9617,21,33,7.7
VNM-ADM2-011,Hanoi,VNM,2021-05-01,15.5288,12,33,7.7
VNM-ADM2-011,Hanoi,VNM,2021-06-01,16.0877,7,33,7.7
VNM-ADM2-011,Hanoi,VNM,2021-07-01,16.6855,6,33,7.7
VNM-ADM2-011,Hanoi,VNM,2021-08-01,15.138,12,33,7.7
VNM-ADM2-011,Hanoi,VNM,2021-09-01,14.8047,5,33,7.7
VNM-ADM2-011,Hanoi,VNM,2021-10-01,16.7622,8,33,7.7
VNM-ADM2-011,Hanoi,VNM,2021-11-01,14.9041,15,33,7.7
VNM-ADM2-011,Hanoi,VNM,2021-12-01,16.7664,21,33,7.7
VNM-ADM2-011,Hanoi,VNM,2022-01-01,17.0586,21,33,7.7
VNM-ADM2-011,Hanoi,VNM,2022-02-01,16.0071,11,33,7.7
VNM-ADM2-011,Hanoi,VNM,2022-03-01,16.8733,9,33,7.7
VNM-ADM2-011,Hanoi,VNM,2022-04-01,17.2302,16,33,7.7
VNM-ADM2-011,Hanoi,VNM,2022-05-01,17.1244,12,33,7.7
VNM-ADM2-011,Hanoi,VNM,2022-06-01,14.5167,3,33,7.7
VNM-ADM2-011,Hanoi,VNM,2022-07-01,,0,33,7.7
VNM-ADM2-011,Hanoi,VNM,2022-08-01,15.061,10,33,7.7
VNM-ADM2-011,Hanoi,VNM,2022-09-01,14.6528,5,33,7.7
VNM-ADM2-011,Hanoi,VNM,2022-10-01,14.341,13,33,7.7
VNM-ADM2-011,Hanoi,VNM,2022-11-01,16.4653,12,33,7.7
VNM-ADM2-011,Hanoi,VNM,2022-12-01,14.876,16,33,7.7
VNM-ADM2-011,Hanoi,VNM,2023-01-01,17.094,19,33,7.7
VNM-ADM2-011,Hanoi,VNM,2023-02-01,15.7704,18,33,7.7
VNM-ADM2-011,Hanoi,VNM,2023-03-01,16.511,18,33,7.7
VNM-ADM2-011,Hanoi,VNM,2023-04-01,16.2859,15,33,7.7
VNM-ADM2-011,Hanoi,VNM,2023-05-01,16.7269,9,33,7.7
VNM-ADM2-011,Hanoi,VNM,2023-06-01,16.7558,8,33,7.7
VNM-ADM2-011,Hanoi,VNM,2023-07-01,18.347,7,33,7.7
VNM-ADM2-011,Hanoi,VNM,2023-08-01,15.5058,5,33,7.7
VNM-ADM2-011,Hanoi,VNM,2023-09-01,15.2446,8,33,7.7
VNM-ADM2-011,Hanoi,VNM,2023-10-01,16.0074,10,33,7.7
VNM-ADM2-011,Hanoi,VNM,2023-11-01,17.2792,10,33,7.7
VNM-ADM2-011,Hanoi,VNM,2023-12-01,15.8217,19,33,7.7
VNM-ADM2-011,Hanoi,VNM,2024-01-01,17.103,18,33,7.7
VNM-ADM2-011,Hanoi,VNM,2024-02-01,16.6986,11,33,7.7
VNM-ADM2-011,Hanoi,VNM,2024-03-01,16.3754,15,33,7.7
VNM-ADM2-011,Hanoi,VNM,2024-04-01,17.2924,12,33,7.7
VNM-ADM2-011,Hanoi,VNM,2024-05-01,16.8986,9,33,7.7
VNM-ADM2-011,Hanoi,VNM,2024-06-01,17.7053,2,33,7.7
VNM-ADM2-011,Hanoi,VNM,2024-07-01,16.3371,8,33,7.7
VNM-ADM2-011,Hanoi,VNM,2024-08-01,16.659,6,33,7.7
VNM-ADM2-011,Hanoi,VNM,2024-09-01,15.0778,7,33,7.7
VNM-ADM2-011,Hanoi,VNM,2024-10-01,17.972,13,33,7.7
VNM-ADM2-011,Hanoi,VNM,2024-11-01,15.9482,19,33,7.7
VNM-ADM2-011,Hanoi,VNM,2024-12-01,15.0915,14,33,7.7
VNM-ADM2-012,Hanoi,VNM,2019-01-01,6.8663,11,72,16.8
VNM-ADM2-012,Hanoi,VNM,2019-02-01,5.9249,21,72,16.8
VNM-ADM2-012,Hanoi,VNM,2019-03-01,6.1852,13,72,16.8
VNM-ADM2-012,Hanoi,VNM,2019-04-01,6.865,10,72,16.8
VNM-ADM2-012,Hanoi,VNM,2019-05-01,6.4899,12,72,16.8
VNM-ADM2-012,Hanoi,VNM,2019-06-01,6.3458,5,72,16.8
VNM-ADM2-012,Hanoi,VNM,2019-07-01,7.1567,13,72,16.8
VNM-ADM2-012,Hanoi,VNM,2019-08-01,6.9276,4,72,16.8
VNM-ADM2-012,Hanoi,VNM,2019-09-01,6.6467,7,72,16.8
VNM-ADM2-012,Hanoi,VNM,2019-10-01,6.6411,10,72,16.8
VNM-ADM2-012,Hanoi,VNM,2019-11-01,6.4972,15,72,16.8
VNM-ADM2-012,Hanoi,VNM,2019-12-01,6.5098,16,72,16.8
VNM-ADM2-012,Hanoi,VNM,2020-01-01,6.6866,13,72,16.8
VNM-ADM2-012,Hanoi,VNM,2020-02-01,6.9982,15,72,16.8
VNM-ADM2-012,Hanoi,VNM,2020-03-01,7.1294,10,72,16.8
VNM-ADM2-012,Hanoi,VNM,2020-04-01,5.5803,18,72,16.8
VNM-ADM2-012,Hanoi,VNM,2020-05-01,5.3015,14,72,16.8
VNM-ADM2-012,Hanoi,VNM,2020-06-01,5.538,9,72,16.8
VNM-ADM2-012,Hanoi,VNM,2020-07-01,5.9552,8,72,16.8
VNM-ADM2-012,Hanoi,VNM,2020-08-01,5.6141,10,72,16.8
VNM-ADM2-012,Hanoi,VNM,2020-09-01,,0,72,16.8
VNM-ADM2-012,Hanoi,VNM,2020-10-01,6.9553,9,72,16.8
VNM-ADM2-012,Hanoi,VNM,2020-11-01,7.56,11,72,16.8
VNM-ADM2-012,Hanoi,VNM,2020-12-01,7.0167,11,72,16.8
VNM-ADM2-012,Hanoi,VNM,2021-01-01,7.6613,12,72,16.8
VNM-ADM2-012,Hanoi,VNM,2021-02-01,7.4372,15,72,16.8
VNM-ADM2-012,Hanoi,VNM,2021-03-01,8.3727,9,72,16.8
VNM-ADM2-012,Hanoi,VNM,2021-04-01,8.3178,15,72,16.8
VNM-ADM2-012,Hanoi,VNM,2021-05-01,7.5786,12,72,16.8
VNM-ADM2-012,Hanoi,VNM,2021-06-01,8.8297,3,72,16.8
VNM-ADM2-012,Hanoi,VNM,2021-07-01,7.3339,9,72,16.8
VNM-ADM2-012,Hanoi,VNM,2021-08-01,8.1081,2,72,16.8
VNM-ADM2-012,Hanoi,VNM,2021-09-01,8.3128,5,72,16.8
VNM-ADM2-012,Hanoi,VNM,2021-10-01,7.6764,11,72,16.8
VNM-ADM2-012,Hanoi,VNM,2021-11-01,7.8544,16,72,16.8
VNM-ADM2-012,Hanoi,VNM,2021-12-01,8.2945,20,72,16.8
VNM-ADM2-012,Hanoi,VNM,2022-01-01,8.0224,10,72,16.8
VNM-ADM2-012,Hanoi,VNM,2022-02-01,7.613,16,72,16.8
VNM-ADM2-012,Hanoi,VNM,2022-03-01,9.232,12,72,16.8
VNM-ADM2-012,Hanoi,VNM,2022-04-01,8.6594,8,72,16.8
VNM-ADM2-012,Hanoi,VNM,2022-05-01,9.3022,16,72,16.8
VNM-ADM2-012,Hanoi,VNM,2022-06-01,,0,72,16.8
VNM-ADM2-012,Hanoi,VNM,2022-07-01,8.5534,6,72,16.8
VNM-ADM2-012,Hanoi,VNM,2022-08-01,9.0111,7,72,16.8
VNM-ADM2-012,Hanoi,VNM,2022-09-01,8.2815,2,72,16.8
VNM-ADM2-012,Hanoi,VNM,2022-10-01,8.7906,17,72,16.8
VNM-ADM2-012,Hanoi,VNM,2022-11-01,9.0585,14,72,16.8
VNM-ADM2-012,Hanoi,VNM,2022-12-01,8.6766,8,72,16.8
VNM-ADM2-012,Hanoi,VNM,2023-01-01,8.8868,13,72,16.8
VNM-ADM2-012,Hanoi,VNM,2023-02-01,9.6985,10,72,16.8
VNM-ADM2-012,Hanoi,VNM,2023-03-01,10.0427,10,72,16.8
VNM-ADM2-012,Hanoi,VNM,2023-04-01,10.0461,13,72,16.8
VNM-ADM2-012,Hanoi,VNM,2023-05-01,9.8285,18,72,16.8
VNM-ADM2-012,Hanoi,VNM,2023-06-01,9.6912,2,72,16.8
VNM-ADM2-012,Hanoi,VNM,2023-07-01,9.2193,3,72,16.8
VNM-ADM2-012,Hanoi,VNM,2023-08-01,9.0432,12,72,16.8
VNM-ADM2-012,Hanoi,VNM,2023-09-01,9.5851,4,72,16.8
VNM-ADM2-012,Hanoi,VNM,2023-10-01,9.6417,15,72,16.8
VNM-ADM2-012,Hanoi,VNM,2023-11-01,9.9129,15,72,16.8
VNM-ADM2-012,Hanoi,VNM,2023-12-01,9.7967,9,72,16.8
VNM-ADM2-012,Hanoi,VNM,2024-01-01,10.6291,18,72,16.8
VNM-ADM2-012,Hanoi,VNM,2024-02-01,10.9226,11,72,16.8
VNM-ADM2-012,Hanoi,VNM,2024-03-01,9.3347,16,72,16.8
VNM-ADM2-012,Hanoi,VNM,2024-04-01,12.0256,15,72,16.8
VNM-ADM2-012,Hanoi,VNM,2024-05-01,11.5869,18,72,16.8
VNM-ADM2-012,Hanoi,VNM,2024-06-01,9.5452,3,72,16.8
VNM-ADM2-012,Hanoi,VNM,2024-07-01,10.5133,8,72,16.8
VNM-ADM2-012,Hanoi,VNM,2024-08-01,,0,72,16.8
VNM-ADM2-012,Hanoi,VNM,2024-09-01,10.679,5,72,16.8
VNM-ADM2-012,Hanoi,VNM,2024-10-01,10.5882,12,72,16.8
VNM-ADM2-012,Hanoi,VNM,2024-11-01,10.9645,8,72,16.8
VNM-ADM2-012,Hanoi,VNM,2024-12-01,11.1661,18,72,16.8
VNM-ADM2-013,Hanoi,VNM,2019-01-01,14.6676,13,46,10.86
VNM-ADM2-013,Hanoi,VNM,2019-02-01,14.7423,14,46,10.86
VNM-ADM2-013,Hanoi,VNM,2019-03-01,15.5659,14,46,10.86
VNM-ADM2-013,Hanoi,VNM,2019-04-01,15.0084,14,46,10.86
VNM-ADM2-013,Hanoi,VNM,2019-05-01,14.1732,16,46,10.86
VNM-ADM2-013,Hanoi,VNM,2019-06-01,13.8678,4,46,10.86
VNM-ADM2-013,Hanoi,VNM,2019-07-01,15.0733,1,46,10.86
VNM-ADM2-013,Hanoi,VNM,2019-08-01,14.7814,11,46,10.86
VNM-ADM2-013,Hanoi,VNM,2019-09-01,15.7272,7,46,10.86
VNM-ADM2-013,Hanoi,VNM,2019-10-01,13.8362,15,46,10.86
VNM-ADM2-013,Hanoi,VNM,2019-11-01,12.5656,14,46,10.86
VNM-ADM2-013,Hanoi,VNM,2019-12-01,14.2778,12,46,10.86
VNM-ADM2-013,Hanoi,VNM,2020-01-01,14.2761,11,46,10.86
VNM-ADM2-013,Hanoi,VNM,2020-02-01,16.0493,13,46,10.86
VNM-ADM2-013,Hanoi,VNM,2020-03-01,16.7422,15,46,10.86
VNM-ADM2-013,Hanoi,VNM,2020-04-01,12.2814,8,46,10.86
VNM-ADM2-013,Hanoi,VNM,2020-05-01,14.0097,16,46,10.86
VNM-ADM2-013,Hanoi,VNM,2020-06-01,13.9663,7,46,10.86
VNM-ADM2-013,Hanoi,VNM,2020-07-01,12.984,7,46,10.86
VNM-ADM2-013,Hanoi,VNM,2020-08-01,12.846,3,46,10.86
VNM-ADM2-013,Hanoi,VNM,2020-09-01,14.7566,14,46,10.86
VNM-ADM2-013,Hanoi,VNM,2020-10-01,15.6026,12,46,10.86
VNM-ADM2-013,Hanoi,VNM,2020-11-01,15.1343,19,46,10.86
VNM-ADM2-013,Hanoi,VNM,2020-12-01,15.6731,14,46,10.86
VNM-ADM2-013,Hanoi,VNM,2021-01-01,15.0692,24,46,10.86
VNM-ADM2-013,Hanoi,VNM,2021-02-01,17.0833,12,46,10.86
VNM-ADM2-013,Hanoi,VNM,2021-03-01,15.6949,15,46,10.86
VNM-ADM2-013,Hanoi,VNM,2021-04-01,17.0759,16,46,10.86
VNM-ADM2-013,Hanoi,VNM,2021-05-01,15.3188,10,46,10.86
VNM-ADM2-013,Hanoi,VNM,2021-06-01,15.9942,11,46,10.86
VNM-ADM2-013,Hanoi,VNM,2021-07-01,16.3543,6,46,10.86
VNM-ADM2-013,Hanoi,VNM,2021-08-01,15.8817,5,46,10.86
VNM-ADM2-013,Hanoi,VNM,2021-09-01,14.515,1,46,10.86
VNM-ADM2-013,Hanoi,VNM,2021-10-01,15.2276,19,46,10.86
VNM-ADM2-013,Hanoi,VNM,2021-11-01,16.0991,15,46,10.86
VNM-ADM2-013,Hanoi,VNM,2021-12-01,13.9594,12,46,10.86
VNM-ADM2-013,Hanoi,VNM,2022-01-01,15.4978,17,46,10.86
VNM-ADM2-013,Hanoi,VNM,2022-02-01,16.3997,15,46,10.86
VNM-ADM2-013,Hanoi,VNM,2022-03-01,15.9404,14,46,10.86
VNM-ADM2-013,Hanoi,VNM,2022-04-01,16.1632,9,46,10.86
VNM-ADM2-013,Hanoi,VNM,2022-05-01,16.7991,15,46,10.86
VNM-ADM2-013,Hanoi,VNM,2022-06-01,15.2316,5,46,10.86
VNM-ADM2-013,Hanoi,VNM,2022-07-01,17.1653,4,46,10.86
VNM-ADM2-013,Hanoi,VNM,2022-08-01,16.211,3,46,10.86
VNM-ADM2-013,Hanoi,VNM,2022-09-01,15.0947,6,46,10.86
VNM-ADM2-013,Hanoi,VNM,2022-10-01,16.12,11,46,10.86
VNM-ADM2-013,Hanoi,VNM,2022-11-01,16.9371,17,46,10.86
VNM-ADM2-013,Hanoi,VNM,2022-12-01,18.0574,12,46,10.86
VNM-ADM2-013,Hanoi,VNM,2023-01-01,16.1426,16,46,10.86
VNM-ADM2-013,Hanoi,VNM,2023-02-01,16.5889,16,46,10.86
VNM-ADM2-013,Hanoi,VNM,2023-03-01,17.489,10,46,10.86
VNM-ADM2-013,Hanoi,VNM,2023-04-01,16.6654,14,46,10.86
VNM-ADM2-013,Hanoi,VNM,2023-05-01,18.4488,14,46,10.86
VNM-ADM2-013,Hanoi,VNM,2023-06-01,17.478,4,46,10.86
VNM-ADM2-013,Hanoi,VNM,2023-07-01,17.1004,8,46,10.86
VNM-ADM2-013,Hanoi,VNM,2023-08-01,16.4454,1,46,10.86
VNM-ADM2-013,Hanoi,VNM,2023-09-01,16.5623,8,46,10.86
VNM-ADM2-013,Hanoi,VNM,2023-10-01,16.1433,8,46,10.86
VNM-ADM2-013,Hanoi,VNM,2023-11-01,16.4281,18,46,10.86
VNM-ADM2-013,Hanoi,VNM,2023-12-01,16.0891,19,46,10.86
VNM-ADM2-013,Hanoi,VNM,2024-01-01,16.2964,11,46,10.86
VNM-ADM2-013,Hanoi,VNM,2024-02-01,18.0314,11,46,10.86
VNM-ADM2-013,Hanoi,VNM,2024-03-01,17.8763,16,46,10.86
VNM-ADM2-013,Hanoi,VNM,2024-04-01,18.3944,14,46,10.86
VNM-ADM2-013,Hanoi,VNM,2024-05-01,17.9728,19,46,10.86
VNM-ADM2-013,Hanoi,VNM,2024-06-01,15.8894,5,46,10.86
VNM-ADM2-013,Hanoi,VNM,2024-07-01,16.8224,3,46,10.86
VNM-ADM2-013,Hanoi,VNM,2024-08-01,17.7602,6,46,10.86
VNM-ADM2-013,Hanoi,VNM,2024-09-01,16.1052,9,46,10.86
VNM-ADM2-013,Hanoi,VNM,2024-10-01,15.7739,17,46,10.86
VNM-ADM2-013,Hanoi,VNM,2024-11-01,17.9306,11,46,10.86
VNM-ADM2-013,Hanoi,VNM,2024-12-01,16.8167,11,46,10.86
VNM-ADM2-014,Hanoi,VNM,2019-01-01,4.4395,13,52,12.16
VNM-ADM2-014,Hanoi,VNM,2019-02-01,4.2649,10,52,12.16
VNM-ADM2-014,Hanoi,VNM,2019-03-01,4.186,15,52,12.16
VNM-ADM2-014,Hanoi,VNM,2019-04-01,4.2748,15,52,12.16
VNM-ADM2-014,Hanoi,VNM,2019-05-01,4.0732,15,52,12.16
VNM-ADM2-014,Hanoi,VNM,2019-06-01,4.3402,4,52,12.16
VNM-ADM2-014,Hanoi,VNM,2019-07-01,3.6219,1,52,12.16
VNM-ADM2-014,Hanoi,VNM,2019-08-01,,0,52,12.16
VNM-ADM2-014,Hanoi,VNM,2019-09-01,3.8633,8,52,12.16
VNM-ADM2-014,Hanoi,VNM,2019-10-01,3.9731,13,52,12.16
VNM-ADM2-014,Hanoi,VNM,2019-11-01,4.3446,16,52,12.16
VNM-ADM2-014,Hanoi,VNM,2019-12-01,4.1943,5,52,12.16
VNM-ADM2-014,Hanoi,VNM,2020-01-01,3.9317,13,52,12.16
VNM-ADM2-014,Hanoi,VNM,2020-02-01,4.4075,10,52,12.16
VNM-ADM2-014,Hanoi,VNM,2020-03-01,4.639,12,52,12.16
VNM-ADM2-014,Hanoi,VNM,2020-04-01,3.4289,12,52,12.16
VNM-ADM2-014,Hanoi,VNM,2020-05-01,3.4259,19,52,12.16
VNM-ADM2-014,Hanoi,VNM,2020-06-01,4.3127,7,52,12.16
VNM-ADM2-014,Hanoi,VNM,2020-07-01,3.6857,5,52,12.16
VNM-ADM2-014,Hanoi,VNM,2020-08-01,3.5836,9,52,12.16
VNM-ADM2-014,Hanoi,VNM,2020-09-01,4.2741,11,52,12.16
VNM-ADM2-014,Hanoi,VNM,2020-10-01,4.2354,12,52,12.16
VNM-ADM2-014,Hanoi,VNM,2020-11-01,4.4017,20,52,12.16
VNM-ADM2-014,Hanoi,VNM,2020-12-01,5.0014,14,52,12.16
VNM-ADM2-014,Hanoi,VNM,2021-01-01,4.9955,14,52,12.16
VNM-ADM2-014,Hanoi,VNM,2021-02-01,4.9199,13,52,12.16
VNM-ADM2-014,Hanoi,VNM,2021-03-01,4.6369,17,52,12.16
VNM-ADM2-014,Hanoi,VNM,2021-04-01,4.7039,18,52,12.16
VNM-ADM2-014,Hanoi,VNM,2021-05-01,5.0425,11,52,12.16
VNM-ADM2-014,Hanoi,VNM,2021-06-01,4.7132,5,52,12.16
VNM-ADM2-014,Hanoi,VNM,2021-07-01,4.4148,9,52,12.16
VNM-ADM2-014,Hanoi,VNM,2021-08-01,4.8302,1,52,12.16
VNM-ADM2-014,Hanoi,VNM,2021-09-01,4.5286,7,52,12.16
VNM-ADM2-014,Hanoi,VNM,2021-10-01,4.4772,17,52,12.16
VNM-ADM2-014,Hanoi,VNM,2021-11-01,5.3112,12,52,12.16
VNM-ADM2-014,Hanoi,VNM,2021-12-01,4.9371,18,52,12.16
VNM-ADM2-014,Hanoi,VNM,2022-01-01,5.5933,12,52,12.16
VNM-ADM2-014,Hanoi,VNM,2022-02-01,5.4278,20,52,12.16
VNM-ADM2-014,Hanoi,VNM,2022-03-01,4.8756,22,52,12.16
VNM-ADM2-014,Hanoi,VNM,2022-04-01,5.1609,11,52,12.16
VNM-ADM2-014,Hanoi,VNM,2022-05-01,5.2604,14,52,12.16
VNM-ADM2-014,Hanoi,VNM,2022-06-01,5.315,5,52,12.16
VNM-ADM2-014,Hanoi,VNM,2022-07-01,4.9723,3,52,12.16
VNM-ADM2-014,Hanoi,VNM,2022-08-01,5.2197,6,52,12.16
VNM-ADM2-014,Hanoi,VNM,2022-09-01,4.6303,10,52,12.16
VNM-ADM2-014,Hanoi,VNM,2022-10-01,5.2713,9,52,12.16
VNM-ADM2-014,Hanoi,VNM,2022-11-01,5.1043,20,52,12.16
VNM-ADM2-014,Hanoi,VNM,2022-12-01,5.2179,15,52,12.16
VNM-ADM2-014,Hanoi,VNM,2023-01-01,5.0252,16,52,12.16
VNM-ADM2-014,Hanoi,VNM,2023-02-01,5.1159,9,52,12.16
VNM-ADM2-014,Hanoi,VNM,2023-03-01,5.5787,13,52,12.16
VNM-ADM2-014,Hanoi,VNM,2023-04-01,5.1756,11,52,12.16
VNM-ADM2-014,Hanoi,VNM,2023-05-01,5.5258,15,52,12.16
VNM-ADM2-014,Hanoi,VNM,2023-06-01,5.4882,3,52,12.16
VNM-ADM2-014,Hanoi,VNM,2023-07-01,5.5635,14,52,12.16
VNM-ADM2-014,Hanoi,VNM,2023-08-01,4.7548,5,52,12.16
VNM-ADM2-014,Hanoi,VNM,2023-09-01,4.7124,12,52,12.16
VNM-ADM2-014,Hanoi,VNM,2023-10-01,5.0297,15,52,12.16
VNM-ADM2-014,Hanoi,VNM,2023-11-01,5.0842,14,52,12.16
VNM-ADM2-014,Hanoi,VNM,2023-12-01,5.6909,8,52,12.16
VNM-ADM2-014,Hanoi,VNM,2024-01-01,5.4207,17,52,12.16
VNM-ADM2-014,Hanoi,VNM,2024-02-01,5.6285,18,52,12.16
VNM-ADM2-014,Hanoi,VNM,2024-03-01,5.6708,12,52,12.16
VNM-ADM2-014,Hanoi,VNM,2024-04-01,5.8452,16,52,12.16
VNM-ADM2-014,Hanoi,VNM,2024-05-01,6.2838,24,52,12.16
VNM-ADM2-014,Hanoi,VNM,2024-06-01,6.0248,10,52,12.16
VNM-ADM2-014,Hanoi,VNM,2024-07-01,4.9076,9,52,12.16
VNM-ADM2-014,Hanoi,VNM,2024-08-01,5.4077,5,52,12.16
VNM-ADM2-014,Hanoi,VNM,2024-09-01,6.4629,7,52,12.16
VNM-ADM2-014,Hanoi,VNM,2024-10-01,5.5761,13,52,12.16
VNM-ADM2-014,Hanoi,VNM,2024-11-01,5.7332,24,52,12.16
VNM-ADM2-014,Hanoi,VNM,2024-12-01,6.2046,11,52,12.16
VNM-ADM2-015,Hanoi,VNM,2019-01-01,5.2636,10,78,18.33
VNM-ADM2-015,Hanoi,VNM,2019-02-01,4.9396,12,78,18.33
VNM-ADM2-015,Hanoi,VNM,2019-03-01,5.1487,17,78,18.33
VNM-ADM2-015,Hanoi,VNM,2019-04-01,4.8798,15,78,18.33
VNM-ADM2-015,Hanoi,VNM,2019-05-01,4.9952,13,78,18.33
VNM-ADM2-015,Hanoi,VNM,2019-06-01,4.7439,10,78,18.33
VNM-ADM2-015,Hanoi,VNM,2019-07-01,5.0408,5,78,18.33
VNM-ADM2-015,Hanoi,VNM,2019-08-01,4.6763,6,78,18.33
VNM-ADM2-015,Hanoi,VNM,2019-09-01,4.8571,3,78,18.33
VNM-ADM2-015,Hanoi,VNM,2019-10-01,5.1458,13,78,18.33
VNM-ADM2-015,Hanoi,VNM,2019-11-01,4.7325,10,78,18.33
VNM-ADM2-015,Hanoi,VNM,2019-12-01,5.067,14,78,18.33
VNM-ADM2-015,Hanoi,VNM,2020-01-01,4.8957,21,78,18.33
VNM-ADM2-015,Hanoi,VNM,2020-02-01,4.7055,13,78,18.33
VNM-ADM2-015,Hanoi,VNM,2020-03-01,4.5928,8,78,18.33
VNM-ADM2-015,Hanoi,VNM,2020-04-01,4.3672,13,78,18.33
VNM-ADM2-015,Hanoi,VNM,2020-05-01,4.2456,12,78,18.33
VNM-ADM2-015,Hanoi,VNM,2020-06-01,4.1881,8,78,18.33
VNM-ADM2-015,Hanoi,VNM,2020-07-01,3.5271,3,78,18.33
VNM-ADM2-015,Hanoi,VNM,2020-08-01,3.8454,4,78,18.33
VNM-ADM2-015,Hanoi,VNM,2020-09-01,5.1865,9,78,18.33
VNM-ADM2-015,Hanoi,VNM,2020-10-01,4.745,11,78,18.33
VNM-ADM2-015,Hanoi,VNM,2020-11-01,5.0605,12,78,18.33
VNM-ADM2-015,Hanoi,VNM,2020-12-01,4.6186,10,78,18.33
VNM-ADM2-015,Hanoi,VNM,2021-01-01,5.0824,15,78,18.33
VNM-ADM2-015,Hanoi,VNM,2021-02-01,5.9182,13,78,18.33
VNM-ADM2-015,Hanoi,VNM,2021-03-01,4.8674,7,78,18.33
VNM-ADM2-015,Hanoi,VNM,2021-04-01,5.5119,15,78,18.33
VNM-ADM2-015,Hanoi,VNM,2021-05-01,5.4195,12,78,18.33
VNM-ADM2-015,Hanoi,VNM,2021-06-01,5.5198,11,78,18.33
VNM-ADM2-015,Hanoi,VNM,2021-07-01,5.0702,3,78,18.33
VNM-ADM2-015,Hanoi,VNM,2021-08-01,4.529,7,78,18.33
VNM-ADM2-015,Hanoi,VNM,2021-09-01,,0,78,18.33
VNM-ADM2-015,Hanoi,VNM,2021-10-01,4.9208,16,78,18.33
VNM-ADM2-015,Hanoi,VNM,2021-11-01,4.7007,15,78,18.33
VNM-ADM2-015,Hanoi,VNM,2021-12-01,5.1305,11,78,18.33
VNM-ADM2-015,Hanoi,VNM,2022-01-01,5.6163,15,78,18.33
VNM-ADM2-015,Hanoi,VNM,2022-02-01,5.316,17,78,18.33
VNM-ADM2-015,Hanoi,VNM,2022-03-01,5.5664,14,78,18.33
VNM-ADM2-015,Hanoi,VNM,2022-04-01,5.403,20,78,18.33
VNM-ADM2-015,Hanoi,VNM,2022-05-01,5.548,13,78,18.33
VNM-ADM2-015,Hanoi,VNM,2022-06-01,5.7306,6,78,18.33
VNM-ADM2-015,Hanoi,VNM,2022-07-01,5.216,3,78,18.33
VNM-ADM2-015,Hanoi,VNM,2022-08-01,5.5209,7,78,18.33
VNM-ADM2-015,Hanoi,VNM,2022-09-01,4.8847,10,78,18.33
VNM-ADM2-015,Hanoi,VNM,2022-10-01,5.235,14,78,18.33
VNM-ADM2-015,Hanoi,VNM,2022-11-01,5.4389,27,78,18.33
VNM-ADM2-015,Hanoi,VNM,2022-12-01,4.9585,16,78,18.33
VNM-ADM2-015,Hanoi,VNM,2023-01-01,5.2373,10,78,18.33
VNM-ADM2-015,Hanoi,VNM,2023-02-01,5.8674,13,78,18.33
VNM-ADM2-015,Hanoi,VNM,2023-03-01,5.3642,11,78,18.33
VNM-ADM2-015,Hanoi,VNM,2023-04-01,6.2159,17,78,18.33
VNM-ADM2-015,Hanoi,VNM,2023-05-01,5.5367,12,78,18.33
VNM-ADM2-015,Hanoi,VNM,2023-06-01,5.5529,9,78,18.33
VNM-ADM2-015,Hanoi,VNM,2023-07-01,5.9455,5,78,18.33
VNM-ADM2-015,Hanoi,VNM,2023-08-01,5.6753,7,78,18.33
VNM-ADM2-015,Hanoi,VNM,2023-09-01,5.7923,6,78,18.33
VNM-ADM2-015,Hanoi,VNM,2023-10-01,5.1928,14,78,18.33
VNM-ADM2-015,Hanoi,VNM,2023-11-01,5.3213,11,78,18.33
VNM-ADM2-015,Hanoi,VNM,2023-12-01,5.785,16,78,18.33
VNM-ADM2-015,Hanoi,VNM,2024-01-01,5.7281,9,78,18.33
VNM-ADM2-015,Hanoi,VNM,2024-02-01,5.7661,13,78,18.33
VNM-ADM2-015,Hanoi,VNM,2024-03-01,6.0821,11,78,18.33
VNM-ADM2-015,Hanoi,VNM,2024-04-01,5.6527,10,78,18.33
VNM-ADM2-015,Hanoi,VNM,2024-05-01,5.7749,17,78,18.33
VNM-ADM2-015,Hanoi,VNM,2024-06-01,6.9217,10,78,18.33
VNM-ADM2-015,Hanoi,VNM,2024-07-01,5.3356,4,78,18.33
VNM-ADM2-015,Hanoi,VNM,2024-08-01,5.8819,5,78,18.33
VNM-ADM2-015,Hanoi,VNM,2024-09-01,5.3029,8,78,18.33
VNM-ADM2-015,Hanoi,VNM,2024-10-01,5.7638,12,78,18.33
VNM-ADM2-015,Hanoi,VNM,2024-11-01,5.7405,12,78,18.33
VNM-ADM2-015,Hanoi,VNM,2024-12-01,5.7214,15,78,18.33
VNM-ADM2-016,Hanoi,VNM,2019-01-01,16.1174,16,42,9.86
VNM-ADM2-016,Hanoi,VNM,2019-02-01,14.1094,13,42,9.86
VNM-ADM2-016,Hanoi,VNM,2019-03-01,15.9437,18,42,9.86
VNM-ADM2-016,Hanoi,VNM,2019-04-01,16.9715,12,42,9.86
VNM-ADM2-016,Hanoi,VNM,2019-05-01,15.3936,11,42,9.86
VNM-ADM2-016,Hanoi,VNM,2019-06-01,15.0212,6,42,9.86
VNM-ADM2-016,Hanoi,VNM,2019-07-01,15.6495,7,42,9.86
VNM-ADM2-016,Hanoi,VNM,2019-08-01,14.0241,9,42,9.86
VNM-ADM2-016,Hanoi,VNM,2019-09-01,14.0847,4,42,9.86
VNM-ADM2-016,Hanoi,VNM,2019-10-01,14.2143,16,42,9.86
VNM-ADM2-016,Hanoi,VNM,2019-11-01,14.4392,10,42,9.86
VNM-ADM2-016,Hanoi,VNM,2019-12-01,14.8261,12,42,9.86
VNM-ADM2-016,Hanoi,VNM,2020-01-01,15.4426,9,42,9.86
VNM-ADM2-016,Hanoi,VNM,2020-02-01,15.5705,11,42,9.86
VNM-ADM2-016,Hanoi,VNM,2020-03-01,16.2641,17,42,9.86
VNM-ADM2-016,Hanoi,VNM,2020-04-01,13.2386,14,42,9.86
VNM-ADM2-016,Hanoi,VNM,2020-05-01,11.7845,14,42,9.86
VNM-ADM2-016,Hanoi,VNM,2020-06-01,12.0736,4,42,9.86
VNM-ADM2-016,Hanoi,VNM,2020-07-01,11.3733,4,42,9.86
VNM-ADM2-016,Hanoi,VNM,2020-08-01,11.849,4,42,9.86
VNM-ADM2-016,Hanoi,VNM,2020-09-01,,0,42,9.86
VNM-ADM2-016,Hanoi,VNM,2020-10-01,15.7656,18,42,9.86
VNM-ADM2-016,Hanoi,VNM,2020-11-01,14.9094,9,42,9.86
VNM-ADM2-016,Hanoi,VNM,2020-12-01,14.5747,15,42,9.86
VNM-ADM2-016,Hanoi,VNM,2021-01-01,17.18,15,42,9.86
VNM-ADM2-016,Hanoi,VNM,2021-02-01,17.3309,15,42,9.86
VNM-ADM2-016,Hanoi,VNM,2021-03-01,14.6411,12,42,9.86
VNM-ADM2-016,Hanoi,VNM,2021-04-01,17.8118,12,42,9.86
VNM-ADM2-016,Hanoi,VNM,2021-05-01,16.9509,12,42,9.86
VNM-ADM2-016,Hanoi,VNM,2021-06-01,17.9204,7,42,9.86
VNM-ADM2-016,Hanoi,VNM,2021-07-01,16.2623,12,42,9.86
VNM-ADM2-016,Hanoi,VNM,2021-08-01,15.0637,9,42,9.86
VNM-ADM2-016,Hanoi,VNM,2021-09-01,17.3774,6,42,9.86
VNM-ADM2-016,Hanoi,VNM,2021-10-01,15.756,7,42,9.86
VNM-ADM2-016,Hanoi,VNM,2021-11-01,17.201,20,42,9.86
VNM-ADM2-016,Hanoi,VNM,2021-12-01,14.8851,8,42,9.86
VNM-ADM2-016,Hanoi,VNM,2022-01-01,17.2346,19,42,9.86
VNM-ADM2-016,Hanoi,VNM,2022-02-01,17.7296,12,42,9.86
VNM-ADM2-016,Hanoi,VNM,2022-03-01,19.3393,21,42,9.86
VNM-ADM2-016,Hanoi,VNM,2022-04-01,17.5515,20,42,9.86
VNM-ADM2-016,Hanoi,VNM,2022-05-01,17.9009,10,42,9.86
VNM-ADM2-016,Hanoi,VNM,2022-06-01,18.5194,4,42,9.86
VNM-ADM2-016,Hanoi,VNM,2022-07-01,15.2558,12,42,9.86
VNM-ADM2-016,Hanoi,VNM,2022-08-01,16.2349,8,42,9.86
VNM-ADM2-016,Hanoi,VNM,2022-09-01,15.9869,7,42,9.86
VNM-ADM2-016,Hanoi,VNM,2022-10-01,15.8835,17,42,9.86
VNM-ADM2-016,Hanoi,VNM,2022-11-01,16.2714,15,42,9.86
VNM-ADM2-016,Hanoi,VNM,2022-12-01,17.2609,9,42,9.86
VNM-ADM2-016,Hanoi,VNM,2023-01-01,15.829,13,42,9.86
VNM-ADM2-016,Hanoi,VNM,2023-02-01,15.1825,19,42,9.86
VNM-ADM2-016,Hanoi,VNM,2023-03-01,19.4298,9,42,9.86
VNM-ADM2-016,Hanoi,VNM,2023-04-01,17.9664,16,42,9.86
VNM-ADM2-016,Hanoi,VNM,2023-05-01,17.2963,10,42,9.86
VNM-ADM2-016,Hanoi,VNM,2023-06-01,15.9052,6,42,9.86
VNM-ADM2-016,Hanoi,VNM,2023-07-01,17.0667,6,42,9.86
VNM-ADM2-016,Hanoi,VNM,2023-08-01,19.3857,10,42,9.86
VNM-ADM2-016,Hanoi,VNM,2023-09-01,17.5118,1,42,9.86
VNM-ADM2-016,Hanoi,VNM,2023-10-01,17.704,18,42,9.86
VNM-ADM2-016,Hanoi,VNM,2023-11-01,18.5501,24,42,9.86
VNM-ADM2-016,Hanoi,VNM,2023-12-01,17.6534,19,42,9.86
VNM-ADM2-016,Hanoi,VNM,2024-01-01,16.4245,14,42,9.86
VNM-ADM2-016,Hanoi,VNM,2024-02-01,16.602,13,42,9.86
VNM-ADM2-016,Hanoi,VNM,2024-03-01,20.281,15,42,9.86
VNM-ADM2-016,Hanoi,VNM,2024-04-01,19.4849,14,42,9.86
VNM-ADM2-016,Hanoi,VNM,2024-05-01,17.5616,10,42,9.86
VNM-ADM2-016,Hanoi,VNM,2024-06-01,17.3962,3,42,9.86
VNM-ADM2-016,Hanoi,VNM,2024-07-01,18.5146,14,42,9.86
VNM-ADM2-016,Hanoi,VNM,2024-08-01,18.2724,7,42,9.86
VNM-ADM2-016,Hanoi,VNM,2024-09-01,17.3782,7,42,9.86
VNM-ADM2-016,Hanoi,VNM,2024-10-01,17.9257,10,42,9.86
VNM-ADM2-016,Hanoi,VNM,2024-11-01,18.7797,13,42,9.86
VNM-ADM2-016,Hanoi,VNM,2024-12-01,18.1582,10,42,9.86
VNM-ADM2-017,Hanoi,VNM,2019-01-01,4.1274,9,17,3.96
VNM-ADM2-017,Hanoi,VNM,2019-02-01,4.9928,15,17,3.96
VNM-ADM2-017,Hanoi,VNM,2019-03-01,4.8926,12,17,3.96
VNM-ADM2-017,Hanoi,VNM,2019-04-01,4.5795,14,17,3.96
VNM-ADM2-017,Hanoi,VNM,2019-05-01,4.045,22,17,3.96
VNM-ADM2-017,Hanoi,VNM,2019-06-01,4.2287,2,17,3.96
VNM-ADM2-017,Hanoi,VNM,2019-07-01,4.7294,9,17,3.96
VNM-ADM2-017,Hanoi,VNM,2019-08-01,4.1638,7,17,3.96
VNM-ADM2-017,Hanoi,VNM,2019-09-01,4.7326,4,17,3.96
VNM-ADM2-017,Hanoi,VNM,2019-10-01,4.1791,13,17,3.96
VNM-ADM2-017,Hanoi,VNM,2019-11-01,4.5823,21,17,3.96
VNM-ADM2-017,Hanoi,VNM,2019-12-01,4.2175,14,17,3.96
VNM-ADM2-017,Hanoi,VNM,2020-01-01,4.2155,14,17,3.96
VNM-ADM2-017,Hanoi,VNM,2020-02-01,4.5445,22,17,3.96
VNM-ADM2-017,Hanoi,VNM,2020-03-01,4.6612,11,17,3.96
VNM-ADM2-017,Hanoi,VNM,2020-04-01,3.7575,14,17,3.96
VNM-ADM2-017,Hanoi,VNM,2020-05-01,4.374,11,17,3.96
VNM-ADM2-017,Hanoi,VNM,2020-06-01,3.6192,4,17,3.96
VNM-ADM2-017,Hanoi,VNM,2020-07-01,3.6459,2,17,3.96
VNM-ADM2-017,Hanoi,VNM,2020-08-01,3.6314,12,17,3.96
VNM-ADM2-017,Hanoi,VNM,2020-09-01,3.8734,8,17,3.96
VNM-ADM2-017,Hanoi,VNM,2020-10-01,4.6707,11,17,3.96
VNM-ADM2-017,Hanoi,VNM,2020-11-01,4.2692,17,17,3.96
VNM-ADM2-017,Hanoi,VNM,2020-12-01,4.1896,11,17,3.96
VNM-ADM2-017,Hanoi,VNM,2021-01-01,4.4326,9,17,3.96
VNM-ADM2-017,Hanoi,VNM,2021-02-01,4.1925,13,17,3.96
VNM-ADM2-017,Hanoi,VNM,2021-03-01,5.2366,11,17,3.96
VNM-ADM2-017,Hanoi,VNM,2021-04-01,4.7049,16,17,3.96
VNM-ADM2-017,Hanoi,VNM,2021-05-01,5.1905,12,17,3.96
VNM-ADM2-017,Hanoi,VNM,2021-06-01,4.9244,6,17,3.96
VNM-ADM2-017,Hanoi,VNM,2021-07-01,4.9492,4,17,3.96
VNM-ADM2-017,Hanoi,VNM,2021-08-01,4.162,14,17,3.96
VNM-ADM2-017,Hanoi,VNM,2021-09-01,4.6614,5,17,3.96
VNM-ADM2-017,Hanoi,VNM,2021-10-01,4.327,7,17,3.96
VNM-ADM2-017,Hanoi,VNM,2021-11-01,4.52,13,17,3.96
VNM-ADM2-017,Hanoi,VNM,2021-12-01,4.8631,19,17,3.96
VNM-ADM2-017,Hanoi,VNM,2022-01-01,4.5175,17,17,3.96
VNM-ADM2-017,Hanoi,VNM,2022-02-01,4.7429,17,17,3.96
VNM-ADM2-017,Hanoi,VNM,2022-03-01,5.1749,10,17,3.96
VNM-ADM2-017,Hanoi,VNM,2022-04-01,5.2797,19,17,3.96
VNM-ADM2-017,Hanoi,VNM,2022-05-01,5.2216,12,17,3.96
VNM-ADM2-017,Hanoi,VNM,2022-06-01,5.0859,10,17,3.96
VNM-ADM2-017,Hanoi,VNM,2022-07-01,5.114,5,17,3.96
VNM-ADM2-017,Hanoi,VNM,2022-08-01,4.6633,3,17,3.96
VNM-ADM2-017,Hanoi,VNM,2022-09-01,5.267,8,17,3.96
VNM-ADM2-017,Hanoi,VNM,2022-10-01,4.4091,18,17,3.96
VNM-ADM2-017,Hanoi,VNM,2022-11-01,4.848,8,17,3.96
VNM-ADM2-017,Hanoi,VNM,2022-12-01,5.4497,8,17,3.96
VNM-ADM2-017,Hanoi,VNM,2023-01-01,4.9433,5,17,3.96
VNM-ADM2-017,Hanoi,VNM,2023-02-01,5.104,16,17,3.96
VNM-ADM2-017,Hanoi,VNM,2023-03-01,5.6283,14,17,3.96
VNM-ADM2-017,Hanoi,VNM,2023-04-01,4.8193,16,17,3.96
VNM-ADM2-017,Hanoi,VNM,2023-05-01,5.0838,15,17,3.96
VNM-ADM2-017,Hanoi,VNM,2023-06-01,4.9279,9,17,3.96
VNM-ADM2-017,Hanoi,VNM,2023-07-01,4.978,3,17,3.96
VNM-ADM2-017,Hanoi,VNM,2023-08-01,5.2702,8,17,3.96
VNM-ADM2-017,Hanoi,VNM,2023-09-01,5.1488,6,17,3.96
VNM-ADM2-017,Hanoi,VNM,2023-10-01,4.9941,13,17,3.96
VNM-ADM2-017,Hanoi,VNM,2023-11-01,4.9718,11,17,3.96
VNM-ADM2-017,Hanoi,VNM,2023-12-01,4.7893,9,17,3.96
VNM-ADM2-017,Hanoi,VNM,2024-01-01,4.9305,11,17,3.96
VNM-ADM2-017,Hanoi,VNM,2024-02-01,4.9889,12,17,3.96
VNM-ADM2-017,Hanoi,VNM,2024-03-01,5.5231,10,17,3.96
VNM-ADM2-017,Hanoi,VNM,2024-04-01,5.836,15,17,3.96
VNM-ADM2-017,Hanoi,VNM,2024-05-01,4.9838,16,17,3.96
VNM-ADM2-017,Hanoi,VNM,2024-06-01,4.9303,6,17,3.96
VNM-ADM2-017,Hanoi,VNM,2024-07-01,5.3907,2,17,3.96
VNM-ADM2-017,Hanoi,VNM,2024-08-01,5.3093,3,17,3.96
VNM-ADM2-017,Hanoi,VNM,2024-09-01,5.206,6,17,3.96
VNM-ADM2-017,Hanoi,VNM,2024-10-01,5.2766,14,17,3.96
VNM-ADM2-017,Hanoi,VNM,2024-11-01,4.8712,18,17,3.96
VNM-ADM2-017,Hanoi,VNM,2024-12-01,4.9527,19,17,3.96
VNM-ADM2-018,Hanoi,VNM,2019-01-01,8.7261,14,37,8.61
VNM-ADM2-018,Hanoi,VNM,2019-02-01,9.2904,5,37,8.61
VNM-ADM2-018,Hanoi,VNM,2019-03-01,9.4555,11,37,8.61
VNM-ADM2-018,Hanoi,VNM,2019-04-01,9.111,11,37,8.61
VNM-ADM2-018,Hanoi,VNM,2019-05-01,9.8405,14,37,8.61
VNM-ADM2-018,Hanoi,VNM,2019-06-01,9.8118,5,37,8.61
VNM-ADM2-018,Hanoi,VNM,2019-07-01,9.729,5,37,8.61
VNM-ADM2-018,Hanoi,VNM,2019-08-01,8.5471,8,37,8.61
VNM-ADM2-018,Hanoi,VNM,2019-09-01,8.9677,2,37,8.61
VNM-ADM2-018,Hanoi,VNM,2019-10-01,9.9954,12,37,8.61
VNM-ADM2-018,Hanoi,VNM,2019-11-01,9.8466,6,37,8.61
VNM-ADM2-018,Hanoi,VNM,2019-12-01,9.5263,12,37,8.61
VNM-ADM2-018,Hanoi,VNM,2020-01-01,8.9258,18,37,8.61
VNM-ADM2-018,Hanoi,VNM,2020-02-01,9.9856,12,37,8.61
VNM-ADM2-018,Hanoi,VNM,2020-03-01,10.6651,19,37,8.61
VNM-ADM2-018,Hanoi,VNM,2020-04-01,8.1649,18,37,8.61
VNM-ADM2-018,Hanoi,VNM,2020-05-01,7.8635,14,37,8.61
VNM-ADM2-018,Hanoi,VNM,2020-06-01,8.2283,6,37,8.61
VNM-ADM2-018,Hanoi,VNM,2020-07-01,6.9218,8,37,8.61
VNM-ADM2-018,Hanoi,VNM,2020-08-01,8.0217,7,37,8.61
VNM-ADM2-018,Hanoi,VNM,2020-09-01,9.2239,11,37,8.61
VNM-ADM2-018,Hanoi,VNM,2020-10-01,9.738,17,37,8.61
VNM-ADM2-018,Hanoi,VNM,2020-11-01,9.7047,15,37,8.61
VNM-ADM2-018,Hanoi,VNM,2020-12-01,9.9562,14,37,8.61
VNM-ADM2-018,Hanoi,VNM,2021-01-01,9.8117,16,37,8.61
VNM-ADM2-018,Hanoi,VNM,2021-02-01,10.7644,19,37,8.61
VNM-ADM2-018,Hanoi,VNM,2021-03-01,10.8393,18,37,8.61
VNM-ADM2-018,Hanoi,VNM,2021-04-01,10.6066,12,37,8.61
VNM-ADM2-018,Hanoi,VNM,2021-05-01,10.4865,11,37,8.61
VNM-ADM2-018,Hanoi,VNM,2021-06-01,10.7962,7,37,8.61
VNM-ADM2-018,Hanoi,VNM,2021-07-01,10.7925,4,37,8.61
VNM-ADM2-018,Hanoi,VNM,2021-08-01,10.9936,5,37,8.61
VNM-ADM2-018,Hanoi,VNM,2021-09-01,10.2394,7,37,8.61
VNM-ADM2-018,Hanoi,VNM,2021-10-01,10.8564,15,37,8.61
VNM-ADM2-018,Hanoi,VNM,2021-11-01,10.6383,12,37,8.61
VNM-ADM2-018,Hanoi,VNM,2021-12-01,10.0788,17,37,8.61
VNM-ADM2-018,Hanoi,VNM,2022-01-01,10.4284,8,37,8.61
VNM-ADM2-018,Hanoi,VNM,2022-02-01,10.5885,10,37,8.61
VNM-ADM2-018,Hanoi,VNM,2022-03-01,10.6653,10,37,8.61
VNM-ADM2-018,Hanoi,VNM,2022-04-01,10.7483,8,37,8.61
VNM-ADM2-018,Hanoi,VNM,2022-05-01,12.3335,8,37,8.61
VNM-ADM2-018,Hanoi,VNM,2022-06-01,10.3257,7,37,8.61
VNM-ADM2-018,Hanoi,VNM,2022-07-01,11.5203,9,37,8.61
VNM-ADM2-018,Hanoi,VNM,2022-08-01,11.5389,12,37,8.61
VNM-ADM2-018,Hanoi,VNM,2022-09-01,10.6077,13,37,8.61
VNM-ADM2-018,Hanoi,VNM,2022-10-01,10.9929,15,37,8.61
VNM-ADM2-018,Hanoi,VNM,2022-11-01,11.7441,11,37,8.61
VNM-ADM2-018,Hanoi,VNM,2022-12-01,11.4409,13,37,8.61
VNM-ADM2-018,Hanoi,VNM,2023-01-01,11.0371,17,37,8.61
VNM-ADM2-018,Hanoi,VNM,2023-02-01,12.2195,8,37,8.61
VNM-ADM2-018,Hanoi,VNM,2023-03-01,11.1814,16,37,8.61
VNM-ADM2-018,Hanoi,VNM,2023-04-01,13.017,19,37,8.61
VNM-ADM2-018,Hanoi,VNM,2023-05-01,12.9267,17,37,8.61
VNM-ADM2-018,Hanoi,VNM,2023-06-01,12.6088,7,37,8.61
VNM-ADM2-018,Hanoi,VNM,2023-07-01,11.1218,5,37,8.61
VNM-ADM2-018,Hanoi,VNM,2023-08-01,11.5143,3,37,8.61
VNM-ADM2-018,Hanoi,VNM,2023-09-01,11.6099,2,37,8.61
VNM-ADM2-018,Hanoi,VNM,2023-10-01,10.9994,13,37,8.61
VNM-ADM2-018,Hanoi,VNM,2023-11-01,10.4316,6,37,8.61
VNM-ADM2-018,Hanoi,VNM,2023-12-01,11.2411,17,37,8.61
VNM-ADM2-018,Hanoi,VNM,2024-01-01,12.2647,16,37,8.61
VNM-ADM2-018,Hanoi,VNM,2024-02-01,11.5389,7,37,8.61
VNM-ADM2-018,Hanoi,VNM,2024-03-01,13.879,13,37,8.61
VNM-ADM2-018,Hanoi,VNM,2024-04-01,11.648,16,37,8.61
VNM-ADM2-018,Hanoi,VNM,2024-05-01,12.3477,15,37,8.61
VNM-ADM2-018,Hanoi,VNM,2024-06-01,12.9199,6,37,8.61
VNM-ADM2-018,Hanoi,VNM,2024-07-01,12.2358,2,37,8.61
VNM-ADM2-018,Hanoi,VNM,2024-08-01,11.8771,4,37,8.61
VNM-ADM2-018,Hanoi,VNM,2024-09-01,11.3862,6,37,8.61
VNM-ADM2-018,Hanoi,VNM,2024-10-01,11.3988,13,37,8.61
VNM-ADM2-018,Hanoi,VNM,2024-11-01,11.7236,9,37,8.61
VNM-ADM2-018,Hanoi,VNM,2024-12-01,12.3452,16,37,8.61
VNM-ADM2-019,Hanoi,VNM,2019-01-01,6.2574,14,63,14.83
VNM-ADM2-019,Hanoi,VNM,2019-02-01,6.294,18,63,14.83
VNM-ADM2-019,Hanoi,VNM,2019-03-01,6.5396,9,63,14.83
VNM-ADM2-019,Hanoi,VNM,2019-04-01,6.3102,17,63,14.83
VNM-ADM2-019,Hanoi,VNM,2019-05-01,7.1569,8,63,14.83
VNM-ADM2-019,Hanoi,VNM,2019-06-01,6.5156,15,63,14.83
VNM-ADM2-019,Hanoi,VNM,2019-07-01,5.8976,6,63,14.83
VNM-ADM2-019,Hanoi,VNM,2019-08-01,6.5326,4,63,14.83
VNM-ADM2-019,Hanoi,VNM,2019-09-01,6.7496,6,63,14.83
VNM-ADM2-019,Hanoi,VNM,2019-10-01,6.0477,13,63,14.83
VNM-ADM2-019,Hanoi,VNM,2019-11-01,7.4195,14,63,14.83
VNM-ADM2-019,Hanoi,VNM,2019-12-01,6.6743,13,63,14.83
VNM-ADM2-019,Hanoi,VNM,2020-01-01,7.4871,7,63,14.83
VNM-ADM2-019,Hanoi,VNM,2020-02-01,7.5221,19,63,14.83
VNM-ADM2-019,Hanoi,VNM,2020-03-01,6.5318,23,63,14.83
VNM-ADM2-019,Hanoi,VNM,2020-04-01,5.7331,14,63,14.83
VNM-ADM2-019,Hanoi,VNM,2020-05-01,5.8233,14,63,14.83
VNM-ADM2-019,Hanoi,VNM,2020-06-01,5.4639,3,63,14.83
VNM-ADM2-019,Hanoi,VNM,2020-07-01,5.3164,22,63,14.83
VNM-ADM2-019,Hanoi,VNM,2020-08-01,5.2607,10,63,14.83
VNM-ADM2-019,Hanoi,VNM,2020-09-01,,0,63,14.83
VNM-ADM2-019,Hanoi,VNM,2020-10-01,6.4117,19,63,14.83
VNM-ADM2-019,Hanoi,VNM,2020-11-01,6.7385,12,63,14.83
VNM-ADM2-019,Hanoi,VNM,2020-12-01,6.6631,16,63,14.83
VNM-ADM2-019,Hanoi,VNM,2021-01-01,7.054,12,63,14.83
VNM-ADM2-019,Hanoi,VNM,2021-02-01,7.2248,14,63,14.83
VNM-ADM2-019,Hanoi,VNM,2021-03-01,7.7815,21,63,14.83
VNM-ADM2-019,Hanoi,VNM,2021-04-01,6.6866,19,63,14.83
VNM-ADM2-019,Hanoi,VNM,2021-05-01,7.182,12,63,14.83
VNM-ADM2-019,Hanoi,VNM,2021-06-01,6.5827,9,63,14.83
VNM-ADM2-019,Hanoi,VNM,2021-07-01,7.4355,8,63,14.83
VNM-ADM2-019,Hanoi,VNM,2021-08-01,7.4528,16,63,14.83
VNM-ADM2-019,Hanoi,VNM,2021-09-01,7.1633,3,63,14.83
VNM-ADM2-019,Hanoi,VNM,2021-10-01,6.4118,24,63,14.83
VNM-ADM2-019,Hanoi,VNM,2021-11-01,6.6675,23,63,14.83
VNM-ADM2-019,Hanoi,VNM,2021-12-01,7.1817,16,63,14.83
VNM-ADM2-019,Hanoi,VNM,2022-01-01,7.2916,20,63,14.83
VNM-ADM2-019,Hanoi,VNM,2022-02-01,7.5524,13,63,14.83
VNM-ADM2-019,Hanoi,VNM,2022-03-01,7.3778,14,63,14.83
VNM-ADM2-019,Hanoi,VNM,2022-04-01,7.219,20,63,14.83
VNM-ADM2-019,Hanoi,VNM,2022-05-01,7.8115,11,63,14.83
VNM-ADM2-019,Hanoi,VNM,2022-06-01,7.9108,8,63,14.83
VNM-ADM2-019,Hanoi,VNM,2022-07-01,7.5332,4,63,14.83
VNM-ADM2-019,Hanoi,VNM,2022-08-01,7.2727,6,63,14.83
VNM-ADM2-019,Hanoi,VNM,2022-09-01,,0,63,14.83
VNM-ADM2-019,Hanoi,VNM,2022-10-01,6.5715,18,63,14.83
VNM-ADM2-019,Hanoi,VNM,2022-11-01,6.9811,12,63,14.83
VNM-ADM2-019,Hanoi,VNM,2022-12-01,7.4657,14,63,14.83
VNM-ADM2-019,Hanoi,VNM,2023-01-01,7.7894,16,63,14.83
VNM-ADM2-019,Hanoi,VNM,2023-02-01,7.5384,14,63,14.83
VNM-ADM2-019,Hanoi,VNM,2023-03-01,7.7349,17,63,14.83
VNM-ADM2-019,Hanoi,VNM,2023-04-01,7.6134,14,63,14.83
VNM-ADM2-019,Hanoi,VNM,2023-05-01,8.2888,17,63,14.83
VNM-ADM2-019,Hanoi,VNM,2023-06-01,7.7008,14,63,14.83
VNM-ADM2-019,Hanoi,VNM,2023-07-01,6.9427,5,63,14.83
VNM-ADM2-019,Hanoi,VNM,2023-08-01,7.7154,5,63,14.83
VNM-ADM2-019,Hanoi,VNM,2023-09-01,6.9636,8,63,14.83
VNM-ADM2-019,Hanoi,VNM,2023-10-01,6.9262,14,63,14.83
VNM-ADM2-019,Hanoi,VNM,2023-11-01,8.4235,16,63,14.83
VNM-ADM2-019,Hanoi,VNM,2023-12-01,7.5879,15,63,14.83
VNM-ADM2-019,Hanoi,VNM,2024-01-01,8.6355,16,63,14.83
VNM-ADM2-019,Hanoi,VNM,2024-02-01,8.4093,16,63,14.83
VNM-ADM2-019,Hanoi,VNM,2024-03-01,7.7445,11,63,14.83
VNM-ADM2-019,Hanoi,VNM,2024-04-01,8.4743,8,63,14.83
VNM-ADM2-019,Hanoi,VNM,2024-05-01,8.5984,13,63,14.83
VNM-ADM2-019,Hanoi,VNM,2024-06-01,7.9617,8,63,14.83
VNM-ADM2-019,Hanoi,VNM,2024-07-01,9.468,1,63,14.83
VNM-ADM2-019,Hanoi,VNM,2024-08-01,8.1257,7,63,14.83
VNM-ADM2-019,Hanoi,VNM,2024-09-01,7.995,5,63,14.83
VNM-ADM2-019,Hanoi,VNM,2024-10-01,7.4389,16,63,14.83
VNM-ADM2-019,Hanoi,VNM,2024-11-01,8.2405,15,63,14.83
VNM-ADM2-019,Hanoi,VNM,2024-12-01,8.0717,13,63,14.83
VNM-ADM2-020,Hanoi,VNM,2019-01-01,15.4154,18,70,16.33
VNM-ADM2-020,Hanoi,VNM,2019-02-01,16.9902,14,70,16.33
VNM-ADM2-020,Hanoi,VNM,2019-03-01,15.6856,14,70,16.33
VNM-ADM2-020,Hanoi,VNM,2019-04-01,16.5682,8,70,16.33
VNM-ADM2-020,Hanoi,VNM,2019-05-01,13.896,13,70,16.33
VNM-ADM2-020,Hanoi,VNM,2019-06-01,15.6223,6,70,16.33
VNM-ADM2-020,Hanoi,VNM,2019-07-01,13.4151,7,70,16.33
VNM-ADM2-020,Hanoi,VNM,2019-08-01,16.1753,9,70,16.33
VNM-ADM2-020,Hanoi,VNM,2019-09-01,16.3537,3,70,16.33
VNM-ADM2-020,Hanoi,VNM,2019-10-01,14.1601,8,70,16.33
VNM-ADM2-020,Hanoi,VNM,2019-11-01,15.0161,11,70,16.33
VNM-ADM2-020,Hanoi,VNM,2019-12-01,15.4732,9,70,16.33
VNM-ADM2-020,Hanoi,VNM,2020-01-01,16.379,8,70,16.33
VNM-ADM2-020,Hanoi,VNM,2020-02-01,15.7638,18,70,16.33
VNM-ADM2-020,Hanoi,VNM,2020-03-01,16.1804,19,70,16.33
VNM-ADM2-020,Hanoi,VNM,2020-04-01,13.3869,19,70,16.33
VNM-ADM2-020,Hanoi,VNM,2020-05-01,13.1697,17,70,16.33
VNM-ADM2-020,Hanoi,VNM,2020-06-01,13.1806,17,70,16.33
VNM-ADM2-020,Hanoi,VNM,2020-07-01,12.3691,6,70,16.33
VNM-ADM2-020,Hanoi,VNM,2020-08-01,12.5247,8,70,16.33
VNM-ADM2-020,Hanoi,VNM,2020-09-01,14.3737,14,70,16.33
VNM-ADM2-020,Hanoi,VNM,2020-10-01,14.3445,12,70,16.33
VNM-ADM2-020,Hanoi,VNM,2020-11-01,14.516,9,70,16.33
VNM-ADM2-020,Hanoi,VNM,2020-12-01,14.1407,11,70,16.33
VNM-ADM2-020,Hanoi,VNM,2021-01-01,16.3094,15,70,16.33
VNM-ADM2-020,Hanoi,VNM,2021-02-01,15.2463,15,70,16.33
VNM-ADM2-020,Hanoi,VNM,2021-03-01,17.0146,13,70,16.33
VNM-ADM2-020,Hanoi,VNM,2021-04-01,15.9709,27,70,16.33
VNM-ADM2-020,Hanoi,VNM,2021-05-01,15.7918,16,70,16.33
VNM-ADM2-020,Hanoi,VNM,2021-06-01,17.0506,9,70,16.33
VNM-ADM2-020,Hanoi,VNM,2021-07-01,15.2195,3,70,16.33
VNM-ADM2-020,Hanoi,VNM,2021-08-01,16.2093,3,70,16.33
VNM-ADM2-020,Hanoi,VNM,2021-09-01,15.4387,8,70,16.33
VNM-ADM2-020,Hanoi,VNM,2021-10-01,14.2005,15,70,16.33
VNM-ADM2-020,Hanoi,VNM,2021-11-01,14.4099,6,70,16.33
VNM-ADM2-020,Hanoi,VNM,2021-12-01,15.2864,14,70,16.33
VNM-ADM2-020,Hanoi,VNM,2022-01-01,16.7505,10,70,16.33
VNM-ADM2-020,Hanoi,VNM,2022-02-01,17.2626,17,70,16.33
VNM-ADM2-020,Hanoi,VNM,2022-03-01,19.3255,13,70,16.33
VNM-ADM2-020,Hanoi,VNM,2022-04-01,18.4846,10,70,16.33
VNM-ADM2-020,Hanoi,VNM,2022-05-01,17.204,25,70,16.33
VNM-ADM2-020,Hanoi,VNM,2022-06-01,15.7624,4,70,16.33
VNM-ADM2-020,Hanoi,VNM,2022-07-01,15.4705,2,70,16.33
VNM-ADM2-020,Hanoi,VNM,2022-08-01,17.3112,3,70,16.33
VNM-ADM2-020,Hanoi,VNM,2022-09-01,15.2957,2,70,16.33
VNM-ADM2-020,Hanoi,VNM,2022-10-01,16.5224,20,70,16.33
VNM-ADM2-020,Hanoi,VNM,2022-11-01,16.7556,11,70,16.33
VNM-ADM2-020,Hanoi,VNM,2022-12-01,16.5514,11,70,16.33
VNM-ADM2-020,Hanoi,VNM,2023-01-01,18.5501,13,70,16.33
VNM-ADM2-020,Hanoi,VNM,2023-02-01,15.7179,13,70,16.33
VNM-ADM2-020,Hanoi,VNM,2023-03-01,17.4501,12,70,16.33
VNM-ADM2-020,Hanoi,VNM,2023-04-01,15.3112,16,70,16.33
VNM-ADM2-020,Hanoi,VNM,2023-05-01,17.7959,12,70,16.33
VNM-ADM2-020,Hanoi,VNM,2023-06-01,18.3026,9,70,16.33
VNM-ADM2-020,Hanoi,VNM,2023-07-01,18.4814,10,70,16.33
VNM-ADM2-020,Hanoi,VNM,2023-08-01,17.5323,6,70,16.33
VNM-ADM2-020,Hanoi,VNM,2023-09-01,17.7571,8,70,16.33
VNM-ADM2-020,Hanoi,VNM,2023-10-01,16.795,13,70,16.33
VNM-ADM2-020,Hanoi,VNM,2023-11-01,16.2669,15,70,16.33
VNM-ADM2-020,Hanoi,VNM,2023-12-01,15.6948,12,70,16.33
VNM-ADM2-020,Hanoi,VNM,2024-01-01,17.0726,10,70,16.33
VNM-ADM2-020,Hanoi,VNM,2024-02-01,19.7672,14,70,16.33
VNM-ADM2-020,Hanoi,VNM,2024-03-01,17.6383,13,70,16.33
VNM-ADM2-020,Hanoi,VNM,2024-04-01,19.9984,8,70,16.33
VNM-ADM2-020,Hanoi,VNM,2024-05-01,16.6442,19,70,16.33
VNM-ADM2-020,Hanoi,VNM,2024-06-01,18.3804,8,70,16.33
VNM-ADM2-020,Hanoi,VNM,2024-07-01,19.2101,4,70,16.33
VNM-ADM2-020,Hanoi,VNM,2024-08-01,16.799,6,70,16.33
VNM-ADM2-020,Hanoi,VNM,2024-09-01,15.3974,10,70,16.33
VNM-ADM2-020,Hanoi,VNM,2024-10-01,15.7096,14,70,16.33
VNM-ADM2-020,Hanoi,VNM,2024-11-01,18.8434,19,70,16.33
VNM-ADM2-020,Hanoi,VNM,2024-12-01,17.8905,21,70,16.33
VNM-ADM2-021,Hanoi,VNM,2019-01-01,6.6358,18,77,18.06
VNM-ADM2-021,Hanoi,VNM,2019-02-01,7.224,13,77,18.06
VNM-ADM2-021,Hanoi,VNM,2019-03-01,6.8694,12,77,18.06
VNM-ADM2-021,Hanoi,VNM,2019-04-01,7.1733,13,77,18.06
VNM-ADM2-021,Hanoi,VNM,2019-05-01,6.3291,17,77,18.06
VNM-ADM2-021,Hanoi,VNM,2019-06-01,6.682,10,77,18.06
VNM-ADM2-021,Hanoi,VNM,2019-07-01,6.3734,10,77,18.06
VNM-ADM2-021,Hanoi,VNM,2019-08-01,6.2621,4,77,18.06
VNM-ADM2-021,Hanoi,VNM,2019-09-01,5.9952,3,77,18.06
VNM-ADM2-021,Hanoi,VNM,2019-10-01,6.3158,8,77,18.06
VNM-ADM2-021,Hanoi,VNM,2019-11-01,6.3076,16,77,18.06
VNM-ADM2-021,Hanoi,VNM,2019-12-01,6.8801,9,77,18.06
VNM-ADM2-021,Hanoi,VNM,2020-01-01,6.1346,19,77,18.06
VNM-ADM2-021,Hanoi,VNM,2020-02-01,6.5062,18,77,18.06
VNM-ADM2-021,Hanoi,VNM,2020-03-01,6.7373,14,77,18.06
VNM-ADM2-021,Hanoi,VNM,2020-04-01,5.7244,14,77,18.06
VNM-ADM2-021,Hanoi,VNM,2020-05-01,5.9285,9,77,18.06
VNM-ADM2-021,Hanoi,VNM,2020-06-01,5.5773,18,77,18.06
VNM-ADM2-021,Hanoi,VNM,2020-07-01,5.7467,9,77,18.06
VNM-ADM2-021,Hanoi,VNM,2020-08-01,5.787,3,77,18.06
VNM-ADM2-021,Hanoi,VNM,2020-09-01,7.0752,4,77,18.06
VNM-ADM2-021,Hanoi,VNM,2020-10-01,6.9422,16,77,18.06
VNM-ADM2-021,Hanoi,VNM,2020-11-01,6.1408,14,77,18.06
VNM-ADM2-021,Hanoi,VNM,2020-12-01,6.5293,18,77,18.06
VNM-ADM2-021,Hanoi,VNM,2021-01-01,6.5199,12,77,18.06
VNM-ADM2-021,Hanoi,VNM,2021-02-01,8.3136,19,77,18.06
VNM-ADM2-021,Hanoi,VNM,2021-03-01,6.9851,16,77,18.06
VNM-ADM2-021,Hanoi,VNM,2021-04-01,7.2668,12,77,18.06
VNM-ADM2-021,Hanoi,VNM,2021-05-01,6.8157,18,77,18.06
VNM-ADM2-021,Hanoi,VNM,2021-06-01,7.8558,9,77,18.06
VNM-ADM2-021,Hanoi,VNM,2021-07-01,7.1776,4,77,18.06
VNM-ADM2-021,Hanoi,VNM,2021-08-01,6.455,5,77,18.06
VNM-ADM2-021,Hanoi,VNM,2021-09-01,6.9205,4,77,18.06
VNM-ADM2-021,Hanoi,VNM,2021-10-01,7.732,13,77,18.06
VNM-ADM2-021,Hanoi,VNM,2021-11-01,6.7099,11,77,18.06
VNM-ADM2-021,Hanoi,VNM,2021-12-01,7.1629,9,77,18.06
VNM-ADM2-021,Hanoi,VNM,2022-01-01,7.4879,17,77,18.06
VNM-ADM2-021,Hanoi,VNM,2022-02-01,7.8583,14,77,18.06
VNM-ADM2-021,Hanoi,VNM,2022-03-01,7.7357,13,77,18.06
VNM-ADM2-021,Hanoi,VNM,2022-04-01,7.9751,17,77,18.06
VNM-ADM2-021,Hanoi,VNM,2022-05-01,7.3064,17,77,18.06
VNM-ADM2-021,Hanoi,VNM,2022-06-01,7.7837,3,77,18.06
VNM-ADM2-021,Hanoi,VNM,2022-07-01,7.4153,7,77,18.06
VNM-ADM2-021,Hanoi,VNM,2022-08-01,7.184,3,77,18.06
VNM-ADM2-021,Hanoi,VNM,2022-09-01,7.4713,10,77,18.06
VNM-ADM2-021,Hanoi,VNM,2022-10-01,7.4334,19,77,18.06
VNM-ADM2-021,Hanoi,VNM,2022-11-01,8.5428,14,77,18.06
VNM-ADM2-021,Hanoi,VNM,2022-12-01,7.6263,17,77,18.06
VNM-ADM2-021,Hanoi,VNM,2023-01-01,7.5773,15,77,18.06
VNM-ADM2-021,Hanoi,VNM,2023-02-01,8.2066,20,77,18.06
VNM-ADM2-021,Hanoi,VNM,2023-03-01,8.3582,11,77,18.06
VNM-ADM2-021,Hanoi,VNM,2023-04-01,8.4514,16,77,18.06
VNM-ADM2-021,Hanoi,VNM,2023-05-01,7.9813,17,77,18.06
VNM-ADM2-021,Hanoi,VNM,2023-06-01,8.7922,7,77,18.06
VNM-ADM2-021,Hanoi,VNM,2023-07-01,8.1892,7,77,18.06
VNM-ADM2-021,Hanoi,VNM,2023-08-01,7.9832,4,77,18.06
VNM-ADM2-021,Hanoi,VNM,2023-09-01,,0,77,18.06
VNM-ADM2-021,Hanoi,VNM,2023-10-01,7.5962,18,77,18.06
VNM-ADM2-021,Hanoi,VNM,2023-11-01,7.7,22,77,18.06
VNM-ADM2-021,Hanoi,VNM,2023-12-01,8.1618,15,77,18.06
VNM-ADM2-021,Hanoi,VNM,2024-01-01,8.8567,12,77,18.06
VNM-ADM2-021,Hanoi,VNM,2024-02-01,8.6018,14,77,18.06
VNM-ADM2-021,Hanoi,VNM,2024-03-01,8.0845,18,77,18.06
VNM-ADM2-021,Hanoi,VNM,2024-04-01,9.1727,16,77,18.06
VNM-ADM2-021,Hanoi,VNM,2024-05-01,8.1615,14,77,18.06
VNM-ADM2-021,Hanoi,VNM,2024-06-01,8.4483,4,77,18.06
VNM-ADM2-021,Hanoi,VNM,2024-07-01,8.386,5,77,18.06
VNM-ADM2-021,Hanoi,VNM,2024-08-01,8.6748,2,77,18.06
VNM-ADM2-021,Hanoi,VNM,2024-09-01,8.2653,2,77,18.06
VNM-ADM2-021,Hanoi,VNM,2024-10-01,8.2643,14,77,18.06
VNM-ADM2-021,Hanoi,VNM,2024-11-01,8.4722,16,77,18.06
VNM-ADM2-021,Hanoi,VNM,2024-12-01,8.3223,11,77,18.06
VNM-ADM2-022,Hanoi,VNM,2019-01-01,5.0744,15,75,17.48
VNM-ADM2-022,Hanoi,VNM,2019-02-01,5.7669,15,75,17.48
VNM-ADM2-022,Hanoi,VNM,2019-03-01,5.3474,15,75,17.48
VNM-ADM2-022,Hanoi,VNM,2019-04-01,5.6457,18,75,17.48
VNM-ADM2-022,Hanoi,VNM,2019-05-01,6.0882,16,75,17.48
VNM-ADM2-022,Hanoi,VNM,2019-06-01,5.692,9,75,17.48
VNM-ADM2-022,Hanoi,VNM,2019-07-01,5.9979,13,75,17.48
VNM-ADM2-022,Hanoi,VNM,2019-08-01,5.5148,6,75,17.48
VNM-ADM2-022,Hanoi,VNM,2019-09-01,5.5291,7,75,17.48
VNM-ADM2-022,Hanoi,VNM,2019-10-01,5.9294,15,75,17.48
VNM-ADM2-022,Hanoi,VNM,2019-11-01,5.0109,8,75,17.48
VNM-ADM2-022,Hanoi,VNM,2019-12-01,5.6202,13,75,17.48
VNM-ADM2-022,Hanoi,VNM,2020-01-01,5.269,14,75,17.48
VNM-ADM2-022,Hanoi,VNM,2020-02-01,6.2679,13,75,17.48
VNM-ADM2-022,Hanoi,VNM,2020-03-01,6.1056,19,75,17.48
VNM-ADM2-022,Hanoi,VNM,2020-04-01,5.1781,8,75,17.48
VNM-ADM2-022,Hanoi,VNM,2020-05-01,4.9005,14,75,17.48
VNM-ADM2-022,Hanoi,VNM,2020-06-01,4.2966,7,75,17.48
VNM-ADM2-022,Hanoi,VNM,2020-07-01,4.449,2,75,17.48
VNM-ADM2-022,Hanoi,VNM,2020-08-01,5.0306,6,75,17.48
VNM-ADM2-022,Hanoi,VNM,2020-09-01,5.0694,15,75,17.48
VNM-ADM2-022,Hanoi,VNM,2020-10-01,5.5839,14,75,17.48
VNM-ADM2-022,Hanoi,VNM,2020-11-01,5.6721,20,75,17.48
VNM-ADM2-022,Hanoi,VNM,2020-12-01,6.1476,13,75,17.48
VNM-ADM2-022,Hanoi,VNM,2021-01-01,6.4163,9,75,17.48
VNM-ADM2-022,Hanoi,VNM,2021-02-01,6.0895,11,75,17.48
VNM-ADM2-022,Hanoi,VNM,2021-03-01,6.2561,9,75,17.48
VNM-ADM2-022,Hanoi,VNM,2021-04-01,6.2832,13,75,17.48
VNM-ADM2-022,Hanoi,VNM,2021-05-01,5.8382,13,75,17.48
VNM-ADM2-022,Hanoi,VNM,2021-06-01,5.9021,9,75,17.48
VNM-ADM2-022,Hanoi,VNM,2021-07-01,5.689,7,75,17.48
VNM-ADM2-022,Hanoi,VNM,2021-08-01,6.1581,6,75,17.48
VNM-ADM2-022,Hanoi,VNM,2021-09-01,5.3634,10,75,17.48
VNM-ADM2-022,Hanoi,VNM,2021-10-01,5.5358,17,75,17.48
VNM-ADM2-022,Hanoi,VNM,2021-11-01,6.3698,14,75,17.48
VNM-ADM2-022,Hanoi,VNM,2021-12-01,5.9537,18,75,17.48
VNM-ADM2-022,Hanoi,VNM,2022-01-01,5.7065,17,75,17.48
VNM-ADM2-022,Hanoi,VNM,2022-02-01,6.513,12,75,17.48
VNM-ADM2-022,Hanoi,VNM,2022-03-01,5.8779,10,75,17.48
VNM-ADM2-022,Hanoi,VNM,2022-04-01,6.2346,13,75,17.48
VNM-ADM2-022,Hanoi,VNM,2022-05-01,6.5963,5,75,17.48
VNM-ADM2-022,Hanoi,VNM,2022-06-01,6.4237,3,75,17.48
VNM-ADM2-022,Hanoi,VNM,2022-07-01,6.3502,4,75,17.48
VNM-ADM2-022,Hanoi,VNM,2022-08-01,6.5694,6,75,17.48
VNM-ADM2-022,Hanoi,VNM,2022-09-01,,0,75,17.48
VNM-ADM2-022,Hanoi,VNM,2022-10-01,6.3239,17,75,17.48
VNM-ADM2-022,Hanoi,VNM,2022-11-01,6.4295,19,75,17.48
VNM-ADM2-022,Hanoi,VNM,2022-12-01,5.6768,19,75,17.48
VNM-ADM2-022,Hanoi,VNM,2023-01-01,6.105,11,75,17.48
VNM-ADM2-022,Hanoi,VNM,2023-02-01,6.5235,11,75,17.48
VNM-ADM2-022,Hanoi,VNM,2023-03-01,6.8111,17,75,17.48
VNM-ADM2-022,Hanoi,VNM,2023-04-01,6.5987,12,75,17.48
VNM-ADM2-022,Hanoi,VNM,2023-05-01,6.8704,21,75,17.48
VNM-ADM2-022,Hanoi,VNM,2023-06-01,6.1306,4,75,17.48
VNM-ADM2-022,Hanoi,VNM,2023-07-01,6.3785,5,75,17.48
VNM-ADM2-022,Hanoi,VNM,2023-08-01,6.5034,5,75,17.48
VNM-ADM2-022,Hanoi,VNM,2023-09-01,5.7652,9,75,17.48
VNM-ADM2-022,Hanoi,VNM,2023-10-01,6.1295,13,75,17.48
VNM-ADM2-022,Hanoi,VNM,2023-11-01,6.0157,11,75,17.48
VNM-ADM2-022,Hanoi,VNM,2023-12-01,5.9049,14,75,17.48
VNM-ADM2-022,Hanoi,VNM,2024-01-01,6.0857,11,75,17.48
VNM-ADM2-022,Hanoi,VNM,2024-02-01,6.5728,12,75,17.48
VNM-ADM2-022,Hanoi,VNM,2024-03-01,6.456,13,75,17.48
VNM-ADM2-022,Hanoi,VNM,2024-04-01,6.8773,5,75,17.48
VNM-ADM2-022,Hanoi,VNM,2024-05-01,6.7267,14,75,17.48
VNM-ADM2-022,Hanoi,VNM,2024-06-01,6.5935,19,75,17.48
VNM-ADM2-022,Hanoi,VNM,2024-07-01,5.9745,5,75,17.48
VNM-ADM2-022,Hanoi,VNM,2024-08-01,6.5467,5,75,17.48
VNM-ADM2-022,Hanoi,VNM,2024-09-01,6.6771,8,75,17.48
VNM-ADM2-022,Hanoi,VNM,2024-10-01,6.4311,9,75,17.48
VNM-ADM2-022,Hanoi,VNM,2024-11-01,6.2902,19,75,17.48
VNM-ADM2-022,Hanoi,VNM,2024-12-01,6.463,16,75,17.48
VNM-ADM2-023,Hanoi,VNM,2019-01-01,9.0037,17,68,15.86
VNM-ADM2-023,Hanoi,VNM,2019-02-01,8.3323,11,68,15.86
VNM-ADM2-023,Hanoi,VNM,2019-03-01,9.1599,11,68,15.86
VNM-ADM2-023,Hanoi,VNM,2019-04-01,9.4714,6,68,15.86
VNM-ADM2-023,Hanoi,VNM,2019-05-01,10.1484,17,68,15.86
VNM-ADM2-023,Hanoi,VNM,2019-06-01,9.3767,4,68,15.86
VNM-ADM2-023,Hanoi,VNM,2019-07-01,9.9366,5,68,15.86
VNM-ADM2-023,Hanoi,VNM,2019-08-01,8.263,2,68,15.86
VNM-ADM2-023,Hanoi,VNM,2019-09-01,8.6601,7,68,15.86
VNM-ADM2-023,Hanoi,VNM,2019-10-01,9.4219,14,68,15.86
VNM-ADM2-023,Hanoi,VNM,2019-11-01,8.69,15,68,15.86
VNM-ADM2-023,Hanoi,VNM,2019-12-01,9.3331,17,68,15.86
VNM-ADM2-023,Hanoi,VNM,2020-01-01,9.324,17,68,15.86
VNM-ADM2-023,Hanoi,VNM,2020-02-01,8.9836,12,68,15.86
VNM-ADM2-023,Hanoi,VNM,2020-03-01,10.1147,14,68,15.86
VNM-ADM2-023,Hanoi,VNM,2020-04-01,8.5617,9,68,15.86
VNM-ADM2-023,Hanoi,VNM,2020-05-01,8.6266,17,68,15.86
VNM-ADM2-023,Hanoi,VNM,2020-06-01,8.8101,5,68,15.86
VNM-ADM2-023,Hanoi,VNM,2020-07-01,8.0275,6,68,15.86
VNM-ADM2-023,Hanoi,VNM,2020-08-01,7.2576,5,68,15.86
VNM-ADM2-023,Hanoi,VNM,2020-09-01,8.7763,12,68,15.86
VNM-ADM2-023,Hanoi,VNM,2020-10-01,9.905,11,68,15.86
VNM-ADM2-023,Hanoi,VNM,2020-11-01,10.5132,14,68,15.86
VNM-ADM2-023,Hanoi,VNM,2020-12-01,9.9839,17,68,15.86
VNM-ADM2-023,Hanoi,VNM,2021-01-01,11.054,18,68,15.86
VNM-ADM2-023,Hanoi,VNM,2021-02-01,9.6497,22,68,15.86
VNM-ADM2-023,Hanoi,VNM,2021-03-01,10.2667,12,68,15.86
VNM-ADM2-023,Hanoi,VNM,2021-04-01,9.9433,15,68,15.86
VNM-ADM2-023,Hanoi,VNM,2021-05-01,11.3357,16,68,15.86
VNM-ADM2-023,Hanoi,VNM,2021-06-01,10.565,4,68,15.86
VNM-ADM2-023,Hanoi,VNM,2021-07-01,9.4237,5,68,15.86
VNM-ADM2-023,Hanoi,VNM,2021-08-01,11.6912,8,68,15.86
VNM-ADM2-023,Hanoi,VNM,2021-09-01,10.3785,2,68,15.86
VNM-ADM2-023,Hanoi,VNM,2021-10-01,9.3711,14,68,15.86
VNM-ADM2-023,Hanoi,VNM,2021-11-01,10.4075,12,68,15.86
VNM-ADM2-023,Hanoi,VNM,2021-12-01,10.4464,17,68,15.86
VNM-ADM2-023,Hanoi,VNM,2022-01-01,11.5419,11,68,15.86
VNM-ADM2-023,Hanoi,VNM,2022-02-01,11.912,8,68,15.86
VNM-ADM2-023,Hanoi,VNM,2022-03-01,10.9516,13,68,15.86
VNM-ADM2-023,Hanoi,VNM,2022-04-01,11.5987,14,68,15.86
VNM-ADM2-023,Hanoi,VNM,2022-05-01,11.3348,9,68,15.86
VNM-ADM2-023,Hanoi,VNM,2022-06-01,10.3797,9,68,15.86
VNM-ADM2-023,Hanoi,VNM,2022-07-01,11.9183,6,68,15.86
VNM-ADM2-023,Hanoi,VNM,2022-08-01,10.4922,4,68,15.86
VNM-ADM2-023,Hanoi,VNM,2022-09-01,13.4701,5,68,15.86
VNM-ADM2-023,Hanoi,VNM,2022-10-01,10.8796,14,68,15.86
VNM-ADM2-023,Hanoi,VNM,2022-11-01,10.403,17,68,15.86
VNM-ADM2-023,Hanoi,VNM,2022-12-01,10.9127,18,68,15.86
VNM-ADM2-023,Hanoi,VNM,2023-01-01,11.3524,13,68,15.86
VNM-ADM2-023,Hanoi,VNM,2023-02-01,12.317,13,68,15.86
VNM-ADM2-023,Hanoi,VNM,2023-03-01,12.3802,15,68,15.86
VNM-ADM2-023,Hanoi,VNM,2023-04-01,11.8451,13,68,15.86
VNM-ADM2-023,Hanoi,VNM,2023-05-01,12.411,20,68,15.86
VNM-ADM2-023,Hanoi,VNM,2023-06-01,13.0422,14,68,15.86
VNM-ADM2-023,Hanoi,VNM,2023-07-01,12.0126,12,68,15.86
VNM-ADM2-023,Hanoi,VNM,2023-08-01,,0,68,15.86
VNM-ADM2-023,Hanoi,VNM,2023-09-01,12.6505,4,68,15.86
VNM-ADM2-023,Hanoi,VNM,2023-10-01,11.7335,17,68,15.86
VNM-ADM2-023,Hanoi,VNM,2023-11-01,11.3508,15,68,15.86
VNM-ADM2-023,Hanoi,VNM,2023-12-01,13.1529,19,68,15.86
VNM-ADM2-023,Hanoi,VNM,2024-01-01,12.0277,13,68,15.86
VNM-ADM2-023,Hanoi,VNM,2024-02-01,13.5498,9,68,15.86
VNM-ADM2-023,Hanoi,VNM,2024-03-01,12.3977,11,68,15.86
VNM-ADM2-023,Hanoi,VNM,2024-04-01,13.5061,17,68,15.86
VNM-ADM2-023,Hanoi,VNM,2024-05-01,12.4932,15,68,15.86
VNM-ADM2-023,Hanoi,VNM,2024-06-01,12.4696,8,68,15.86
VNM-ADM2-023,Hanoi,VNM,2024-07-01,14.4812,10,68,15.86
VNM-ADM2-023,Hanoi,VNM,2024-08-01,13.0972,10,68,15.86
VNM-ADM2-023,Hanoi,VNM,2024-09-01,12.8188,5,68,15.86
VNM-ADM2-023,Hanoi,VNM,2024-10-01,11.7181,19,68,15.86
VNM-ADM2-023,Hanoi,VNM,2024-11-01,12.5403,9,68,15.86
VNM-ADM2-023,Hanoi,VNM,2024-12-01,13.6958,7,68,15.86
VNM-ADM2-024,Hanoi,VNM,2019-01-01,8.4408,12,118,27.63
VNM-ADM2-024,Hanoi,VNM,2019-02-01,8.1832,14,118,27.63
VNM-ADM2-024,Hanoi,VNM,2019-03-01,10.1764,13,118,27.63
VNM-ADM2-024,Hanoi,VNM,2019-04-01,8.3381,14,118,27.63
VNM-ADM2-024,Hanoi,VNM,2019-05-01,8.8364,13,118,27.63
VNM-ADM2-024,Hanoi,VNM,2019-06-01,8.2786,4,118,27.63
VNM-ADM2-024,Hanoi,VNM,2019-07-01,8.7009,9,118,27.63
VNM-ADM2-024,Hanoi,VNM,2019-08-01,8.4361,9,118,27.63
VNM-ADM2-024,Hanoi,VNM,2019-09-01,8.0462,3,118,27.63
VNM-ADM2-024,Hanoi,VNM,2019-10-01,8.4122,17,118,27.63
VNM-ADM2-024,Hanoi,VNM,2019-11-01,7.8324,11,118,27.63
VNM-ADM2-024,Hanoi,VNM,2019-12-01,7.7657,10,118,27.63
VNM-ADM2-024,Hanoi,VNM,2020-01-01,8.6273,13,118,27.63
VNM-ADM2-024,Hanoi,VNM,2020-02-01,8.9898,7,118,27.63
VNM-ADM2-024,Hanoi,VNM,2020-03-01,8.6794,14,118,27.63
VNM-ADM2-024,Hanoi,VNM,2020-04-01,7.5151,8,118,27.63
VNM-ADM2-024,Hanoi,VNM,2020-05-01,7.7191,16,118,27.63
VNM-ADM2-024,Hanoi,VNM,2020-06-01,7.2066,12,118,27.63
VNM-ADM2-024,Hanoi,VNM,2020-07-01,7.6255,10,118,27.63
VNM-ADM2-024,Hanoi,VNM,2020-08-01,6.7275,4,118,27.63
VNM-ADM2-024,Hanoi,VNM,2020-09-01,9.4289,9,118,27.63
VNM-ADM2-024,Hanoi,VNM,2020-10-01,8.4692,10,118,27.63
VNM-ADM2-024,Hanoi,VNM,2020-11-01,8.2126,15,118,27.63
VNM-ADM2-024,Hanoi,VNM,2020-12-01,8.6452,6,118,27.63
VNM-ADM2-024,Hanoi,VNM,2021-01-01,9.4023,21,118,27.63
VNM-ADM2-024,Hanoi,VNM,2021-02-01,8.7015,15,118,27.63
VNM-ADM2-024,Hanoi,VNM,2021-03-01,8.9913,12,118,27.63
VNM-ADM2-024,Hanoi,VNM,2021-04-01,9.7935,11,118,27.63
VNM-ADM2-024,Hanoi,VNM,2021-05-01,8.9119,20,118,27.63
VNM-ADM2-024,Hanoi,VNM,2021-06-01,8.7519,10,118,27.63
VNM-ADM2-024,Hanoi,VNM,2021-07-01,9.461,4,118,27.63
VNM-ADM2-024,Hanoi,VNM,2021-08-01,9.8123,7,118,27.63
VNM-ADM2-024,Hanoi,VNM,2021-09-01,9.0634,5,118,27.63
VNM-ADM2-024,Hanoi,VNM,2021-10-01,9.307,10,118,27.63
VNM-ADM2-024,Hanoi,VNM,2021-11-01,8.6056,11,118,27.63
VNM-ADM2-024,Hanoi,VNM,2021-12-01,10.1425,11,118,27.63
VNM-ADM2-024,Hanoi,VNM,2022-01-01,9.3873,11,118,27.63
VNM-ADM2-024,Hanoi,VNM,2022-02-01,10.2424,11,118,27.63
VNM-ADM2-024,Hanoi,VNM,2022-03-01,10.0264,17,118,27.63
VNM-ADM2-024,Hanoi,VNM,2022-04-01,9.1898,18,118,27.63
VNM-ADM2-024,Hanoi,VNM,2022-05-01,9.7274,15,118,27.63
VNM-ADM2-024,Hanoi,VNM,2022-06-01,10.4648,11,118,27.63
VNM-ADM2-024,Hanoi,VNM,2022-07-01,9.7099,3,118,27.63
VNM-ADM2-024,Hanoi,VNM,2022-08-01,10.1632,4,118,27.63
VNM-ADM2-024,Hanoi,VNM,2022-09-01,9.6141,2,118,27.63
VNM-ADM2-024,Hanoi,VNM,2022-10-01,10.297,8,118,27.63
VNM-ADM2-024,Hanoi,VNM,2022-11-01,10.8803,10,118,27.63
VNM-ADM2-024,Hanoi,VNM,2022-12-01,9.9999,7,118,27.63
VNM-ADM2-024,Hanoi,VNM,2023-01-01,10.3985,22,118,27.63
VNM-ADM2-024,Hanoi,VNM,2023-02-01,10.2261,19,118,27.63
VNM-ADM2-024,Hanoi,VNM,2023-03-01,11.0379,11,118,27.63
VNM-ADM2-024,Hanoi,VNM,2023-04-01,9.5311,13,118,27.63
VNM-ADM2-024,Hanoi,VNM,2023-05-01,10.5246,11,118,27.63
VNM-ADM2-024,Hanoi,VNM,2023-06-01,10.2669,5,118,27.63
VNM-ADM2-024,Hanoi,VNM,2023-07-01,10.63,8,118,27.63
VNM-ADM2-024,Hanoi,VNM,2023-08-01,9.7495,2,118,27.63
VNM-ADM2-024,Hanoi,VNM,2023-09-01,11.3595,3,118,27.63
VNM-ADM2-024,Hanoi,VNM,2023-10-01,9.9434,20,118,27.63
VNM-ADM2-024,Hanoi,VNM,2023-11-01,9.7062,9,118,27.63
VNM-ADM2-024,Hanoi,VNM,2023-12-01,10.5757,13,118,27.63
VNM-ADM2-024,Hanoi,VNM,2024-01-01,9.5698,22,118,27.63
VNM-ADM2-024,Hanoi,VNM,2024-02-01,9.7032,15,118,27.63
VNM-ADM2-024,Hanoi,VNM,2024-03-01,10.1078,14,118,27.63
VNM-ADM2-024,Hanoi,VNM,2024-04-01,11.6556,14,118,27.63
VNM-ADM2-024,Hanoi,VNM,2024-05-01,10.4739,12,118,27.63
VNM-ADM2-024,Hanoi,VNM,2024-06-01,11.3667,4,118,27.63
VNM-ADM2-024,Hanoi,VNM,2024-07-01,10.528,3,118,27.63
VNM-ADM2-024,Hanoi,VNM,2024-08-01,9.6583,2,118,27.63
VNM-ADM2-024,Hanoi,VNM,2024-09-01,10.6273,6,118,27.63
VNM-ADM2-024,Hanoi,VNM,2024-10-01,9.5821,25,118,27.63
VNM-ADM2-024,Hanoi,VNM,2024-11-01,11.2009,15,118,27.63
VNM-ADM2-024,Hanoi,VNM,2024-12-01,10.5372,12,118,27.63
VNM-ADM2-025,Hanoi,VNM,2019-01-01,11.8095,15,62,14.47
VNM-ADM2-025,Hanoi,VNM,2019-02-01,13.0439,20,62,14.47
VNM-ADM2-025,Hanoi,VNM,2019-03-01,12.8671,17,62,14.47
VNM-ADM2-025,Hanoi,VNM,2019-04-01,13.0016,10,62,14.47
VNM-ADM2-025,Hanoi,VNM,2019-05-01,12.6135,14,62,14.47
VNM-ADM2-025,Hanoi,VNM,2019-06-01,11.4798,11,62,14.47
VNM-ADM2-025,Hanoi,VNM,2019-07-01,12.5236,6,62,14.47
VNM-ADM2-025,Hanoi,VNM,2019-08-01,12.0167,11,62,14.47
VNM-ADM2-025,Hanoi,VNM,2019-09-01,13.8848,4,62,14.47
VNM-ADM2-025,Hanoi,VNM,2019-10-01,10.8471,16,62,14.47
VNM-ADM2-025,Hanoi,VNM,2019-11-01,13.039,13,62,14.47
VNM-ADM2-025,Hanoi,VNM,2019-12-01,13.226,10,62,14.47
VNM-ADM2-025,Hanoi,VNM,2020-01-01,13.1341,20,62,14.47
VNM-ADM2-025,Hanoi,VNM,2020-02-01,13.0656,17,62,14.47
VNM-ADM2-025,Hanoi,VNM,2020-03-01,13.5368,9,62,14.47
VNM-ADM2-025,Hanoi,VNM,2020-04-01,10.8202,12,62,14.47
VNM-ADM2-025,Hanoi,VNM,2020-05-01,11.0697,9,62,14.47
VNM-ADM2-025,Hanoi,VNM,2020-06-01,10.9795,6,62,14.47
VNM-ADM2-025,Hanoi,VNM,2020-07-01,11.4785,13,62,14.47
VNM-ADM2-025,Hanoi,VNM,2020-08-01,10.0455,8,62,14.47
VNM-ADM2-025,Hanoi,VNM,2020-09-01,12.7785,8,62,14.47
VNM-ADM2-025,Hanoi,VNM,2020-10-01,13.4348,14,62,14.47
VNM-ADM2-025,Hanoi,VNM,2020-11-01,13.2819,9,62,14.47
VNM-ADM2-025,Hanoi,VNM,2020-12-01,12.4541,16,62,14.47
VNM-ADM2-025,Hanoi,VNM,2021-01-01,14.1071,17,62,14.47
VNM-ADM2-025,Hanoi,VNM,2021-02-01,14.5015,13,62,14.47
VNM-ADM2-025,Hanoi,VNM,2021-03-01,15.7248,19,62,14.47
VNM-ADM2-025,Hanoi,VNM,2021-04-01,14.7507,8,62,14.47
VNM-ADM2-025,Hanoi,VNM,2021-05-01,13.2456,12,62,14.47
VNM-ADM2-025,Hanoi,VNM,2021-06-01,13.5836,7,62,14.47
VNM-ADM2-025,Hanoi,VNM,2021-07-01,14.1648,6,62,14.47
VNM-ADM2-025,Hanoi,VNM,2021-08-01,13.2431,7,62,14.47
VNM-ADM2-025,Hanoi,VNM,2021-09-01,13.5266,10,62,14.47
VNM-ADM2-025,Hanoi,VNM,2021-10-01,15.083,20,62,14.47
VNM-ADM2-025,Hanoi,VNM,2021-11-01,14.3308,14,62,14.47
VNM-ADM2-025,Hanoi,VNM,2021-12-01,14.5972,22,62,14.47
VNM-ADM2-025,Hanoi,VNM,2022-01-01,16.257,11,62,14.47
VNM-ADM2-025,Hanoi,VNM,2022-02-01,14.7387,13,62,14.47
VNM-ADM2-025,Hanoi,VNM,2022-03-01,16.6341,13,62,14.47
VNM-ADM2-025,Hanoi,VNM,2022-04-01,15.5336,14,62,14.47
VNM-ADM2-025,Hanoi,VNM,2022-05-01,15.5948,12,62,14.47
VNM-ADM2-025,Hanoi,VNM,2022-06-01,14.9557,2,62,14.47
VNM-ADM2-025,Hanoi,VNM,2022-07-01,14.8906,4,62,14.47
VNM-ADM2-025,Hanoi,VNM,2022-08-01,14.8448,5,62,14.47
VNM-ADM2-025,Hanoi,VNM,2022-09-01,15.1653,9,62,14.47
VNM-ADM2-025,Hanoi,VNM,2022-10-01,14.7893,12,62,14.47
VNM-ADM2-025,Hanoi,VNM,2022-11-01,16.0467,15,62,14.47
VNM-ADM2-025,Hanoi,VNM,2022-12-01,14.8085,16,62,14.47
VNM-ADM2-025,Hanoi,VNM,2023-01-01,16.3004,11,62,14.47
VNM-ADM2-025,Hanoi,VNM,2023-02-01,16.4951,18,62,14.47
VNM-ADM2-025,Hanoi,VNM,2023-03-01,15.4303,15,62,14.47
VNM-ADM2-025,Hanoi,VNM,2023-04-01,17.0792,12,62,14.47
VNM-ADM2-025,Hanoi,VNM,2023-05-01,17.2261,15,62,14.47
VNM-ADM2-025,Hanoi,VNM,2023-06-01,16.8392,12,62,14.47
VNM-ADM2-025,Hanoi,VNM,2023-07-01,16.8082,7,62,14.47
VNM-ADM2-025,Hanoi,VNM,2023-08-01,15.606,5,62,14.47
VNM-ADM2-025,Hanoi,VNM,2023-09-01,15.5199,15,62,14.47
VNM-ADM2-025,Hanoi,VNM,2023-10-01,15.1948,20,62,14.47
VNM-ADM2-025,Hanoi,VNM,2023-11-01,15.6757,13,62,14.47
VNM-ADM2-025,Hanoi,VNM,2023-12-01,16.1449,10,62,14.47
VNM-ADM2-025,Hanoi,VNM,2024-01-01,16.5928,10,62,14.47
VNM-ADM2-025,Hanoi,VNM,2024-02-01,17.467,14,62,14.47
VNM-ADM2-025,Hanoi,VNM,2024-03-01,17.4766,10,62,14.47
VNM-ADM2-025,Hanoi,VNM,2024-04-01,17.0703,10,62,14.47
VNM-ADM2-025,Hanoi,VNM,2024-05-01,18.5129,13,62,14.47
VNM-ADM2-025,Hanoi,VNM,2024-06-01,18.3818,10,62,14.47
VNM-ADM2-025,Hanoi,VNM,2024-07-01,18.2314,7,62,14.47
VNM-ADM2-025,Hanoi,VNM,2024-08-01,18.5212,2,62,14.47
VNM-ADM2-025,Hanoi,VNM,2024-09-01,,0,62,14.47
VNM-ADM2-025,Hanoi,VNM,2024-10-01,17.1451,6,62,14.47
VNM-ADM2-025,Hanoi,VNM,2024-11-01,15.7697,11,62,14.47
VNM-ADM2-025,Hanoi,VNM,2024-12-01,17.6417,18,62,14.47
VNM-ADM2-026,Hanoi,VNM,2019-01-01,12.5999,13,20,4.86
VNM-ADM2-026,Hanoi,VNM,2019-02-01,13.3419,9,20,4.86
VNM-ADM2-026,Hanoi,VNM,2019-03-01,14.7765,15,20,4.86
VNM-ADM2-026,Hanoi,VNM,2019-04-01,14.0774,20,20,4.86
VNM-ADM2-026,Hanoi,VNM,2019-05-01,14.6829,19,20,4.86
VNM-ADM2-026,Hanoi,VNM,2019-06-01,14.3848,6,20,4.86
VNM-ADM2-026,Hanoi,VNM,2019-07-01,12.592,11,20,4.86
VNM-ADM2-026,Hanoi,VNM,2019-08-01,14.3043,6,20,4.86
VNM-ADM2-026,Hanoi,VNM,2019-09-01,12.8324,15,20,4.86
VNM-ADM2-026,Hanoi,VNM,2019-10-01,13.3535,16,20,4.86
VNM-ADM2-026,Hanoi,VNM,2019-11-01,12.3275,12,20,4.86
VNM-ADM2-026,Hanoi,VNM,2019-12-01,13.1008,11,20,4.86
VNM-ADM2-026,Hanoi,VNM,2020-01-01,12.3549,13,20,4.86
VNM-ADM2-026,Hanoi,VNM,2020-02-01,15.9917,13,20,4.86
VNM-ADM2-026,Hanoi,VNM,2020-03-01,13.9182,17,20,4.86
VNM-ADM2-026,Hanoi,VNM,2020-04-01,10.8438,13,20,4.86
VNM-ADM2-026,Hanoi,VNM,2020-05-01,10.5946,7,20,4.86
VNM-ADM2-026,Hanoi,VNM,2020-06-01,12.364,3,20,4.86
VNM-ADM2-026,Hanoi,VNM,2020-07-01,11.6599,6,20,4.86
VNM-ADM2-026,Hanoi,VNM,2020-08-01,11.1589,12,20,4.86
VNM-ADM2-026,Hanoi,VNM,2020-09-01,13.8514,4,20,4.86
VNM-ADM2-026,Hanoi,VNM,2020-10-01,12.5648,13,20,4.86
VNM-ADM2-026,Hanoi,VNM,2020-11-01,14.6854,13,20,4.86
VNM-ADM2-026,Hanoi,VNM,2020-12-01,14.1161,16,20,4.86
VNM-ADM2-026,Hanoi,VNM,2021-01-01,14.6572,12,20,4.86
VNM-ADM2-026,Hanoi,VNM,2021-02-01,14.8535,13,20,4.86
VNM-ADM2-026,Hanoi,VNM,2021-03-01,15.067,9,20,4.86
VNM-ADM2-026,Hanoi,VNM,2021-04-01,15.2046,13,20,4.86
VNM-ADM2-026,Hanoi,VNM,2021-05-01,14.3045,15,20,4.86
VNM-ADM2-026,Hanoi,VNM,2021-06-01,14.9371,7,20,4.86
VNM-ADM2-026,Hanoi,VNM,2021-07-01,15.5049,6,20,4.86
VNM-ADM2-026,Hanoi,VNM,2021-08-01,14.9501,5,20,4.86
VNM-ADM2-026,Hanoi,VNM,2021-09-01,13.0718,2,20,4.86
VNM-ADM2-026,Hanoi,VNM,2021-10-01,14.1565,12,20,4.86
VNM-ADM2-026,Hanoi,VNM,2021-11-01,13.3403,17,20,4.86
VNM-ADM2-026,Hanoi,VNM,2021-12-01,14.5062,15,20,4.86
VNM-ADM2-026,Hanoi,VNM,2022-01-01,13.9725,10,20,4.86
VNM-ADM2-026,Hanoi,VNM,2022-02-01,15.9576,17,20,4.86
VNM-ADM2-026,Hanoi,VNM,2022-03-01,14.9433,13,20,4.86
VNM-ADM2-026,Hanoi,VNM,2022-04-01,16.2717,9,20,4.86
VNM-ADM2-026,Hanoi,VNM,2022-05-01,13.8175,20,20,4.86
VNM-ADM2-026,Hanoi,VNM,2022-06-01,17.0898,5,20,4.86
VNM-ADM2-026,Hanoi,VNM,2022-07-01,15.7961,10,20,4.86
VNM-ADM2-026,Hanoi,VNM,2022-08-01,14.2862,4,20,4.86
VNM-ADM2-026,Hanoi,VNM,2022-09-01,14.5113,3,20,4.86
VNM-ADM2-026,Hanoi,VNM,2022-10-01,14.6107,15,20,4.86
VNM-ADM2-026,Hanoi,VNM,2022-11-01,14.1118,16,20,4.86
VNM-ADM2-026,Hanoi,VNM,2022-12-01,15.1302,22,20,4.86
VNM-ADM2-026,Hanoi,VNM,2023-01-01,15.6951,16,20,4.86
VNM-ADM2-026,Hanoi,VNM,2023-02-01,13.5543,16,20,4.86
VNM-ADM2-026,Hanoi,VNM,2023-03-01,15.8908,13,20,4.86
VNM-ADM2-026,Hanoi,VNM,2023-04-01,15.272,18,20,4.86
VNM-ADM2-026,Hanoi,VNM,2023-05-01,15.5377,16,20,4.86
VNM-ADM2-026,Hanoi,VNM,2023-06-01,16.2672,9,20,4.86
VNM-ADM2-026,Hanoi,VNM,2023-07-01,15.1553,2,20,4.86
VNM-ADM2-026,Hanoi,VNM,2023-08-01,14.0958,11,20,4.86
VNM-ADM2-026,Hanoi,VNM,2023-09-01,,0,20,4.86
VNM-ADM2-026,Hanoi,VNM,2023-10-01,14.4786,10,20,4.86
VNM-ADM2-026,Hanoi,VNM,2023-11-01,14.8646,17,20,4.86
VNM-ADM2-026,Hanoi,VNM,2023-12-01,15.6159,18,20,4.86
VNM-ADM2-026,Hanoi,VNM,2024-01-01,16.1055,17,20,4.86
VNM-ADM2-026,Hanoi,VNM,2024-02-01,16.4396,15,20,4.86
VNM-ADM2-026,Hanoi,VNM,2024-03-01,13.906,15,20,4.86
VNM-ADM2-026,Hanoi,VNM,2024-04-01,16.0905,13,20,4.86
VNM-ADM2-026,Hanoi,VNM,2024-05-01,15.1504,12,20,4.86
VNM-ADM2-026,Hanoi,VNM,2024-06-01,15.184,6,20,4.86
VNM-ADM2-026,Hanoi,VNM,2024-07-01,15.3684,5,20,4.86
VNM-ADM2-026,Hanoi,VNM,2024-08-01,13.403,3,20,4.86
VNM-ADM2-026,Hanoi,VNM,2024-09-01,13.6325,4,20,4.86
VNM-ADM2-026,Hanoi,VNM,2024-10-01,16.1135,15,20,4.86
VNM-ADM2-026,Hanoi,VNM,2024-11-01,15.5199,13,20,4.86
VNM-ADM2-026,Hanoi,VNM,2024-12-01,16.7622,16,20,4.86
VNM-ADM2-027,Hanoi,VNM,2019-01-01,8.5579,11,54,12.59
VNM-ADM2-027,Hanoi,VNM,2019-02-01,9.6734,11,54,12.59
VNM-ADM2-027,Hanoi,VNM,2019-03-01,8.3358,13,54,12.59
VNM-ADM2-027,Hanoi,VNM,2019-04-01,8.9039,12,54,12.59
VNM-ADM2-027,Hanoi,VNM,2019-05-01,8.4816,16,54,12.59
VNM-ADM2-027,Hanoi,VNM,2019-06-01,9.1213,6,54,12.59
VNM-ADM2-027,Hanoi,VNM,2019-07-01,8.2966,11,54,12.59
VNM-ADM2-027,Hanoi,VNM,2019-08-01,8.3727,4,54,12.59
VNM-ADM2-027,Hanoi,VNM,2019-09-01,7.8776,7,54,12.59
VNM-ADM2-027,Hanoi,VNM,2019-10-01,7.801,11,54,12.59
VNM-ADM2-027,Hanoi,VNM,2019-11-01,8.8707,18,54,12.59
VNM-ADM2-027,Hanoi,VNM,2019-12-01,9.2084,15,54,12.59
VNM-ADM2-027,Hanoi,VNM,2020-01-01,8.9431,10,54,12.59
VNM-ADM2-027,Hanoi,VNM,2020-02-01,8.6689,19,54,12.59
VNM-ADM2-027,Hanoi,VNM,2020-03-01,9.6771,21,54,12.59
VNM-ADM2-027,Hanoi,VNM,2020-04-01,6.4129,9,54,12.59
VNM-ADM2-027,Hanoi,VNM,2020-05-01,7.2992,14,54,12.59
VNM-ADM2-027,Hanoi,VNM,2020-06-01,7.0471,11,54,12.59
VNM-ADM2-027,Hanoi,VNM,2020-07-01,7.3126,5,54,12.59
VNM-ADM2-027,Hanoi,VNM,2020-08-01,6.4705,8,54,12.59
VNM-ADM2-027,Hanoi,VNM,2020-09-01,8.8374,1,54,12.59
VNM-ADM2-027,Hanoi,VNM,2020-10-01,8.0832,8,54,12.59
VNM-ADM2-027,Hanoi,VNM,2020-11-01,8.7385,11,54,12.59
VNM-ADM2-027,Hanoi,VNM,2020-12-01,9.6266,20,54,12.59
VNM-ADM2-027,Hanoi,VNM,2021-01-01,8.2268,12,54,12.59
VNM-ADM2-027,Hanoi,VNM,2021-02-01,9.18,17,54,12.59
VNM-ADM2-027,Hanoi,VNM,2021-03-01,9.1462,15,54,12.59
VNM-ADM2-027,Hanoi,VNM,2021-04-01,9.2302,15,54,12.59
VNM-ADM2-027,Hanoi,VNM,2021-05-01,10.1192,11,54,12.59
VNM-ADM2-027,Hanoi,VNM,2021-06-01,9.5275,4,54,12.59
VNM-ADM2-027,Hanoi,VNM,2021-07-01,8.2349,5,54,12.59
VNM-ADM2-027,Hanoi,VNM,2021-08-01,8.8928,7,54,12.59
VNM-ADM2-027,Hanoi,VNM,2021-09-01,8.6636,2,54,12.59
VNM-ADM2-027,Hanoi,VNM,2021-10-01,8.2995,11,54,12.59
VNM-ADM2-027,Hanoi,VNM,2021-11-01,9.5223,8,54,12.59
VNM-ADM2-027,Hanoi,VNM,2021-12-01,9.34,13,54,12.59
VNM-ADM2-027,Hanoi,VNM,2022-01-01,9.5106,22,54,12.59
VNM-ADM2-027,Hanoi,VNM,2022-02-01,8.7953,14,54,12.59
VNM-ADM2-027,Hanoi,VNM,2022-03-01,10.3037,13,54,12.59
VNM-ADM2-027,Hanoi,VNM,2022-04-01,9.4353,17,54,12.59
VNM-ADM2-027,Hanoi,VNM,2022-05-01,9.9315,21,54,12.59
VNM-ADM2-027,Hanoi,VNM,2022-06-01,9.3037,5,54,12.59
VNM-ADM2-027,Hanoi,VNM,2022-07-01,10.9191,9,54,12.59
VNM-ADM2-027,Hanoi,VNM,2022-08-01,9.2568,6,54,12.59
VNM-ADM2-027,Hanoi,VNM,2022-09-01,9.2902,9,54,12.59
VNM-ADM2-027,Hanoi,VNM,2022-10-01,9.8408,21,54,12.59
VNM-ADM2-027,Hanoi,VNM,2022-11-01,8.6292,22,54,12.59
VNM-ADM2-027,Hanoi,VNM,2022-12-01,9.6631,11,54,12.59
VNM-ADM2-027,Hanoi,VNM,2023-01-01,10.0831,12,54,12.59
VNM-ADM2-027,Hanoi,VNM,2023-02-01,10.1184,13,54,12.59
VNM-ADM2-027,Hanoi,VNM,2023-03-01,10.104,9,54,12.59
VNM-ADM2-027,Hanoi,VNM,2023-04-01,11.9862,19,54,12.59
VNM-ADM2-027,Hanoi,VNM,2023-05-01,9.9863,19,54,12.59
VNM-ADM2-027,Hanoi,VNM,2023-06-01,,0,54,12.59
VNM-ADM2-027,Hanoi,VNM,2023-07-01,10.6947,12,54,12.59
VNM-ADM2-027,Hanoi,VNM,2023-08-01,10.247,6,54,12.59
VNM-ADM2-027,Hanoi,VNM,2023-09-01,10.0129,5,54,12.59
VNM-ADM2-027,Hanoi,VNM,2023-10-01,9.9438,12,54,12.59
VNM-ADM2-027,Hanoi,VNM,2023-11-01,9.6431,21,54,12.59
VNM-ADM2-027,Hanoi,VNM,2023-12-01,10.7043,19,54,12.59
VNM-ADM2-027,Hanoi,VNM,2024-01-01,9.2962,13,54,12.59
VNM-ADM2-027,Hanoi,VNM,2024-02-01,10.8818,14,54,12.59
VNM-ADM2-027,Hanoi,VNM,2024-03-01,10.7194,17,54,12.59
VNM-ADM2-027,Hanoi,VNM,2024-04-01,9.8767,13,54,12.59
VNM-ADM2-027,Hanoi,VNM,2024-05-01,9.6389,8,54,12.59
VNM-ADM2-027,Hanoi,VNM,2024-06-01,9.8265,6,54,12.59
VNM-ADM2-027,Hanoi,VNM,2024-07-01,10.3902,7,54,12.59
VNM-ADM2-027,Hanoi,VNM,2024-08-01,10.5958,2,54,12.59
VNM-ADM2-027,Hanoi,VNM,2024-09-01,9.9322,13,54,12.59
VNM-ADM2-027,Hanoi,VNM,2024-10-01,9.5735,13,54,12.59
VNM-ADM2-027,Hanoi,VNM,2024-11-01,10.0109,11,54,12.59
VNM-ADM2-027,Hanoi,VNM,2024-12-01,9.968,13,54,12.59
VNM-ADM2-028,Hanoi,VNM,2019-01-01,12.5541,12,198,46.15
VNM-ADM2-028,Hanoi,VNM,2019-02-01,12.6775,18,198,46.15
VNM-ADM2-028,Hanoi,VNM,2019-03-01,16.3341,11,198,46.15
VNM-ADM2-028,Hanoi,VNM,2019-04-01,12.7743,17,198,46.15
VNM-ADM2-028,Hanoi,VNM,2019-05-01,14.6038,15,198,46.15
VNM-ADM2-028,Hanoi,VNM,2019-06-01,13.5063,6,198,46.15
VNM-ADM2-028,Hanoi,VNM,2019-07-01,14.0852,10,198,46.15
VNM-ADM2-028,Hanoi,VNM,2019-08-01,15.8,2,198,46.15
VNM-ADM2-028,Hanoi,VNM,2019-09-01,12.675,14,198,46.15
VNM-ADM2-028,Hanoi,VNM,2019-10-01,12.926,12,198,46.15
VNM-ADM2-028,Hanoi,VNM,2019-11-01,14.2599,10,198,46.15
VNM-ADM2-028,Hanoi,VNM,2019-12-01,13.4901,11,198,46.15
VNM-ADM2-028,Hanoi,VNM,2020-01-01,14.4849,14,198,46.15
VNM-ADM2-028,Hanoi,VNM,2020-02-01,13.7989,15,198,46.15
VNM-ADM2-028,Hanoi,VNM,2020-03-01,14.0672,8,198,46.15
VNM-ADM2-028,Hanoi,VNM,2020-04-01,11.5696,13,198,46.15
VNM-ADM2-028,Hanoi,VNM,2020-05-01,10.6498,7,198,46.15
VNM-ADM2-028,Hanoi,VNM,2020-06-01,11.8706,4,198,46.15
VNM-ADM2-028,Hanoi,VNM,2020-07-01,,0,198,46.15
VNM-ADM2-028,Hanoi,VNM,2020-08-01,10.4262,9,198,46.15
VNM-ADM2-028,Hanoi,VNM,2020-09-01,13.0738,5,198,46.15
VNM-ADM2-028,Hanoi,VNM,2020-10-01,12.7097,18,198,46.15
VNM-ADM2-028,Hanoi,VNM,2020-11-01,13.6566,10,198,46.15
VNM-ADM2-028,Hanoi,VNM,2020-12-01,13.9623,17,198,46.15
VNM-ADM2-028,Hanoi,VNM,2021-01-01,13.4306,17,198,46.15
VNM-ADM2-028,Hanoi,VNM,2021-02-01,14.8618,19,198,46.15
VNM-ADM2-028,Hanoi,VNM,2021-03-01,14.4077,14,198,46.15
VNM-ADM2-028,Hanoi,VNM,2021-04-01,14.2022,8,198,46.15
VNM-ADM2-028,Hanoi,VNM,2021-05-01,15.0589,13,198,46.15
VNM-ADM2-028,Hanoi,VNM,2021-06-01,14.612,4,198,46.15
VNM-ADM2-028,Hanoi,VNM,2021-07-01,15.445,4,198,46.15
VNM-ADM2-028,Hanoi,VNM,2021-08-01,15.0481,4,198,46.15
VNM-ADM2-028,Hanoi,VNM,2021-09-01,15.6955,5,198,46.15
VNM-ADM2-028,Hanoi,VNM,2021-10-01,14.8044,17,198,46.15
VNM-ADM2-028,Hanoi,VNM,2021-11-01,11.9385,13,198,46.15
VNM-ADM2-028,Hanoi,VNM,2021-12-01,12.9809,11,198,46.15
VNM-ADM2-028,Hanoi,VNM,2022-01-01,15.4866,11,198,46.15
VNM-ADM2-028,Hanoi,VNM,2022-02-01,14.8354,10,198,46.15
VNM-ADM2-028,Hanoi,VNM,2022-03-01,15.6929,11,198,46.15
VNM-ADM2-028,Hanoi,VNM,2022-04-01,15.5748,10,198,46.15
VNM-ADM2-028,Hanoi,VNM,2022-05-01,16.3997,17,198,46.15
VNM-ADM2-028,Hanoi,VNM,2022-06-01,16.0102,6,198,46.15
VNM-ADM2-028,Hanoi,VNM,2022-07-01,14.6866,1,198,46.15
VNM-ADM2-028,Hanoi,VNM,2022-08-01,15.0367,4,198,46.15
VNM-ADM2-028,Hanoi,VNM,2022-09-01,13.203,4,198,46.15
VNM-ADM2-028,Hanoi,VNM,2022-10-01,14.4798,24,198,46.15
VNM-ADM2-028,Hanoi,VNM,2022-11-01,17.2035,24,198,46.15
VNM-ADM2-028,Hanoi,VNM,2022-12-01,13.6503,14,198,46.15
VNM-ADM2-028,Hanoi,VNM,2023-01-01,14.7246,16,198,46.15
VNM-ADM2-028,Hanoi,VNM,2023-02-01,15.5245,15,198,46.15
VNM-ADM2-028,Hanoi,VNM,2023-03-01,14.8083,17,198,46.15
VNM-ADM2-028,Hanoi,VNM,2023-04-01,16.793,10,198,46.15
VNM-ADM2-028,Hanoi,VNM,2023-05-01,15.4455,13,198,46.15
VNM-ADM2-028,Hanoi,VNM,2023-06-01,16.588,8,198,46.15
VNM-ADM2-028,Hanoi,VNM,2023-07-01,,0,198,46.15
VNM-ADM2-028,Hanoi,VNM,2023-08-01,14.3455,9,198,46.15
VNM-ADM2-028,Hanoi,VNM,2023-09-01,15.546,4,198,46.15
VNM-ADM2-028,Hanoi,VNM,2023-10-01,15.4657,18,198,46.15
VNM-ADM2-028,Hanoi,VNM,2023-11-01,15.8659,10,198,46.15
VNM-ADM2-028,Hanoi,VNM,2023-12-01,14.5761,10,198,46.15
VNM-ADM2-028,Hanoi,VNM,2024-01-01,14.7647,16,198,46.15
VNM-ADM2-028,Hanoi,VNM,2024-02-01,17.7483,18,198,46.15
VNM-ADM2-028,Hanoi,VNM,2024-03-01,16.8178,12,198,46.15
VNM-ADM2-028,Hanoi,VNM,2024-04-01,17.2862,9,198,46.15
VNM-ADM2-028,Hanoi,VNM,2024-05-01,14.6876,13,198,46.15
VNM-ADM2-028,Hanoi,VNM,2024-06-01,14.5689,7,198,46.15
VNM-ADM2-028,Hanoi,VNM,2024-07-01,13.6563,4,198,46.15
VNM-ADM2-028,Hanoi,VNM,2024-08-01,16.1302,3,198,46.15
VNM-ADM2-028,Hanoi,VNM,2024-09-01,,0,198,46.15
VNM-ADM2-028,Hanoi,VNM,2024-10-01,17.3498,20,198,46.15
VNM-ADM2-028,Hanoi,VNM,2024-11-01,13.4928,10,198,46.15
VNM-ADM2-028,Hanoi,VNM,2024-12-01,16.278,10,198,46.15
VNM-ADM2-029,Hanoi,VNM,2019-01-01,8.5176,15,74,17.3
VNM-ADM2-029,Hanoi,VNM,2019-02-01,10.0323,10,74,17.3
VNM-ADM2-029,Hanoi,VNM,2019-03-01,10.2128,16,74,17.3
VNM-ADM2-029,Hanoi,VNM,2019-04-01,10.0016,12,74,17.3
VNM-ADM2-029,Hanoi,VNM,2019-05-01,8.7336,10,74,17.3
VNM-ADM2-029,Hanoi,VNM,2019-06-01,9.1564,7,74,17.3
VNM-ADM2-029,Hanoi,VNM,2019-07-01,8.7251,5,74,17.3
VNM-ADM2-029,Hanoi,VNM,2019-08-01,9.2941,10,74,17.3
VNM-ADM2-029,Hanoi,VNM,2019-09-01,10.3304,10,74,17.3
VNM-ADM2-029,Hanoi,VNM,2019-10-01,9.5313,18,74,17.3
VNM-ADM2-029,Hanoi,VNM,2019-11-01,8.7585,17,74,17.3
VNM-ADM2-029,Hanoi,VNM,2019-12-01,9.9272,12,74,17.3
VNM-ADM2-029,Hanoi,VNM,2020-01-01,9.4656,13,74,17.3
VNM-ADM2-029,Hanoi,VNM,2020-02-01,9.8194,18,74,17.3
VNM-ADM2-029,Hanoi,VNM,2020-03-01,8.5387,13,74,17.3
VNM-ADM2-029,Hanoi,VNM,2020-04-01,7.9625,17,74,17.3
VNM-ADM2-029,Hanoi,VNM,2020-05-01,7.8414,19,74,17.3
VNM-ADM2-029,Hanoi,VNM,2020-06-01,7.8346,7,74,17.3
VNM-ADM2-029,Hanoi,VNM,2020-07-01,8.0449,5,74,17.3
VNM-ADM2-029,Hanoi,VNM,2020-08-01,7.6024,6,74,17.3
VNM-ADM2-029,Hanoi,VNM,2020-09-01,9.7653,9,74,17.3
VNM-ADM2-029,Hanoi,VNM,2020-10-01,9.3025,10,74,17.3
VNM-ADM2-029,Hanoi,VNM,2020-11-01,9.6683,15,74,17.3
VNM-ADM2-029,Hanoi,VNM,2020-12-01,9.9195,16,74,17.3
VNM-ADM2-029,Hanoi,VNM,2021-01-01,9.8123,13,74,17.3
VNM-ADM2-029,Hanoi,VNM,2021-02-01,10.1943,23,74,17.3
VNM-ADM2-029,Hanoi,VNM,2021-03-01,11.0206,11,74,17.3
VNM-ADM2-029,Hanoi,VNM,2021-04-01,11.0541,20,74,17.3
VNM-ADM2-029,Hanoi,VNM,2021-05-01,10.8821,13,74,17.3
VNM-ADM2-029,Hanoi,VNM,2021-06-01,10.7126,6,74,17.3
VNM-ADM2-029,Hanoi,VNM,2021-07-01,10.2604,6,74,17.3
VNM-ADM2-029,Hanoi,VNM,2021-08-01,,0,74,17.3
VNM-ADM2-029,Hanoi,VNM,2021-09-01,10.2622,8,74,17.3
VNM-ADM2-029,Hanoi,VNM,2021-10-01,11.1117,7,74,17.3
VNM-ADM2-029,Hanoi,VNM,2021-11-01,9.7786,15,74,17.3
VNM-ADM2-029,Hanoi,VNM,2021-12-01,11.3862,14,74,17.3
VNM-ADM2-029,Hanoi,VNM,2022-01-01,10.8102,16,74,17.3
VNM-ADM2-029,Hanoi,VNM,2022-02-01,12.2536,16,74,17.3
VNM-ADM2-029,Hanoi,VNM,2022-03-01,10.0938,15,74,17.3
VNM-ADM2-029,Hanoi,VNM,2022-04-01,11.0424,16,74,17.3
VNM-ADM2-029,Hanoi,VNM,2022-05-01,11.3538,15,74,17.3
VNM-ADM2-029,Hanoi,VNM,2022-06-01,10.6633,8,74,17.3
VNM-ADM2-029,Hanoi,VNM,2022-07-01,10.069,11,74,17.3
VNM-ADM2-029,Hanoi,VNM,2022-08-01,10.7436,7,74,17.3
VNM-ADM2-029,Hanoi,VNM,2022-09-01,9.6662,6,74,17.3
VNM-ADM2-029,Hanoi,VNM,2022-10-01,10.1224,20,74,17.3
VNM-ADM2-029,Hanoi,VNM,2022-11-01,9.8795,22,74,17.3
VNM-ADM2-029,Hanoi,VNM,2022-12-01,10.1824,17,74,17.3
VNM-ADM2-029,Hanoi,VNM,2023-01-01,10.3565,8,74,17.3
VNM-ADM2-029,Hanoi,VNM,2023-02-01,10.5211,15,74,17.3
VNM-ADM2-029,Hanoi,VNM,2023-03-01,9.8997,12,74,17.3
VNM-ADM2-029,Hanoi,VNM,2023-04-01,10.1485,15,74,17.3
VNM-ADM2-029,Hanoi,VNM,2023-05-01,12.2994,9,74,17.3
VNM-ADM2-029,Hanoi,VNM,2023-06-01,11.4442,11,74,17.3
VNM-ADM2-029,Hanoi,VNM,2023-07-01,10.8137,6,74,17.3
VNM-ADM2-029,Hanoi,VNM,2023-08-01,12.5278,4,74,17.3
VNM-ADM2-029,Hanoi,VNM,2023-09-01,11.4543,7,74,17.3
VNM-ADM2-029,Hanoi,VNM,2023-10-01,11.2063,8,74,17.3
VNM-ADM2-029,Hanoi,VNM,2023-11-01,10.8034,14,74,17.3
VNM-ADM2-029,Hanoi,VNM,2023-12-01,12.0841,14,74,17.3
VNM-ADM2-029,Hanoi,VNM,2024-01-01,12.5177,14,74,17.3
VNM-ADM2-029,Hanoi,VNM,2024-02-01,12.1404,13,74,17.3
VNM-ADM2-029,Hanoi,VNM,2024-03-01,12.6024,16,74,17.3
VNM-ADM2-029,Hanoi,VNM,2024-04-01,12.8432,12,74,17.3
VNM-ADM2-029,Hanoi,VNM,2024-05-01,13.5023,16,74,17.3
VNM-ADM2-029,Hanoi,VNM,2024-06-01,12.867,5,74,17.3
VNM-ADM2-029,Hanoi,VNM,2024-07-01,,0,74,17.3
VNM-ADM2-029,Hanoi,VNM,2024-08-01,11.4071,8,74,17.3
VNM-ADM2-029,Hanoi,VNM,2024-09-01,10.6271,1,74,17.3
VNM-ADM2-029,Hanoi,VNM,2024-10-01,11.2306,14,74,17.3
VNM-ADM2-029,Hanoi,VNM,2024-11-01,11.0339,15,74,17.3
VNM-ADM2-029,Hanoi,VNM,2024-12-01,12.1298,14,74,17.3
VNM-ADM2-030,Hanoi,VNM,2019-01-01,13.479,15,55,13.0
VNM-ADM2-030,Hanoi,VNM,2019-02-01,15.2749,14,55,13.0
VNM-ADM2-030,Hanoi,VNM,2019-03-01,14.8288,17,55,13.0
VNM-ADM2-030,Hanoi,VNM,2019-04-01,16.7034,22,55,13.0
VNM-ADM2-030,Hanoi,VNM,2019-05-01,15.9093,9,55,13.0
VNM-ADM2-030,Hanoi,VNM,2019-06-01,15.0518,5,55,13.0
VNM-ADM2-030,Hanoi,VNM,2019-07-01,13.7691,14,55,13.0
VNM-ADM2-030,Hanoi,VNM,2019-08-01,16.7696,3,55,13.0
VNM-ADM2-030,Hanoi,VNM,2019-09-01,14.2236,3,55,13.0
VNM-ADM2-030,Hanoi,VNM,2019-10-01,15.3895,24,55,13.0
VNM-ADM2-030,Hanoi,VNM,2019-11-01,14.7083,20,55,13.0
VNM-ADM2-030,Hanoi,VNM,2019-12-01,15.2226,14,55,13.0
VNM-ADM2-030,Hanoi,VNM,2020-01-01,14.8171,18,55,13.0
VNM-ADM2-030,Hanoi,VNM,2020-02-01,17.0289,18,55,13.0
VNM-ADM2-030,Hanoi,VNM,2020-03-01,18.1889,17,55,13.0
VNM-ADM2-030,Hanoi,VNM,2020-04-01,11.3634,12,55,13.0
VNM-ADM2-030,Hanoi,VNM,2020-05-01,12.2365,12,55,13.0
VNM-ADM2-030,Hanoi,VNM,2020-06-01,12.9545,5,55,13.0
VNM-ADM2-030,Hanoi,VNM,2020-07-01,,0,55,13.0
VNM-ADM2-030,Hanoi,VNM,2020-08-01,11.7908,3,55,13.0
VNM-ADM2-030,Hanoi,VNM,2020-09-01,13.8133,10,55,13.0
VNM-ADM2-030,Hanoi,VNM,2020-10-01,14.3728,20,55,13.0
VNM-ADM2-030,Hanoi,VNM,2020-11-01,14.648,17,55,13.0
VNM-ADM2-030,Hanoi,VNM,2020-12-01,14.3117,10,55,13.0
VNM-ADM2-030,Hanoi,VNM,2021-01-01,15.8343,13,55,13.0
VNM-ADM2-030,Hanoi,VNM,2021-02-01,15.9759,14,55,13.0
VNM-ADM2-030,Hanoi,VNM,2021-03-01,16.1932,9,55,13.0
VNM-ADM2-030,Hanoi,VNM,2021-04-01,16.0904,9,55,13.0
VNM-ADM2-030,Hanoi,VNM,2021-05-01,17.0162,14,55,13.0
VNM-ADM2-030,Hanoi,VNM,2021-06-01,15.8519,9,55,13.0
VNM-ADM2-030,Hanoi,VNM,2021-07-01,15.3872,7,55,13.0
VNM-ADM2-030,Hanoi,VNM,2021-08-01,15.1532,5,55,13.0
VNM-ADM2-030,Hanoi,VNM,2021-09-01,,0,55,13.0
VNM-ADM2-030,Hanoi,VNM,2021-10-01,15.4331,14,55,13.0
VNM-ADM2-030,Hanoi,VNM,2021-11-01,16.2454,14,55,13.0
VNM-ADM2-030,Hanoi,VNM,2021-12-01,15.3703,14,55,13.0
VNM-ADM2-030,Hanoi,VNM,2022-01-01,15.2465,11,55,13.0
VNM-ADM2-030,Hanoi,VNM,2022-02-01,16.4745,13,55,13.0
VNM-ADM2-030,Hanoi,VNM,2022-03-01,17.4866,14,55,13.0
VNM-ADM2-030,Hanoi,VNM,2022-04-01,16.5842,17,55,13.0
VNM-ADM2-030,Hanoi,VNM,2022-05-01,18.781,13,55,13.0
VNM-ADM2-030,Hanoi,VNM,2022-06-01,16.2978,3,55,13.0
VNM-ADM2-030,Hanoi,VNM,2022-07-01,16.3299,6,55,13.0
VNM-ADM2-030,Hanoi,VNM,2022-08-01,14.7717,2,55,13.0
VNM-ADM2-030,Hanoi,VNM,2022-09-01,16.5184,2,55,13.0
VNM-ADM2-030,Hanoi,VNM,2022-10-01,15.6726,19,55,13.0
VNM-ADM2-030,Hanoi,VNM,2022-11-01,17.0209,15,55,13.0
VNM-ADM2-030,Hanoi,VNM,2022-12-01,15.9334,7,55,13.0
VNM-ADM2-030,Hanoi,VNM,2023-01-01,17.0077,17,55,13.0
VNM-ADM2-030,Hanoi,VNM,2023-02-01,17.5897,12,55,13.0
VNM-ADM2-030,Hanoi,VNM,2023-03-01,18.0566,11,55,13.0
VNM-ADM2-030,Hanoi,VNM,2023-04-01,18.549,11,55,13.0
VNM-ADM2-030,Hanoi,VNM,2023-05-01,15.4041,11,55,13.0
VNM-ADM2-030,Hanoi,VNM,2023-06-01,16.5161,6,55,13.0
VNM-ADM2-030,Hanoi,VNM,2023-07-01,17.9415,10,55,13.0
VNM-ADM2-030,Hanoi,VNM,2023-08-01,15.6919,2,55,13.0
VNM-ADM2-030,Hanoi,VNM,2023-09-01,14.2777,1,55,13.0
VNM-ADM2-030,Hanoi,VNM,2023-10-01,14.784,14,55,13.0
VNM-ADM2-030,Hanoi,VNM,2023-11-01,16.6481,17,55,13.0
VNM-ADM2-030,Hanoi,VNM,2023-12-01,18.4653,16,55,13.0
VNM-ADM2-030,Hanoi,VNM,2024-01-01,15.6293,14,55,13.0
VNM-ADM2-030,Hanoi,VNM,2024-02-01,18.7041,13,55,13.0
VNM-ADM2-030,Hanoi,VNM,2024-03-01,16.1885,10,55,13.0
VNM-ADM2-030,Hanoi,VNM,2024-04-01,15.3375,10,55,13.0
VNM-ADM2-030,Hanoi,VNM,2024-05-01,18.3688,13,55,13.0
VNM-ADM2-030,Hanoi,VNM,2024-06-01,17.2548,2,55,13.0
VNM-ADM2-030,Hanoi,VNM,2024-07-01,16.3685,1,55,13.0
VNM-ADM2-030,Hanoi,VNM,2024-08-01,18.385,6,55,13.0
VNM-ADM2-030,Hanoi,VNM,2024-09-01,16.0287,7,55,13.0
VNM-ADM2-030,Hanoi,VNM,2024-10-01,17.5007,13,55,13.0
VNM-ADM2-030,Hanoi,VNM,2024-11-01,16.3167,10,55,13.0
VNM-ADM2-030,Hanoi,VNM,2024-12-01,15.3768,14,55,13.0
