hhid,hv001,hv002,hv005,hv009,hv024,hv025,hv201,hv205,hv206,hv270,hv271,serv_1,serv_2,serv_3,sat_1,sat_2,sat_3,ctx_infra_index,y_wellbeing
0001 001,1,1,854380,6,1,1,31,11,1,4,64307,3,3,3,2,2,3,0.396,3.116
0001 002,1,2,1304748,8,1,1,32,22,1,5,206020,3,3,3,3,3,4,0.396,2.057
0001 003,1,3,1082440,5,1,1,32,21,1,3,16961,4,4,4,3,3,4,0.396,1.86
0001 004,1,4,984618,5,1,1,31,12,1,3,11270,4,4,4,2,3,3,0.396,3.671
0001 005,1,5,1169946,4,1,1,32,11,1,5,125668,4,3,4,3,3,4,0.396,2.514
0001 006,1,6,819634,4,1,1,13,22,0,3,-22634,2,3,2,3,2,2,0.396,5.569
0001 007,1,7,849815,5,1,1,32,12,1,4,94672,4,4,4,3,3,4,0.396,5.775
0001 008,1,8,960274,4,1,1,13,11,0,4,56799,4,4,3,3,3,3,0.396,2.907
0001 009,1,9,1017970,5,1,1,12,22,1,5,144360,3,3,3,4,4,2,0.396,2.649
0001 010,1,10,911524,3,1,1,21,11,0,2,-70325,3,3,4,3,2,3,0.396,3.069
0001 011,1,11,956954,3,1,1,11,31,1,4,64953,3,3,3,3,2,3,0.396,2.838
0001 012,1,12,957146,6,1,1,21,21,0,3,9976,3,4,3,2,1,2,0.396,3.287
0001 013,1,13,915745,7,1,1,12,22,0,2,-94426,3,3,3,3,3,3,0.396,1.819
0001 014,1,14,752129,9,1,1,11,31,1,2,-54075,4,4,4,2,3,4,0.396,4.903
0001 015,1,15,1054694,6,1,1,32,11,0,3,-749,4,3,4,3,3,4,0.396,3.638
0001 016,1,16,1055472,7,1,1,32,22,1,4,59158,4,4,4,2,2,3,0.396,3.532
0001 017,1,17,951290,4,1,1,32,11,1,4,78728,4,3,4,3,3,4,0.396,2.665
0001 018,1,18,819856,7,1,1,21,22,0,2,-87287,4,3,3,4,3,4,0.396,3.132
0001 019,1,19,788011,2,1,1,31,12,1,5,143464,4,4,3,4,3,2,0.396,4.604
0001 020,1,20,983042,5,1,1,11,12,1,4,89519,4,4,3,2,2,2,0.396,3.702
0001 021,1,21,897054,10,1,1,31,21,1,4,42460,3,4,4,1,2,3,0.396,3.911
0001 022,1,22,893436,6,1,1,21,21,1,4,38357,4,3,4,3,3,3,0.396,1.96
0001 023,1,23,1110810,5,1,1,32,12,1,3,7843,4,4,4,3,3,3,0.396,2.709
0001 024,1,24,954113,3,1,1,21,12,0,2,-82344,3,3,3,2,2,1,0.396,2.552
0001 025,1,25,840519,4,1,1,11,31,0,5,159464,5,3,4,4,3,3,0.396,1.959
0002 001,2,1,1064379,8,1,1,11,21,0,2,-95312,4,4,4,3,3,3,-0.616,2.883
0002 002,2,2,818441,3,1,1,12,12,1,3,5948,5,4,5,3,3,3,-0.616,2.731
0002 003,2,3,1051850,2,1,1,11,31,0,1,-164794,3,3,4,3,3,2,-0.616,3.684
0002 004,2,4,1135914,7,1,1,11,11,1,2,-48143,5,5,4,5,4,4,-0.616,3.354
0002 005,2,5,754097,5,1,1,13,12,1,3,-4457,5,3,4,4,3,3,-0.616,3.227
0002 006,2,6,1061142,4,1,1,31,12,0,1,-101505,4,4,3,3,3,3,-0.616,3.509
0002 007,2,7,1050483,10,1,1,13,31,1,3,24923,4,4,3,2,4,3,-0.616,3.14
0002 008,2,8,946410,6,1,1,11,12,1,3,2343,4,5,5,4,4,4,-0.616,4.522
0002 009,2,9,1185973,6,1,1,31,21,0,1,-164438,4,4,3,3,3,3,-0.616,0.962
0002 010,2,10,1330162,7,1,1,31,11,0,1,-133394,3,4,4,3,3,3,-0.616,3.207
0002 011,2,11,995841,5,1,1,32,12,1,2,-71733,4,3,3,4,3,3,-0.616,1.957
0002 012,2,12,1109033,3,1,1,11,22,0,2,-56390,4,4,3,2,3,3,-0.616,3.054
0002 013,2,13,992034,4,1,1,12,11,1,1,-106887,4,4,3,4,4,3,-0.616,4.218
0002 014,2,14,924665,5,1,1,21,21,0,3,-21972,3,3,2,3,2,2,-0.616,3.53
0002 015,2,15,1091557,4,1,1,12,22,1,2,-36648,3,4,3,3,3,4,-0.616,3.4
0002 016,2,16,904819,7,1,1,21,12,0,1,-215606,2,2,2,3,3,2,-0.616,3.345
0002 017,2,17,1121717,3,1,1,13,11,1,4,49632,4,3,3,4,3,4,-0.616,3.419
0002 018,2,18,926074,5,1,1,21,12,0,2,-37863,4,4,4,3,4,3,-0.616,2.735
0002 019,2,19,987743,3,1,1,12,31,0,2,-51836,4,4,4,2,3,2,-0.616,2.419
0002 020,2,20,1068304,2,1,1,32,21,1,3,14036,3,4,2,3,3,2,-0.616,3.58
0002 021,2,21,950124,7,1,1,32,12,0,2,-32957,4,4,4,3,2,2,-0.616,4.199
0002 022,2,22,994070,8,1,1,11,11,0,3,-27145,3,2,3,2,2,2,-0.616,2.955
0002 023,2,23,1090364,5,1,1,11,12,0,1,-100891,4,4,3,4,3,4,-0.616,3.581
0002 024,2,24,1121078,5,1,1,11,21,0,1,-155585,3,4,3,2,3,3,-0.616,3.313
0002 025,2,25,1086255,2,1,1,21,21,0,4,78374,2,3,2,3,2,2,-0.616,2.557
0003 001,3,1,978265,7,1,1,11,21,0,4,48143,4,4,4,4,4,4,0.457,1.885
0003 002,3,2,1070017,9,1,1,31,31,1,4,63012,3,4,4,4,4,4,0.457,2.806
0003 003,3,3,1141556,5,1,1,21,11,1,4,57134,4,4,4,5,4,5,0.457,2.325
0003 004,3,4,915238,4,1,1,11,22,0,4,47550,4,3,4,3,3,4,0.457,2.361
0003 005,3,5,1083448,8,1,1,11,31,0,5,142946,3,3,2,3,3,3,0.457,2.264
0003 006,3,6,1023273,8,1,1,13,12,1,4,74290,3,4,3,4,3,4,0.457,1.979
0003 007,3,7,943793,8,1,1,11,11,0,2,-73662,4,3,3,2,2,3,0.457,0.925
0003 008,3,8,1036180,3,1,1,31,11,0,5,155946,3,3,3,3,4,3,0.457,3.193
0003 009,3,9,1002396,3,1,1,21,11,0,2,-39887,3,3,3,2,2,2,0.457,0.567
0003 010,3,10,965914,6,1,1,32,11,0,2,-93172,3,3,3,3,3,2,0.457,1.13
0003 011,3,11,977315,2,1,1,31,12,0,3,-6654,2,3,3,3,4,3,0.457,0.682
0003 012,3,12,1064295,4,1,1,12,11,1,5,203202,5,5,4,4,4,4,0.457,2.773
0003 013,3,13,1055855,6,1,1,21,31,0,5,109870,2,3,3,3,2,3,0.457,1.221
0003 014,3,14,848423,8,1,1,13,31,0,2,-76243,3,4,4,3,2,3,0.457,3.358
0003 015,3,15,707434,9,1,1,13,11,1,5,182036,3,3,2,3,2,3,0.457,-0.05
0003 016,3,16,1027457,4,1,1,21,22,1,4,95620,4,4,4,4,4,4,0.457,1.824
0003 017,3,17,911178,4,1,1,31,22,0,1,-168485,3,3,4,3,4,3,0.457,2.878
0003 018,3,18,812632,8,1,1,11,22,1,2,-96458,4,4,4,4,3,3,0.457,2.311
0003 019,3,19,1112146,5,1,1,13,12,0,2,-75124,4,4,4,5,5,5,0.457,3.753
0003 020,3,20,873408,5,1,1,12,21,1,3,28901,5,5,4,4,4,3,0.457,0.875
0003 021,3,21,944792,7,1,1,21,11,1,3,4152,3,4,4,4,4,4,0.457,3.743
0003 022,3,22,1163422,4,1,1,12,22,1,5,195684,3,4,3,4,3,4,0.457,2.797
0003 023,3,23,905106,3,1,1,13,21,1,4,31089,4,5,5,4,3,4,0.457,1.028
0003 024,3,24,815207,5,1,1,13,21,0,2,-47281,4,3,4,4,3,4,0.457,3.417
0003 025,3,25,956589,8,1,1,11,31,1,5,144909,4,4,4,4,4,4,0.457,2.329
0004 001,4,1,992195,6,1,1,11,22,0,2,-54672,3,3,3,3,3,3,0.893,2.52
0004 002,4,2,986221,5,1,1,11,21,1,4,68173,4,4,4,4,4,4,0.893,3.983
0004 003,4,3,1205835,3,1,1,32,11,0,2,-30575,5,4,4,2,3,2,0.893,2.746
0004 004,4,4,1114581,5,1,1,21,12,0,2,-57646,3,3,3,4,4,3,0.893,4.16
0004 005,4,5,1051130,6,1,1,11,22,1,4,46897,3,4,4,5,5,4,0.893,4.68
0004 006,4,6,1214813,1,1,1,31,12,0,4,45902,3,4,4,3,3,4,0.893,2.472
0004 007,4,7,955265,6,1,1,31,11,0,5,201645,3,4,3,4,4,4,0.893,4.214
0004 008,4,8,1015251,3,1,1,21,21,1,5,118001,3,4,3,4,4,4,0.893,4.37
0004 009,4,9,918352,6,1,1,12,22,1,5,108632,4,4,4,4,4,4,0.893,5.082
0004 010,4,10,1017204,9,1,1,12,11,1,5,128260,4,3,4,4,4,4,0.893,3.891
0004 011,4,11,975412,6,1,1,12,22,1,5,161254,4,4,4,4,4,4,0.893,3.819
0004 012,4,12,772156,5,1,1,21,22,1,4,33178,4,5,4,3,4,3,0.893,2.877
0004 013,4,13,1052848,5,1,1,31,22,0,4,38914,3,3,2,2,1,2,0.893,2.377
0004 014,4,14,1020274,4,1,1,21,12,1,2,-61931,4,4,4,4,3,4,0.893,4.124
0004 015,4,15,1091951,5,1,1,32,22,0,3,27582,3,3,3,3,3,4,0.893,1.124
0004 016,4,16,900953,6,1,1,31,12,1,4,94451,4,3,4,3,3,3,0.893,2.003
0004 017,4,17,1183831,4,1,1,11,21,1,4,81291,4,4,4,4,4,4,0.893,4.854
0004 018,4,18,852160,11,1,1,12,11,0,2,-76040,3,3,3,2,3,3,0.893,2.364
0004 019,4,19,1088015,7,1,1,32,21,0,4,39019,3,2,4,4,4,4,0.893,5.477
0004 020,4,20,710559,3,1,1,21,21,1,4,71521,4,4,4,4,4,3,0.893,4.07
0004 021,4,21,1065632,4,1,1,11,11,0,5,122646,4,3,4,3,4,3,0.893,3.332
0004 022,4,22,741802,3,1,1,32,11,1,5,180089,4,4,4,3,2,2,0.893,2.955
0004 023,4,23,1016158,4,1,1,11,22,1,4,57777,4,4,3,3,3,3,0.893,3.543
0004 024,4,24,867640,4,1,1,12,31,1,5,146696,5,5,4,3,2,2,0.893,1.155
0004 025,4,25,887129,3,1,1,11,31,1,4,42772,4,4,4,3,3,3,0.893,3.674
0005 001,5,1,1040257,8,1,1,13,31,0,2,-74616,4,4,4,3,3,3,0.299,3.149
0005 002,5,2,1029324,8,1,1,31,12,0,2,-31370,2,3,3,3,4,2,0.299,2.854
0005 003,5,3,1072442,5,1,1,31,12,0,2,-39236,3,3,2,3,3,3,0.299,3.967
0005 004,5,4,999208,6,1,1,21,31,0,2,-60037,3,3,3,2,2,2,0.299,3.715
0005 005,5,5,1219584,2,1,1,31,22,0,1,-107786,3,3,3,4,4,3,0.299,1.464
0005 006,5,6,1122601,5,1,1,13,22,0,2,-86196,4,4,3,3,4,4,0.299,3.93
0005 007,5,7,1172316,6,1,1,31,22,1,1,-188331,3,4,3,3,3,3,0.299,1.728
0005 008,5,8,1005290,4,1,1,31,21,1,4,71452,5,4,4,3,4,4,0.299,4.217
0005 009,5,9,963499,5,1,1,21,11,1,4,38832,4,4,4,4,4,4,0.299,2.996
0005 010,5,10,782273,6,1,1,12,11,0,3,26946,4,4,4,3,3,3,0.299,2.279
0005 011,5,11,1025178,4,1,1,21,22,0,1,-129591,3,3,3,3,3,3,0.299,2.915
0005 012,5,12,1053759,8,1,1,21,12,0,5,101666,4,4,3,2,3,3,0.299,3.423
0005 013,5,13,1067061,3,1,1,13,22,1,3,6565,4,4,4,3,3,3,0.299,3.091
0005 014,5,14,958325,2,1,1,13,21,1,2,-35620,3,3,4,3,3,3,0.299,4.672
0005 015,5,15,1136737,11,1,1,31,31,1,5,221350,4,3,3,3,4,4,0.299,3.888
0005 016,5,16,1030675,6,1,1,12,22,1,5,159139,4,4,4,4,3,4,0.299,1.859
0005 017,5,17,932793,6,1,1,21,21,0,5,103325,3,3,3,3,2,3,0.299,1.673
0005 018,5,18,1120803,4,1,1,31,21,0,1,-108720,4,2,2,3,4,3,0.299,3.008
0005 019,5,19,1075706,7,1,1,32,22,1,3,18536,4,5,4,3,3,3,0.299,1.617
0005 020,5,20,1042495,6,1,1,21,22,0,2,-81189,2,3,3,3,4,3,0.299,5.881
0005 021,5,21,989369,6,1,1,21,21,0,2,-70454,3,2,4,2,4,2,0.299,5.015
0005 022,5,22,784460,4,1,1,12,21,0,4,83845,3,4,3,4,4,4,0.299,5.488
0005 023,5,23,827620,4,1,1,21,21,0,3,-28972,4,4,3,4,3,4,0.299,4.459
0005 024,5,24,1073434,4,1,1,11,12,1,4,93457,4,3,4,3,2,3,0.299,1.122
0005 025,5,25,856336,9,1,1,31,22,1,4,95788,3,3,2,2,2,2,0.299,2.856
0006 001,6,1,988391,5,1,1,31,12,1,4,70099,4,4,4,4,4,4,-0.025,2.689
0006 002,6,2,955258,5,1,1,11,21,1,1,-110058,4,4,4,3,4,4,-0.025,2.119
0006 003,6,3,1109610,6,1,1,11,31,1,3,-18608,5,4,4,4,4,4,-0.025,5.758
0006 004,6,4,1104060,8,1,1,13,12,1,4,64478,5,4,4,3,4,3,-0.025,4.481
0006 005,6,5,889992,5,1,1,11,31,0,3,-11107,4,4,4,3,4,4,-0.025,5.617
0006 006,6,6,928782,4,1,1,11,31,1,5,131357,4,4,5,4,4,3,-0.025,4.482
0006 007,6,7,810473,6,1,1,12,31,0,5,111515,4,3,4,5,4,4,-0.025,4.356
0006 008,6,8,1074868,2,1,1,11,11,0,3,25518,3,3,3,3,4,3,-0.025,2.03
0006 009,6,9,923310,6,1,1,31,11,0,3,3725,2,2,3,3,2,3,-0.025,2.665
0006 010,6,10,980421,2,1,1,11,22,1,3,-25659,3,3,4,2,2,3,-0.025,1.849
0006 011,6,11,1035038,5,1,1,13,31,0,3,-19990,3,3,3,2,2,3,-0.025,2.306
0006 012,6,12,1023690,3,1,1,21,11,1,3,29421,4,3,3,3,3,3,-0.025,2.808
0006 013,6,13,816878,5,1,1,21,22,1,2,-36561,3,3,3,3,3,4,-0.025,5.791
0006 014,6,14,1078754,7,1,1,12,21,0,3,-17844,4,3,4,2,2,3,-0.025,3.267
0006 015,6,15,1073536,1,1,1,12,31,1,1,-135408,4,4,4,3,4,3,-0.025,3.548
0006 016,6,16,845092,6,1,1,12,12,0,2,-47089,4,5,3,3,4,3,-0.025,4.573
0006 017,6,17,979145,6,1,1,31,31,1,4,31803,2,3,3,3,3,3,-0.025,1.912
0006 018,6,18,945557,6,1,1,12,11,1,4,91031,4,4,4,4,4,4,-0.025,3.585
0006 019,6,19,1268522,5,1,1,13,12,1,3,24759,4,4,3,3,3,4,-0.025,3.089
0006 020,6,20,1023062,4,1,1,11,21,0,3,19491,3,3,4,3,3,3,-0.025,3.819
0006 021,6,21,1081719,5,1,1,11,21,1,3,15186,3,4,4,4,3,4,-0.025,5.15
0006 022,6,22,1025848,2,1,1,13,21,0,2,-91823,3,3,4,3,3,4,-0.025,4.368
0006 023,6,23,1100371,3,1,1,11,11,1,4,70038,4,4,4,3,3,3,-0.025,2.949
0006 024,6,24,1087433,5,1,1,32,11,1,4,91132,4,4,3,2,2,3,-0.025,2.628
0006 025,6,25,1098440,6,1,1,11,21,0,4,77202,3,2,2,4,4,4,-0.025,3.185
0007 001,7,1,1045955,4,1,1,31,31,1,5,127897,3,3,3,4,4,4,0.297,5.113
0007 002,7,2,1061360,10,1,1,13,11,0,4,96850,4,4,4,4,4,4,0.297,3.482
0007 003,7,3,1120255,7,1,1,21,11,1,5,192161,3,4,3,4,3,3,0.297,4.411
0007 004,7,4,1044546,3,1,1,32,12,1,4,94007,4,3,3,2,2,3,0.297,3.399
0007 005,7,5,988387,3,1,1,32,21,1,4,62299,3,3,3,2,2,2,0.297,1.823
0007 006,7,6,1070578,2,1,1,21,11,0,4,44112,4,4,4,3,4,3,0.297,1.974
0007 007,7,7,846575,8,1,1,11,21,1,3,26644,3,3,3,3,3,3,0.297,2.314
0007 008,7,8,748447,2,1,1,13,11,1,4,61458,3,4,3,3,3,3,0.297,2.487
0007 009,7,9,1144771,3,1,1,13,12,1,5,109907,4,4,4,3,3,3,0.297,3.866
0007 010,7,10,997495,6,1,1,31,12,0,3,-9136,4,3,3,4,5,4,0.297,1.365
0007 011,7,11,1057882,5,1,1,13,12,0,3,10837,3,3,4,3,3,3,0.297,2.634
0007 012,7,12,993165,4,1,1,31,11,1,4,72495,4,4,4,3,4,3,0.297,3.633
0007 013,7,13,985120,7,1,1,32,11,1,2,-92968,3,5,3,3,3,2,0.297,4.325
0007 014,7,14,902746,2,1,1,13,11,1,4,88551,3,4,3,4,3,4,0.297,1.964
0007 015,7,15,1043991,9,1,1,31,21,0,2,-70624,3,4,3,4,3,4,0.297,2.235
0007 016,7,16,864674,8,1,1,13,11,0,3,-14068,4,3,3,3,2,3,0.297,2.553
0007 017,7,17,1107256,5,1,1,11,12,0,2,-71149,3,4,3,3,3,3,0.297,3.853
0007 018,7,18,1045060,4,1,1,11,22,1,3,-8103,4,4,4,2,2,3,0.297,0.833
0007 019,7,19,969319,4,1,1,31,12,0,2,-91311,2,3,4,4,4,4,0.297,3.968
0007 020,7,20,1137279,5,1,1,12,12,1,4,53547,3,5,4,4,5,4,0.297,4.575
0007 021,7,21,1149698,9,1,1,21,21,1,4,82384,4,3,3,2,3,4,0.297,2.998
0007 022,7,22,990601,5,1,1,11,11,0,2,-64465,4,4,4,3,4,3,0.297,4.884
0007 023,7,23,949719,1,1,1,11,11,1,4,77044,5,4,5,4,4,3,0.297,1.239
0007 024,7,24,1035555,6,1,1,11,31,0,2,-80289,4,4,4,2,3,2,0.297,1.829
0007 025,7,25,796488,4,1,1,32,31,1,3,9838,4,3,3,3,3,4,0.297,3.567
0008 001,8,1,1072161,5,1,1,32,22,1,4,91029,3,3,3,3,3,3,1.364,2.873
0008 002,8,2,917777,3,1,1,13,21,0,4,70754,4,4,3,5,4,4,1.364,2.677
0008 003,8,3,980635,6,1,1,12,11,0,5,120814,4,4,3,3,3,3,1.364,1.263
0008 004,8,4,844910,5,1,1,13,12,0,5,123728,4,4,3,4,4,4,1.364,2.88
0008 005,8,5,919817,10,1,1,31,22,1,4,65131,4,3,3,2,3,4,1.364,2.58
0008 006,8,6,932145,3,1,1,12,11,1,5,126421,5,4,3,4,4,4,1.364,3.779
0008 007,8,7,1207796,6,1,1,32,12,0,4,49663,4,4,4,4,4,3,1.364,4.325
0008 008,8,8,1248866,10,1,1,21,11,1,5,110767,5,5,5,5,5,5,1.364,2.493
0008 009,8,9,921308,3,1,1,11,11,1,5,113885,5,4,5,2,3,3,1.364,2.28
0008 010,8,10,950968,1,1,1,21,12,1,2,-50443,4,5,4,4,3,3,1.364,4.029
0008 011,8,11,1102404,4,1,1,12,21,1,5,125053,4,4,4,3,4,4,1.364,3.313
0008 012,8,12,938410,11,1,1,32,21,1,3,8552,3,3,3,2,2,2,1.364,3.039
0008 013,8,13,817122,8,1,1,11,22,0,3,23760,3,3,3,2,3,3,1.364,1.087
0008 014,8,14,1036374,3,1,1,21,22,1,5,128353,4,4,4,5,4,3,1.364,4.872
0008 015,8,15,1075768,5,1,1,12,11,1,2,-45903,4,4,4,3,3,3,1.364,3.642
0008 016,8,16,908785,7,1,1,11,12,1,4,51474,4,4,4,3,3,3,1.364,4.054
0008 017,8,17,1295653,10,1,1,31,12,1,4,63750,4,3,4,4,4,4,1.364,2.163
0008 018,8,18,1071368,5,1,1,11,12,0,4,43675,5,5,5,5,5,5,1.364,4.985
0008 019,8,19,1143979,3,1,1,11,31,1,4,71817,5,4,4,3,4,3,1.364,1.469
0008 020,8,20,1170316,5,1,1,31,12,1,4,93842,4,3,4,3,3,3,1.364,3.132
0008 021,8,21,1040081,3,1,1,13,22,1,5,110536,4,3,3,3,3,3,1.364,3.068
0008 022,8,22,918177,6,1,1,11,31,0,2,-57038,3,4,4,3,4,3,1.364,1.879
0008 023,8,23,1236542,6,1,1,31,11,1,4,79095,4,4,4,4,4,4,1.364,3.035
0008 024,8,24,1034895,5,1,1,13,22,1,5,181960,5,4,4,5,5,5,1.364,3.884
0008 025,8,25,834218,7,1,1,21,12,1,4,81261,4,4,4,4,4,4,1.364,3.242
0009 001,9,1,884847,7,1,1,32,12,0,1,-157567,3,3,3,4,3,2,-1.461,-0.385
0009 002,9,2,1130522,6,1,1,21,11,0,2,-48784,4,3,4,4,2,3,-1.461,1.444
0009 003,9,3,988475,9,1,1,11,21,0,1,-155693,3,3,3,2,3,3,-1.461,1.761
0009 004,9,4,1148457,6,1,1,31,12,1,2,-82458,4,4,3,3,4,4,-1.461,0.328
0009 005,9,5,957739,5,1,1,12,21,0,1,-138724,3,3,3,3,3,3,-1.461,3.979
0009 006,9,6,1042962,5,1,1,12,12,1,1,-103801,3,3,3,3,3,3,-1.461,1.607
0009 007,9,7,1165783,3,1,1,21,12,1,2,-63869,3,3,3,3,3,2,-1.461,-0.052
0009 008,9,8,1025881,4,1,1,31,12,1,3,14863,3,3,3,3,3,3,-1.461,1.035
0009 009,9,9,928566,3,1,1,31,21,0,2,-76069,3,3,3,3,3,4,-1.461,2.769
0009 010,9,10,1073935,6,1,1,31,22,1,1,-145002,4,3,3,3,4,4,-1.461,3.303
0009 011,9,11,938244,4,1,1,31,11,1,2,-40234,4,3,3,3,3,3,-1.461,1.309
0009 012,9,12,1094042,8,1,1,13,22,0,1,-220800,3,4,4,2,3,3,-1.461,2.18
0009 013,9,13,1215530,5,1,1,21,21,1,1,-114412,4,4,4,3,3,2,-1.461,2.624
0009 014,9,14,894207,6,1,1,32,21,0,3,6354,3,2,3,3,3,3,-1.461,2.376
0009 015,9,15,819327,10,1,1,13,21,1,2,-39446,3,3,3,3,4,4,-1.461,-1.064
0009 016,9,16,823099,4,1,1,32,21,0,3,-1035,3,2,3,4,4,4,-1.461,1.558
0009 017,9,17,1001380,10,1,1,11,21,0,1,-178692,2,2,3,3,3,3,-1.461,3.311
0009 018,9,18,968899,4,1,1,31,21,0,2,-83008,3,2,2,4,4,4,-1.461,1.261
0009 019,9,19,1214831,9,1,1,12,12,0,1,-104585,3,3,3,3,2,3,-1.461,1.327
0009 020,9,20,973997,7,1,1,32,31,0,1,-138816,1,3,2,3,3,3,-1.461,3.28
0009 021,9,21,1018112,10,1,1,31,12,0,2,-72849,3,4,4,2,3,3,-1.461,0.371
0009 022,9,22,1111127,3,1,1,11,11,1,2,-84757,3,4,4,4,3,4,-1.461,1.113
0009 023,9,23,868029,4,1,1,11,22,0,3,5154,2,3,3,3,2,3,-1.461,1.333
0009 024,9,24,1003100,2,1,1,21,22,0,2,-86654,3,3,3,4,5,4,-1.461,2.968
0009 025,9,25,1065025,6,1,1,11,22,1,2,-94583,4,4,3,4,4,4,-1.461,2.341
0010 001,10,1,919698,5,1,1,13,12,1,4,95999,3,4,3,3,3,3,1.652,2.9
0010 002,10,2,919767,5,1,1,11,21,0,4,70296,4,4,3,4,5,4,1.652,3.43
0010 003,10,3,1180634,4,1,1,32,12,1,4,77924,4,4,3,3,3,3,1.652,3.496
0010 004,10,4,935643,5,1,1,31,11,0,5,147871,4,4,4,4,4,4,1.652,1.686
0010 005,10,5,988273,4,1,1,32,12,1,5,134841,4,4,5,4,5,5,1.652,2.087
0010 006,10,6,814443,3,1,1,12,12,1,5,110519,4,4,4,5,4,4,1.652,5.325
0010 007,10,7,1312835,2,1,1,12,21,1,4,32570,4,3,4,2,3,3,1.652,4.08
0010 008,10,8,1157852,7,1,1,11,21,1,5,104866,4,5,4,3,4,2,1.652,3.02
0010 009,10,9,1081098,6,1,1,31,21,1,5,176422,5,4,4,4,3,3,1.652,2.971
0010 010,10,10,812924,5,1,1,31,22,0,4,68077,3,3,3,4,4,4,1.652,3.802
0010 011,10,11,846536,7,1,1,12,21,0,3,-24494,4,4,3,4,4,4,1.652,3.78
0010 012,10,12,1139699,7,1,1,32,21,1,5,181628,4,4,4,5,5,4,1.652,3.647
0010 013,10,13,916786,6,1,1,12,12,1,5,107810,5,5,5,4,4,3,1.652,2.277
0010 014,10,14,963302,3,1,1,31,22,1,5,161266,4,3,4,3,3,2,1.652,2.588
0010 015,10,15,978852,3,1,1,12,21,1,4,57690,4,5,4,4,3,4,1.652,2.067
0010 016,10,16,1271136,4,1,1,11,22,0,4,88822,4,4,4,4,3,3,1.652,4.104
0010 017,10,17,903433,3,1,1,31,21,0,2,-92388,4,4,3,3,3,3,1.652,3.926
0010 018,10,18,1082488,9,1,1,12,22,1,5,206644,5,5,4,4,5,4,1.652,3.973
0010 019,10,19,1069866,5,1,1,21,22,0,4,90769,3,3,3,3,4,3,1.652,3.613
0010 020,10,20,839358,6,1,1,21,31,1,5,153866,4,4,4,4,4,4,1.652,3.411
0010 021,10,21,989801,10,1,1,21,22,1,5,242673,3,3,4,3,3,3,1.652,3.54
0010 022,10,22,949462,5,1,1,11,22,1,4,80760,4,4,4,3,3,3,1.652,3.877
0010 023,10,23,829819,8,1,1,31,22,1,4,52557,4,4,4,4,5,5,1.652,1.402
0010 024,10,24,869091,6,1,1,32,22,0,4,39861,4,4,4,4,4,4,1.652,4.297
0010 025,10,25,1156524,7,1,1,31,12,1,4,37146,3,3,4,3,3,3,1.652,4.421
0011 001,11,1,1190536,6,1,1,13,11,0,2,-74794,3,3,3,4,4,4,-0.502,3.76
0011 002,11,2,922956,6,1,1,12,11,0,3,177,4,4,4,2,3,4,-0.502,6.004
0011 003,11,3,1114287,5,1,1,32,12,1,4,56100,4,3,4,2,3,3,-0.502,4.072
0011 004,11,4,1068046,5,1,1,11,21,1,3,-13065,4,4,4,4,4,3,-0.502,1.611
0011 005,11,5,1113935,4,1,1,32,22,1,3,5277,4,3,3,3,2,3,-0.502,4.449
0011 006,11,6,972087,5,1,1,11,31,0,1,-162735,3,3,3,2,2,2,-0.502,2.737
0011 007,11,7,1028190,8,1,1,12,12,0,1,-121422,3,4,3,3,3,2,-0.502,2.493
0011 008,11,8,991193,5,1,1,21,21,0,2,-92960,4,2,2,3,3,4,-0.502,2.48
0011 009,11,9,1110977,7,1,1,11,11,1,3,8025,3,3,3,3,2,2,-0.502,2.934
0011 010,11,10,1147433,3,1,1,31,11,1,4,82147,4,5,5,3,3,4,-0.502,3.079
0011 011,11,11,1086260,7,1,1,32,31,0,4,36296,3,3,3,4,3,3,-0.502,3.406
0011 012,11,12,1068468,8,1,1,13,11,1,3,-21269,3,3,3,3,3,3,-0.502,3.903
0011 013,11,13,1260013,3,1,1,11,31,0,1,-138354,4,4,4,3,2,2,-0.502,2.885
0011 014,11,14,853351,7,1,1,32,21,1,4,80165,4,3,3,3,3,3,-0.502,3.097
0011 015,11,15,1015992,7,1,1,11,21,1,2,-70251,3,4,3,2,2,2,-0.502,2.239
0011 016,11,16,997385,5,1,1,11,12,1,3,19181,4,3,4,2,3,2,-0.502,3.341
0011 017,11,17,830445,6,1,1,11,12,1,2,-75979,4,5,4,4,3,3,-0.502,3.827
0011 018,11,18,1086092,2,1,1,31,31,1,1,-101863,3,3,3,3,3,3,-0.502,1.862
0011 019,11,19,1062659,5,1,1,11,21,1,3,13836,5,4,4,3,4,3,-0.502,4.559
0011 020,11,20,1211005,7,1,1,12,22,1,5,103280,4,4,4,3,3,3,-0.502,1.742
0011 021,11,21,1027073,5,1,1,12,31,1,5,117247,4,4,4,4,4,4,-0.502,3.682
0011 022,11,22,1009504,3,1,1,13,12,1,2,-38663,4,4,3,4,3,3,-0.502,3.93
0011 023,11,23,1066182,7,1,1,12,12,0,3,-14241,4,4,4,3,3,3,-0.502,1.721
0011 024,11,24,801013,6,1,1,11,21,1,3,1649,4,4,3,4,4,3,-0.502,3.102
0011 025,11,25,796986,8,1,1,21,31,0,4,37560,4,3,4,3,2,3,-0.502,3.42
0012 001,12,1,1194553,4,1,1,31,22,1,2,-81155,3,4,3,3,3,3,-0.267,2.712
0012 002,12,2,855771,7,1,1,32,12,0,2,-57716,3,3,3,3,3,3,-0.267,4.417
0012 003,12,3,904133,3,1,1,32,12,0,2,-41322,3,3,2,3,3,3,-0.267,2.694
0012 004,12,4,1019783,3,1,1,21,21,1,5,118839,3,4,4,3,4,3,-0.267,2.179
0012 005,12,5,1094756,9,1,1,13,21,1,3,17075,4,3,4,3,3,2,-0.267,4.133
0012 006,12,6,1044122,10,1,1,11,12,0,1,-131561,3,3,3,3,3,3,-0.267,1.751
0012 007,12,7,972832,6,1,1,12,12,0,2,-32552,4,4,4,4,5,4,-0.267,3.112
0012 008,12,8,864462,3,1,1,21,21,1,3,-27183,4,4,4,4,4,3,-0.267,2.153
0012 009,12,9,1106459,7,1,1,11,31,1,4,75465,4,4,4,4,3,3,-0.267,2.894
0012 010,12,10,973322,5,1,1,12,12,0,3,-17384,3,3,3,3,4,4,-0.267,4.629
0012 011,12,11,879315,5,1,1,31,11,0,3,-17290,3,3,2,4,4,4,-0.267,2.773
0012 012,12,12,1275635,8,1,1,12,22,0,2,-52561,3,3,4,2,3,2,-0.267,0.415
0012 013,12,13,1184640,4,1,1,12,12,0,3,29842,5,4,3,3,3,3,-0.267,1.552
0012 014,12,14,1074077,7,1,1,32,21,0,1,-113780,3,4,3,4,3,3,-0.267,2.915
0012 015,12,15,841647,3,1,1,21,12,1,5,115385,5,4,5,3,4,4,-0.267,0.35
0012 016,12,16,984770,4,1,1,11,22,0,3,-8509,3,3,3,2,2,2,-0.267,2.767
0012 017,12,17,1233789,5,1,1,12,12,1,4,46315,4,3,4,3,3,2,-0.267,1.369
0012 018,12,18,874422,3,1,1,32,21,0,4,98468,3,4,3,3,4,4,-0.267,2.943
0012 019,12,19,973199,10,1,1,21,21,0,3,-15180,3,3,3,2,3,3,-0.267,0.32
0012 020,12,20,1147148,2,1,1,32,11,0,5,143652,4,3,3,4,4,4,-0.267,3.008
0012 021,12,21,1022628,7,1,1,11,11,1,4,75538,4,4,4,3,3,3,-0.267,2.479
0012 022,12,22,764583,4,1,1,11,12,1,4,96051,4,3,3,3,4,3,-0.267,2.406
0012 023,12,23,917702,3,1,1,31,12,1,4,50801,4,4,3,3,3,2,-0.267,2.861
0012 024,12,24,768219,4,1,1,31,22,1,3,-21869,2,3,3,4,4,4,-0.267,1.275
0012 025,12,25,975950,5,1,1,12,12,0,2,-63011,3,3,3,4,5,4,-0.267,1.817
0013 001,13,1,954245,5,1,1,11,21,1,2,-61213,5,4,4,4,3,4,-0.499,4.897
0013 002,13,2,824353,4,1,1,31,11,0,2,-84018,3,3,3,4,4,4,-0.499,2.49
0013 003,13,3,1245641,6,1,1,11,21,1,2,-79980,3,3,4,4,4,3,-0.499,3.77
0013 004,13,4,779838,4,1,1,11,22,0,3,10308,3,3,3,3,3,3,-0.499,2.355
0013 005,13,5,1085568,4,1,1,21,21,0,1,-110311,3,2,3,1,1,2,-0.499,1.286
0013 006,13,6,940587,5,1,1,32,21,0,5,145683,2,3,3,2,2,2,-0.499,2.757
0013 007,13,7,857486,5,1,1,21,12,0,2,-88904,3,4,4,3,3,2,-0.499,2.175
0013 008,13,8,1056898,7,1,1,21,22,1,2,-44548,3,3,4,2,2,2,-0.499,2.064
0013 009,13,9,1171392,4,1,1,11,22,1,2,-89799,4,3,4,4,4,3,-0.499,2.648
0013 010,13,10,1074931,4,1,1,12,11,0,1,-128019,3,2,3,3,3,2,-0.499,2.471
0013 011,13,11,948077,4,1,1,21,21,1,3,7245,3,3,4,4,3,3,-0.499,1.214
0013 012,13,12,1000048,7,1,1,12,11,1,2,-53533,3,3,3,3,3,3,-0.499,2.934
0013 013,13,13,1064240,5,1,1,13,21,0,2,-80127,3,4,4,3,4,4,-0.499,4.199
0013 014,13,14,980097,8,1,1,31,11,0,2,-46979,3,3,3,3,3,3,-0.499,2.678
0013 015,13,15,1330113,9,1,1,12,11,0,1,-132406,3,4,3,3,3,3,-0.499,2.565
0013 016,13,16,904563,3,1,1,21,21,1,3,-26964,3,3,3,2,2,2,-0.499,2.092
0013 017,13,17,1047465,7,1,1,31,21,0,1,-108220,2,3,3,4,3,4,-0.499,3.507
0013 018,13,18,983994,7,1,1,31,11,0,3,2975,2,2,3,2,3,2,-0.499,3.569
0013 019,13,19,1032720,3,1,1,13,31,1,3,-25655,5,4,4,4,4,3,-0.499,3.361
0013 020,13,20,1049705,7,1,1,13,12,0,3,-7935,4,4,4,4,4,3,-0.499,2.375
0013 021,13,21,919585,4,1,1,32,11,1,5,150948,4,4,4,4,4,4,-0.499,3.835
0013 022,13,22,1037879,3,1,1,13,12,0,1,-119804,4,4,4,3,3,3,-0.499,2.636
0013 023,13,23,1143560,6,1,1,31,12,1,5,149027,4,4,4,4,3,4,-0.499,2.73
0013 024,13,24,1148877,5,1,1,31,21,0,1,-126232,3,2,2,2,3,3,-0.499,3.171
0013 025,13,25,986988,6,1,1,31,11,1,3,12572,4,3,3,3,4,3,-0.499,2.295
0014 001,14,1,1227495,6,1,1,32,11,0,1,-133985,2,3,3,3,2,3,-0.72,1.927
0014 002,14,2,1100034,6,1,1,32,12,1,5,106757,3,2,2,4,3,3,-0.72,3.134
0014 003,14,3,960740,5,1,1,21,21,0,4,43123,3,3,3,3,5,4,-0.72,1.768
0014 004,14,4,831503,6,1,1,11,21,0,2,-50254,2,2,2,3,3,3,-0.72,0.849
0014 005,14,5,1025001,3,1,1,31,12,0,1,-104118,3,4,3,2,2,3,-0.72,3.36
0014 006,14,6,1000877,3,1,1,12,12,1,5,208086,4,3,4,4,4,3,-0.72,3.583
0014 007,14,7,884225,8,1,1,12,12,0,2,-76787,4,4,4,2,2,3,-0.72,0.784
0014 008,14,8,1095112,12,1,1,32,31,0,2,-58812,2,3,3,3,3,2,-0.72,1.704
0014 009,14,9,731384,5,1,1,31,21,1,3,14330,3,3,3,3,3,3,-0.72,3.607
0014 010,14,10,1006766,7,1,1,12,11,0,4,56862,3,4,3,2,3,3,-0.72,3.526
0014 011,14,11,1144923,7,1,1,21,12,0,1,-133559,3,3,3,3,3,3,-0.72,2.612
0014 012,14,12,933139,5,1,1,11,11,0,2,-50634,3,3,3,3,2,3,-0.72,1.315
0014 013,14,13,796217,5,1,1,21,11,0,3,-24735,4,3,4,3,3,4,-0.72,1.829
0014 014,14,14,1023725,4,1,1,11,11,1,4,94530,5,4,5,4,4,4,-0.72,2.378
0014 015,14,15,967240,1,1,1,21,22,0,3,8110,2,2,1,3,2,3,-0.72,3.883
0014 016,14,16,850960,3,1,1,11,21,1,1,-154411,4,4,3,2,2,2,-0.72,3.442
0014 017,14,17,987504,5,1,1,21,22,0,3,2416,2,3,3,3,2,3,-0.72,1.783
0014 018,14,18,1078136,8,1,1,11,31,0,1,-139738,3,3,3,3,3,3,-0.72,1.684
0014 019,14,19,949219,3,1,1,12,11,0,2,-85428,4,4,3,2,2,3,-0.72,2.381
0014 020,14,20,975697,6,1,1,31,22,0,2,-59422,1,2,2,3,4,3,-0.72,2.448
0014 021,14,21,957780,1,1,1,32,21,0,3,-8061,3,4,3,4,4,3,-0.72,2.069
0014 022,14,22,788797,5,1,1,31,21,0,1,-124627,3,3,2,2,2,3,-0.72,2.399
0014 023,14,23,1189146,5,1,1,11,21,1,2,-71209,3,4,4,4,4,4,-0.72,4.582
0014 024,14,24,662248,6,1,1,12,12,0,1,-154131,3,3,3,3,2,3,-0.72,1.149
0014 025,14,25,1102811,5,1,1,32,21,0,1,-199477,3,2,2,3,2,3,-0.72,1.192
0015 001,15,1,941744,5,1,1,13,31,1,2,-39585,5,4,4,3,3,4,-0.238,3.617
0015 002,15,2,673203,3,1,1,31,11,1,3,-22071,4,4,4,2,3,3,-0.238,2.802
0015 003,15,3,904648,4,1,1,11,21,0,1,-166902,4,4,4,3,3,4,-0.238,4.154
0015 004,15,4,1028600,4,1,1,21,22,1,3,-10326,3,3,3,3,4,4,-0.238,4.997
0015 005,15,5,1045108,9,1,1,12,22,1,4,69123,3,3,4,4,4,4,-0.238,2.592
0015 006,15,6,833923,6,1,1,13,11,1,4,54758,4,4,3,4,4,4,-0.238,4.078
0015 007,15,7,869597,10,1,1,12,11,1,2,-67176,4,4,4,3,3,3,-0.238,3.644
0015 008,15,8,867657,3,1,1,32,21,1,4,78358,3,4,4,4,4,4,-0.238,3.781
0015 009,15,9,746003,4,1,1,11,11,1,3,8099,3,3,3,2,3,3,-0.238,1.894
0015 010,15,10,1058633,3,1,1,12,21,0,2,-58033,4,3,4,4,3,4,-0.238,3.907
0015 011,15,11,1143244,8,1,1,12,21,0,1,-142363,4,3,4,3,3,3,-0.238,4.349
0015 012,15,12,1100738,7,1,1,21,11,1,3,-2778,3,4,4,4,3,3,-0.238,4.674
0015 013,15,13,789932,3,1,1,12,12,1,5,122606,5,4,4,2,4,3,-0.238,3.445
0015 014,15,14,813778,2,1,1,12,12,0,3,26942,4,4,4,3,4,3,-0.238,3.331
0015 015,15,15,1067382,6,1,1,31,11,0,2,-48543,3,3,3,3,3,3,-0.238,2.517
0015 016,15,16,820081,4,1,1,31,11,1,5,102891,3,4,3,3,3,3,-0.238,2.849
0015 017,15,17,1209812,6,1,1,32,11,1,4,37439,3,3,3,4,4,4,-0.238,4.96
0015 018,15,18,954022,6,1,1,21,22,1,3,-26710,3,3,3,3,3,3,-0.238,5.427
0015 019,15,19,1063453,5,1,1,31,22,1,3,-9465,3,3,3,2,2,2,-0.238,4.502
0015 020,15,20,1042197,3,1,1,13,11,1,3,-17989,3,3,3,3,3,2,-0.238,1.182
0015 021,15,21,1116802,5,1,1,11,21,0,2,-56703,3,4,3,2,2,4,-0.238,1.09
0015 022,15,22,992495,5,1,1,32,22,1,3,2277,3,3,3,3,3,3,-0.238,2.832
0015 023,15,23,938135,9,1,1,12,31,0,2,-44852,3,3,3,2,3,3,-0.238,2.499
0015 024,15,24,1064653,9,1,1,21,31,1,3,23580,3,3,3,4,3,3,-0.238,3.679
0015 025,15,25,989840,2,1,1,12,11,1,3,7661,5,4,4,3,3,3,-0.238,3.866
0016 001,16,1,1167723,7,1,1,32,22,0,4,70554,3,3,3,4,3,4,0.448,2.109
0016 002,16,2,1107118,6,1,1,12,12,1,2,-89017,5,5,5,3,3,3,0.448,3.893
0016 003,16,3,1021577,4,1,1,11,21,0,3,-5857,4,4,3,4,4,2,0.448,1.887
0016 004,16,4,1137498,9,1,1,21,11,1,4,62363,4,4,5,3,4,3,0.448,3.421
0016 005,16,5,871745,2,1,1,31,31,0,2,-63024,2,2,3,3,3,3,0.448,1.268
0016 006,16,6,937589,2,1,1,12,22,1,4,34203,3,3,4,2,3,2,0.448,2.671
0016 007,16,7,972401,4,1,1,12,12,1,2,-45070,5,4,5,4,4,3,0.448,3.368
0016 008,16,8,1057762,8,1,1,11,11,0,3,-25002,4,4,4,2,3,3,0.448,4.34
0016 009,16,9,1143170,6,1,1,11,22,1,3,4299,3,3,3,3,4,3,0.448,4.082
0016 010,16,10,970656,5,1,1,12,12,1,4,70327,5,4,3,4,4,3,0.448,3.689
0016 011,16,11,1076981,8,1,1,13,12,1,5,115493,5,4,4,4,4,4,0.448,3.415
0016 012,16,12,1053820,7,1,1,12,21,0,2,-36932,4,3,4,2,3,3,0.448,1.585
0016 013,16,13,1008221,10,1,1,12,12,1,2,-41087,5,4,5,5,4,5,0.448,4.545
0016 014,16,14,946852,6,1,1,32,12,0,3,-664,4,3,3,4,3,3,0.448,2.057
0016 015,16,15,1041995,6,1,1,13,12,0,4,82492,3,2,4,2,3,3,0.448,2.666
0016 016,16,16,1009022,8,1,1,32,31,0,3,9155,3,4,3,3,3,3,0.448,3.72
0016 017,16,17,1122543,6,1,1,13,22,1,4,46329,4,4,3,4,3,3,0.448,3.206
0016 018,16,18,1078317,5,1,1,21,11,1,3,-25833,4,4,4,2,3,3,0.448,2.601
0016 019,16,19,1061092,4,1,1,13,21,0,2,-93472,4,4,4,3,4,3,0.448,3.595
0016 020,16,20,1020512,5,1,1,13,11,1,4,35000,4,4,4,3,4,3,0.448,3.912
0016 021,16,21,949109,5,1,1,11,12,0,2,-41205,4,4,4,2,3,3,0.448,4.592
0016 022,16,22,891424,6,1,1,31,21,1,1,-172295,4,4,3,3,3,3,0.448,3.763
0016 023,16,23,1329462,5,1,1,31,11,0,4,71187,5,4,5,4,3,4,0.448,4.423
0016 024,16,24,1036699,1,1,1,11,11,0,3,-18605,4,3,4,4,4,4,0.448,2.464
0016 025,16,25,1129891,1,1,1,12,12,0,3,-24580,2,3,3,2,2,2,0.448,0.882
0017 001,17,1,1152643,5,1,1,11,12,1,5,136327,4,4,4,4,4,3,0.384,3.635
0017 002,17,2,898531,10,1,1,21,12,1,2,-69040,4,4,4,4,3,3,0.384,1.942
0017 003,17,3,1041720,8,1,1,21,12,0,1,-204246,2,2,3,3,2,3,0.384,2.266
0017 004,17,4,794504,3,1,1,11,11,0,2,-87916,4,4,3,2,2,3,0.384,3.962
0017 005,17,5,787484,5,1,1,13,12,0,3,-20336,3,3,3,3,3,3,0.384,3.278
0017 006,17,6,962536,5,1,1,21,21,0,1,-115114,4,4,3,4,4,4,0.384,4.401
0017 007,17,7,905070,4,1,1,12,11,1,2,-57384,5,4,5,3,3,3,0.384,4.108
0017 008,17,8,1045797,5,1,1,21,11,1,5,149458,3,4,4,4,4,3,0.384,3.376
0017 009,17,9,1003577,5,1,1,11,31,1,1,-101992,3,3,3,3,4,3,0.384,2.456
0017 010,17,10,1075108,7,1,1,11,22,0,4,64901,4,2,3,4,3,5,0.384,2.906
0017 011,17,11,873690,5,1,1,21,22,1,3,1160,3,3,4,3,4,3,0.384,3.87
0017 012,17,12,1078717,3,1,1,12,12,1,5,128633,5,4,4,3,4,3,0.384,3.577
0017 013,17,13,1050272,4,1,1,11,11,1,4,37442,4,4,3,3,3,4,0.384,1.62
0017 014,17,14,977278,8,1,1,21,12,1,4,74589,4,4,4,3,3,3,0.384,2.237
0017 015,17,15,928937,7,1,1,21,11,0,2,-95734,3,3,3,2,2,2,0.384,4.075
0017 016,17,16,1168438,3,1,1,12,21,0,4,52043,2,3,2,3,3,3,0.384,2.164
0017 017,17,17,1051100,2,1,1,31,11,1,4,97638,4,4,4,3,4,3,0.384,2.808
0017 018,17,18,886722,6,1,1,21,22,1,3,7083,3,3,3,5,4,4,0.384,3.77
0017 019,17,19,902098,3,1,1,31,11,0,2,-84615,3,3,3,2,2,3,0.384,1.996
0017 020,17,20,1039644,4,1,1,31,21,0,3,24467,3,3,3,2,2,3,0.384,2.507
0017 021,17,21,1236708,8,1,1,31,12,0,3,17223,4,4,4,3,4,3,0.384,3.532
0017 022,17,22,1096447,3,1,1,21,21,1,3,29360,4,4,4,2,2,3,0.384,0.552
0017 023,17,23,1132955,4,1,1,31,21,0,2,-62160,4,4,3,3,3,4,0.384,4.389
0017 024,17,24,1036455,6,1,1,12,21,0,3,23597,2,3,2,3,3,4,0.384,4.356
0017 025,17,25,1045225,6,1,1,31,21,1,3,-10027,3,3,3,3,2,3,0.384,3.527
0018 001,18,1,1142463,8,1,1,31,11,1,2,-75617,4,3,3,3,4,3,0.372,3.039
0018 002,18,2,967316,4,1,1,12,12,1,3,-29163,5,5,4,4,5,4,0.372,3.746
0018 003,18,3,1076009,8,1,1,32,12,1,3,7294,3,3,3,3,4,3,0.372,1.922
0018 004,18,4,930585,6,1,1,11,22,0,2,-32774,3,3,3,3,4,3,0.372,2.466
0018 005,18,5,1101704,4,1,1,32,21,0,3,-4136,2,3,3,4,2,3,0.372,4.128
0018 006,18,6,1026098,6,1,1,32,22,0,2,-72152,2,3,3,3,2,2,0.372,0.822
0018 007,18,7,1053258,2,1,1,21,12,0,1,-107906,3,3,3,3,3,3,0.372,3.283
0018 008,18,8,981819,6,1,1,13,21,0,5,116768,4,4,4,3,4,4,0.372,4.591
0018 009,18,9,1032660,9,1,1,11,21,0,1,-156546,4,4,3,2,3,3,0.372,2.496
0018 010,18,10,1116094,4,1,1,32,21,0,3,-17558,4,4,3,3,3,3,0.372,3.046
0018 011,18,11,917237,5,1,1,12,11,1,2,-86185,5,4,4,3,2,3,0.372,2.227
0018 012,18,12,1121765,4,1,1,31,21,0,5,113513,3,4,3,3,2,2,0.372,1.903
0018 013,18,13,848545,8,1,1,13,12,0,5,124981,4,3,3,4,4,4,0.372,2.245
0018 014,18,14,926198,4,1,1,31,12,0,1,-233295,4,4,3,3,2,3,0.372,1.982
0018 015,18,15,1051878,6,1,1,13,12,1,5,217393,5,4,4,3,3,3,0.372,3.866
0018 016,18,16,1103669,2,1,1,31,31,0,3,-6555,3,4,4,3,3,3,0.372,2.26
0018 017,18,17,924861,3,1,1,11,12,0,1,-135740,4,4,3,4,5,4,0.372,3.399
0018 018,18,18,832310,7,1,1,11,12,1,3,9937,3,3,3,3,4,4,0.372,3.33
0018 019,18,19,917026,2,1,1,21,21,0,1,-103525,3,3,3,3,3,3,0.372,2.549
0018 020,18,20,822609,6,1,1,13,31,0,4,42961,3,3,3,2,2,2,0.372,1.204
0018 021,18,21,1014802,7,1,1,32,21,0,2,-59906,2,3,2,4,4,3,0.372,4.026
0018 022,18,22,1113476,7,1,1,12,21,1,5,218274,4,4,4,4,4,4,0.372,2.772
0018 023,18,23,990994,5,1,1,12,21,1,3,17649,5,5,3,4,5,4,0.372,3.469
0018 024,18,24,969371,5,1,1,11,21,0,2,-47729,3,3,3,2,3,3,0.372,3.204
0018 025,18,25,835573,6,1,1,31,21,1,4,48400,4,3,4,3,3,2,0.372,1.197
0019 001,19,1,960676,5,1,1,11,21,0,3,-9634,4,4,4,4,4,4,-0.167,3.065
0019 002,19,2,1102242,7,1,1,21,11,1,4,40141,4,3,3,3,4,4,-0.167,3.304
0019 003,19,3,925287,5,1,1,13,12,1,4,87456,3,3,4,3,3,4,-0.167,2.854
0019 004,19,4,1135585,2,1,1,11,22,0,2,-37406,5,4,5,3,3,4,-0.167,2.193
0019 005,19,5,986188,5,1,1,12,21,1,3,29010,3,4,3,3,3,3,-0.167,1.439
0019 006,19,6,1112777,4,1,1,11,31,1,4,77924,3,3,3,4,4,4,-0.167,1.202
0019 007,19,7,1122883,5,1,1,11,11,0,2,-82780,4,3,3,3,2,3,-0.167,2.204
0019 008,19,8,1097439,8,1,1,32,12,0,1,-121644,3,2,3,2,3,3,-0.167,4.346
0019 009,19,9,1329720,3,1,1,31,22,1,4,32371,3,3,4,4,3,4,-0.167,2.359
0019 010,19,10,1063212,1,1,1,21,21,0,1,-135350,2,3,3,3,4,4,-0.167,2.224
0019 011,19,11,1244295,5,1,1,12,21,1,4,75904,3,4,4,2,4,4,-0.167,2.413
0019 012,19,12,886265,8,1,1,21,11,1,1,-170782,3,3,3,3,3,2,-0.167,2.765
0019 013,19,13,981605,3,1,1,31,21,0,1,-135135,3,2,3,3,3,3,-0.167,2.283
0019 014,19,14,1104558,4,1,1,31,22,1,1,-152812,3,3,3,3,4,3,-0.167,1.493
0019 015,19,15,891060,6,1,1,21,12,0,2,-35308,3,3,4,4,3,4,-0.167,1.766
0019 016,19,16,992910,7,1,1,21,31,0,4,64770,3,3,3,4,4,3,-0.167,3.479
0019 017,19,17,936026,7,1,1,11,12,1,2,-80043,4,3,3,2,3,2,-0.167,1.47
0019 018,19,18,904813,8,1,1,12,12,1,4,59008,3,4,4,4,4,4,-0.167,4.841
0019 019,19,19,797192,4,1,1,21,22,0,3,26191,3,3,2,3,3,3,-0.167,3.016
0019 020,19,20,1094161,4,1,1,31,22,1,1,-119660,4,4,3,2,2,2,-0.167,-1.219
0019 021,19,21,938752,4,1,1,21,12,0,2,-59137,3,3,3,3,4,4,-0.167,3.057
0019 022,19,22,955403,5,1,1,32,21,1,3,10639,3,4,4,3,3,4,-0.167,2.686
0019 023,19,23,1099854,8,1,1,11,21,1,3,23777,4,4,4,4,3,3,-0.167,3.662
0019 024,19,24,1161654,5,1,1,21,12,1,3,-9308,4,3,3,2,2,3,-0.167,3.173
0019 025,19,25,1092718,6,1,1,11,11,1,3,-12437,4,3,4,4,4,4,-0.167,3.442
0020 001,20,1,970097,12,1,1,21,21,0,2,-60598,3,3,3,3,3,3,0.83,3.783
0020 002,20,2,867406,5,1,1,21,12,0,3,-11596,4,4,3,4,3,3,0.83,2.844
0020 003,20,3,1054774,9,1,1,21,12,1,2,-51237,4,4,4,4,4,3,0.83,3.764
0020 004,20,4,849820,6,1,1,32,21,1,5,172024,3,3,4,4,3,4,0.83,2.183
0020 005,20,5,872735,6,1,1,11,21,0,3,-23130,3,4,3,3,3,2,0.83,2.345
0020 006,20,6,1038135,7,1,1,11,11,1,4,88395,4,4,4,4,4,4,0.83,3.369
0020 007,20,7,1213364,4,1,1,13,21,1,3,17516,4,4,4,3,4,4,0.83,2.015
0020 008,20,8,998954,9,1,1,12,31,0,3,2816,3,3,3,4,3,3,0.83,4.666
0020 009,20,9,1006999,6,1,1,11,31,0,2,-60970,3,3,3,3,3,3,0.83,2.731
0020 010,20,10,845638,6,1,1,11,12,1,3,16273,5,4,5,4,5,4,0.83,5.159
0020 011,20,11,932992,5,1,1,11,21,0,4,44539,2,2,2,4,4,4,0.83,3.117
0020 012,20,12,867476,8,1,1,12,12,1,4,64490,5,4,4,3,4,4,0.83,4.082
0020 013,20,13,742421,8,1,1,21,12,1,3,-7149,4,4,4,4,4,3,0.83,2.996
0020 014,20,14,914739,4,1,1,31,22,1,2,-70832,3,4,3,4,3,4,0.83,3.875
0020 015,20,15,758947,4,1,1,12,21,1,4,99714,4,3,3,3,3,3,0.83,2.878
0020 016,20,16,808265,3,1,1,21,12,0,5,139191,3,3,3,3,3,3,0.83,3.787
0020 017,20,17,1025753,6,1,1,13,12,1,3,18074,4,4,5,5,4,5,0.83,4.62
0020 018,20,18,648968,3,1,1,12,12,1,3,4711,4,4,4,3,4,4,0.83,3.938
0020 019,20,19,1101124,5,1,1,13,22,0,2,-58145,2,3,3,2,2,3,0.83,1.788
0020 020,20,20,1091172,3,1,1,21,22,1,3,14424,3,4,3,3,3,4,0.83,2.792
0020 021,20,21,817890,7,1,1,32,31,1,5,177788,4,4,4,4,5,4,0.83,3.402
0020 022,20,22,1093408,3,1,1,13,11,1,4,58651,4,5,4,4,4,4,0.83,1.785
0020 023,20,23,933702,4,1,1,12,22,1,3,-2964,4,4,4,4,4,4,0.83,1.836
0020 024,20,24,980157,4,1,1,21,22,1,3,-8679,3,3,3,4,4,5,0.83,4.097
0020 025,20,25,1044490,4,1,1,21,12,1,3,20559,4,4,4,4,4,4,0.83,4.315
0021 001,21,1,1038606,8,1,1,12,21,1,3,15702,4,3,3,4,3,3,-1.063,2.006
0021 002,21,2,980896,5,1,1,31,11,1,1,-112507,3,3,3,3,3,3,-1.063,1.996
0021 003,21,3,1130531,4,1,1,11,21,0,2,-43157,3,3,4,3,3,4,-1.063,4.173
0021 004,21,4,1024630,7,1,1,31,22,0,1,-171554,4,3,3,2,2,2,-1.063,-0.546
0021 005,21,5,933817,4,1,1,12,21,0,2,-68270,2,2,2,2,2,1,-1.063,2.011
0021 006,21,6,904628,4,1,1,21,12,1,4,97227,4,4,4,3,3,3,-1.063,1.773
0021 007,21,7,1173227,4,1,1,21,21,0,2,-53122,3,3,3,2,3,2,-1.063,1.659
0021 008,21,8,973222,8,1,1,12,21,1,1,-184467,3,4,3,1,2,2,-1.063,1.393
0021 009,21,9,967815,3,1,1,32,22,0,1,-164283,2,2,3,3,2,3,-1.063,1.21
0021 010,21,10,917986,4,1,1,13,12,0,1,-153239,4,4,3,3,3,4,-1.063,2.941
0021 011,21,11,898510,5,1,1,11,31,1,1,-119471,4,4,3,3,4,3,-1.063,2.505
0021 012,21,12,1176959,6,1,1,31,12,0,1,-112969,4,4,3,3,4,3,-1.063,3.852
0021 013,21,13,1075473,3,1,1,13,12,0,3,-26203,3,2,3,2,3,3,-1.063,1.218
0021 014,21,14,1145939,6,1,1,12,22,1,3,15468,4,4,4,3,3,3,-1.063,1.199
0021 015,21,15,1077138,7,1,1,12,12,0,2,-86814,5,4,3,3,3,3,-1.063,3.678
0021 016,21,16,1093280,3,1,1,32,31,1,2,-79746,4,3,4,3,3,3,-1.063,2.761
0021 017,21,17,1116268,5,1,1,13,21,1,2,-67309,4,3,3,4,3,4,-1.063,2.001
0021 018,21,18,1104825,4,1,1,13,11,0,2,-84449,3,4,4,2,3,2,-1.063,2.456
0021 019,21,19,903697,5,1,1,21,21,1,3,21050,3,3,3,4,4,4,-1.063,1.922
0021 020,21,20,798188,3,1,1,11,12,0,1,-141646,3,3,3,3,3,4,-1.063,1.74
0021 021,21,21,916174,2,1,1,21,12,1,2,-64988,3,3,3,2,2,1,-1.063,-0.088
0021 022,21,22,1010627,5,1,1,12,21,0,1,-219082,2,2,4,3,2,3,-1.063,3.686
0021 023,21,23,987900,9,1,1,13,11,0,3,-27408,3,3,3,3,4,3,-1.063,2.692
0021 024,21,24,1123730,4,1,1,13,22,0,4,32417,3,3,3,4,3,4,-1.063,3.62
0021 025,21,25,879428,2,1,1,21,11,1,5,110853,3,3,3,4,3,4,-1.063,4.006
0022 001,22,1,899168,2,1,1,12,11,1,5,114256,4,5,5,3,3,4,0.426,1.972
0022 002,22,2,1086808,2,1,1,32,22,1,5,180522,3,4,3,3,4,3,0.426,4.061
0022 003,22,3,858674,2,1,1,31,21,1,5,107633,3,3,3,4,4,4,0.426,2.256
0022 004,22,4,941759,5,1,1,21,21,0,3,-28231,4,4,4,3,4,3,0.426,3.813
0022 005,22,5,1020958,3,1,1,32,21,1,3,-29546,2,2,2,4,3,3,0.426,1.421
0022 006,22,6,1191385,5,1,1,32,21,1,5,100059,5,5,5,4,4,3,0.426,5.713
0022 007,22,7,929372,8,1,1,12,12,1,2,-35412,5,5,4,4,4,4,0.426,3.988
0022 008,22,8,797452,5,1,1,21,11,1,4,62030,4,4,3,4,4,4,0.426,4.566
0022 009,22,9,944301,3,1,1,12,12,1,4,84010,4,4,4,3,3,3,0.426,5.159
0022 010,22,10,1022919,6,1,1,31,21,1,3,22244,3,4,3,3,3,2,0.426,1.396
0022 011,22,11,1222571,6,1,1,32,22,0,2,-41100,4,3,3,3,3,2,0.426,2.036
0022 012,22,12,983110,6,1,1,32,22,0,3,8737,4,4,4,4,3,4,0.426,4.876
0022 013,22,13,1014806,4,1,1,12,21,1,4,97043,4,4,4,5,5,4,0.426,5.56
0022 014,22,14,1038228,6,1,1,11,31,1,2,-42734,3,4,3,4,3,3,0.426,3.848
0022 015,22,15,939318,4,1,1,13,12,1,4,37016,5,3,4,5,4,4,0.426,2.846
0022 016,22,16,1046241,5,1,1,32,12,0,3,-11962,3,2,3,3,4,3,0.426,4.085
0022 017,22,17,1032038,9,1,1,21,12,0,3,22844,4,4,4,4,4,3,0.426,3.193
0022 018,22,18,790169,1,1,1,21,12,1,4,56045,3,3,3,4,4,4,0.426,2.574
0022 019,22,19,1066572,2,1,1,11,12,0,1,-145288,5,4,4,4,3,3,0.426,3.97
0022 020,22,20,1069072,4,1,1,32,11,1,5,105060,4,4,3,5,4,5,0.426,5.732
0022 021,22,21,891671,5,1,1,31,22,0,2,-43245,3,3,4,3,3,3,0.426,3.337
0022 022,22,22,924767,3,1,1,21,12,0,1,-100491,3,3,4,2,2,3,0.426,1.496
0022 023,22,23,1029591,5,1,1,11,11,0,4,57988,4,4,4,3,3,3,0.426,3.544
0022 024,22,24,1078373,6,1,1,31,22,1,3,3732,3,3,3,3,3,2,0.426,2.469
0022 025,22,25,1174741,8,1,1,32,12,1,3,-15957,3,3,4,4,3,3,0.426,5.564
0023 001,23,1,1134595,5,1,1,12,21,0,4,82208,4,3,3,3,3,3,0.26,4.047
0023 002,23,2,938497,4,1,1,11,22,1,3,11990,3,4,3,2,3,3,0.26,0.906
0023 003,23,3,873911,3,1,1,13,11,1,2,-75561,3,3,3,3,2,3,0.26,3.13
0023 004,23,4,938847,5,1,1,12,12,0,4,88745,3,4,4,3,3,4,0.26,3.184
0023 005,23,5,864637,3,1,1,12,12,1,5,233903,4,4,4,4,4,4,0.26,2.281
0023 006,23,6,1058882,3,1,1,21,22,0,2,-52688,3,3,4,2,3,3,0.26,2.934
0023 007,23,7,1005285,6,1,1,11,12,0,3,-25741,3,3,3,3,3,3,0.26,4.517
0023 008,23,8,945622,3,1,1,31,31,1,4,73046,3,3,3,3,3,3,0.26,2.86
0023 009,23,9,1175329,5,1,1,11,22,1,3,-17445,4,4,3,3,4,3,0.26,5.243
0023 010,23,10,894792,4,1,1,13,12,0,2,-57343,3,3,4,4,3,3,0.26,2.784
0023 011,23,11,1042643,2,1,1,21,11,1,3,14041,4,4,4,4,4,4,0.26,2.743
0023 012,23,12,980241,4,1,1,21,21,0,1,-120716,3,4,3,2,3,2,0.26,2.523
0023 013,23,13,1027931,5,1,1,12,12,1,2,-82285,4,4,5,3,4,3,0.26,2.055
0023 014,23,14,1093812,5,1,1,21,21,0,4,97616,3,4,3,3,4,3,0.26,3.364
0023 015,23,15,1063158,5,1,1,11,11,1,5,156891,4,4,5,4,4,4,0.26,2.421
0023 016,23,16,1081985,6,1,1,21,11,1,4,31654,5,4,4,3,2,2,0.26,3.037
0023 017,23,17,937850,1,1,1,12,12,0,4,56015,4,4,4,4,4,5,0.26,2.778
0023 018,23,18,1268458,3,1,1,31,12,0,4,52056,3,4,3,4,5,4,0.26,3.3
0023 019,23,19,1000838,3,1,1,21,22,1,3,5844,3,4,2,3,3,4,0.26,2.703
0023 020,23,20,1098927,4,1,1,12,21,1,3,-5931,4,4,3,3,3,3,0.26,-0.036
0023 021,23,21,1035483,3,1,1,21,21,1,4,56219,4,4,4,3,2,2,0.26,3.253
0023 022,23,22,1076132,4,1,1,31,11,1,5,123461,4,5,3,4,3,4,0.26,2.153
0023 023,23,23,1075746,10,1,1,31,22,1,5,162509,3,3,3,3,2,3,0.26,1.585
0023 024,23,24,1229755,5,1,1,12,11,0,3,-5641,3,3,4,3,3,3,0.26,3.454
0023 025,23,25,1105983,7,1,1,12,21,0,3,6078,4,4,3,3,3,2,0.26,3.732
0024 001,24,1,1046021,2,1,1,21,31,1,4,60627,4,4,4,3,3,4,0.758,3.098
0024 002,24,2,1082754,3,1,1,11,21,1,4,42622,4,4,4,3,3,3,0.758,2.797
0024 003,24,3,1042116,2,1,1,13,22,1,5,135607,5,5,5,5,5,5,0.758,4.753
0024 004,24,4,921351,6,1,1,13,31,1,4,81162,4,4,3,4,4,5,0.758,3.121
0024 005,24,5,954077,4,1,1,32,11,0,4,69152,3,4,3,3,4,4,0.758,2.866
0024 006,24,6,1082662,6,1,1,13,11,0,4,30168,3,4,3,3,2,3,0.758,2.939
0024 007,24,7,946916,3,1,1,31,12,0,2,-64064,3,4,3,3,3,3,0.758,2.353
0024 008,24,8,1033476,8,1,1,12,11,1,3,10325,5,5,4,4,3,4,0.758,3.073
0024 009,24,9,989144,4,1,1,21,21,1,4,93578,4,5,4,4,5,5,0.758,3.903
0024 010,24,10,1098989,7,1,1,11,21,1,5,116116,3,3,3,4,4,4,0.758,2.219
0024 011,24,11,1179295,4,1,1,13,22,0,1,-112628,3,3,4,2,2,3,0.758,5.013
0024 012,24,12,1087133,5,1,1,12,22,1,3,16639,3,4,3,2,3,2,0.758,2.741
0024 013,24,13,750310,5,1,1,11,31,1,3,3631,4,4,4,4,5,4,0.758,1.634
0024 014,24,14,1113228,3,1,1,31,31,0,2,-65939,3,3,3,3,3,3,0.758,2.669
0024 015,24,15,1019778,6,1,1,21,12,1,4,62351,3,3,3,4,3,4,0.758,4.566
0024 016,24,16,929411,5,1,1,32,11,1,3,-1670,4,4,4,3,3,2,0.758,1.401
0024 017,24,17,926092,2,1,1,21,21,1,5,138194,4,4,4,5,4,5,0.758,3.579
0024 018,24,18,929731,9,1,1,31,12,1,4,82139,3,2,4,4,3,4,0.758,2.289
0024 019,24,19,1132357,4,1,1,21,12,0,3,16656,3,4,3,3,3,4,0.758,3.048
0024 020,24,20,949570,5,1,1,11,22,1,4,30276,4,4,3,3,4,3,0.758,1.566
0024 021,24,21,1061819,7,1,1,11,12,1,5,122065,5,5,4,4,3,4,0.758,4.056
0024 022,24,22,870372,7,1,1,31,31,0,4,78300,3,3,3,4,5,3,0.758,1.238
0024 023,24,23,1060753,8,1,1,21,11,1,5,176195,3,3,3,5,4,4,0.758,5.612
0024 024,24,24,976101,5,1,1,12,22,0,4,80021,2,3,3,2,3,2,0.758,0.688
0024 025,24,25,1002727,3,1,1,11,21,1,5,137133,4,4,3,4,4,5,0.758,2.31
0025 001,25,1,984695,5,1,1,31,12,1,3,-27459,3,3,3,4,3,3,1.143,3.388
0025 002,25,2,976980,3,1,1,11,21,1,4,86887,3,4,4,4,5,4,1.143,3.714
0025 003,25,3,1173598,5,1,1,11,22,1,3,16479,5,4,3,3,4,4,1.143,1.839
0025 004,25,4,876400,2,1,1,12,21,1,4,33216,3,4,4,3,3,3,1.143,3.878
0025 005,25,5,1158921,8,1,1,11,22,1,4,56960,5,4,4,3,3,3,1.143,4.171
0025 006,25,6,1171346,4,1,1,21,12,1,4,34913,4,4,4,4,4,4,1.143,4.752
0025 007,25,7,1038364,5,1,1,11,12,0,5,108462,4,4,4,4,3,3,1.143,3.029
0025 008,25,8,995228,5,1,1,32,11,1,4,43055,3,2,3,4,4,3,1.143,2.427
0025 009,25,9,709566,5,1,1,21,11,1,4,72700,4,4,3,3,3,2,1.143,2.663
0025 010,25,10,694964,6,1,1,11,22,1,5,163244,5,4,4,4,2,3,1.143,2.948
0025 011,25,11,996005,5,1,1,12,22,0,4,43388,4,4,3,4,4,4,1.143,4.862
0025 012,25,12,1233199,7,1,1,21,22,0,4,77005,5,4,4,4,4,3,1.143,3.203
0025 013,25,13,906848,6,1,1,32,21,1,3,-2644,3,3,3,2,2,2,1.143,3.185
0025 014,25,14,1105851,3,1,1,21,11,0,4,62484,3,3,4,2,2,3,1.143,2.561
0025 015,25,15,977729,2,1,1,12,21,1,4,69890,4,3,4,5,5,4,1.143,2.347
0025 016,25,16,1021710,3,1,1,21,22,1,4,64458,3,3,3,4,4,3,1.143,3.242
0025 017,25,17,877300,4,1,1,31,11,1,5,225103,4,5,4,3,3,3,1.143,3.892
0025 018,25,18,904854,5,1,1,32,12,1,4,79369,4,4,4,3,3,3,1.143,4.422
0025 019,25,19,815509,7,1,1,21,11,1,4,74496,5,4,5,5,5,5,1.143,3.458
0025 020,25,20,1089163,1,1,1,12,12,1,1,-140486,5,4,4,3,3,3,1.143,1.427
0025 021,25,21,978064,4,1,1,13,11,1,4,67312,4,4,5,4,4,4,1.143,4.041
0025 022,25,22,1129835,3,1,1,31,12,1,4,76571,5,5,5,4,5,4,1.143,4.298
0025 023,25,23,1047674,4,1,1,12,11,1,4,37222,5,4,5,4,3,3,1.143,2.583
0025 024,25,24,865119,7,1,1,31,22,1,5,103793,3,3,4,3,4,3,1.143,4.436
0025 025,25,25,979368,6,1,1,13,11,1,4,63671,4,5,5,4,5,5,1.143,3.837
0026 001,26,1,781395,6,1,1,21,11,0,2,-98302,4,3,3,3,3,4,-2.212,4.067
0026 002,26,2,1077613,4,1,1,11,21,0,1,-173312,2,3,3,3,3,2,-2.212,1.008
0026 003,26,3,853010,4,1,1,31,11,1,1,-136527,4,3,3,2,2,2,-2.212,3.496
0026 004,26,4,1113005,8,1,1,12,31,0,1,-150364,2,3,3,3,2,3,-2.212,3.013
0026 005,26,5,933246,6,1,1,12,22,0,1,-213083,4,3,3,2,1,1,-2.212,2.067
0026 006,26,6,1035475,9,1,1,21,12,0,1,-150855,2,2,3,1,1,2,-2.212,2.2
0026 007,26,7,1047436,8,1,1,12,22,1,3,7852,4,3,3,3,3,3,-2.212,5.167
0026 008,26,8,1118551,4,1,1,11,12,0,1,-158533,4,4,3,3,3,4,-2.212,2.909
0026 009,26,9,1083793,5,1,1,11,12,0,1,-180417,2,3,2,3,3,3,-2.212,1.882
0026 010,26,10,1027082,3,1,1,13,31,0,1,-123566,2,3,3,2,3,2,-2.212,2.96
0026 011,26,11,1127004,4,1,1,21,22,1,2,-88594,3,3,3,3,3,3,-2.212,2.999
0026 012,26,12,1021225,6,1,1,12,22,0,1,-322229,3,2,3,4,4,3,-2.212,4.601
0026 013,26,13,1008313,6,1,1,12,21,1,1,-117080,3,3,4,2,2,3,-2.212,1.579
0026 014,26,14,942910,8,1,1,11,22,1,1,-168011,4,3,4,3,3,3,-2.212,3.882
0026 015,26,15,991816,5,1,1,13,12,0,1,-116411,3,3,2,3,3,4,-2.212,2.725
0026 016,26,16,1047745,4,1,1,21,21,1,2,-74492,4,3,3,2,3,3,-2.212,4.461
0026 017,26,17,914575,3,1,1,11,11,0,1,-104516,3,3,3,3,3,4,-2.212,2.428
0026 018,26,18,843636,4,1,1,32,21,1,1,-169757,2,3,4,3,3,3,-2.212,3.841
0026 019,26,19,927868,7,1,1,21,21,0,3,-14156,2,3,3,2,2,2,-2.212,2.45
0026 020,26,20,953443,7,1,1,21,21,1,2,-55600,3,2,2,2,1,2,-2.212,3.629
0026 021,26,21,926121,9,1,1,31,21,0,1,-117076,3,3,3,3,3,2,-2.212,3.047
0026 022,26,22,1052548,5,1,1,12,22,0,2,-73507,1,2,2,2,2,3,-2.212,2.702
0026 023,26,23,1022425,6,1,1,32,11,0,2,-38256,2,3,3,3,3,2,-2.212,2.156
0026 024,26,24,1166169,6,1,1,21,22,0,1,-127152,3,3,3,2,3,2,-2.212,1.841
0026 025,26,25,907530,6,1,1,12,11,1,3,23099,4,3,4,4,4,4,-2.212,5.58
0027 001,27,1,1010219,6,1,1,21,21,1,5,161005,3,2,2,3,3,3,-0.136,2.914
0027 002,27,2,1080447,5,1,1,12,11,1,2,-87370,3,4,4,3,3,3,-0.136,3.995
0027 003,27,3,930472,4,1,1,31,11,0,1,-153501,3,3,3,2,3,2,-0.136,3.404
0027 004,27,4,942712,6,1,1,21,21,1,4,52044,3,4,3,4,4,4,-0.136,4.301
0027 005,27,5,967406,5,1,1,13,31,0,4,47490,3,4,3,3,2,2,-0.136,2.597
0027 006,27,6,1155369,5,1,1,12,21,1,2,-31210,4,4,4,3,3,4,-0.136,4.883
0027 007,27,7,1172904,6,1,1,11,11,0,3,20733,2,3,2,3,3,3,-0.136,2.76
0027 008,27,8,859795,5,1,1,21,21,0,1,-195756,3,3,3,3,2,2,-0.136,1.858
0027 009,27,9,1076124,4,1,1,13,21,1,5,132984,4,4,4,3,3,4,-0.136,4.54
0027 010,27,10,1054939,6,1,1,12,12,0,4,60093,3,2,3,3,3,4,-0.136,4.077
0027 011,27,11,984532,3,1,1,32,31,1,3,-29948,3,3,4,3,3,2,-0.136,2.446
0027 012,27,12,863702,8,1,1,12,11,0,2,-73482,4,4,4,3,4,4,-0.136,3.128
0027 013,27,13,1109655,4,1,1,12,11,0,1,-166285,5,5,4,3,4,4,-0.136,5.51
0027 014,27,14,819294,6,1,1,32,12,1,4,42581,4,4,4,4,3,3,-0.136,2.555
0027 015,27,15,1141525,5,1,1,11,22,0,4,73211,4,4,4,4,3,4,-0.136,3.814
0027 016,27,16,1144004,3,1,1,13,12,0,1,-140610,3,4,3,2,2,3,-0.136,2.238
0027 017,27,17,1001895,10,1,1,31,12,1,1,-120015,4,3,3,4,3,3,-0.136,2.907
0027 018,27,18,790519,6,1,1,32,21,0,1,-206878,2,3,3,3,2,2,-0.136,2.121
0027 019,27,19,954552,4,1,1,12,21,1,1,-120295,4,4,5,4,4,4,-0.136,3.544
0027 020,27,20,1036740,7,1,1,11,21,1,5,108346,4,4,4,3,3,4,-0.136,4.229
0027 021,27,21,972777,7,1,1,31,22,0,1,-146621,3,3,3,2,3,2,-0.136,4.149
0027 022,27,22,838611,5,1,1,11,11,1,4,37256,4,4,3,3,3,4,-0.136,5.088
0027 023,27,23,939906,4,1,1,21,22,1,1,-130309,3,3,3,2,2,3,-0.136,3.072
0027 024,27,24,942612,7,1,1,13,11,1,4,84337,3,4,4,2,2,2,-0.136,4.505
0027 025,27,25,839041,5,1,1,11,12,0,5,121984,4,4,4,3,3,4,-0.136,2.268
0028 001,28,1,704501,7,1,1,12,22,1,4,74871,3,3,4,2,3,2,-0.24,2.983
0028 002,28,2,1007066,4,1,1,12,21,1,2,-44565,4,4,3,3,3,2,-0.24,4.527
0028 003,28,3,1178167,4,1,1,32,21,1,3,-17594,3,2,2,4,4,4,-0.24,4.957
0028 004,28,4,1043207,7,1,1,11,11,0,2,-83244,4,4,4,3,2,2,-0.24,2.38
0028 005,28,5,985995,7,1,1,12,31,1,1,-168593,3,4,4,3,3,3,-0.24,4.251
0028 006,28,6,798826,9,1,1,11,31,0,2,-66896,4,5,4,3,3,3,-0.24,4.24
0028 007,28,7,936513,3,1,1,11,12,1,4,66244,4,4,4,4,4,3,-0.24,3.018
0028 008,28,8,972691,5,1,1,12,31,1,5,105797,4,4,4,4,4,4,-0.24,3.416
0028 009,28,9,955849,4,1,1,12,31,0,5,102595,3,3,3,4,4,3,-0.24,3.847
0028 010,28,10,962393,3,1,1,11,21,1,3,11536,3,3,3,3,2,2,-0.24,1.248
0028 011,28,11,1139051,3,1,1,11,11,0,1,-106071,3,4,3,4,3,3,-0.24,4.498
0028 012,28,12,1002046,3,1,1,11,22,1,4,32704,4,4,4,3,3,3,-0.24,4.311
0028 013,28,13,832472,3,1,1,31,31,1,4,37914,4,3,3,3,3,3,-0.24,4.303
0028 014,28,14,992656,7,1,1,13,12,0,3,13577,4,3,3,4,3,4,-0.24,3.17
0028 015,28,15,912069,6,1,1,21,22,0,1,-153838,3,3,4,2,2,2,-0.24,2.321
0028 016,28,16,996670,7,1,1,31,31,0,3,-191,2,3,3,3,3,3,-0.24,3.724
0028 017,28,17,1170090,3,1,1,11,31,0,2,-35248,3,3,3,3,3,2,-0.24,3.717
0028 018,28,18,843676,5,1,1,11,21,1,5,101894,3,3,3,3,3,2,-0.24,3.167
0028 019,28,19,730058,4,1,1,12,22,0,2,-88225,3,3,3,4,3,3,-0.24,5.628
0028 020,28,20,997946,2,1,1,21,11,1,4,35203,3,4,3,3,3,3,-0.24,4.039
0028 021,28,21,1004090,8,1,1,11,11,0,2,-68279,2,3,3,2,2,2,-0.24,2.235
0028 022,28,22,1065361,6,1,1,11,21,0,4,37581,5,4,4,5,4,4,-0.24,4.385
0028 023,28,23,689426,5,1,1,11,21,1,4,81609,2,4,3,4,4,4,-0.24,5.397
0028 024,28,24,1014131,4,1,1,31,12,0,1,-198803,3,2,3,3,3,3,-0.24,3.289
0028 025,28,25,867099,8,1,1,21,12,1,2,-31271,4,3,3,4,4,4,-0.24,5.117
0029 001,29,1,1165159,6,1,1,12,31,1,5,123652,4,3,3,4,3,4,-0.879,3.154
0029 002,29,2,1033191,4,1,1,32,31,1,2,-90556,3,4,3,4,4,4,-0.879,3.297
0029 003,29,3,974329,4,1,1,12,21,1,3,15846,4,4,3,3,3,4,-0.879,2.477
0029 004,29,4,970891,4,1,1,12,12,0,3,15328,4,3,3,2,3,3,-0.879,2.208
0029 005,29,5,973969,9,1,1,31,12,1,3,-2176,4,3,4,3,3,3,-0.879,3.855
0029 006,29,6,1003481,4,1,1,21,22,0,3,-8095,3,3,3,2,3,3,-0.879,0.72
0029 007,29,7,929881,4,1,1,21,21,0,2,-77804,3,2,2,4,3,3,-0.879,3.187
0029 008,29,8,970230,5,1,1,12,21,0,3,2367,3,3,3,2,3,3,-0.879,1.678
0029 009,29,9,1030462,7,1,1,11,12,1,2,-55984,3,4,3,3,3,3,-0.879,2.436
0029 010,29,10,1016943,7,1,1,11,21,0,1,-120436,3,4,4,3,2,2,-0.879,2.186
0029 011,29,11,1136283,5,1,1,31,12,1,2,-73699,4,4,4,3,3,3,-0.879,1.163
0029 012,29,12,980437,7,1,1,31,22,1,3,-17622,4,3,3,3,3,3,-0.879,1.316
0029 013,29,13,915984,5,1,1,12,12,0,2,-53835,2,3,2,2,2,2,-0.879,2.529
0029 014,29,14,1059909,4,1,1,11,21,1,4,54977,4,3,3,4,4,4,-0.879,3.051
0029 015,29,15,863381,8,1,1,31,12,0,2,-73793,3,3,2,1,1,3,-0.879,3.019
0029 016,29,16,910258,3,1,1,12,22,0,2,-43655,4,3,4,3,3,2,-0.879,1.1
0029 017,29,17,993945,5,1,1,12,11,1,1,-142966,3,3,3,2,3,2,-0.879,2.151
0029 018,29,18,1223021,7,1,1,12,11,1,3,-28520,3,3,3,3,4,3,-0.879,4.268
0029 019,29,19,1162607,7,1,1,13,31,0,1,-143280,3,3,4,3,3,3,-0.879,1.494
0029 020,29,20,983433,4,1,1,32,11,0,1,-155111,3,3,3,3,4,2,-0.879,1.921
0029 021,29,21,1013513,8,1,1,32,12,0,2,-33784,3,3,2,3,3,2,-0.879,3.821
0029 022,29,22,1122111,3,1,1,21,21,1,2,-74832,3,3,3,2,3,3,-0.879,1.426
0029 023,29,23,1229531,7,1,1,12,21,0,3,-19873,3,3,3,4,4,4,-0.879,3.726
0029 024,29,24,1196726,9,1,1,12,21,1,5,130563,4,4,3,3,3,3,-0.879,1.596
0029 025,29,25,977046,5,1,1,31,11,0,3,-10438,3,4,4,2,3,3,-0.879,2.721
0030 001,30,1,1025987,2,1,1,12,21,1,2,-88861,3,3,3,2,3,3,-1.947,2.844
0030 002,30,2,1025056,7,1,1,11,12,0,2,-66864,3,3,3,3,4,3,-1.947,2.738
0030 003,30,3,974285,6,1,1,11,11,1,1,-112908,4,4,4,4,4,3,-1.947,2.381
0030 004,30,4,832949,5,1,1,12,12,0,1,-135646,3,3,3,3,4,3,-1.947,2.246
0030 005,30,5,921619,6,1,1,11,21,0,1,-194709,3,3,3,3,3,2,-1.947,2.282
0030 006,30,6,981929,5,1,1,31,12,0,1,-134826,3,3,3,3,3,2,-1.947,1.065
0030 007,30,7,1124414,4,1,1,31,11,0,1,-147895,3,3,4,3,2,2,-1.947,2.705
0030 008,30,8,1004431,4,1,1,12,21,1,1,-124800,4,4,4,2,3,3,-1.947,2.894
0030 009,30,9,854193,2,1,1,11,31,0,3,-24914,2,3,3,4,3,3,-1.947,1.321
0030 010,30,10,881079,4,1,1,11,11,0,2,-67128,3,3,2,2,2,2,-1.947,4.477
0030 011,30,11,872332,5,1,1,31,22,1,3,5274,4,3,3,2,3,3,-1.947,1.787
0030 012,30,12,931053,5,1,1,31,21,0,1,-246685,2,3,2,2,3,2,-1.947,3.204
0030 013,30,13,755598,5,1,1,12,12,0,1,-138275,3,4,4,3,3,4,-1.947,2.931
0030 014,30,14,1219843,4,1,1,12,22,1,2,-51101,3,2,3,4,4,3,-1.947,4.077
0030 015,30,15,849695,5,1,1,11,11,0,1,-249894,3,3,3,4,4,3,-1.947,1.199
0030 016,30,16,1005499,5,1,1,32,11,1,1,-143415,2,2,3,4,4,3,-1.947,2.852
0030 017,30,17,887922,2,1,1,11,11,0,1,-122164,2,3,3,2,2,2,-1.947,1.841
0030 018,30,18,970694,3,1,1,21,22,0,2,-94078,2,3,3,3,3,3,-1.947,2.379
0030 019,30,19,902801,4,1,1,21,11,0,2,-41381,3,2,2,2,3,3,-1.947,1.141
0030 020,30,20,1085718,6,1,1,11,22,0,1,-116943,3,3,4,3,3,2,-1.947,3.046
0030 021,30,21,929823,8,1,1,31,11,0,3,-22813,3,4,4,3,3,3,-1.947,2.502
0030 022,30,22,860140,5,1,1,11,11,0,2,-51551,3,3,3,3,2,2,-1.947,2.916
0030 023,30,23,1057454,6,1,1,32,12,0,1,-200021,3,2,3,2,2,3,-1.947,4.927
0030 024,30,24,974832,13,1,1,31,11,0,1,-126689,3,3,3,2,2,3,-1.947,1.22
0030 025,30,25,1047148,4,1,1,12,21,1,1,-140745,2,3,3,2,2,3,-1.947,2.417
0031 001,31,1,1095382,5,1,1,11,21,1,4,76443,4,4,4,4,4,4,0.906,3.962
0031 002,31,2,934709,4,1,1,21,12,1,4,47951,3,3,3,2,1,2,0.906,2.538
0031 003,31,3,994981,6,1,1,32,21,1,5,147901,3,4,4,2,2,3,0.906,2.795
0031 004,31,4,978198,10,1,1,31,22,0,4,65400,4,4,3,3,3,4,0.906,3.265
0031 005,31,5,1199893,7,1,1,11,21,1,3,21287,4,3,3,3,3,3,0.906,2.436
0031 006,31,6,957837,10,1,1,11,12,1,5,173422,4,4,4,4,2,3,0.906,2.46
0031 007,31,7,838191,3,1,1,12,22,1,4,91799,4,3,4,3,4,3,0.906,2.33
0031 008,31,8,1074022,5,1,1,12,22,1,4,50334,3,4,4,4,4,4,0.906,5.68
0031 009,31,9,1132376,6,1,1,12,22,1,4,80422,3,4,3,4,3,4,0.906,3.192
0031 010,31,10,1213500,5,1,1,32,21,1,4,89234,3,3,4,4,4,3,0.906,6.289
0031 011,31,11,880784,8,1,1,11,21,1,3,19761,3,3,3,2,3,3,0.906,4.044
0031 012,31,12,1144661,4,1,1,12,21,1,5,135677,3,4,4,2,3,2,0.906,1.161
0031 013,31,13,1096464,3,1,1,32,22,1,4,44850,3,3,3,2,3,3,0.906,2.768
0031 014,31,14,964016,5,1,1,21,11,1,3,840,3,3,4,4,4,3,0.906,4.424
0031 015,31,15,804057,5,1,1,31,22,1,5,276294,3,3,2,4,3,4,0.906,4.357
0031 016,31,16,756385,6,1,1,11,11,1,4,37734,3,3,3,3,3,3,0.906,5.145
0031 017,31,17,934037,6,1,1,11,31,0,2,-30519,4,3,3,3,4,3,0.906,3.524
0031 018,31,18,850291,7,1,1,32,22,1,5,147938,4,4,4,4,5,4,0.906,3.652
0031 019,31,19,1156907,6,1,1,12,31,1,4,91462,4,4,4,4,3,4,0.906,4.551
0031 020,31,20,887767,5,1,1,31,11,1,5,117329,4,4,3,4,3,3,0.906,3.893
0031 021,31,21,1211265,6,1,1,32,12,1,4,71055,4,4,3,4,3,4,0.906,6.086
0031 022,31,22,1081144,3,1,1,13,31,1,4,31957,4,4,3,2,3,3,0.906,1.655
0031 023,31,23,1088351,4,1,1,11,11,0,4,32551,4,3,3,2,3,3,0.906,5.497
0031 024,31,24,827852,8,1,1,31,12,1,5,139547,4,4,5,2,3,3,0.906,2.057
0031 025,31,25,1046125,4,1,1,11,12,1,4,79928,5,4,4,3,3,3,0.906,5.324
0032 001,32,1,914353,2,1,1,31,21,0,5,105105,4,3,3,4,3,3,1.053,2.813
0032 002,32,2,919568,5,1,1,12,11,1,3,18165,4,5,4,3,4,3,1.053,4.749
0032 003,32,3,946483,6,1,1,21,12,1,4,90506,4,3,4,3,3,3,1.053,3.251
0032 004,32,4,960274,4,1,1,12,21,1,4,56759,4,5,4,2,3,2,1.053,3.374
0032 005,32,5,1031689,8,1,1,32,11,0,5,156849,3,3,4,4,4,4,1.053,3.994
0032 006,32,6,1111550,3,1,1,11,22,1,4,71934,3,4,5,3,2,3,1.053,1.727
0032 007,32,7,1094004,5,1,1,21,21,1,5,112101,4,3,4,4,3,3,1.053,3.844
0032 008,32,8,897684,3,1,1,21,21,1,5,103623,4,4,4,3,3,3,1.053,2.111
0032 009,32,9,1064264,5,1,1,11,21,1,3,-13132,3,3,3,4,4,4,1.053,2.711
0032 010,32,10,1244979,5,1,1,21,12,0,2,-65364,4,4,4,3,3,3,1.053,3.518
0032 011,32,11,1024854,5,1,1,31,22,1,5,182451,3,3,3,2,2,3,1.053,1.007
0032 012,32,12,1034285,7,1,1,32,22,1,5,122511,4,3,3,3,3,3,1.053,2.812
0032 013,32,13,1017638,3,1,1,11,21,0,2,-71318,5,4,3,3,2,2,1.053,3.114
0032 014,32,14,1158498,4,1,1,12,22,1,2,-58106,4,4,4,3,2,3,1.053,4.366
0032 015,32,15,923666,4,1,1,13,11,1,4,35881,3,3,4,3,4,3,1.053,2.705
0032 016,32,16,1065640,6,1,1,32,22,1,2,-47418,4,4,3,3,3,3,1.053,3.26
0032 017,32,17,926556,5,1,1,21,12,0,3,-22225,2,3,3,3,3,4,1.053,1.816
0032 018,32,18,901335,6,1,1,21,21,1,4,66583,4,5,5,3,3,3,1.053,3.365
0032 019,32,19,1013979,7,1,1,32,11,0,2,-33837,4,4,4,4,4,3,1.053,4.011
0032 020,32,20,1060609,2,1,1,21,21,1,5,125259,3,4,4,3,3,3,1.053,3.767
0032 021,32,21,956076,5,1,1,21,21,1,3,22544,4,4,4,4,3,3,1.053,0.638
0032 022,32,22,872222,6,1,1,11,22,0,4,98395,4,3,3,4,4,4,1.053,0.975
0032 023,32,23,1013124,2,1,1,21,22,1,3,22752,3,4,4,3,2,3,1.053,2.867
0032 024,32,24,1185178,7,1,1,12,12,1,5,244918,5,4,4,3,4,3,1.053,3.783
0032 025,32,25,848357,1,1,1,31,22,0,3,18087,4,3,3,3,3,4,1.053,3.578
0033 001,33,1,1027514,3,1,1,21,22,0,4,48105,4,3,4,3,3,2,0.595,2.107
0033 002,33,2,745533,4,1,1,21,12,0,2,-43621,4,3,3,4,4,3,0.595,5.495
0033 003,33,3,1252116,4,1,1,32,11,1,5,149053,4,4,4,5,4,4,0.595,4.728
0033 004,33,4,1099314,6,1,1,11,12,1,5,130779,5,4,4,4,3,4,0.595,5.395
0033 005,33,5,983351,2,1,1,31,31,1,5,238846,5,4,5,4,3,3,0.595,2.761
0033 006,33,6,1046894,9,1,1,21,11,0,1,-204246,3,4,4,3,4,2,0.595,5.018
0033 007,33,7,1033649,7,1,1,13,21,1,4,64523,3,3,3,3,4,3,0.595,2.577
0033 008,33,8,1087715,2,1,1,13,12,1,4,35994,4,4,4,3,3,4,0.595,5.214
0033 009,33,9,1095832,5,1,1,21,21,0,3,16301,4,2,3,3,3,3,0.595,4.231
0033 010,33,10,1021827,4,1,1,11,21,1,5,163819,4,5,4,3,3,4,0.595,4.401
0033 011,33,11,1010979,7,1,1,13,21,1,5,127748,3,3,3,3,2,3,0.595,3.018
0033 012,33,12,939796,8,1,1,32,12,0,3,-2896,3,2,3,2,2,3,0.595,3.858
0033 013,33,13,1078785,2,1,1,12,12,0,3,24654,4,4,4,3,4,4,0.595,4.855
0033 014,33,14,867584,4,1,1,12,11,1,5,246451,4,4,4,3,4,4,0.595,1.881
0033 015,33,15,1053824,5,1,1,13,31,1,4,82306,5,4,4,3,4,3,0.595,4.221
0033 016,33,16,1195406,7,1,1,13,22,0,4,76353,3,3,3,4,4,3,0.595,4.64
0033 017,33,17,1174742,3,1,1,32,11,0,3,-23610,5,4,4,3,3,4,0.595,6.198
0033 018,33,18,825412,4,1,1,31,11,0,3,24501,4,3,3,1,3,2,0.595,4.641
0033 019,33,19,1106325,6,1,1,32,21,1,2,-36770,5,3,4,3,3,2,0.595,2.322
0033 020,33,20,1049601,4,1,1,13,12,1,4,55371,4,4,4,3,4,4,0.595,5.256
0033 021,33,21,1100332,8,1,1,31,12,1,4,95900,3,4,2,4,4,4,0.595,3.808
0033 022,33,22,987969,11,1,1,13,12,1,4,99260,4,5,5,3,4,3,0.595,5.175
0033 023,33,23,875314,9,1,1,11,21,1,5,146696,3,5,4,3,3,2,0.595,4.061
0033 024,33,24,865952,9,1,1,21,11,1,4,49890,4,4,4,5,5,4,0.595,4.176
0033 025,33,25,1014734,7,1,1,11,21,1,5,108490,3,3,3,4,4,3,0.595,2.941
0034 001,34,1,1000499,7,1,1,11,21,0,1,-135829,2,2,3,3,3,3,0.153,1.887
0034 002,34,2,728094,6,1,1,12,12,1,4,98054,4,4,4,3,2,3,0.153,3.88
0034 003,34,3,1073057,5,1,1,11,11,1,4,35685,4,4,4,3,3,4,0.153,2.737
0034 004,34,4,1133468,3,1,1,12,11,1,5,193550,4,3,4,4,4,4,0.153,4.521
0034 005,34,5,930803,4,1,1,12,12,1,3,-6203,3,4,3,3,2,3,0.153,4.349
0034 006,34,6,1276347,5,1,1,13,22,0,4,43096,4,4,3,3,3,3,0.153,1.903
0034 007,34,7,1245666,4,1,1,13,21,0,1,-144288,3,3,3,3,3,3,0.153,2.286
0034 008,34,8,919059,3,1,1,12,12,1,4,86676,4,5,5,5,5,5,0.153,4.029
0034 009,34,9,1031224,3,1,1,12,22,0,3,3185,4,4,4,3,3,4,0.153,2.612
0034 010,34,10,1068343,5,1,1,11,22,0,1,-109909,3,3,3,3,4,4,0.153,5.097
0034 011,34,11,997286,5,1,1,31,12,1,2,-47514,3,3,3,3,3,4,0.153,3.826
0034 012,34,12,976576,6,1,1,12,11,1,2,-39047,4,3,4,3,4,4,0.153,2.023
0034 013,34,13,1305894,7,1,1,11,21,1,2,-72805,4,5,3,3,3,3,0.153,3.206
0034 014,34,14,1149712,9,1,1,12,21,1,4,92119,3,4,4,3,3,4,0.153,3.427
0034 015,34,15,900281,4,1,1,21,11,0,3,26323,3,4,4,2,3,2,0.153,1.846
0034 016,34,16,936669,4,1,1,32,12,1,3,20274,4,4,3,3,3,3,0.153,2.75
0034 017,34,17,1167016,6,1,1,21,12,1,3,17578,4,4,5,4,4,4,0.153,3.39
0034 018,34,18,821045,4,1,1,12,21,1,5,172724,4,4,4,4,3,4,0.153,3.353
0034 019,34,19,809559,3,1,1,31,31,1,3,-2045,4,3,4,3,2,2,0.153,3.451
0034 020,34,20,840280,6,1,1,32,11,1,4,91572,3,4,3,3,3,3,0.153,-0.36
0034 021,34,21,964761,6,1,1,11,12,0,2,-60585,3,3,3,2,3,2,0.153,3.146
0034 022,34,22,1039477,5,1,1,12,12,0,3,-1683,3,3,2,4,3,4,0.153,3.868
0034 023,34,23,987302,5,1,1,12,22,0,3,16397,3,4,3,3,3,2,0.153,1.89
0034 024,34,24,881410,3,1,1,12,11,1,2,-52854,4,4,3,2,3,3,0.153,3.056
0034 025,34,25,901169,5,1,1,32,21,1,5,155055,3,3,4,3,3,2,0.153,4.159
0035 001,35,1,1085813,4,1,1,11,31,0,1,-170797,3,4,3,3,3,2,-0.413,0.886
0035 002,35,2,1203876,4,1,1,11,12,1,2,-54125,5,3,4,4,3,3,-0.413,4.009
0035 003,35,3,965756,7,1,1,13,11,1,4,97238,4,4,4,3,3,3,-0.413,2.49
0035 004,35,4,1100409,5,1,1,32,21,0,2,-87890,2,3,3,2,3,3,-0.413,2.916
0035 005,35,5,1068039,4,1,1,21,31,1,2,-42807,3,4,3,3,3,3,-0.413,2.443
0035 006,35,6,1074782,9,1,1,21,11,1,2,-85977,2,2,2,3,3,3,-0.413,3.319
0035 007,35,7,1050208,5,1,1,13,21,1,2,-44249,4,5,4,3,3,3,-0.413,1.859
0035 008,35,8,1167900,1,1,1,11,31,1,4,51541,3,3,3,4,4,4,-0.413,4.138
0035 009,35,9,790209,6,1,1,13,12,0,2,-55219,3,4,4,3,3,3,-0.413,2.408
0035 010,35,10,980964,8,1,1,21,12,0,3,9991,4,3,4,4,3,4,-0.413,3.498
0035 011,35,11,1072774,3,1,1,11,31,1,3,-2193,3,3,3,2,3,2,-0.413,3.302
0035 012,35,12,993339,4,1,1,31,11,1,3,7010,4,3,3,3,4,4,-0.413,3.606
0035 013,35,13,955427,7,1,1,31,12,0,4,97019,3,3,4,3,3,3,-0.413,5.17
0035 014,35,14,1047952,5,1,1,21,12,0,3,17496,2,3,2,2,2,2,-0.413,1.006
0035 015,35,15,1013304,6,1,1,13,21,0,2,-38184,3,3,4,4,3,3,-0.413,3.036
0035 016,35,16,1228233,7,1,1,13,22,0,1,-109293,3,4,3,2,3,3,-0.413,-0.282
0035 017,35,17,1163092,6,1,1,13,21,0,2,-66521,3,3,3,3,2,2,-0.413,1.057
0035 018,35,18,983718,4,1,1,31,11,1,4,39536,4,3,4,3,3,3,-0.413,1.696
0035 019,35,19,1166348,5,1,1,12,21,0,3,15677,3,4,3,3,4,3,-0.413,1.049
0035 020,35,20,710626,5,1,1,31,21,1,3,-4674,4,4,4,4,4,4,-0.413,3.18
0035 021,35,21,1005793,4,1,1,13,22,0,2,-41302,4,4,4,3,4,4,-0.413,3.2
0035 022,35,22,856005,5,1,1,31,21,0,2,-88306,2,3,2,2,2,2,-0.413,0.658
0035 023,35,23,1139261,7,1,1,12,31,0,2,-92967,3,4,4,3,4,3,-0.413,1.715
0035 024,35,24,1105409,2,1,1,31,12,0,1,-104734,3,3,4,4,3,3,-0.413,2.18
0035 025,35,25,1175133,5,1,1,32,31,0,2,-54807,3,4,3,4,4,4,-0.413,2.815
0036 001,36,1,887348,6,1,1,31,11,0,1,-196988,4,4,4,3,3,3,0.103,3.732
0036 002,36,2,914268,5,1,1,31,22,0,3,-24481,4,3,4,4,3,3,0.103,2.016
0036 003,36,3,903997,2,1,1,12,31,0,3,-17227,2,2,2,3,2,2,0.103,2.612
0036 004,36,4,809703,2,1,1,11,11,1,3,873,3,4,4,3,4,3,0.103,3.521
0036 005,36,5,965544,5,1,1,12,11,1,3,28482,4,4,4,4,4,3,0.103,2.459
0036 006,36,6,977071,4,1,1,31,12,1,2,-68110,5,5,4,2,3,3,0.103,1.749
0036 007,36,7,1273818,4,1,1,21,11,0,3,8747,4,4,4,3,4,4,0.103,3.239
0036 008,36,8,1075657,5,1,1,32,31,0,3,-21107,2,3,3,2,3,3,0.103,1.849
0036 009,36,9,1032906,9,1,1,13,31,0,3,-29368,4,2,3,5,4,4,0.103,3.514
0036 010,36,10,920698,6,1,1,11,11,0,2,-62928,4,4,3,3,3,3,0.103,4.326
0036 011,36,11,1018326,4,1,1,21,22,0,3,15114,3,3,4,2,3,2,0.103,3.187
0036 012,36,12,957895,6,1,1,21,12,1,1,-112446,4,4,4,3,2,2,0.103,0.846
0036 013,36,13,918721,3,1,1,32,12,0,5,120011,4,3,3,3,3,4,0.103,2.812
0036 014,36,14,1238142,9,1,1,13,21,1,4,67916,3,3,3,3,3,3,0.103,1.937
0036 015,36,15,891010,5,1,1,32,22,1,2,-38836,3,4,3,4,3,4,0.103,1.782
0036 016,36,16,965328,4,1,1,11,21,1,3,-16654,4,4,4,3,3,3,0.103,2.027
0036 017,36,17,963155,9,1,1,11,11,1,4,93662,4,5,4,3,3,3,0.103,3.417
0036 018,36,18,929403,4,1,1,21,12,1,2,-82648,4,5,4,2,2,3,0.103,2.857
0036 019,36,19,937968,5,1,1,12,11,0,2,-34883,3,4,4,4,3,4,0.103,2.308
0036 020,36,20,1047377,4,1,1,11,22,1,5,129423,4,4,4,4,3,4,0.103,3.194
0036 021,36,21,934674,1,1,1,11,12,0,3,-12758,3,3,3,2,2,3,0.103,2.042
0036 022,36,22,1018291,3,1,1,21,22,1,4,48421,3,3,3,3,3,3,0.103,3.205
0036 023,36,23,1056185,7,1,1,13,12,0,1,-145403,3,3,3,3,2,3,0.103,3.09
0036 024,36,24,969967,6,1,1,21,12,1,4,44100,3,3,3,2,3,3,0.103,1.893
0036 025,36,25,684459,3,1,1,12,31,0,2,-39653,4,4,4,4,3,4,0.103,1.571
0037 001,37,1,1071162,5,1,1,11,22,0,3,7856,3,4,5,3,2,3,0.03,1.452
0037 002,37,2,1295018,7,1,1,12,12,1,5,167545,4,5,4,4,4,4,0.03,1.625
0037 003,37,3,1067284,8,1,1,12,21,1,4,59829,4,3,4,3,4,3,0.03,1.06
0037 004,37,4,1070168,8,1,1,32,11,0,1,-155428,4,4,4,4,3,4,0.03,2.586
0037 005,37,5,982509,9,1,1,21,12,1,3,-13621,2,3,3,4,4,4,0.03,2.354
0037 006,37,6,1065113,5,1,1,12,22,0,3,14864,3,4,4,3,3,3,0.03,1.396
0037 007,37,7,905077,4,1,1,21,21,1,3,-27349,3,4,3,3,2,2,0.03,1.457
0037 008,37,8,919270,3,1,1,32,22,1,3,8546,3,3,4,3,2,3,0.03,2.098
0037 009,37,9,938480,4,1,1,32,12,1,4,55033,3,4,4,4,4,4,0.03,1.86
0037 010,37,10,901964,7,1,1,31,21,1,4,45549,3,3,3,3,4,3,0.03,2.166
0037 011,37,11,932623,7,1,1,32,21,0,3,-9725,3,3,3,3,3,2,0.03,1.77
0037 012,37,12,983175,3,1,1,12,11,1,4,38636,4,4,4,3,3,3,0.03,1.101
0037 013,37,13,864868,4,1,1,32,12,0,2,-47212,4,4,4,3,3,3,0.03,1.588
0037 014,37,14,1079046,1,1,1,31,22,0,1,-121520,4,3,3,3,3,4,0.03,2.769
0037 015,37,15,1046811,8,1,1,21,21,1,3,-9851,4,3,3,3,3,4,0.03,3.877
0037 016,37,16,975218,3,1,1,31,21,0,1,-103363,4,2,3,3,3,3,0.03,3.548
0037 017,37,17,919710,3,1,1,21,12,1,5,130667,4,5,4,2,3,3,0.03,3.242
0037 018,37,18,783552,7,1,1,13,12,1,3,11116,4,4,4,3,3,3,0.03,4.009
0037 019,37,19,888165,7,1,1,32,12,1,3,7484,5,5,4,3,4,4,0.03,2.737
0037 020,37,20,987202,4,1,1,11,22,0,3,10718,2,3,3,3,4,4,0.03,1.822
0037 021,37,21,933350,1,1,1,32,22,0,3,7446,3,3,3,2,2,3,0.03,2.888
0037 022,37,22,858421,7,1,1,21,21,0,2,-89122,3,3,2,3,3,3,0.03,3.464
0037 023,37,23,1035786,6,1,1,31,31,0,2,-89323,3,4,3,2,2,2,0.03,1.098
0037 024,37,24,917349,5,1,1,11,31,1,2,-52319,4,3,4,3,4,4,0.03,5.142
0037 025,37,25,1082018,5,1,1,31,12,1,3,12520,4,4,4,4,3,4,0.03,2.167
0038 001,38,1,954663,8,1,1,21,12,0,1,-256694,3,3,4,3,3,3,-3.11,0.908
0038 002,38,2,916593,3,1,1,21,21,0,1,-238303,4,3,3,3,2,2,-3.11,1.202
0038 003,38,3,1183109,5,1,1,31,11,0,1,-283436,2,2,2,2,2,3,-3.11,1.163
0038 004,38,4,725547,5,1,1,12,12,0,1,-232283,4,3,3,2,2,3,-3.11,0.872
0038 005,38,5,992249,6,1,1,31,12,0,1,-117377,2,2,2,2,1,2,-3.11,0.264
0038 006,38,6,1019891,6,1,1,32,22,0,1,-332722,3,3,3,2,2,2,-3.11,0.891
0038 007,38,7,830810,2,1,1,11,21,0,1,-324840,2,2,3,2,2,2,-3.11,1.372
0038 008,38,8,1050984,7,1,1,11,11,0,1,-143716,3,3,3,3,3,3,-3.11,1.928
0038 009,38,9,1079539,5,1,1,12,11,0,1,-233697,4,3,4,3,3,3,-3.11,1.252
0038 010,38,10,817859,6,1,1,13,22,0,1,-218806,2,2,3,2,2,2,-3.11,0.523
0038 011,38,11,1135992,5,1,1,13,31,0,1,-225426,4,4,3,3,4,3,-3.11,2.315
0038 012,38,12,952999,3,1,1,11,22,0,1,-276545,1,3,2,2,2,3,-3.11,1.274
0038 013,38,13,982989,6,1,1,21,12,1,1,-172748,3,4,3,2,2,3,-3.11,0.905
0038 014,38,14,919450,7,1,1,12,22,0,1,-229873,2,3,3,2,2,2,-3.11,1.29
0038 015,38,15,895483,7,1,1,21,12,0,1,-238303,2,2,2,2,3,2,-3.11,2.302
0038 016,38,16,995890,7,1,1,12,21,0,1,-357315,3,3,3,2,2,2,-3.11,1.54
0038 017,38,17,987795,4,1,1,32,22,1,1,-146875,2,2,2,2,2,2,-3.11,0.797
0038 018,38,18,1413170,3,1,1,21,31,0,1,-268360,2,3,2,1,2,2,-3.11,0.097
0038 019,38,19,946741,5,1,1,31,11,0,1,-186674,2,2,3,4,3,4,-3.11,0.925
0038 020,38,20,961213,1,1,1,13,11,0,1,-152496,3,3,3,1,2,2,-3.11,-0.109
0038 021,38,21,745492,6,1,1,32,12,0,1,-289414,3,2,3,2,1,3,-3.11,-0.431
0038 022,38,22,918799,3,1,1,31,31,0,1,-198598,3,3,2,2,2,3,-3.11,0.473
0038 023,38,23,1046243,7,1,1,11,21,0,1,-164184,3,3,3,3,2,3,-3.11,0.111
0038 024,38,24,963369,6,1,1,11,12,0,1,-241112,3,3,3,3,2,2,-3.11,0.323
0038 025,38,25,772570,9,1,1,31,12,0,1,-176310,2,2,3,3,2,2,-3.11,2.876
0039 001,39,1,990030,4,1,1,21,11,1,4,44544,3,3,3,4,4,4,0.769,4.778
0039 002,39,2,951544,5,1,1,12,21,1,3,21308,4,4,4,3,3,3,0.769,3.859
0039 003,39,3,996197,6,1,1,31,21,1,5,199174,3,3,3,3,4,3,0.769,4.16
0039 004,39,4,1045720,13,1,1,21,22,0,3,23379,2,3,2,3,3,2,0.769,4.824
0039 005,39,5,987245,6,1,1,31,22,0,4,71908,3,3,3,3,2,3,0.769,0.567
0039 006,39,6,1053586,5,1,1,31,31,0,2,-35740,3,3,3,4,4,3,0.769,2.366
0039 007,39,7,1010765,3,1,1,21,12,0,3,8844,3,3,2,3,3,3,0.769,1.879
0039 008,39,8,966118,4,1,1,12,21,0,1,-211380,4,3,4,3,3,4,0.769,4.782
0039 009,39,9,960979,4,1,1,21,22,0,2,-84564,4,2,3,4,4,4,0.769,3.494
0039 010,39,10,1000531,6,1,1,11,12,1,5,119532,4,4,3,4,4,4,0.769,4.704
0039 011,39,11,877891,7,1,1,12,12,1,3,23945,5,4,5,3,3,2,0.769,2.491
0039 012,39,12,1286295,2,1,1,11,12,1,5,197897,3,4,4,4,4,4,0.769,5.144
0039 013,39,13,1220301,9,1,1,12,31,1,5,122450,5,5,4,5,4,4,0.769,4.117
0039 014,39,14,930428,7,1,1,31,21,1,3,7968,3,3,3,2,3,2,0.769,2.066
0039 015,39,15,1136311,4,1,1,13,12,1,5,163167,5,5,5,3,3,4,0.769,1.429
0039 016,39,16,1194640,7,1,1,12,12,1,3,20765,4,4,4,3,3,3,0.769,2.212
0039 017,39,17,921444,5,1,1,31,21,0,2,-39045,3,3,3,3,3,3,0.769,2.482
0039 018,39,18,1004375,4,1,1,31,22,0,5,121378,2,2,2,2,1,2,0.769,3.365
0039 019,39,19,1023323,6,1,1,31,12,1,4,70760,4,4,4,4,4,4,0.769,2.231
0039 020,39,20,1002072,7,1,1,21,22,1,4,63999,4,4,3,3,3,3,0.769,3.437
0039 021,39,21,1149429,8,1,1,21,12,0,2,-77686,2,3,2,3,3,3,0.769,3.457
0039 022,39,22,831335,4,1,1,21,22,1,4,98116,4,4,4,3,3,3,0.769,3.111
0039 023,39,23,1013252,2,1,1,32,21,1,4,66621,4,4,4,3,3,4,0.769,3.009
0039 024,39,24,1047423,8,1,1,21,21,0,1,-129030,3,4,3,3,2,2,0.769,2.892
0039 025,39,25,983682,4,1,1,32,11,0,3,10386,3,4,4,3,2,3,0.769,3.645
0040 001,40,1,1113736,6,1,1,13,11,0,4,71623,3,3,3,4,4,3,1.116,2.9
0040 002,40,2,893251,9,1,1,11,22,1,4,41663,3,3,4,3,3,3,1.116,2.459
0040 003,40,3,854149,3,1,1,11,21,1,3,-1764,3,3,4,3,4,3,1.116,0.71
0040 004,40,4,1172181,12,1,1,13,12,1,4,89441,4,4,4,4,4,5,1.116,2.676
0040 005,40,5,941070,8,1,1,21,22,1,4,85233,4,4,3,4,3,4,1.116,2.572
0040 006,40,6,1108131,4,1,1,21,21,1,5,185895,3,3,3,3,4,3,1.116,2.461
0040 007,40,7,1155930,3,1,1,13,12,1,4,70230,5,5,5,4,5,4,1.116,5.317
0040 008,40,8,1098259,2,1,1,12,22,1,5,245113,4,4,4,4,3,4,1.116,3.285
0040 009,40,9,1180325,4,1,1,11,11,0,5,118583,5,4,4,4,3,3,1.116,2.883
0040 010,40,10,865652,2,1,1,21,22,1,5,133854,3,4,5,5,4,4,1.116,4.981
0040 011,40,11,1041118,9,1,1,21,21,1,5,134419,3,3,4,3,4,4,1.116,5.943
0040 012,40,12,699271,6,1,1,21,22,1,5,407330,3,4,4,3,4,4,1.116,2.076
0040 013,40,13,1017905,4,1,1,32,22,0,4,60691,4,3,3,4,4,4,1.116,2.958
0040 014,40,14,1199233,5,1,1,12,22,1,5,195354,5,5,5,4,4,4,1.116,2.765
0040 015,40,15,823034,4,1,1,13,21,1,3,29366,4,5,5,4,3,4,1.116,4.282
0040 016,40,16,1110169,4,1,1,32,22,1,4,99410,4,4,4,5,5,4,1.116,2.221
0040 017,40,17,984107,2,1,1,32,11,1,4,36337,4,4,5,2,2,3,1.116,3.042
0040 018,40,18,927591,6,1,1,21,22,1,3,7721,4,3,3,2,2,2,1.116,4.468
0040 019,40,19,883349,5,1,1,13,21,0,4,55421,4,3,3,4,4,2,1.116,2.122
0040 020,40,20,965651,1,1,1,13,12,0,2,-39521,5,4,4,5,4,3,1.116,2.008
0040 021,40,21,1161640,4,1,1,32,11,1,4,84742,5,5,5,4,4,4,1.116,3.218
0040 022,40,22,1053322,7,1,1,31,31,1,3,-3642,4,4,3,3,3,3,1.116,4.998
0040 023,40,23,952226,4,1,1,21,31,0,2,-88181,3,2,3,4,4,3,1.116,3.092
0040 024,40,24,1067506,6,1,1,12,12,0,2,-96886,3,4,4,4,3,4,1.116,3.21
0040 025,40,25,838213,3,1,1,11,21,1,4,74005,3,3,4,5,4,5,1.116,3.778
0041 001,41,1,1143375,3,1,1,11,12,1,5,161109,4,4,4,4,4,3,-0.26,3.33
0041 002,41,2,1088772,5,1,1,31,12,0,1,-126829,3,3,2,2,2,2,-0.26,0.162
0041 003,41,3,832948,3,1,1,21,31,0,5,146769,4,3,4,4,4,3,-0.26,1.459
0041 004,41,4,1175331,7,1,1,12,11,0,4,47597,4,3,4,4,4,4,-0.26,2.292
0041 005,41,5,1127703,4,1,1,31,12,0,2,-44204,2,2,2,1,3,2,-0.26,1.961
0041 006,41,6,1014051,3,1,1,32,21,1,1,-119491,4,3,4,5,4,4,-0.26,4.279
0041 007,41,7,985972,7,1,1,11,12,1,4,73913,3,3,4,4,4,3,-0.26,2.837
0041 008,41,8,1112107,7,1,1,31,21,0,3,-24810,2,2,3,2,2,2,-0.26,0.478
0041 009,41,9,818176,4,1,1,13,22,0,4,79222,3,4,3,5,4,4,-0.26,2.363
0041 010,41,10,1198655,5,1,1,21,21,0,4,35469,2,2,2,4,4,4,-0.26,3.174
0041 011,41,11,949969,3,1,1,12,21,0,2,-78805,3,3,4,4,3,4,-0.26,3.004
0041 012,41,12,833107,4,1,1,21,11,0,1,-189245,3,3,3,3,3,2,-0.26,0.245
0041 013,41,13,976446,5,1,1,12,21,1,5,102184,4,3,3,4,4,4,-0.26,2.97
0041 014,41,14,1092823,8,1,1,11,12,0,4,31783,3,3,4,3,4,3,-0.26,2.403
0041 015,41,15,955867,5,1,1,12,22,1,1,-107212,5,4,3,3,3,3,-0.26,1.392
0041 016,41,16,875051,4,1,1,11,12,1,5,175964,3,4,4,3,4,3,-0.26,3.017
0041 017,41,17,970264,4,1,1,31,31,0,4,82607,3,2,4,4,4,3,-0.26,3.444
0041 018,41,18,1114108,4,1,1,12,31,0,3,3014,3,3,2,3,3,3,-0.26,1.799
0041 019,41,19,986179,9,1,1,13,31,1,3,-347,4,3,4,3,4,3,-0.26,3.325
0041 020,41,20,1128249,2,1,1,11,12,1,4,55575,5,5,5,4,4,4,-0.26,1.964
0041 021,41,21,831933,3,1,1,11,21,0,2,-44347,3,3,3,4,3,3,-0.26,3.509
0041 022,41,22,896223,8,1,1,21,12,1,2,-72169,3,4,3,3,3,2,-0.26,1.082
0041 023,41,23,894745,4,1,1,32,12,1,1,-131569,4,4,4,3,3,3,-0.26,1.23
0041 024,41,24,1162808,2,1,1,13,21,1,1,-126413,4,3,3,2,3,2,-0.26,2.531
0041 025,41,25,1169352,8,1,1,11,11,0,1,-101634,4,3,3,3,2,3,-0.26,4.182
0042 001,42,1,860268,3,1,1,12,12,1,5,146478,5,3,4,3,3,3,-0.039,3.736
0042 002,42,2,965131,9,1,1,11,11,1,4,87851,4,4,4,4,3,4,-0.039,3.135
0042 003,42,3,953626,8,1,1,21,11,0,3,25025,3,3,3,3,3,3,-0.039,1.977
0042 004,42,4,1154054,6,1,1,31,11,0,2,-63540,4,4,3,2,3,2,-0.039,2.573
0042 005,42,5,1000860,11,1,1,32,12,0,1,-104418,4,4,4,3,3,2,-0.039,2.066
0042 006,42,6,862824,4,1,1,11,21,1,5,152186,4,4,3,4,3,4,-0.039,1.198
0042 007,42,7,1028791,4,1,1,13,22,0,2,-80867,4,3,3,4,3,4,-0.039,1.353
0042 008,42,8,825542,8,1,1,21,21,0,4,54951,4,3,4,3,4,4,-0.039,2.047
0042 009,42,9,1314562,3,1,1,11,22,0,2,-33977,4,4,3,4,4,4,-0.039,2.912
0042 010,42,10,968434,7,1,1,32,22,1,2,-36738,3,4,3,2,3,2,-0.039,1.906
0042 011,42,11,1078491,5,1,1,11,21,1,2,-46059,5,5,4,4,5,4,-0.039,3.932
0042 012,42,12,827946,5,1,1,21,22,0,2,-88712,2,1,2,3,3,3,-0.039,3.785
0042 013,42,13,936223,4,1,1,21,12,1,2,-31122,4,4,4,3,4,4,-0.039,3.8
0042 014,42,14,803762,4,1,1,11,11,0,2,-65450,4,3,4,3,3,3,-0.039,4.401
0042 015,42,15,1100056,2,1,1,11,31,0,2,-45330,3,3,3,3,3,3,-0.039,1.164
0042 016,42,16,1019620,9,1,1,11,22,0,3,-28493,4,4,4,4,3,3,-0.039,1.768
0042 017,42,17,1115945,6,1,1,11,11,1,4,39250,4,3,3,4,3,3,-0.039,3.746
0042 018,42,18,1119513,6,1,1,12,22,1,4,44744,4,4,4,3,3,3,-0.039,1.015
0042 019,42,19,880259,8,1,1,21,12,0,2,-88999,3,3,3,2,4,3,-0.039,1.109
0042 020,42,20,770830,5,1,1,12,31,1,1,-102857,4,4,4,3,2,2,-0.039,1.972
0042 021,42,21,1205565,2,1,1,13,22,1,2,-47908,4,4,4,4,3,4,-0.039,1.204
0042 022,42,22,959683,4,1,1,13,12,1,2,-48495,4,3,3,3,3,3,-0.039,4.187
0042 023,42,23,1209992,5,1,1,13,31,0,2,-34924,3,3,3,3,3,3,-0.039,1.57
0042 024,42,24,1098189,5,1,1,11,21,1,2,-50750,4,4,4,3,3,4,-0.039,2.338
0042 025,42,25,949026,6,1,1,13,11,1,3,-373,5,5,5,4,4,4,-0.039,2.964
0043 001,43,1,897012,4,1,1,21,31,0,4,66497,3,3,3,3,4,4,2.439,5.763
0043 002,43,2,804468,6,1,1,11,22,1,4,47760,4,4,4,5,3,4,2.439,3.4
0043 003,43,3,908165,7,1,1,12,21,1,4,63978,5,5,5,4,3,3,2.439,3.848
0043 004,43,4,978024,10,1,1,13,31,1,5,162679,4,4,4,4,4,3,2.439,3.594
0043 005,43,5,995873,3,1,1,31,12,1,3,12982,4,4,4,3,2,3,2.439,4.116
0043 006,43,6,1008216,3,1,1,11,22,0,4,41956,5,5,5,4,5,4,2.439,2.563
0043 007,43,7,920334,5,1,1,11,11,0,5,148566,5,5,5,4,4,4,2.439,3.552
0043 008,43,8,887953,4,1,1,11,12,1,4,37847,4,5,4,4,4,4,2.439,3.633
0043 009,43,9,1141867,8,1,1,11,22,0,3,-17618,4,5,4,3,3,3,2.439,3.083
0043 010,43,10,978646,6,1,1,13,31,1,5,153123,4,4,5,4,3,3,2.439,2.784
0043 011,43,11,1024301,6,1,1,21,21,0,3,6315,5,4,4,4,3,3,2.439,4.67
0043 012,43,12,1137585,4,1,1,11,11,1,5,114078,5,5,5,3,4,3,2.439,5.253
0043 013,43,13,1156580,4,1,1,12,11,1,5,140735,5,5,4,4,3,4,2.439,4.375
0043 014,43,14,1126451,7,1,1,12,21,1,5,102127,5,4,4,5,4,4,2.439,4.417
0043 015,43,15,1001328,4,1,1,32,11,1,5,163247,4,4,4,5,4,4,2.439,2.43
0043 016,43,16,1102202,6,1,1,21,11,0,3,14175,4,4,4,3,3,4,2.439,2.97
0043 017,43,17,890455,8,1,1,11,31,1,5,148634,5,5,4,4,4,4,2.439,6.19
0043 018,43,18,950217,4,1,1,21,22,1,5,269730,4,4,4,3,3,3,2.439,5.091
0043 019,43,19,791965,7,1,1,12,11,1,5,193616,5,5,5,5,5,5,2.439,5.531
0043 020,43,20,1093225,3,1,1,31,22,1,5,186705,4,3,4,4,3,4,2.439,2.302
0043 021,43,21,1131347,5,1,1,32,12,0,5,109047,3,3,4,3,2,4,2.439,4.476
0043 022,43,22,1059845,6,1,1,21,31,0,3,19294,4,4,4,4,3,4,2.439,2.528
0043 023,43,23,983754,3,1,1,21,22,1,5,277291,5,3,4,5,3,3,2.439,5.243
0043 024,43,24,1095843,3,1,1,13,12,1,5,163823,4,5,3,5,5,5,2.439,4.1
0043 025,43,25,953389,7,1,1,11,12,1,5,214636,4,5,4,4,5,4,2.439,5.4
0044 001,44,1,1089705,8,1,1,11,12,1,2,-57663,3,4,3,3,3,3,-1.038,1.219
0044 002,44,2,1049274,6,1,1,21,21,0,1,-123319,2,4,3,2,3,3,-1.038,-0.145
0044 003,44,3,857284,5,1,1,31,21,1,4,65501,3,3,4,3,4,4,-1.038,2.031
0044 004,44,4,1016080,7,1,1,21,12,0,1,-176792,3,3,3,2,2,3,-1.038,1.39
0044 005,44,5,710091,4,1,1,32,12,1,4,87781,4,3,3,4,4,4,-1.038,2.361
0044 006,44,6,1112289,6,1,1,13,11,0,2,-40461,2,3,3,3,3,3,-1.038,1.426
0044 007,44,7,879783,4,1,1,31,11,0,2,-94556,4,4,3,3,3,2,-1.038,2.181
0044 008,44,8,1090834,2,1,1,11,12,1,3,-13649,4,3,5,3,3,3,-1.038,1.592
0044 009,44,9,842446,3,1,1,11,22,1,2,-70229,5,4,5,4,4,4,-1.038,3.268
0044 010,44,10,1024954,7,1,1,12,11,1,3,-8559,4,4,4,3,3,2,-1.038,2.65
0044 011,44,11,1025033,3,1,1,31,21,1,1,-109875,2,3,3,3,3,4,-1.038,1.296
0044 012,44,12,1068726,4,1,1,11,22,0,2,-96656,3,3,3,2,2,3,-1.038,2.807
0044 013,44,13,1061897,7,1,1,12,11,0,1,-156730,3,4,4,2,2,2,-1.038,0.927
0044 014,44,14,1019878,5,1,1,12,12,0,2,-64284,3,3,3,2,3,2,-1.038,1.031
0044 015,44,15,837969,4,1,1,11,21,0,1,-147625,2,3,3,4,3,3,-1.038,2.581
0044 016,44,16,914595,4,1,1,11,21,1,3,15702,4,4,4,3,3,4,-1.038,3.335
0044 017,44,17,962950,9,1,1,11,21,0,1,-177545,3,3,3,1,2,2,-1.038,1.324
0044 018,44,18,1191946,5,1,1,31,12,1,3,18483,3,3,3,3,2,3,-1.038,0.99
0044 019,44,19,828827,8,1,1,12,21,0,3,24122,3,2,3,2,4,3,-1.038,4.432
0044 020,44,20,939249,5,1,1,32,22,0,2,-72389,3,3,3,3,1,3,-1.038,3.845
0044 021,44,21,936770,5,1,1,11,21,0,2,-83252,3,4,4,2,2,3,-1.038,1.305
0044 022,44,22,1152923,4,1,1,13,12,1,3,-1146,4,4,4,4,4,3,-1.038,2.971
0044 023,44,23,808354,6,1,1,32,22,0,4,68125,3,3,2,4,3,4,-1.038,3.037
0044 024,44,24,971943,5,1,1,31,22,1,2,-38454,3,3,2,2,2,2,-1.038,2.593
0044 025,44,25,1087026,5,1,1,11,12,0,3,-7465,3,4,4,4,2,3,-1.038,2.451
0045 001,45,1,875877,3,1,1,31,11,1,3,-10756,3,3,3,3,2,3,-0.79,1.518
0045 002,45,2,989839,5,1,1,11,22,0,4,31775,3,4,4,4,4,4,-0.79,3.35
0045 003,45,3,973165,2,1,1,31,12,1,2,-76680,4,3,3,3,2,3,-0.79,2.764
0045 004,45,4,1053520,5,1,1,21,12,0,1,-137904,5,4,4,4,4,3,-0.79,3.059
0045 005,45,5,822217,6,1,1,13,21,1,4,74140,3,3,3,3,3,3,-0.79,1.772
0045 006,45,6,804540,3,1,1,21,11,0,1,-116470,3,3,3,3,2,3,-0.79,1.39
0045 007,45,7,1044938,2,1,1,31,12,0,1,-129938,4,3,4,3,3,3,-0.79,2.64
0045 008,45,8,983096,6,1,1,21,11,0,1,-169570,2,4,3,2,1,2,-0.79,1.085
0045 009,45,9,932309,7,1,1,11,21,1,4,33328,3,3,3,3,3,4,-0.79,1.659
0045 010,45,10,1137110,6,1,1,12,11,0,1,-103180,3,4,3,3,2,3,-0.79,2.125
0045 011,45,11,1104212,4,1,1,32,22,0,1,-123420,2,4,3,3,4,4,-0.79,2.775
0045 012,45,12,1191452,4,1,1,21,22,0,1,-115021,2,3,3,3,3,3,-0.79,1.77
0045 013,45,13,980787,7,1,1,31,12,0,2,-82882,4,4,3,4,4,4,-0.79,3.593
0045 014,45,14,1057720,5,1,1,12,31,0,2,-64054,3,4,3,2,2,3,-0.79,2.003
0045 015,45,15,1220149,3,1,1,21,11,0,3,2524,3,4,3,4,4,4,-0.79,3.797
0045 016,45,16,863734,5,1,1,31,31,0,2,-67378,2,1,2,3,2,3,-0.79,2.63
0045 017,45,17,961589,4,1,1,11,21,1,3,24097,4,4,3,3,3,3,-0.79,2.844
0045 018,45,18,837511,4,1,1,13,31,0,3,-27359,3,3,3,2,3,2,-0.79,3.1
0045 019,45,19,817143,4,1,1,13,21,0,3,11300,3,3,3,3,2,4,-0.79,0.542
0045 020,45,20,1004812,8,1,1,12,11,1,4,52327,5,4,4,3,3,3,-0.79,0.835
0045 021,45,21,1150892,7,1,1,11,11,0,2,-50898,3,3,2,4,4,3,-0.79,4.054
0045 022,45,22,814907,9,1,1,12,12,0,2,-35387,4,3,4,2,4,3,-0.79,2.13
0045 023,45,23,746999,5,1,1,31,31,0,3,-27575,4,3,4,4,3,3,-0.79,2.699
0045 024,45,24,1188549,6,1,1,13,22,0,1,-118395,2,3,3,3,3,3,-0.79,2.135
0045 025,45,25,1075551,7,1,1,12,21,1,4,80218,3,4,4,3,4,4,-0.79,2.892
0046 001,46,1,1022046,4,1,1,11,31,1,3,6106,4,3,4,3,3,3,-0.065,2.365
0046 002,46,2,1005335,8,1,1,12,21,1,1,-128046,4,4,4,2,2,2,-0.065,2.37
0046 003,46,3,936650,5,1,1,12,22,1,4,40017,4,4,3,4,3,3,-0.065,4.087
0046 004,46,4,997111,8,1,1,12,21,0,3,23814,2,3,3,5,4,4,-0.065,3.946
0046 005,46,5,969104,8,1,1,12,31,1,3,12229,3,3,3,4,3,3,-0.065,3.374
0046 006,46,6,914225,1,1,1,11,22,0,3,24020,5,4,4,3,3,3,-0.065,2.808
0046 007,46,7,1318980,3,1,1,31,21,1,5,117058,4,4,4,4,4,4,-0.065,5.556
0046 008,46,8,973948,4,1,1,32,21,1,4,83080,4,3,4,3,3,3,-0.065,5.07
0046 009,46,9,964582,5,1,1,11,12,1,3,9923,4,4,4,2,3,3,-0.065,2.609
0046 010,46,10,877006,5,1,1,32,11,0,2,-72348,2,2,3,2,2,2,-0.065,3.634
0046 011,46,11,871335,5,1,1,11,31,1,5,201470,4,4,4,3,3,3,-0.065,2.813
0046 012,46,12,1051550,6,1,1,21,11,1,4,98551,4,5,3,4,4,5,-0.065,3.256
0046 013,46,13,942815,4,1,1,13,31,0,3,-3224,3,4,4,5,4,4,-0.065,3.449
0046 014,46,14,875840,4,1,1,11,12,1,4,34404,3,4,3,2,2,3,-0.065,3.835
0046 015,46,15,1046271,2,1,1,32,21,1,4,51005,3,3,4,4,3,4,-0.065,3.076
0046 016,46,16,1050864,6,1,1,13,31,0,2,-82947,4,4,4,3,3,3,-0.065,4.622
0046 017,46,17,965900,3,1,1,11,21,0,3,4676,3,3,3,2,3,2,-0.065,3.347
0046 018,46,18,1130770,7,1,1,11,21,1,3,27728,3,4,3,3,4,4,-0.065,2.589
0046 019,46,19,1086577,3,1,1,11,31,1,3,-3731,4,4,3,3,3,4,-0.065,3.684
0046 020,46,20,1129470,5,1,1,12,12,1,2,-82864,4,5,3,4,3,3,-0.065,2.959
0046 021,46,21,861644,6,1,1,12,21,1,5,113055,5,4,5,4,4,4,-0.065,4.794
0046 022,46,22,1122146,5,1,1,32,12,0,2,-80543,2,2,2,3,2,2,-0.065,3.529
0046 023,46,23,1121151,5,1,1,21,12,1,3,8226,3,3,3,2,3,3,-0.065,2.702
0046 024,46,24,749964,4,1,1,31,22,0,4,78278,2,3,3,3,2,3,-0.065,5.198
0046 025,46,25,981646,7,1,1,31,31,1,4,66915,4,4,5,2,2,2,-0.065,1.209
0047 001,47,1,1093305,8,1,1,13,22,1,5,103816,3,4,3,3,2,3,0.003,2.432
0047 002,47,2,1144595,8,1,1,21,11,1,4,63648,4,4,3,4,4,4,0.003,2.555
0047 003,47,3,1125936,6,1,1,12,21,0,1,-125544,4,4,4,2,2,2,0.003,0.894
0047 004,47,4,804521,4,1,1,32,12,1,4,57670,4,5,5,4,3,4,0.003,2.455
0047 005,47,5,1018097,3,1,1,12,12,0,3,-11405,3,3,3,3,3,3,0.003,2.288
0047 006,47,6,1138065,5,1,1,32,22,0,2,-47444,3,3,3,4,3,3,0.003,2.102
0047 007,47,7,1099162,3,1,1,31,21,1,4,74437,3,4,3,3,3,4,0.003,3.035
0047 008,47,8,1189938,7,1,1,12,22,1,4,80862,4,3,3,3,3,3,0.003,2.135
0047 009,47,9,1122265,2,1,1,11,12,1,3,-4806,5,4,4,4,4,4,0.003,2.619
0047 010,47,10,1075804,5,1,1,31,12,0,4,52548,3,3,3,3,3,3,0.003,4.0
0047 011,47,11,916197,4,1,1,11,11,0,1,-139479,4,4,4,4,3,3,0.003,1.81
0047 012,47,12,912256,5,1,1,12,11,1,3,-4398,4,3,5,2,3,3,0.003,1.705
0047 013,47,13,995797,8,1,1,32,11,1,3,-6190,3,3,3,3,3,4,0.003,2.778
0047 014,47,14,1004376,6,1,1,12,31,1,3,16173,4,5,4,4,4,3,0.003,1.695
0047 015,47,15,1030664,5,1,1,32,12,1,5,153879,4,3,4,4,2,3,0.003,3.553
0047 016,47,16,1063741,10,1,1,32,11,1,5,153811,4,3,3,3,4,4,0.003,2.206
0047 017,47,17,1057636,6,1,1,21,31,1,3,-9668,3,4,3,2,3,3,0.003,4.12
0047 018,47,18,805896,3,1,1,21,22,0,1,-111411,3,3,3,2,3,2,0.003,2.122
0047 019,47,19,723098,15,1,1,13,12,1,5,122198,4,4,4,5,4,4,0.003,3.944
0047 020,47,20,897105,5,1,1,21,11,0,2,-85412,4,4,4,3,3,3,0.003,2.714
0047 021,47,21,992923,9,1,1,11,21,0,2,-59490,4,4,4,4,4,4,0.003,1.787
0047 022,47,22,1061756,5,1,1,21,11,1,3,27173,3,3,3,2,2,2,0.003,3.173
0047 023,47,23,914965,7,1,1,13,12,0,1,-119586,4,4,4,3,2,3,0.003,2.624
0047 024,47,24,760994,3,1,1,13,11,0,3,-774,3,3,2,4,4,4,0.003,1.897
0047 025,47,25,1162853,3,1,1,32,21,1,3,-3576,3,3,4,2,3,3,0.003,2.043
0048 001,48,1,1008933,7,1,1,21,21,0,2,-49479,3,3,3,2,3,3,0.387,3.316
0048 002,48,2,1053979,5,1,1,11,21,0,3,919,4,4,4,3,3,4,0.387,1.88
0048 003,48,3,1016247,3,1,1,11,21,1,4,80622,4,3,3,3,2,3,0.387,1.56
0048 004,48,4,1184474,8,1,1,31,31,1,4,35626,4,4,3,4,3,3,0.387,4.565
0048 005,48,5,1063103,5,1,1,12,31,0,4,68839,3,3,4,4,4,4,0.387,2.979
0048 006,48,6,1065427,8,1,1,31,22,1,2,-83405,4,4,5,2,3,3,0.387,2.607
0048 007,48,7,888823,5,1,1,11,11,1,4,51985,5,4,5,4,4,4,0.387,2.58
0048 008,48,8,1063194,3,1,1,21,11,1,2,-30300,4,4,3,4,4,4,0.387,4.068
0048 009,48,9,961721,4,1,1,11,11,1,5,191372,3,3,3,3,3,3,0.387,0.832
0048 010,48,10,934252,7,1,1,21,12,1,3,-801,4,4,4,4,4,4,0.387,2.52
0048 011,48,11,923896,3,1,1,21,12,0,4,69421,2,3,2,2,2,2,0.387,3.38
0048 012,48,12,1079924,7,1,1,11,11,1,5,106552,4,4,4,4,4,5,0.387,4.731
0048 013,48,13,1016061,8,1,1,21,12,0,2,-48689,4,4,4,4,4,4,0.387,2.567
0048 014,48,14,1048912,3,1,1,13,12,1,4,75309,4,4,4,3,3,3,0.387,1.869
0048 015,48,15,725645,5,1,1,31,21,1,2,-46052,4,4,4,4,2,3,0.387,2.766
0048 016,48,16,836045,4,1,1,21,12,1,4,72582,4,4,5,4,4,4,0.387,3.35
0048 017,48,17,844158,8,1,1,31,11,1,5,123887,4,4,4,3,3,3,0.387,3.059
0048 018,48,18,1095927,5,1,1,21,12,0,2,-66893,4,4,4,2,3,3,0.387,1.677
0048 019,48,19,1123057,5,1,1,31,11,1,5,150634,4,4,4,4,4,5,0.387,3.813
0048 020,48,20,645001,7,1,1,31,12,0,4,91114,3,3,3,4,3,3,0.387,4.371
0048 021,48,21,973394,5,1,1,11,21,0,2,-59961,4,4,4,3,3,2,0.387,0.862
0048 022,48,22,1110633,5,1,1,12,22,1,4,61108,3,2,3,4,4,4,0.387,2.888
0048 023,48,23,1158470,6,1,1,31,21,1,4,78259,4,3,3,3,3,3,0.387,3.58
0048 024,48,24,988385,4,1,1,31,21,1,4,98317,3,2,3,3,2,2,0.387,3.847
0048 025,48,25,985605,6,1,1,12,21,0,3,5139,4,4,4,4,3,4,0.387,2.955
0049 001,49,1,992013,6,1,1,31,21,1,5,126593,4,3,2,4,3,4,0.212,2.875
0049 002,49,2,1037079,4,1,1,13,21,1,3,24201,4,4,3,4,4,3,0.212,4.537
0049 003,49,3,943195,9,1,1,32,21,0,3,26669,3,3,3,4,4,4,0.212,2.808
0049 004,49,4,1139211,9,1,1,11,12,1,3,-14210,4,4,4,4,4,3,0.212,2.996
0049 005,49,5,951719,3,1,1,11,11,1,4,81369,5,5,4,3,3,4,0.212,4.091
0049 006,49,6,980283,6,1,1,11,12,0,3,-16187,4,4,4,2,4,3,0.212,4.001
0049 007,49,7,1018903,7,1,1,12,11,1,2,-41809,3,2,3,3,3,3,0.212,3.584
0049 008,49,8,1008731,5,1,1,12,11,1,3,-19547,5,5,4,3,4,4,0.212,4.354
0049 009,49,9,847947,4,1,1,11,12,0,2,-52546,4,3,4,2,3,3,0.212,0.873
0049 010,49,10,745504,5,1,1,32,21,0,3,3669,4,3,3,2,3,3,0.212,5.183
0049 011,49,11,1042352,4,1,1,21,12,1,3,12182,4,3,3,3,4,3,0.212,3.554
0049 012,49,12,1115985,4,1,1,11,12,1,2,-69835,4,4,4,3,4,3,0.212,2.429
0049 013,49,13,909295,4,1,1,12,21,1,5,247806,3,4,3,4,3,4,0.212,5.712
0049 014,49,14,1125958,4,1,1,21,21,1,4,71159,4,4,4,4,4,4,0.212,3.128
0049 015,49,15,1161403,2,1,1,32,21,1,3,24615,3,3,3,3,3,3,0.212,3.751
0049 016,49,16,1023931,6,1,1,31,11,1,4,43677,4,5,4,4,4,4,0.212,2.072
0049 017,49,17,858910,3,1,1,12,22,0,3,-10786,3,2,3,2,3,3,0.212,3.599
0049 018,49,18,957048,2,1,1,31,22,1,5,108764,3,3,3,3,2,3,0.212,1.383
0049 019,49,19,955025,4,1,1,21,12,1,2,-40946,4,4,3,3,3,3,0.212,3.274
0049 020,49,20,900947,4,1,1,21,12,0,2,-70061,3,3,3,4,4,3,0.212,4.522
0049 021,49,21,804460,7,1,1,31,21,1,4,38583,3,3,3,4,2,3,0.212,3.726
0049 022,49,22,1022008,6,1,1,21,12,0,2,-88924,3,2,2,3,3,3,0.212,3.746
0049 023,49,23,1061825,6,1,1,32,21,1,3,-5866,3,4,4,4,4,4,0.212,4.172
0049 024,49,24,1204476,4,1,1,11,21,0,2,-54977,3,4,3,3,3,3,0.212,4.192
0049 025,49,25,862296,4,1,1,21,12,1,3,-28834,4,4,4,4,4,4,0.212,3.417
0050 001,50,1,913180,6,1,1,21,31,1,3,21274,4,3,4,3,4,3,1.128,5.254
0050 002,50,2,1052423,4,1,1,32,12,0,3,15103,4,4,3,2,2,2,1.128,3.155
0050 003,50,3,935360,3,1,1,12,11,0,4,75008,3,3,2,3,3,3,1.128,2.276
0050 004,50,4,1202355,3,1,1,13,21,1,5,110404,4,4,5,4,3,3,1.128,4.271
0050 005,50,5,1048630,9,1,1,21,11,0,4,38514,4,4,4,3,4,4,1.128,3.149
0050 006,50,6,819999,8,1,1,31,11,1,5,153060,4,4,4,4,4,4,1.128,4.917
0050 007,50,7,1030501,5,1,1,31,11,1,5,215079,4,4,4,4,4,3,1.128,3.912
0050 008,50,8,1127466,5,1,1,21,12,1,1,-120762,4,4,4,3,4,3,1.128,5.23
0050 009,50,9,950380,7,1,1,21,11,1,3,21632,3,4,5,5,4,4,1.128,5.256
0050 010,50,10,1069814,3,1,1,32,21,1,4,32371,4,5,4,2,2,3,1.128,3.636
0050 011,50,11,950364,6,1,1,13,22,1,5,184449,3,3,3,2,2,3,1.128,3.225
0050 012,50,12,1094958,3,1,1,31,22,1,3,25126,4,4,4,4,3,4,1.128,5.058
0050 013,50,13,819893,2,1,1,12,31,1,4,40587,4,3,4,3,3,3,1.128,3.348
0050 014,50,14,975370,9,1,1,32,21,1,3,5336,3,3,3,3,4,4,1.128,4.652
0050 015,50,15,1098897,2,1,1,21,22,0,4,31102,2,3,4,2,3,2,1.128,4.151
0050 016,50,16,1115751,6,1,1,21,12,1,5,269384,4,4,4,3,4,3,1.128,3.57
0050 017,50,17,1109749,5,1,1,32,21,0,3,-1386,3,3,3,4,4,4,1.128,3.719
0050 018,50,18,971144,7,1,1,31,22,0,3,-5168,2,3,3,3,3,4,1.128,2.166
0050 019,50,19,935173,3,1,1,12,12,0,3,4457,3,4,4,4,3,4,1.128,4.744
0050 020,50,20,1109637,3,1,1,21,11,1,5,140307,3,3,3,4,4,3,1.128,4.664
0050 021,50,21,1038956,5,1,1,31,21,1,3,11457,3,3,3,4,3,4,1.128,3.843
0050 022,50,22,634456,4,1,1,12,11,1,5,126399,4,4,4,3,3,2,1.128,4.12
0050 023,50,23,1135177,7,1,1,12,31,1,5,105219,4,3,4,4,4,4,1.128,3.307
0050 024,50,24,1182841,9,1,1,31,11,1,5,113234,4,5,5,4,4,3,1.128,5.175
0050 025,50,25,1084580,4,1,1,12,22,1,5,190415,4,4,4,4,4,4,1.128,5.53
0051 001,51,1,894826,3,1,1,12,12,0,3,-19314,4,3,3,2,3,3,-0.131,2.464
0051 002,51,2,1039010,6,1,1,11,12,1,2,-41873,4,4,4,4,4,4,-0.131,4.519
0051 003,51,3,962800,6,1,1,31,21,1,3,28166,2,3,3,4,4,3,-0.131,3.778
0051 004,51,4,924238,4,1,1,21,11,0,3,28398,4,4,4,3,3,3,-0.131,2.399
0051 005,51,5,1028476,6,1,1,13,22,0,2,-82987,3,3,3,4,4,4,-0.131,5.552
0051 006,51,6,1063751,6,1,1,31,31,0,2,-70528,2,3,3,3,3,1,-0.131,2.15
0051 007,51,7,1104619,3,1,1,21,31,1,4,43986,4,4,4,2,3,2,-0.131,2.127
0051 008,51,8,1031564,5,1,1,21,11,0,1,-182778,3,4,3,3,4,3,-0.131,5.731
0051 009,51,9,1016487,2,1,1,32,31,1,5,182620,4,5,5,3,4,4,-0.131,5.304
0051 010,51,10,1002032,4,1,1,21,21,1,3,-16029,3,2,3,4,4,3,-0.131,4.891
0051 011,51,11,984757,5,1,1,21,22,1,4,55386,4,4,3,3,3,3,-0.131,3.146
0051 012,51,12,968838,5,1,1,11,21,1,3,-5662,4,3,3,3,3,3,-0.131,3.622
0051 013,51,13,1098901,4,1,1,21,22,1,4,46675,4,5,4,4,4,3,-0.131,3.3
0051 014,51,14,1247413,6,1,1,31,22,0,1,-133097,2,3,3,4,4,4,-0.131,3.772
0051 015,51,15,862317,5,1,1,31,12,1,3,16331,3,2,3,3,3,2,-0.131,2.645
0051 016,51,16,999830,7,1,1,32,11,1,4,54247,2,3,3,3,3,3,-0.131,5.953
0051 017,51,17,720627,4,1,1,32,22,1,3,21903,3,4,4,3,3,3,-0.131,3.673
0051 018,51,18,989527,3,1,1,11,31,1,4,62961,4,4,4,4,3,3,-0.131,3.585
0051 019,51,19,1035194,8,1,1,32,12,1,2,-81809,3,4,4,1,1,1,-0.131,4.227
0051 020,51,20,966626,5,1,1,11,11,1,3,-29752,5,5,5,3,3,3,-0.131,4.788
0051 021,51,21,959965,3,1,1,11,12,0,2,-45624,3,4,3,2,2,2,-0.131,2.316
0051 022,51,22,600788,12,1,1,12,12,0,5,118378,3,4,4,3,4,3,-0.131,2.854
0051 023,51,23,1069537,4,1,1,11,31,1,4,80153,4,4,4,5,5,5,-0.131,4.734
0051 024,51,24,1031930,6,1,1,13,12,0,2,-87243,3,3,3,3,3,3,-0.131,4.075
0051 025,51,25,1021631,3,1,1,13,21,1,2,-68630,4,4,4,4,3,3,-0.131,5.844
0052 001,52,1,988081,3,1,1,13,21,0,1,-136386,3,4,3,3,2,2,-0.628,2.377
0052 002,52,2,1026443,3,1,1,11,11,1,3,-22561,4,4,4,4,4,4,-0.628,1.902
0052 003,52,3,1146001,3,1,1,31,11,1,3,-24246,3,3,3,3,3,3,-0.628,1.856
0052 004,52,4,855190,2,1,1,11,21,0,2,-91297,3,2,3,2,3,3,-0.628,2.737
0052 005,52,5,1032670,4,1,1,11,12,1,2,-37229,4,4,5,2,3,3,-0.628,3.483
0052 006,52,6,788370,7,1,1,31,21,1,4,32459,3,4,3,3,3,3,-0.628,3.881
0052 007,52,7,674398,4,1,1,21,21,1,4,41040,4,3,3,2,3,3,-0.628,2.785
0052 008,52,8,952655,5,1,1,12,11,0,1,-102403,3,3,3,4,5,4,-0.628,1.98
0052 009,52,9,1100542,9,1,1,32,11,0,3,8165,4,4,3,4,3,3,-0.628,0.618
0052 010,52,10,1074884,6,1,1,11,12,1,4,44651,5,4,5,5,5,5,-0.628,4.531
0052 011,52,11,1188598,2,1,1,11,11,0,3,-20226,4,4,3,4,3,4,-0.628,3.704
0052 012,52,12,1048470,3,1,1,11,21,1,3,-4682,4,4,4,4,3,3,-0.628,1.49
0052 013,52,13,1081250,9,1,1,11,22,1,3,1925,3,4,3,3,4,3,-0.628,3.583
0052 014,52,14,932664,5,1,1,12,12,1,4,60322,4,4,3,3,3,3,-0.628,2.666
0052 015,52,15,1008657,10,1,1,31,22,1,4,79241,3,3,4,4,3,3,-0.628,4.241
0052 016,52,16,1112130,5,1,1,13,22,0,3,5712,3,3,4,2,2,3,-0.628,1.326
0052 017,52,17,1195439,4,1,1,13,21,1,4,53532,4,4,4,4,5,4,-0.628,3.77
0052 018,52,18,1105132,3,1,1,13,22,0,1,-136199,3,3,4,2,3,3,-0.628,2.509
0052 019,52,19,1117150,3,1,1,12,11,0,1,-309794,2,2,1,3,3,3,-0.628,2.353
0052 020,52,20,925272,3,1,1,11,12,0,3,8585,3,3,3,2,2,3,-0.628,1.422
0052 021,52,21,1166342,5,1,1,12,22,0,1,-313093,3,4,3,3,3,3,-0.628,2.188
0052 022,52,22,880847,5,1,1,12,12,0,2,-68681,4,4,4,3,3,3,-0.628,2.96
0052 023,52,23,973577,7,1,1,11,11,0,1,-114855,4,3,4,1,2,2,-0.628,1.004
0052 024,52,24,970644,6,1,1,13,22,0,4,45001,3,3,2,3,3,3,-0.628,1.479
0052 025,52,25,972569,2,1,1,13,21,1,3,21496,3,3,3,4,3,3,-0.628,5.072
0053 001,53,1,1003638,7,1,1,21,12,1,3,21597,4,4,4,4,4,4,1.326,3.112
0053 002,53,2,939462,3,1,1,31,21,1,5,123384,4,3,3,3,4,3,1.326,4.014
0053 003,53,3,1133119,4,1,1,31,31,1,5,123908,3,4,3,3,2,3,1.326,3.996
0053 004,53,4,1052436,2,1,1,12,22,0,3,-20705,3,2,3,3,3,3,1.326,2.343
0053 005,53,5,838954,2,1,1,11,11,1,3,29915,4,4,5,3,3,3,1.326,4.74
0053 006,53,6,1214280,5,1,1,21,12,1,5,188091,4,5,4,3,3,3,1.326,3.428
0053 007,53,7,876955,4,1,1,31,31,1,5,165808,4,4,4,4,4,3,1.326,3.152
0053 008,53,8,885565,5,1,1,12,11,1,4,62792,4,3,5,3,3,3,1.326,1.628
0053 009,53,9,815928,5,1,1,32,22,1,4,91432,4,4,4,4,4,4,1.326,2.152
0053 010,53,10,913762,7,1,1,31,12,1,4,81471,4,4,3,4,4,4,1.326,3.947
0053 011,53,11,1041830,6,1,1,12,21,1,4,46782,5,4,5,4,4,4,1.326,4.713
0053 012,53,12,908288,10,1,1,11,12,1,4,56952,4,3,4,3,3,3,1.326,0.889
0053 013,53,13,891785,7,1,1,21,21,1,5,106440,4,4,4,3,4,4,1.326,3.753
0053 014,53,14,867887,3,1,1,11,22,0,5,173577,4,3,4,3,3,3,1.326,3.498
0053 015,53,15,698204,2,1,1,32,21,1,3,18456,4,3,4,3,4,4,1.326,3.147
0053 016,53,16,832619,3,1,1,31,11,1,3,19105,4,4,4,3,3,3,1.326,2.873
0053 017,53,17,1014331,5,1,1,21,11,1,4,87320,4,4,4,5,5,5,1.326,4.893
0053 018,53,18,944282,3,1,1,11,22,0,4,78621,4,3,3,4,4,4,1.326,2.733
0053 019,53,19,817105,3,1,1,31,11,0,3,24715,3,3,3,3,3,3,1.326,4.161
0053 020,53,20,1069421,7,1,1,12,12,1,5,163058,4,2,4,3,4,3,1.326,1.986
0053 021,53,21,1056395,4,1,1,21,22,1,5,158263,5,4,4,5,5,5,1.326,4.408
0053 022,53,22,1039095,7,1,1,12,21,0,5,118411,4,4,4,5,5,5,1.326,3.922
0053 023,53,23,823811,7,1,1,11,22,0,3,949,4,4,3,4,3,3,1.326,2.925
0053 024,53,24,995424,5,1,1,13,21,0,2,-64188,4,3,3,2,2,2,1.326,2.918
0053 025,53,25,874340,3,1,1,21,11,1,5,118454,4,3,4,3,3,4,1.326,3.185
0054 001,54,1,1048772,9,1,1,31,22,0,4,45036,3,3,2,3,2,3,0.453,1.6
0054 002,54,2,1083092,13,1,1,13,11,1,4,46682,4,3,4,4,3,4,0.453,1.489
0054 003,54,3,1068885,5,1,1,21,11,1,2,-34097,3,3,3,4,4,4,0.453,4.467
0054 004,54,4,907542,7,1,1,32,12,1,2,-33876,4,3,4,2,2,3,0.453,2.539
0054 005,54,5,1198217,6,1,1,32,11,1,5,248640,5,5,5,4,3,4,0.453,2.426
0054 006,54,6,1096154,6,1,1,11,11,0,3,-807,3,3,2,4,3,3,0.453,1.588
0054 007,54,7,971106,4,1,1,11,12,1,3,-6185,4,4,4,3,4,3,0.453,4.16
0054 008,54,8,862269,7,1,1,31,22,1,5,169450,5,4,4,4,3,4,0.453,3.625
0054 009,54,9,1156054,6,1,1,21,11,1,3,-10960,4,4,4,3,3,3,0.453,3.466
0054 010,54,10,998124,8,1,1,11,31,0,1,-109235,4,4,4,3,3,4,0.453,3.597
0054 011,54,11,1040374,7,1,1,12,22,1,3,11403,4,4,4,4,4,4,0.453,2.598
0054 012,54,12,1032246,5,1,1,32,21,1,4,47718,4,3,4,3,3,3,0.453,2.754
0054 013,54,13,1116858,4,1,1,32,22,0,2,-64119,3,3,3,2,2,2,0.453,2.578
0054 014,54,14,1007823,3,1,1,13,21,1,5,161541,4,4,4,3,3,3,0.453,2.42
0054 015,54,15,1093042,8,1,1,12,11,1,3,15959,3,3,3,3,3,2,0.453,2.569
0054 016,54,16,949521,3,1,1,11,12,1,4,42110,4,4,4,4,4,4,0.453,3.582
0054 017,54,17,753115,3,1,1,12,21,0,4,80214,4,5,3,4,4,4,0.453,6.456
0054 018,54,18,886182,3,1,1,11,22,1,4,95879,4,4,4,2,3,3,0.453,4.234
0054 019,54,19,1133282,3,1,1,11,11,1,3,4880,5,5,4,4,4,4,0.453,3.445
0054 020,54,20,918064,3,1,1,11,11,0,3,15612,4,3,4,3,2,4,0.453,2.575
0054 021,54,21,804430,4,1,1,11,21,1,2,-33273,3,3,3,2,2,2,0.453,2.737
0054 022,54,22,1148416,4,1,1,31,22,1,4,76106,3,3,4,3,3,3,0.453,2.507
0054 023,54,23,813147,5,1,1,12,12,1,5,155603,4,3,4,5,5,4,0.453,4.196
0054 024,54,24,1044861,3,1,1,32,22,1,1,-120026,2,3,3,2,3,3,0.453,3.397
0054 025,54,25,1056374,5,1,1,21,21,1,3,-19879,4,3,3,4,4,4,0.453,3.131
0055 001,55,1,1050602,3,1,1,11,11,1,5,113965,4,4,4,4,4,4,-0.77,4.664
0055 002,55,2,1070671,3,1,1,11,12,0,1,-232433,3,3,3,3,3,3,-0.77,1.602
0055 003,55,3,1018655,6,1,1,12,11,0,1,-190672,4,3,4,2,2,2,-0.77,1.123
0055 004,55,4,923168,5,1,1,31,21,0,2,-56532,3,4,5,4,4,4,-0.77,3.749
0055 005,55,5,1028327,3,1,1,31,21,1,1,-124243,3,3,3,2,2,2,-0.77,2.404
0055 006,55,6,859188,3,1,1,31,11,1,4,30436,4,4,4,2,3,3,-0.77,2.397
0055 007,55,7,1031793,6,1,1,11,22,1,1,-108923,2,3,3,5,5,5,-0.77,5.949
0055 008,55,8,1029301,4,1,1,12,21,0,2,-96882,4,4,4,3,3,3,-0.77,2.875
0055 009,55,9,995161,6,1,1,13,21,0,2,-80889,3,3,2,3,4,3,-0.77,2.269
0055 010,55,10,1069586,4,1,1,11,11,0,1,-109027,3,3,3,4,5,4,-0.77,1.652
0055 011,55,11,1195395,5,1,1,31,11,0,3,12376,3,3,4,3,3,3,-0.77,2.756
0055 012,55,12,899641,5,1,1,11,11,0,2,-52081,4,4,4,2,3,2,-0.77,2.034
0055 013,55,13,1078429,3,1,1,11,12,1,4,50568,4,3,3,4,5,4,-0.77,3.975
0055 014,55,14,1103009,4,1,1,21,21,0,4,61771,3,4,3,3,3,3,-0.77,1.873
0055 015,55,15,908603,7,1,1,11,31,1,3,-3176,4,4,4,4,4,4,-0.77,3.714
0055 016,55,16,1098498,2,1,1,21,21,0,1,-326694,2,2,3,1,2,2,-0.77,1.015
0055 017,55,17,1054495,9,1,1,31,12,0,3,16336,3,3,3,4,4,4,-0.77,1.94
0055 018,55,18,877993,6,1,1,21,21,0,1,-135826,3,3,3,3,3,4,-0.77,1.824
0055 019,55,19,1146259,5,1,1,21,21,1,3,-28008,4,4,4,3,3,3,-0.77,2.78
0055 020,55,20,961057,5,1,1,11,21,0,1,-134327,3,3,3,3,3,3,-0.77,2.885
0055 021,55,21,992566,9,1,1,13,31,1,4,69746,3,3,3,4,3,3,-0.77,2.441
0055 022,55,22,931099,7,1,1,11,21,0,1,-108612,3,4,4,3,2,2,-0.77,1.101
0055 023,55,23,1066384,6,1,1,12,12,1,3,-17395,4,4,4,3,3,3,-0.77,5.065
0055 024,55,24,1010509,6,1,1,31,12,1,1,-104892,4,4,4,3,3,3,-0.77,2.343
0055 025,55,25,993031,7,1,1,11,22,1,2,-67372,4,4,3,4,4,5,-0.77,4.566
0056 001,56,1,957372,2,1,1,32,21,1,4,95149,4,4,5,4,4,4,0.853,3.985
0056 002,56,2,1145927,5,1,1,21,12,0,3,22136,5,5,4,4,4,4,0.853,2.933
0056 003,56,3,992555,2,1,1,31,22,0,3,4734,4,3,4,3,4,3,0.853,4.813
0056 004,56,4,974393,3,1,1,32,11,1,4,52664,4,4,5,5,5,4,0.853,3.569
0056 005,56,5,756441,5,1,1,11,21,1,5,112049,4,4,4,4,4,3,0.853,4.807
0056 006,56,6,1083841,4,1,1,31,21,0,3,11252,3,3,3,4,4,4,0.853,1.449
0056 007,56,7,1083961,2,1,1,11,31,1,3,19752,5,5,4,3,4,3,0.853,3.474
0056 008,56,8,857886,7,1,1,11,12,1,5,112227,4,5,5,3,4,4,0.853,3.747
0056 009,56,9,955058,5,1,1,21,22,1,3,-4051,3,3,4,2,3,4,0.853,2.819
0056 010,56,10,1032821,7,1,1,11,22,0,3,-12166,3,3,3,2,2,2,0.853,4.152
0056 011,56,11,984198,6,1,1,12,12,0,4,36740,4,4,3,3,3,3,0.853,3.192
0056 012,56,12,1168188,4,1,1,21,22,1,4,77040,4,3,4,4,4,4,0.853,3.83
0056 013,56,13,879222,4,1,1,12,11,0,1,-104684,4,4,4,3,3,2,0.853,3.455
0056 014,56,14,908529,5,1,1,31,12,0,3,-6754,3,3,4,4,4,4,0.853,3.421
0056 015,56,15,1003224,9,1,1,12,11,0,4,42724,5,3,3,3,3,3,0.853,2.896
0056 016,56,16,1052010,6,1,1,13,21,1,3,-4588,2,2,2,3,2,3,0.853,2.635
0056 017,56,17,1103191,3,1,1,32,12,1,3,-1402,5,4,5,3,3,4,0.853,4.113
0056 018,56,18,998474,9,1,1,13,22,1,3,4377,4,3,4,3,3,3,0.853,1.899
0056 019,56,19,786193,5,1,1,31,22,0,4,64561,3,3,3,3,4,4,0.853,4.959
0056 020,56,20,1010551,6,1,1,31,12,0,4,85150,2,4,4,4,4,4,0.853,4.092
0056 021,56,21,902306,7,1,1,12,21,0,3,-13462,3,3,3,3,3,3,0.853,1.739
0056 022,56,22,1047722,6,1,1,31,21,1,4,72931,4,5,4,5,4,5,0.853,5.011
0056 023,56,23,916630,4,1,1,32,11,1,5,128434,4,4,4,4,4,4,0.853,4.946
0056 024,56,24,1119183,3,1,1,11,12,1,4,79024,5,3,4,4,3,3,0.853,4.078
0056 025,56,25,1078625,1,1,1,32,22,1,4,61736,3,4,4,3,3,4,0.853,3.879
0057 001,57,1,889397,2,1,1,31,12,1,3,-11008,4,4,4,2,3,3,0.536,3.008
0057 002,57,2,1147829,5,1,1,12,12,0,4,30176,3,4,3,3,3,4,0.536,3.141
0057 003,57,3,844206,6,1,1,12,12,1,5,158751,3,4,3,3,4,3,0.536,2.894
0057 004,57,4,791599,4,1,1,31,22,0,2,-60354,3,3,4,2,2,2,0.536,4.869
0057 005,57,5,1090348,4,1,1,32,12,0,5,117365,4,3,3,3,3,3,0.536,2.653
0057 006,57,6,865322,8,1,1,32,12,1,4,35854,5,4,4,4,3,4,0.536,2.863
0057 007,57,7,1073857,3,1,1,31,22,1,4,50331,5,4,3,3,4,2,0.536,2.07
0057 008,57,8,1139354,3,1,1,13,21,0,4,45432,3,3,3,3,4,4,0.536,3.418
0057 009,57,9,927067,4,1,1,32,22,1,4,56521,4,3,3,4,4,3,0.536,2.986
0057 010,57,10,950463,6,1,1,32,11,1,3,-22080,4,4,4,4,3,3,0.536,3.43
0057 011,57,11,865014,5,1,1,32,12,1,4,55633,4,5,5,4,4,4,0.536,3.199
0057 012,57,12,1070676,4,1,1,21,21,1,4,54701,4,4,3,4,4,4,0.536,3.505
0057 013,57,13,968072,5,1,1,12,22,1,1,-135303,5,4,3,3,3,4,0.536,0.951
0057 014,57,14,1148281,3,1,1,21,12,0,4,68189,3,3,3,3,3,3,0.536,3.938
0057 015,57,15,954597,2,1,1,31,21,1,3,-4444,3,3,3,3,3,2,0.536,3.243
0057 016,57,16,942186,4,1,1,31,31,1,5,188050,3,3,3,3,2,3,0.536,1.799
0057 017,57,17,1078942,4,1,1,11,12,1,4,98304,5,5,4,4,3,4,0.536,2.595
0057 018,57,18,1136491,7,1,1,13,12,0,3,11750,5,4,4,4,4,4,0.536,0.99
0057 019,57,19,899726,4,1,1,21,22,1,4,94269,4,4,3,3,3,3,0.536,3.868
0057 020,57,20,1052401,6,1,1,21,21,0,2,-99305,4,4,4,3,3,3,0.536,3.413
0057 021,57,21,997981,3,1,1,32,11,1,5,190425,4,4,4,5,4,5,0.536,3.941
0057 022,57,22,1013628,6,1,1,11,22,0,3,-5942,3,3,4,3,3,3,0.536,3.471
0057 023,57,23,1034470,9,1,1,21,21,1,5,177071,5,4,4,4,4,4,0.536,3.07
0057 024,57,24,1019497,3,1,1,13,31,1,4,62944,5,4,3,4,5,4,0.536,4.128
0057 025,57,25,885326,5,1,1,21,21,0,5,123355,3,4,2,3,4,4,0.536,3.585
0058 001,58,1,972643,5,1,1,32,12,0,1,-213732,3,2,3,3,3,3,0.397,4.05
0058 002,58,2,994008,8,1,1,31,11,0,2,-88302,4,4,5,3,3,3,0.397,1.587
0058 003,58,3,941313,6,1,1,12,21,0,2,-39523,4,4,4,3,4,3,0.397,3.977
0058 004,58,4,920725,6,1,1,11,21,0,4,82800,4,3,4,3,4,3,0.397,3.257
0058 005,58,5,926711,6,1,1,21,21,0,4,66162,3,3,3,4,4,4,0.397,4.232
0058 006,58,6,999566,9,1,1,11,12,0,2,-78449,3,4,3,4,3,4,0.397,4.271
0058 007,58,7,1007809,4,1,1,12,21,1,5,139389,4,4,4,2,2,2,0.397,4.65
0058 008,58,8,1140015,8,1,1,12,12,1,3,-29163,5,4,4,3,3,4,0.397,5.832
0058 009,58,9,937329,3,1,1,32,21,1,2,-84415,3,3,4,3,3,3,0.397,3.416
0058 010,58,10,1138767,7,1,1,32,12,1,2,-87413,5,5,5,2,3,3,0.397,4.553
0058 011,58,11,1067655,4,1,1,21,22,1,5,168796,4,4,4,4,4,3,0.397,5.829
0058 012,58,12,1003151,5,1,1,13,12,1,5,101403,4,4,3,5,4,4,0.397,3.478
0058 013,58,13,883291,2,1,1,21,22,1,4,61534,4,4,4,4,4,3,0.397,4.425
0058 014,58,14,915305,6,1,1,21,11,1,4,80525,4,4,4,4,4,3,0.397,3.988
0058 015,58,15,1001974,6,1,1,21,12,1,4,83849,4,4,3,3,3,4,0.397,2.84
0058 016,58,16,933274,3,1,1,31,31,1,4,47870,4,4,4,3,4,3,0.397,2.125
0058 017,58,17,966339,7,1,1,12,31,1,3,28425,3,4,3,2,3,3,0.397,2.225
0058 018,58,18,961011,3,1,1,12,22,0,1,-197511,3,3,3,3,3,3,0.397,3.927
0058 019,58,19,1167440,4,1,1,12,12,0,4,67890,4,4,4,4,3,3,0.397,5.8
0058 020,58,20,1039951,6,1,1,11,31,1,2,-30725,3,4,4,4,3,3,0.397,3.333
0058 021,58,21,710332,4,1,1,13,22,0,3,14547,4,4,4,4,4,3,0.397,3.423
0058 022,58,22,905953,4,1,1,31,31,1,5,132678,3,4,4,3,2,3,0.397,4.123
0058 023,58,23,881455,1,1,1,32,22,0,4,89336,4,3,3,5,4,4,0.397,5.356
0058 024,58,24,1033965,6,1,1,11,31,0,2,-74877,4,4,3,4,4,4,0.397,4.44
0058 025,58,25,996806,8,1,1,12,11,1,5,178425,4,5,5,4,4,4,0.397,3.294
0059 001,59,1,1039191,7,1,1,31,12,0,1,-130854,4,4,4,4,4,4,-0.857,4.887
0059 002,59,2,1014880,8,1,1,13,12,0,1,-104019,3,3,4,2,3,2,-0.857,2.847
0059 003,59,3,827815,2,1,1,32,22,0,4,51990,3,3,3,3,3,4,-0.857,3.337
0059 004,59,4,1132949,10,1,1,11,22,0,3,-23825,3,3,3,2,2,3,-0.857,3.88
0059 005,59,5,1007304,3,1,1,31,12,1,5,115340,3,4,3,3,4,4,-0.857,2.725
0059 006,59,6,1139780,2,1,1,11,11,0,2,-85985,3,2,3,2,2,2,-0.857,2.083
0059 007,59,7,1017031,6,1,1,31,21,0,3,-11400,2,1,2,2,1,2,-0.857,2.541
0059 008,59,8,859826,4,1,1,13,21,0,1,-119884,3,3,3,3,2,3,-0.857,3.029
0059 009,59,9,864615,7,1,1,32,11,0,2,-88565,4,4,4,3,4,4,-0.857,3.561
0059 010,59,10,873517,8,1,1,11,12,0,1,-142550,4,4,4,4,4,4,-0.857,4.874
0059 011,59,11,1013037,3,1,1,31,31,0,3,-11578,3,3,3,3,3,4,-0.857,2.196
0059 012,59,12,1096616,5,1,1,21,12,1,4,38852,4,4,4,3,3,3,-0.857,3.145
0059 013,59,13,839430,4,1,1,31,22,0,3,-29527,3,3,3,4,4,4,-0.857,4.665
0059 014,59,14,1024650,3,1,1,31,11,1,5,152249,3,3,3,3,4,3,-0.857,2.836
0059 015,59,15,851342,3,1,1,31,11,0,1,-236820,3,3,4,1,2,2,-0.857,2.717
0059 016,59,16,1013436,4,1,1,21,11,1,3,2517,3,3,3,4,3,4,-0.857,2.885
0059 017,59,17,1198415,3,1,1,11,11,0,3,-1641,4,4,4,5,4,4,-0.857,2.818
0059 018,59,18,1197258,3,1,1,11,21,0,2,-86223,2,3,3,2,1,3,-0.857,3.604
0059 019,59,19,821109,4,1,1,21,11,0,2,-90361,3,3,4,3,3,3,-0.857,5.257
0059 020,59,20,1278599,6,1,1,11,21,1,5,195524,4,4,4,4,3,3,-0.857,5.513
0059 021,59,21,996288,3,1,1,12,12,0,3,23291,5,4,4,3,2,4,-0.857,3.618
0059 022,59,22,1064961,6,1,1,12,11,0,3,-1360,3,3,3,4,4,5,-0.857,4.252
0059 023,59,23,842272,6,1,1,12,11,0,1,-177920,4,3,3,3,3,3,-0.857,3.604
0059 024,59,24,1004940,4,1,1,13,22,0,2,-95846,3,2,3,3,2,3,-0.857,2.355
0059 025,59,25,1114056,7,1,1,11,11,0,1,-182766,3,3,4,3,3,2,-0.857,1.989
0060 001,60,1,796673,5,1,1,31,12,0,3,9125,3,3,2,3,3,3,-0.599,1.63
0060 002,60,2,999378,10,1,1,12,12,1,4,64043,5,4,4,4,4,4,-0.599,3.177
0060 003,60,3,1034680,5,1,1,13,31,1,3,-14894,3,2,2,2,3,2,-0.599,0.789
0060 004,60,4,909049,7,1,1,31,22,0,3,-9050,3,3,3,4,4,3,-0.599,3.489
0060 005,60,5,1021712,2,1,1,21,31,1,5,174253,4,4,4,2,2,4,-0.599,3.764
0060 006,60,6,1230962,3,1,1,12,21,0,1,-138529,4,4,4,2,2,3,-0.599,0.844
0060 007,60,7,896153,5,1,1,32,12,1,4,68247,3,3,4,4,4,4,-0.599,3.029
0060 008,60,8,982517,4,1,1,21,12,0,2,-51217,4,4,4,3,3,3,-0.599,2.602
0060 009,60,9,961590,3,1,1,31,11,0,2,-99994,4,4,3,3,3,3,-0.599,2.497
0060 010,60,10,979372,2,1,1,32,21,0,1,-121688,2,2,3,2,3,3,-0.599,2.214
0060 011,60,11,1039025,4,1,1,31,31,1,4,50359,3,4,3,3,4,3,-0.599,2.917
0060 012,60,12,707176,8,1,1,12,21,0,1,-173770,2,3,2,3,2,2,-0.599,4.351
0060 013,60,13,1323254,3,1,1,31,11,1,5,101107,4,4,3,5,5,5,-0.599,2.19
0060 014,60,14,881841,5,1,1,12,22,1,3,25225,3,3,4,3,4,3,-0.599,4.172
0060 015,60,15,956457,4,1,1,31,12,0,3,-20283,3,4,3,3,3,3,-0.599,1.722
0060 016,60,16,1021898,4,1,1,31,11,0,2,-90163,3,4,3,3,4,4,-0.599,3.096
0060 017,60,17,1078698,3,1,1,11,22,0,2,-87382,3,2,3,3,3,3,-0.599,1.844
0060 018,60,18,996137,6,1,1,11,22,0,3,-27184,2,3,3,2,2,3,-0.599,0.829
0060 019,60,19,1018847,3,1,1,32,12,1,2,-62796,3,3,4,3,3,3,-0.599,0.873
0060 020,60,20,1140363,4,1,1,13,21,0,2,-56232,3,3,3,3,2,3,-0.599,4.37
0060 021,60,21,1097408,3,1,1,32,22,0,1,-145733,2,3,2,2,3,3,-0.599,3.4
0060 022,60,22,1028775,6,1,1,13,12,1,1,-111684,3,4,3,1,3,3,-0.599,0.87
0060 023,60,23,1256428,3,1,1,31,12,0,2,-72445,3,2,2,2,2,2,-0.599,0.631
0060 024,60,24,1034394,8,1,1,21,11,1,4,68515,2,2,2,3,2,2,-0.599,1.254
0060 025,60,25,870693,3,1,1,21,21,0,3,-11150,2,2,2,2,3,2,-0.599,2.84
