shapeID,date,t,cohort,first_treat_t,rel_time,treat_now,log_avg_rad
UNIT-01,2022-01-01,1,2023-07,19,-18,0,2.4777
UNIT-01,2022-02-01,2,2023-07,19,-17,0,2.4614
UNIT-01,2022-03-01,3,2023-07,19,-16,0,2.5003
UNIT-01,2022-04-01,4,2023-07,19,-15,0,2.5668
UNIT-01,2022-05-01,5,2023-07,19,-14,0,2.5652
UNIT-01,2022-06-01,6,2023-07,19,-13,0,2.5738
UNIT-01,2022-07-01,7,2023-07,19,-12,0,2.5185
UNIT-01,2022-08-01,8,2023-07,19,-11,0,2.5939
UNIT-01,2022-09-01,9,2023-07,19,-10,0,2.5496
UNIT-01,2022-10-01,10,2023-07,19,-9,0,2.5095
UNIT-01,2022-11-01,11,2023-07,19,-8,0,2.5223
UNIT-01,2022-12-01,12,2023-07,19,-7,0,2.5618
UNIT-01,2023-01-01,13,2023-07,19,-6,0,2.5484
UNIT-01,2023-02-01,14,2023-07,19,-5,0,2.5419
UNIT-01,2023-03-01,15,2023-07,19,-4,0,2.6034
UNIT-01,2023-04-01,16,2023-07,19,-3,0,2.5794
UNIT-01,2023-05-01,17,2023-07,19,-2,0,2.5997
UNIT-01,2023-06-01,18,2023-07,19,-1,0,2.5856
UNIT-01,2023-07-01,19,2023-07,19,0,1,2.5622
UNIT-01,2023-08-01,20,2023-07,19,1,1,2.5837
UNIT-01,2023-09-01,21,2023-07,19,2,1,2.6634
UNIT-01,2023-10-01,22,2023-07,19,3,1,2.646
UNIT-01,2023-11-01,23,2023-07,19,4,1,2.6809
UNIT-01,2023-12-01,24,2023-07,19,5,1,2.6666
UNIT-01,2024-01-01,25,2023-07,19,6,1,2.6409
UNIT-01,2024-02-01,26,2023-07,19,7,1,2.5735
UNIT-01,2024-03-01,27,2023-07,19,8,1,2.6976
UNIT-01,2024-04-01,28,2023-07,19,9,1,2.6593
UNIT-01,2024-05-01,29,2023-07,19,10,1,2.6687
UNIT-01,2024-06-01,30,2023-07,19,11,1,2.6994
UNIT-01,2024-07-01,31,2023-07,19,12,1,2.7144
UNIT-01,2024-08-01,32,2023-07,19,13,1,2.6473
UNIT-01,2024-09-01,33,2023-07,19,14,1,2.7087
UNIT-01,2024-10-01,34,2023-07,19,15,1,2.7092
UNIT-01,2024-11-01,35,2023-07,19,16,1,2.7088
UNIT-01,2024-12-01,36,2023-07,19,17,1,2.7319
UNIT-01,2025-01-01,37,2023-07,19,18,1,2.7013
UNIT-01,2025-02-01,38,2023-07,19,19,1,2.6247
UNIT-01,2025-03-01,39,2023-07,19,20,1,2.6497
UNIT-01,2025-04-01,40,2023-07,19,21,1,2.6765
UNIT-01,2025-05-01,41,2023-07,19,22,1,2.6946
UNIT-01,2025-06-01,42,2023-07,19,23,1,2.6946
UNIT-01,2025-07-01,43,2023-07,19,24,1,2.6557
UNIT-01,2025-08-01,44,2023-07,19,25,1,2.6691
UNIT-01,2025-09-01,45,2023-07,19,26,1,2.7297
UNIT-01,2025-10-01,46,2023-07,19,27,1,2.7235
UNIT-01,2025-11-01,47,2023-07,19,28,1,2.7355
UNIT-01,2025-12-01,48,2023-07,19,29,1,2.7043
UNIT-02,2022-01-01,1,2024-01,25,-24,0,2.5911
UNIT-02,2022-02-01,2,2024-01,25,-23,0,2.6507
UNIT-02,2022-03-01,3,2024-01,25,-22,0,2.6612
UNIT-02,2022-04-01,4,2024-01,25,-21,0,2.5773
UNIT-02,2022-05-01,5,2024-01,25,-20,0,2.6272
UNIT-02,2022-06-01,6,2024-01,25,-19,0,2.5653
UNIT-02,2022-07-01,7,2024-01,25,-18,0,2.6055
UNIT-02,2022-08-01,8,2024-01,25,-17,0,2.6344
UNIT-02,2022-09-01,9,2024-01,25,-16,0,2.6007
UNIT-02,2022-10-01,10,2024-01,25,-15,0,2.6239
UNIT-02,2022-11-01,11,2024-01,25,-14,0,2.6216
UNIT-02,2022-12-01,12,2024-01,25,-13,0,2.5967
UNIT-02,2023-01-01,13,2024-01,25,-12,0,2.5874
UNIT-02,2023-02-01,14,2024-01,25,-11,0,2.6671
UNIT-02,2023-03-01,15,2024-01,25,-10,0,2.5927
UNIT-02,2023-04-01,16,2024-01,25,-9,0,2.6231
UNIT-02,2023-05-01,17,2024-01,25,-8,0,2.6486
UNIT-02,2023-06-01,18,2024-01,25,-7,0,2.5374
UNIT-02,2023-07-01,19,2024-01,25,-6,0,2.6334
UNIT-02,2023-08-01,20,2024-01,25,-5,0,2.6747
UNIT-02,2023-09-01,21,2024-01,25,-4,0,2.6976
UNIT-02,2023-10-01,22,2024-01,25,-3,0,2.6443
UNIT-02,2023-11-01,23,2024-01,25,-2,0,2.6557
UNIT-02,2023-12-01,24,2024-01,25,-1,0,2.6185
UNIT-02,2024-01-01,25,2024-01,25,0,1,2.6713
UNIT-02,2024-02-01,26,2024-01,25,1,1,2.7356
UNIT-02,2024-03-01,27,2024-01,25,2,1,2.6897
UNIT-02,2024-04-01,28,2024-01,25,3,1,2.7306
UNIT-02,2024-05-01,29,2024-01,25,4,1,2.7101
UNIT-02,2024-06-01,30,2024-01,25,5,1,2.7057
UNIT-02,2024-07-01,31,2024-01,25,6,1,2.6989
UNIT-02,2024-08-01,32,2024-01,25,7,1,2.7652
UNIT-02,2024-09-01,33,2024-01,25,8,1,2.7688
UNIT-02,2024-10-01,34,2024-01,25,9,1,2.7035
UNIT-02,2024-11-01,35,2024-01,25,10,1,2.7493
UNIT-02,2024-12-01,36,2024-01,25,11,1,2.7238
UNIT-02,2025-01-01,37,2024-01,25,12,1,2.7517
UNIT-02,2025-02-01,38,2024-01,25,13,1,2.7837
UNIT-02,2025-03-01,39,2024-01,25,14,1,2.7383
UNIT-02,2025-04-01,40,2024-01,25,15,1,2.759
UNIT-02,2025-05-01,41,2024-01,25,16,1,2.7067
UNIT-02,2025-06-01,42,2024-01,25,17,1,2.7486
UNIT-02,2025-07-01,43,2024-01,25,18,1,2.7788
UNIT-02,2025-08-01,44,2024-01,25,19,1,2.8022
UNIT-02,2025-09-01,45,2024-01,25,20,1,2.8214
UNIT-02,2025-10-01,46,2024-01,25,21,1,2.7233
UNIT-02,2025-11-01,47,2024-01,25,22,1,2.7854
UNIT-02,2025-12-01,48,2024-01,25,23,1,2.7665
UNIT-03,2022-01-01,1,2023-01,13,-12,0,2.7591
UNIT-03,2022-02-01,2,2023-01,13,-11,0,2.7168
UNIT-03,2022-03-01,3,2023-01,13,-10,0,2.7622
UNIT-03,2022-04-01,4,2023-01,13,-9,0,2.7498
UNIT-03,2022-05-01,5,2023-01,13,-8,0,2.7909
UNIT-03,2022-06-01,6,2023-01,13,-7,0,2.731
UNIT-03,2022-07-01,7,2023-01,13,-6,0,2.7758
UNIT-03,2022-08-01,8,2023-01,13,-5,0,2.7953
UNIT-03,2022-09-01,9,2023-01,13,-4,0,2.7248
UNIT-03,2022-10-01,10,2023-01,13,-3,0,2.8141
UNIT-03,2022-11-01,11,2023-01,13,-2,0,2.7818
UNIT-03,2022-12-01,12,2023-01,13,-1,0,2.7863
UNIT-03,2023-01-01,13,2023-01,13,0,1,2.8123
UNIT-03,2023-02-01,14,2023-01,13,1,1,2.7944
UNIT-03,2023-03-01,15,2023-01,13,2,1,2.8649
UNIT-03,2023-04-01,16,2023-01,13,3,1,2.8294
UNIT-03,2023-05-01,17,2023-01,13,4,1,2.9107
UNIT-03,2023-06-01,18,2023-01,13,5,1,2.8965
UNIT-03,2023-07-01,19,2023-01,13,6,1,2.816
UNIT-03,2023-08-01,20,2023-01,13,7,1,2.8626
UNIT-03,2023-09-01,21,2023-01,13,8,1,2.8522
UNIT-03,2023-10-01,22,2023-01,13,9,1,2.9053
UNIT-03,2023-11-01,23,2023-01,13,10,1,2.8715
UNIT-03,2023-12-01,24,2023-01,13,11,1,2.9151
UNIT-03,2024-01-01,25,2023-01,13,12,1,2.9443
UNIT-03,2024-02-01,26,2023-01,13,13,1,2.8842
UNIT-03,2024-03-01,27,2023-01,13,14,1,2.8646
UNIT-03,2024-04-01,28,2023-01,13,15,1,2.8863
UNIT-03,2024-05-01,29,2023-01,13,16,1,2.8849
UNIT-03,2024-06-01,30,2023-01,13,17,1,2.8632
UNIT-03,2024-07-01,31,2023-01,13,18,1,2.9586
UNIT-03,2024-08-01,32,2023-01,13,19,1,2.9238
UNIT-03,2024-09-01,33,2023-01,13,20,1,2.9024
UNIT-03,2024-10-01,34,2023-01,13,21,1,2.8989
UNIT-03,2024-11-01,35,2023-01,13,22,1,2.9377
UNIT-03,2024-12-01,36,2023-01,13,23,1,2.8252
UNIT-03,2025-01-01,37,2023-01,13,24,1,2.9173
UNIT-03,2025-02-01,38,2023-01,13,25,1,2.9258
UNIT-03,2025-03-01,39,2023-01,13,26,1,2.9748
UNIT-03,2025-04-01,40,2023-01,13,27,1,2.9498
UNIT-03,2025-05-01,41,2023-01,13,28,1,2.9438
UNIT-03,2025-06-01,42,2023-01,13,29,1,2.8998
UNIT-03,2025-07-01,43,2023-01,13,30,1,2.9414
UNIT-03,2025-08-01,44,2023-01,13,31,1,2.99
UNIT-03,2025-09-01,45,2023-01,13,32,1,2.9649
UNIT-03,2025-10-01,46,2023-01,13,33,1,2.9699
UNIT-03,2025-11-01,47,2023-01,13,34,1,2.9606
UNIT-03,2025-12-01,48,2023-01,13,35,1,2.9173
UNIT-04,2022-01-01,1,2023-01,13,-12,0,2.0424
UNIT-04,2022-02-01,2,2023-01,13,-11,0,2.0486
UNIT-04,2022-03-01,3,2023-01,13,-10,0,2.0551
UNIT-04,2022-04-01,4,2023-01,13,-9,0,2.0997
UNIT-04,2022-05-01,5,2023-01,13,-8,0,2.0426
UNIT-04,2022-06-01,6,2023-01,13,-7,0,2.0362
UNIT-04,2022-07-01,7,2023-01,13,-6,0,2.0228
UNIT-04,2022-08-01,8,2023-01,13,-5,0,2.0696
UNIT-04,2022-09-01,9,2023-01,13,-4,0,2.104
UNIT-04,2022-10-01,10,2023-01,13,-3,0,2.1016
UNIT-04,2022-11-01,11,2023-01,13,-2,0,2.1277
UNIT-04,2022-12-01,12,2023-01,13,-1,0,2.0651
UNIT-04,2023-01-01,13,2023-01,13,0,1,2.0865
UNIT-04,2023-02-01,14,2023-01,13,1,1,2.0905
UNIT-04,2023-03-01,15,2023-01,13,2,1,2.1434
UNIT-04,2023-04-01,16,2023-01,13,3,1,2.219
UNIT-04,2023-05-01,17,2023-01,13,4,1,2.2206
UNIT-04,2023-06-01,18,2023-01,13,5,1,2.2141
UNIT-04,2023-07-01,19,2023-01,13,6,1,2.18
UNIT-04,2023-08-01,20,2023-01,13,7,1,2.2026
UNIT-04,2023-09-01,21,2023-01,13,8,1,2.1875
UNIT-04,2023-10-01,22,2023-01,13,9,1,2.1591
UNIT-04,2023-11-01,23,2023-01,13,10,1,2.1797
UNIT-04,2023-12-01,24,2023-01,13,11,1,2.2022
UNIT-04,2024-01-01,25,2023-01,13,12,1,2.1819
UNIT-04,2024-02-01,26,2023-01,13,13,1,2.1922
UNIT-04,2024-03-01,27,2023-01,13,14,1,2.1563
UNIT-04,2024-04-01,28,2023-01,13,15,1,2.1936
UNIT-04,2024-05-01,29,2023-01,13,16,1,2.2042
UNIT-04,2024-06-01,30,2023-01,13,17,1,2.2111
UNIT-04,2024-07-01,31,2023-01,13,18,1,2.2344
UNIT-04,2024-08-01,32,2023-01,13,19,1,2.2175
UNIT-04,2024-09-01,33,2023-01,13,20,1,2.2138
UNIT-04,2024-10-01,34,2023-01,13,21,1,2.2414
UNIT-04,2024-11-01,35,2023-01,13,22,1,2.2181
UNIT-04,2024-12-01,36,2023-01,13,23,1,2.2193
UNIT-04,2025-01-01,37,2023-01,13,24,1,2.2085
UNIT-04,2025-02-01,38,2023-01,13,25,1,2.2131
UNIT-04,2025-03-01,39,2023-01,13,26,1,2.228
UNIT-04,2025-04-01,40,2023-01,13,27,1,2.2069
UNIT-04,2025-05-01,41,2023-01,13,28,1,2.2128
UNIT-04,2025-06-01,42,2023-01,13,29,1,2.2482
UNIT-04,2025-07-01,43,2023-01,13,30,1,2.3476
UNIT-04,2025-08-01,44,2023-01,13,31,1,2.2491
UNIT-04,2025-09-01,45,2023-01,13,32,1,2.2735
UNIT-04,2025-10-01,46,2023-01,13,33,1,2.252
UNIT-04,2025-11-01,47,2023-01,13,34,1,2.2583
UNIT-04,2025-12-01,48,2023-01,13,35,1,2.2663
UNIT-05,2022-01-01,1,2024-01,25,-24,0,1.726
UNIT-05,2022-02-01,2,2024-01,25,-23,0,1.7444
UNIT-05,2022-03-01,3,2024-01,25,-22,0,1.7307
UNIT-05,2022-04-01,4,2024-01,25,-21,0,1.7738
UNIT-05,2022-05-01,5,2024-01,25,-20,0,1.7249
UNIT-05,2022-06-01,6,2024-01,25,-19,0,1.7109
UNIT-05,2022-07-01,7,2024-01,25,-18,0,1.7985
UNIT-05,2022-08-01,8,2024-01,25,-17,0,1.7598
UNIT-05,2022-09-01,9,2024-01,25,-16,0,1.8014
UNIT-05,2022-10-01,10,2024-01,25,-15,0,1.7968
UNIT-05,2022-11-01,11,2024-01,25,-14,0,1.6915
UNIT-05,2022-12-01,12,2024-01,25,-13,0,1.7548
UNIT-05,2023-01-01,13,2024-01,25,-12,0,1.7596
UNIT-05,2023-02-01,14,2024-01,25,-11,0,1.7091
UNIT-05,2023-03-01,15,2024-01,25,-10,0,1.7303
UNIT-05,2023-04-01,16,2024-01,25,-9,0,1.8119
UNIT-05,2023-05-01,17,2024-01,25,-8,0,1.721
UNIT-05,2023-06-01,18,2024-01,25,-7,0,1.7268
UNIT-05,2023-07-01,19,2024-01,25,-6,0,1.7978
UNIT-05,2023-08-01,20,2024-01,25,-5,0,1.819
UNIT-05,2023-09-01,21,2024-01,25,-4,0,1.7636
UNIT-05,2023-10-01,22,2024-01,25,-3,0,1.7936
UNIT-05,2023-11-01,23,2024-01,25,-2,0,1.8176
UNIT-05,2023-12-01,24,2024-01,25,-1,0,1.7428
UNIT-05,2024-01-01,25,2024-01,25,0,1,1.8369
UNIT-05,2024-02-01,26,2024-01,25,1,1,1.7823
UNIT-05,2024-03-01,27,2024-01,25,2,1,1.8257
UNIT-05,2024-04-01,28,2024-01,25,3,1,1.8534
UNIT-05,2024-05-01,29,2024-01,25,4,1,1.8546
UNIT-05,2024-06-01,30,2024-01,25,5,1,1.9331
UNIT-05,2024-07-01,31,2024-01,25,6,1,1.8789
UNIT-05,2024-08-01,32,2024-01,25,7,1,1.8415
UNIT-05,2024-09-01,33,2024-01,25,8,1,1.8816
UNIT-05,2024-10-01,34,2024-01,25,9,1,1.9171
UNIT-05,2024-11-01,35,2024-01,25,10,1,1.8405
UNIT-05,2024-12-01,36,2024-01,25,11,1,1.8481
UNIT-05,2025-01-01,37,2024-01,25,12,1,1.9519
UNIT-05,2025-02-01,38,2024-01,25,13,1,1.8462
UNIT-05,2025-03-01,39,2024-01,25,14,1,1.9064
UNIT-05,2025-04-01,40,2024-01,25,15,1,1.9009
UNIT-05,2025-05-01,41,2024-01,25,16,1,1.8833
UNIT-05,2025-06-01,42,2024-01,25,17,1,1.8298
UNIT-05,2025-07-01,43,2024-01,25,18,1,1.8929
UNIT-05,2025-08-01,44,2024-01,25,19,1,1.8925
UNIT-05,2025-09-01,45,2024-01,25,20,1,1.9417
UNIT-05,2025-10-01,46,2024-01,25,21,1,1.9285
UNIT-05,2025-11-01,47,2024-01,25,22,1,1.9153
UNIT-05,2025-12-01,48,2024-01,25,23,1,1.9314
UNIT-06,2022-01-01,1,2024-01,25,-24,0,2.4556
UNIT-06,2022-02-01,2,2024-01,25,-23,0,2.3877
UNIT-06,2022-03-01,3,2024-01,25,-22,0,2.4624
UNIT-06,2022-04-01,4,2024-01,25,-21,0,2.3718
UNIT-06,2022-05-01,5,2024-01,25,-20,0,2.4677
UNIT-06,2022-06-01,6,2024-01,25,-19,0,2.3697
UNIT-06,2022-07-01,7,2024-01,25,-18,0,2.4386
UNIT-06,2022-08-01,8,2024-01,25,-17,0,2.4766
UNIT-06,2022-09-01,9,2024-01,25,-16,0,2.4353
UNIT-06,2022-10-01,10,2024-01,25,-15,0,2.4843
UNIT-06,2022-11-01,11,2024-01,25,-14,0,2.4398
UNIT-06,2022-12-01,12,2024-01,25,-13,0,2.4009
UNIT-06,2023-01-01,13,2024-01,25,-12,0,2.4252
UNIT-06,2023-02-01,14,2024-01,25,-11,0,2.4605
UNIT-06,2023-03-01,15,2024-01,25,-10,0,2.4064
UNIT-06,2023-04-01,16,2024-01,25,-9,0,2.5333
UNIT-06,2023-05-01,17,2024-01,25,-8,0,2.4549
UNIT-06,2023-06-01,18,2024-01,25,-7,0,2.45
UNIT-06,2023-07-01,19,2024-01,25,-6,0,2.4979
UNIT-06,2023-08-01,20,2024-01,25,-5,0,2.5058
UNIT-06,2023-09-01,21,2024-01,25,-4,0,2.4644
UNIT-06,2023-10-01,22,2024-01,25,-3,0,2.4911
UNIT-06,2023-11-01,23,2024-01,25,-2,0,2.4852
UNIT-06,2023-12-01,24,2024-01,25,-1,0,2.4686
UNIT-06,2024-01-01,25,2024-01,25,0,1,2.5033
UNIT-06,2024-02-01,26,2024-01,25,1,1,2.5535
UNIT-06,2024-03-01,27,2024-01,25,2,1,2.512
UNIT-06,2024-04-01,28,2024-01,25,3,1,2.5995
UNIT-06,2024-05-01,29,2024-01,25,4,1,2.5565
UNIT-06,2024-06-01,30,2024-01,25,5,1,2.5263
UNIT-06,2024-07-01,31,2024-01,25,6,1,2.5687
UNIT-06,2024-08-01,32,2024-01,25,7,1,2.5998
UNIT-06,2024-09-01,33,2024-01,25,8,1,2.5988
UNIT-06,2024-10-01,34,2024-01,25,9,1,2.614
UNIT-06,2024-11-01,35,2024-01,25,10,1,2.5538
UNIT-06,2024-12-01,36,2024-01,25,11,1,2.6081
UNIT-06,2025-01-01,37,2024-01,25,12,1,2.5425
UNIT-06,2025-02-01,38,2024-01,25,13,1,2.5718
UNIT-06,2025-03-01,39,2024-01,25,14,1,2.5841
UNIT-06,2025-04-01,40,2024-01,25,15,1,2.6006
UNIT-06,2025-05-01,41,2024-01,25,16,1,2.5824
UNIT-06,2025-06-01,42,2024-01,25,17,1,2.6263
UNIT-06,2025-07-01,43,2024-01,25,18,1,2.5873
UNIT-06,2025-08-01,44,2024-01,25,19,1,2.7002
UNIT-06,2025-09-01,45,2024-01,25,20,1,2.5908
UNIT-06,2025-10-01,46,2024-01,25,21,1,2.6579
UNIT-06,2025-11-01,47,2024-01,25,22,1,2.6559
UNIT-06,2025-12-01,48,2024-01,25,23,1,2.6103
UNIT-07,2022-01-01,1,2023-07,19,-18,0,3.0374
UNIT-07,2022-02-01,2,2023-07,19,-17,0,2.9875
UNIT-07,2022-03-01,3,2023-07,19,-16,0,3.0151
UNIT-07,2022-04-01,4,2023-07,19,-15,0,3.0066
UNIT-07,2022-05-01,5,2023-07,19,-14,0,3.0583
UNIT-07,2022-06-01,6,2023-07,19,-13,0,3.1002
UNIT-07,2022-07-01,7,2023-07,19,-12,0,3.0434
UNIT-07,2022-08-01,8,2023-07,19,-11,0,3.0502
UNIT-07,2022-09-01,9,2023-07,19,-10,0,3.0173
UNIT-07,2022-10-01,10,2023-07,19,-9,0,2.9356
UNIT-07,2022-11-01,11,2023-07,19,-8,0,3.0317
UNIT-07,2022-12-01,12,2023-07,19,-7,0,3.0906
UNIT-07,2023-01-01,13,2023-07,19,-6,0,3.0719
UNIT-07,2023-02-01,14,2023-07,19,-5,0,2.9658
UNIT-07,2023-03-01,15,2023-07,19,-4,0,3.0642
UNIT-07,2023-04-01,16,2023-07,19,-3,0,3.1224
UNIT-07,2023-05-01,17,2023-07,19,-2,0,3.0597
UNIT-07,2023-06-01,18,2023-07,19,-1,0,3.0266
UNIT-07,2023-07-01,19,2023-07,19,0,1,3.093
UNIT-07,2023-08-01,20,2023-07,19,1,1,3.1469
UNIT-07,2023-09-01,21,2023-07,19,2,1,3.0917
UNIT-07,2023-10-01,22,2023-07,19,3,1,3.1649
UNIT-07,2023-11-01,23,2023-07,19,4,1,3.0885
UNIT-07,2023-12-01,24,2023-07,19,5,1,3.1233
UNIT-07,2024-01-01,25,2023-07,19,6,1,3.1826
UNIT-07,2024-02-01,26,2023-07,19,7,1,3.2371
UNIT-07,2024-03-01,27,2023-07,19,8,1,3.1851
UNIT-07,2024-04-01,28,2023-07,19,9,1,3.2084
UNIT-07,2024-05-01,29,2023-07,19,10,1,3.2583
UNIT-07,2024-06-01,30,2023-07,19,11,1,3.1635
UNIT-07,2024-07-01,31,2023-07,19,12,1,3.1775
UNIT-07,2024-08-01,32,2023-07,19,13,1,3.1553
UNIT-07,2024-09-01,33,2023-07,19,14,1,3.1637
UNIT-07,2024-10-01,34,2023-07,19,15,1,3.207
UNIT-07,2024-11-01,35,2023-07,19,16,1,3.2284
UNIT-07,2024-12-01,36,2023-07,19,17,1,3.2072
UNIT-07,2025-01-01,37,2023-07,19,18,1,3.222
UNIT-07,2025-02-01,38,2023-07,19,19,1,3.1744
UNIT-07,2025-03-01,39,2023-07,19,20,1,3.207
UNIT-07,2025-04-01,40,2023-07,19,21,1,3.2072
UNIT-07,2025-05-01,41,2023-07,19,22,1,3.2644
UNIT-07,2025-06-01,42,2023-07,19,23,1,3.2439
UNIT-07,2025-07-01,43,2023-07,19,24,1,3.2013
UNIT-07,2025-08-01,44,2023-07,19,25,1,3.1864
UNIT-07,2025-09-01,45,2023-07,19,26,1,3.2348
UNIT-07,2025-10-01,46,2023-07,19,27,1,3.212
UNIT-07,2025-11-01,47,2023-07,19,28,1,3.2529
UNIT-07,2025-12-01,48,2023-07,19,29,1,3.236
UNIT-08,2022-01-01,1,2024-01,25,-24,0,2.2057
UNIT-08,2022-02-01,2,2024-01,25,-23,0,2.1697
UNIT-08,2022-03-01,3,2024-01,25,-22,0,2.1454
UNIT-08,2022-04-01,4,2024-01,25,-21,0,2.2168
UNIT-08,2022-05-01,5,2024-01,25,-20,0,2.1687
UNIT-08,2022-06-01,6,2024-01,25,-19,0,2.2222
UNIT-08,2022-07-01,7,2024-01,25,-18,0,2.2782
UNIT-08,2022-08-01,8,2024-01,25,-17,0,2.2076
UNIT-08,2022-09-01,9,2024-01,25,-16,0,2.2407
UNIT-08,2022-10-01,10,2024-01,25,-15,0,2.2312
UNIT-08,2022-11-01,11,2024-01,25,-14,0,2.2171
UNIT-08,2022-12-01,12,2024-01,25,-13,0,2.2505
UNIT-08,2023-01-01,13,2024-01,25,-12,0,2.1918
UNIT-08,2023-02-01,14,2024-01,25,-11,0,2.2508
UNIT-08,2023-03-01,15,2024-01,25,-10,0,2.2712
UNIT-08,2023-04-01,16,2024-01,25,-9,0,2.2374
UNIT-08,2023-05-01,17,2024-01,25,-8,0,2.2622
UNIT-08,2023-06-01,18,2024-01,25,-7,0,2.2785
UNIT-08,2023-07-01,19,2024-01,25,-6,0,2.2453
UNIT-08,2023-08-01,20,2024-01,25,-5,0,2.2873
UNIT-08,2023-09-01,21,2024-01,25,-4,0,2.2695
UNIT-08,2023-10-01,22,2024-01,25,-3,0,2.237
UNIT-08,2023-11-01,23,2024-01,25,-2,0,2.2231
UNIT-08,2023-12-01,24,2024-01,25,-1,0,2.285
UNIT-08,2024-01-01,25,2024-01,25,0,1,2.2475
UNIT-08,2024-02-01,26,2024-01,25,1,1,2.2773
UNIT-08,2024-03-01,27,2024-01,25,2,1,2.3122
UNIT-08,2024-04-01,28,2024-01,25,3,1,2.2836
UNIT-08,2024-05-01,29,2024-01,25,4,1,2.3773
UNIT-08,2024-06-01,30,2024-01,25,5,1,2.3535
UNIT-08,2024-07-01,31,2024-01,25,6,1,2.3735
UNIT-08,2024-08-01,32,2024-01,25,7,1,2.3716
UNIT-08,2024-09-01,33,2024-01,25,8,1,2.3883
UNIT-08,2024-10-01,34,2024-01,25,9,1,2.3638
UNIT-08,2024-11-01,35,2024-01,25,10,1,2.3323
UNIT-08,2024-12-01,36,2024-01,25,11,1,2.3175
UNIT-08,2025-01-01,37,2024-01,25,12,1,2.3684
UNIT-08,2025-02-01,38,2024-01,25,13,1,2.3546
UNIT-08,2025-03-01,39,2024-01,25,14,1,2.4067
UNIT-08,2025-04-01,40,2024-01,25,15,1,2.4114
UNIT-08,2025-05-01,41,2024-01,25,16,1,2.3949
UNIT-08,2025-06-01,42,2024-01,25,17,1,2.3868
UNIT-08,2025-07-01,43,2024-01,25,18,1,2.3682
UNIT-08,2025-08-01,44,2024-01,25,19,1,2.419
UNIT-08,2025-09-01,45,2024-01,25,20,1,2.4256
UNIT-08,2025-10-01,46,2024-01,25,21,1,2.3852
UNIT-08,2025-11-01,47,2024-01,25,22,1,2.4118
UNIT-08,2025-12-01,48,2024-01,25,23,1,2.32
UNIT-09,2022-01-01,1,2023-01,13,-12,0,2.3255
UNIT-09,2022-02-01,2,2023-01,13,-11,0,2.3952
UNIT-09,2022-03-01,3,2023-01,13,-10,0,2.3686
UNIT-09,2022-04-01,4,2023-01,13,-9,0,2.3604
UNIT-09,2022-05-01,5,2023-01,13,-8,0,2.388
UNIT-09,2022-06-01,6,2023-01,13,-7,0,2.3425
UNIT-09,2022-07-01,7,2023-01,13,-6,0,2.3587
UNIT-09,2022-08-01,8,2023-01,13,-5,0,2.3539
UNIT-09,2022-09-01,9,2023-01,13,-4,0,2.3602
UNIT-09,2022-10-01,10,2023-01,13,-3,0,2.3987
UNIT-09,2022-11-01,11,2023-01,13,-2,0,2.3799
UNIT-09,2022-12-01,12,2023-01,13,-1,0,2.3679
UNIT-09,2023-01-01,13,2023-01,13,0,1,2.3683
UNIT-09,2023-02-01,14,2023-01,13,1,1,2.3964
UNIT-09,2023-03-01,15,2023-01,13,2,1,2.4435
UNIT-09,2023-04-01,16,2023-01,13,3,1,2.4462
UNIT-09,2023-05-01,17,2023-01,13,4,1,2.5097
UNIT-09,2023-06-01,18,2023-01,13,5,1,2.4965
UNIT-09,2023-07-01,19,2023-01,13,6,1,2.4812
UNIT-09,2023-08-01,20,2023-01,13,7,1,2.4146
UNIT-09,2023-09-01,21,2023-01,13,8,1,2.4374
UNIT-09,2023-10-01,22,2023-01,13,9,1,2.4563
UNIT-09,2023-11-01,23,2023-01,13,10,1,2.5189
UNIT-09,2023-12-01,24,2023-01,13,11,1,2.4879
UNIT-09,2024-01-01,25,2023-01,13,12,1,2.4601
UNIT-09,2024-02-01,26,2023-01,13,13,1,2.5118
UNIT-09,2024-03-01,27,2023-01,13,14,1,2.5425
UNIT-09,2024-04-01,28,2023-01,13,15,1,2.4832
UNIT-09,2024-05-01,29,2023-01,13,16,1,2.538
UNIT-09,2024-06-01,30,2023-01,13,17,1,2.5809
UNIT-09,2024-07-01,31,2023-01,13,18,1,2.5016
UNIT-09,2024-08-01,32,2023-01,13,19,1,2.5007
UNIT-09,2024-09-01,33,2023-01,13,20,1,2.5208
UNIT-09,2024-10-01,34,2023-01,13,21,1,2.5064
UNIT-09,2024-11-01,35,2023-01,13,22,1,2.518
UNIT-09,2024-12-01,36,2023-01,13,23,1,2.5087
UNIT-09,2025-01-01,37,2023-01,13,24,1,2.5102
UNIT-09,2025-02-01,38,2023-01,13,25,1,2.5173
UNIT-09,2025-03-01,39,2023-01,13,26,1,2.5008
UNIT-09,2025-04-01,40,2023-01,13,27,1,2.5661
UNIT-09,2025-05-01,41,2023-01,13,28,1,2.5745
UNIT-09,2025-06-01,42,2023-01,13,29,1,2.5215
UNIT-09,2025-07-01,43,2023-01,13,30,1,2.5672
UNIT-09,2025-08-01,44,2023-01,13,31,1,2.5478
UNIT-09,2025-09-01,45,2023-01,13,32,1,2.5352
UNIT-09,2025-10-01,46,2023-01,13,33,1,2.6114
UNIT-09,2025-11-01,47,2023-01,13,34,1,2.5606
UNIT-09,2025-12-01,48,2023-01,13,35,1,2.5703
UNIT-10,2022-01-01,1,2024-01,25,-24,0,2.5272
UNIT-10,2022-02-01,2,2024-01,25,-23,0,2.5088
UNIT-10,2022-03-01,3,2024-01,25,-22,0,2.5668
UNIT-10,2022-04-01,4,2024-01,25,-21,0,2.4988
UNIT-10,2022-05-01,5,2024-01,25,-20,0,2.503
UNIT-10,2022-06-01,6,2024-01,25,-19,0,2.4577
UNIT-10,2022-07-01,7,2024-01,25,-18,0,2.6004
UNIT-10,2022-08-01,8,2024-01,25,-17,0,2.5641
UNIT-10,2022-09-01,9,2024-01,25,-16,0,2.4594
UNIT-10,2022-10-01,10,2024-01,25,-15,0,2.478
UNIT-10,2022-11-01,11,2024-01,25,-14,0,2.5083
UNIT-10,2022-12-01,12,2024-01,25,-13,0,2.4989
UNIT-10,2023-01-01,13,2024-01,25,-12,0,2.52
UNIT-10,2023-02-01,14,2024-01,25,-11,0,2.5661
UNIT-10,2023-03-01,15,2024-01,25,-10,0,2.5317
UNIT-10,2023-04-01,16,2024-01,25,-9,0,2.518
UNIT-10,2023-05-01,17,2024-01,25,-8,0,2.5608
UNIT-10,2023-06-01,18,2024-01,25,-7,0,2.5557
UNIT-10,2023-07-01,19,2024-01,25,-6,0,2.5796
UNIT-10,2023-08-01,20,2024-01,25,-5,0,2.5728
UNIT-10,2023-09-01,21,2024-01,25,-4,0,2.5697
UNIT-10,2023-10-01,22,2024-01,25,-3,0,2.5184
UNIT-10,2023-11-01,23,2024-01,25,-2,0,2.578
UNIT-10,2023-12-01,24,2024-01,25,-1,0,2.5971
UNIT-10,2024-01-01,25,2024-01,25,0,1,2.6183
UNIT-10,2024-02-01,26,2024-01,25,1,1,2.5512
UNIT-10,2024-03-01,27,2024-01,25,2,1,2.6023
UNIT-10,2024-04-01,28,2024-01,25,3,1,2.6214
UNIT-10,2024-05-01,29,2024-01,25,4,1,2.6839
UNIT-10,2024-06-01,30,2024-01,25,5,1,2.6009
UNIT-10,2024-07-01,31,2024-01,25,6,1,2.729
UNIT-10,2024-08-01,32,2024-01,25,7,1,2.6186
UNIT-10,2024-09-01,33,2024-01,25,8,1,2.6585
UNIT-10,2024-10-01,34,2024-01,25,9,1,2.623
UNIT-10,2024-11-01,35,2024-01,25,10,1,2.6872
UNIT-10,2024-12-01,36,2024-01,25,11,1,2.6581
UNIT-10,2025-01-01,37,2024-01,25,12,1,2.6827
UNIT-10,2025-02-01,38,2024-01,25,13,1,2.6309
UNIT-10,2025-03-01,39,2024-01,25,14,1,2.7365
UNIT-10,2025-04-01,40,2024-01,25,15,1,2.7006
UNIT-10,2025-05-01,41,2024-01,25,16,1,2.7205
UNIT-10,2025-06-01,42,2024-01,25,17,1,2.646
UNIT-10,2025-07-01,43,2024-01,25,18,1,2.6474
UNIT-10,2025-08-01,44,2024-01,25,19,1,2.6949
UNIT-10,2025-09-01,45,2024-01,25,20,1,2.7387
UNIT-10,2025-10-01,46,2024-01,25,21,1,2.7362
UNIT-10,2025-11-01,47,2024-01,25,22,1,2.6683
UNIT-10,2025-12-01,48,2024-01,25,23,1,2.7498
UNIT-11,2022-01-01,1,2023-01,13,-12,0,2.1073
UNIT-11,2022-02-01,2,2023-01,13,-11,0,2.2152
UNIT-11,2022-03-01,3,2023-01,13,-10,0,2.2164
UNIT-11,2022-04-01,4,2023-01,13,-9,0,2.2646
UNIT-11,2022-05-01,5,2023-01,13,-8,0,2.1937
UNIT-11,2022-06-01,6,2023-01,13,-7,0,2.2614
UNIT-11,2022-07-01,7,2023-01,13,-6,0,2.1843
UNIT-11,2022-08-01,8,2023-01,13,-5,0,2.2494
UNIT-11,2022-09-01,9,2023-01,13,-4,0,2.2987
UNIT-11,2022-10-01,10,2023-01,13,-3,0,2.1994
UNIT-11,2022-11-01,11,2023-01,13,-2,0,2.2996
UNIT-11,2022-12-01,12,2023-01,13,-1,0,2.2362
UNIT-11,2023-01-01,13,2023-01,13,0,1,2.2584
UNIT-11,2023-02-01,14,2023-01,13,1,1,2.247
UNIT-11,2023-03-01,15,2023-01,13,2,1,2.2724
UNIT-11,2023-04-01,16,2023-01,13,3,1,2.2705
UNIT-11,2023-05-01,17,2023-01,13,4,1,2.2774
UNIT-11,2023-06-01,18,2023-01,13,5,1,2.3348
UNIT-11,2023-07-01,19,2023-01,13,6,1,2.3141
UNIT-11,2023-08-01,20,2023-01,13,7,1,2.2198
UNIT-11,2023-09-01,21,2023-01,13,8,1,2.3312
UNIT-11,2023-10-01,22,2023-01,13,9,1,2.3904
UNIT-11,2023-11-01,23,2023-01,13,10,1,2.359
UNIT-11,2023-12-01,24,2023-01,13,11,1,2.3127
UNIT-11,2024-01-01,25,2023-01,13,12,1,2.3575
UNIT-11,2024-02-01,26,2023-01,13,13,1,2.34
UNIT-11,2024-03-01,27,2023-01,13,14,1,2.3567
UNIT-11,2024-04-01,28,2023-01,13,15,1,2.3439
UNIT-11,2024-05-01,29,2023-01,13,16,1,2.3203
UNIT-11,2024-06-01,30,2023-01,13,17,1,2.3404
UNIT-11,2024-07-01,31,2023-01,13,18,1,2.3616
UNIT-11,2024-08-01,32,2023-01,13,19,1,2.3639
UNIT-11,2024-09-01,33,2023-01,13,20,1,2.3592
UNIT-11,2024-10-01,34,2023-01,13,21,1,2.3507
UNIT-11,2024-11-01,35,2023-01,13,22,1,2.3506
UNIT-11,2024-12-01,36,2023-01,13,23,1,2.3825
UNIT-11,2025-01-01,37,2023-01,13,24,1,2.3529
UNIT-11,2025-02-01,38,2023-01,13,25,1,2.4644
UNIT-11,2025-03-01,39,2023-01,13,26,1,2.3558
UNIT-11,2025-04-01,40,2023-01,13,27,1,2.3794
UNIT-11,2025-05-01,41,2023-01,13,28,1,2.4005
UNIT-11,2025-06-01,42,2023-01,13,29,1,2.3866
UNIT-11,2025-07-01,43,2023-01,13,30,1,2.3399
UNIT-11,2025-08-01,44,2023-01,13,31,1,2.4605
UNIT-11,2025-09-01,45,2023-01,13,32,1,2.3734
UNIT-11,2025-10-01,46,2023-01,13,33,1,2.3793
UNIT-11,2025-11-01,47,2023-01,13,34,1,2.3662
UNIT-11,2025-12-01,48,2023-01,13,35,1,2.4198
UNIT-12,2022-01-01,1,2023-01,13,-12,0,1.7749
UNIT-12,2022-02-01,2,2023-01,13,-11,0,1.8256
UNIT-12,2022-03-01,3,2023-01,13,-10,0,1.8425
UNIT-12,2022-04-01,4,2023-01,13,-9,0,1.8133
UNIT-12,2022-05-01,5,2023-01,13,-8,0,1.8273
UNIT-12,2022-06-01,6,2023-01,13,-7,0,1.8223
UNIT-12,2022-07-01,7,2023-01,13,-6,0,1.8127
UNIT-12,2022-08-01,8,2023-01,13,-5,0,1.831
UNIT-12,2022-09-01,9,2023-01,13,-4,0,1.825
UNIT-12,2022-10-01,10,2023-01,13,-3,0,1.8084
UNIT-12,2022-11-01,11,2023-01,13,-2,0,1.9165
UNIT-12,2022-12-01,12,2023-01,13,-1,0,1.9008
UNIT-12,2023-01-01,13,2023-01,13,0,1,1.8204
UNIT-12,2023-02-01,14,2023-01,13,1,1,1.8765
UNIT-12,2023-03-01,15,2023-01,13,2,1,1.9605
UNIT-12,2023-04-01,16,2023-01,13,3,1,1.8969
UNIT-12,2023-05-01,17,2023-01,13,4,1,1.9189
UNIT-12,2023-06-01,18,2023-01,13,5,1,2.0105
UNIT-12,2023-07-01,19,2023-01,13,6,1,1.8614
UNIT-12,2023-08-01,20,2023-01,13,7,1,1.9888
UNIT-12,2023-09-01,21,2023-01,13,8,1,1.9939
UNIT-12,2023-10-01,22,2023-01,13,9,1,1.9949
UNIT-12,2023-11-01,23,2023-01,13,10,1,1.9118
UNIT-12,2023-12-01,24,2023-01,13,11,1,1.8877
UNIT-12,2024-01-01,25,2023-01,13,12,1,2.0339
UNIT-12,2024-02-01,26,2023-01,13,13,1,2.0009
UNIT-12,2024-03-01,27,2023-01,13,14,1,1.9815
UNIT-12,2024-04-01,28,2023-01,13,15,1,1.9631
UNIT-12,2024-05-01,29,2023-01,13,16,1,2.0336
UNIT-12,2024-06-01,30,2023-01,13,17,1,1.9526
UNIT-12,2024-07-01,31,2023-01,13,18,1,2.0107
UNIT-12,2024-08-01,32,2023-01,13,19,1,1.97
UNIT-12,2024-09-01,33,2023-01,13,20,1,1.9833
UNIT-12,2024-10-01,34,2023-01,13,21,1,2.0383
UNIT-12,2024-11-01,35,2023-01,13,22,1,1.8839
UNIT-12,2024-12-01,36,2023-01,13,23,1,1.9701
UNIT-12,2025-01-01,37,2023-01,13,24,1,2.0748
UNIT-12,2025-02-01,38,2023-01,13,25,1,1.9831
UNIT-12,2025-03-01,39,2023-01,13,26,1,2.0017
UNIT-12,2025-04-01,40,2023-01,13,27,1,2.0195
UNIT-12,2025-05-01,41,2023-01,13,28,1,1.9979
UNIT-12,2025-06-01,42,2023-01,13,29,1,1.9495
UNIT-12,2025-07-01,43,2023-01,13,30,1,1.9442
UNIT-12,2025-08-01,44,2023-01,13,31,1,2.0058
UNIT-12,2025-09-01,45,2023-01,13,32,1,1.978
UNIT-12,2025-10-01,46,2023-01,13,33,1,2.0411
UNIT-12,2025-11-01,47,2023-01,13,34,1,2.0838
UNIT-12,2025-12-01,48,2023-01,13,35,1,2.0385
UNIT-13,2022-01-01,1,2023-07,19,-18,0,2.6923
UNIT-13,2022-02-01,2,2023-07,19,-17,0,2.6228
UNIT-13,2022-03-01,3,2023-07,19,-16,0,2.6719
UNIT-13,2022-04-01,4,2023-07,19,-15,0,2.6024
UNIT-13,2022-05-01,5,2023-07,19,-14,0,2.6645
UNIT-13,2022-06-01,6,2023-07,19,-13,0,2.6985
UNIT-13,2022-07-01,7,2023-07,19,-12,0,2.6859
UNIT-13,2022-08-01,8,2023-07,19,-11,0,2.6415
UNIT-13,2022-09-01,9,2023-07,19,-10,0,2.6938
UNIT-13,2022-10-01,10,2023-07,19,-9,0,2.6361
UNIT-13,2022-11-01,11,2023-07,19,-8,0,2.6473
UNIT-13,2022-12-01,12,2023-07,19,-7,0,2.6439
UNIT-13,2023-01-01,13,2023-07,19,-6,0,2.6891
UNIT-13,2023-02-01,14,2023-07,19,-5,0,2.7135
UNIT-13,2023-03-01,15,2023-07,19,-4,0,2.7152
UNIT-13,2023-04-01,16,2023-07,19,-3,0,2.6899
UNIT-13,2023-05-01,17,2023-07,19,-2,0,2.7337
UNIT-13,2023-06-01,18,2023-07,19,-1,0,2.7597
UNIT-13,2023-07-01,19,2023-07,19,0,1,2.6822
UNIT-13,2023-08-01,20,2023-07,19,1,1,2.7415
UNIT-13,2023-09-01,21,2023-07,19,2,1,2.7825
UNIT-13,2023-10-01,22,2023-07,19,3,1,2.7716
UNIT-13,2023-11-01,23,2023-07,19,4,1,2.7881
UNIT-13,2023-12-01,24,2023-07,19,5,1,2.7612
UNIT-13,2024-01-01,25,2023-07,19,6,1,2.8244
UNIT-13,2024-02-01,26,2023-07,19,7,1,2.8061
UNIT-13,2024-03-01,27,2023-07,19,8,1,2.7653
UNIT-13,2024-04-01,28,2023-07,19,9,1,2.8205
UNIT-13,2024-05-01,29,2023-07,19,10,1,2.8758
UNIT-13,2024-06-01,30,2023-07,19,11,1,2.7649
UNIT-13,2024-07-01,31,2023-07,19,12,1,2.8395
UNIT-13,2024-08-01,32,2023-07,19,13,1,2.7943
UNIT-13,2024-09-01,33,2023-07,19,14,1,2.7793
UNIT-13,2024-10-01,34,2023-07,19,15,1,2.8219
UNIT-13,2024-11-01,35,2023-07,19,16,1,2.8216
UNIT-13,2024-12-01,36,2023-07,19,17,1,2.8447
UNIT-13,2025-01-01,37,2023-07,19,18,1,2.815
UNIT-13,2025-02-01,38,2023-07,19,19,1,2.8683
UNIT-13,2025-03-01,39,2023-07,19,20,1,2.8505
UNIT-13,2025-04-01,40,2023-07,19,21,1,2.8161
UNIT-13,2025-05-01,41,2023-07,19,22,1,2.8839
UNIT-13,2025-06-01,42,2023-07,19,23,1,2.8516
UNIT-13,2025-07-01,43,2023-07,19,24,1,2.8818
UNIT-13,2025-08-01,44,2023-07,19,25,1,2.8805
UNIT-13,2025-09-01,45,2023-07,19,26,1,2.8487
UNIT-13,2025-10-01,46,2023-07,19,27,1,2.8174
UNIT-13,2025-11-01,47,2023-07,19,28,1,2.8113
UNIT-13,2025-12-01,48,2023-07,19,29,1,2.8149
UNIT-14,2022-01-01,1,never,0,,0,2.5228
UNIT-14,2022-02-01,2,never,0,,0,2.5178
UNIT-14,2022-03-01,3,never,0,,0,2.4252
UNIT-14,2022-04-01,4,never,0,,0,2.5041
UNIT-14,2022-05-01,5,never,0,,0,2.5288
UNIT-14,2022-06-01,6,never,0,,0,2.5537
UNIT-14,2022-07-01,7,never,0,,0,2.5749
UNIT-14,2022-08-01,8,never,0,,0,2.5717
UNIT-14,2022-09-01,9,never,0,,0,2.5149
UNIT-14,2022-10-01,10,never,0,,0,2.5194
UNIT-14,2022-11-01,11,never,0,,0,2.4879
UNIT-14,2022-12-01,12,never,0,,0,2.5959
UNIT-14,2023-01-01,13,never,0,,0,2.5123
UNIT-14,2023-02-01,14,never,0,,0,2.6187
UNIT-14,2023-03-01,15,never,0,,0,2.5768
UNIT-14,2023-04-01,16,never,0,,0,2.5921
UNIT-14,2023-05-01,17,never,0,,0,2.5905
UNIT-14,2023-06-01,18,never,0,,0,2.5422
UNIT-14,2023-07-01,19,never,0,,0,2.5743
UNIT-14,2023-08-01,20,never,0,,0,2.569
UNIT-14,2023-09-01,21,never,0,,0,2.6156
UNIT-14,2023-10-01,22,never,0,,0,2.5323
UNIT-14,2023-11-01,23,never,0,,0,2.5411
UNIT-14,2023-12-01,24,never,0,,0,2.5949
UNIT-14,2024-01-01,25,never,0,,0,2.6098
UNIT-14,2024-02-01,26,never,0,,0,2.5585
UNIT-14,2024-03-01,27,never,0,,0,2.632
UNIT-14,2024-04-01,28,never,0,,0,2.6122
UNIT-14,2024-05-01,29,never,0,,0,2.6478
UNIT-14,2024-06-01,30,never,0,,0,2.5908
UNIT-14,2024-07-01,31,never,0,,0,2.582
UNIT-14,2024-08-01,32,never,0,,0,2.6027
UNIT-14,2024-09-01,33,never,0,,0,2.5853
UNIT-14,2024-10-01,34,never,0,,0,2.5976
UNIT-14,2024-11-01,35,never,0,,0,2.6733
UNIT-14,2024-12-01,36,never,0,,0,2.6623
UNIT-14,2025-01-01,37,never,0,,0,2.6171
UNIT-14,2025-02-01,38,never,0,,0,2.6267
UNIT-14,2025-03-01,39,never,0,,0,2.6116
UNIT-14,2025-04-01,40,never,0,,0,2.6216
UNIT-14,2025-05-01,41,never,0,,0,2.6608
UNIT-14,2025-06-01,42,never,0,,0,2.6596
UNIT-14,2025-07-01,43,never,0,,0,2.6172
UNIT-14,2025-08-01,44,never,0,,0,2.6885
UNIT-14,2025-09-01,45,never,0,,0,2.6391
UNIT-14,2025-10-01,46,never,0,,0,2.661
UNIT-14,2025-11-01,47,never,0,,0,2.6413
UNIT-14,2025-12-01,48,never,0,,0,2.6726
UNIT-15,2022-01-01,1,never,0,,0,1.6667
UNIT-15,2022-02-01,2,never,0,,0,1.6845
UNIT-15,2022-03-01,3,never,0,,0,1.6374
UNIT-15,2022-04-01,4,never,0,,0,1.7597
UNIT-15,2022-05-01,5,never,0,,0,1.667
UNIT-15,2022-06-01,6,never,0,,0,1.6833
UNIT-15,2022-07-01,7,never,0,,0,1.6599
UNIT-15,2022-08-01,8,never,0,,0,1.6732
UNIT-15,2022-09-01,9,never,0,,0,1.6377
UNIT-15,2022-10-01,10,never,0,,0,1.6922
UNIT-15,2022-11-01,11,never,0,,0,1.6882
UNIT-15,2022-12-01,12,never,0,,0,1.7203
UNIT-15,2023-01-01,13,never,0,,0,1.6768
UNIT-15,2023-02-01,14,never,0,,0,1.6298
UNIT-15,2023-03-01,15,never,0,,0,1.6293
UNIT-15,2023-04-01,16,never,0,,0,1.6967
UNIT-15,2023-05-01,17,never,0,,0,1.6666
UNIT-15,2023-06-01,18,never,0,,0,1.7311
UNIT-15,2023-07-01,19,never,0,,0,1.636
UNIT-15,2023-08-01,20,never,0,,0,1.6411
UNIT-15,2023-09-01,21,never,0,,0,1.7024
UNIT-15,2023-10-01,22,never,0,,0,1.7537
UNIT-15,2023-11-01,23,never,0,,0,1.6948
UNIT-15,2023-12-01,24,never,0,,0,1.7787
UNIT-15,2024-01-01,25,never,0,,0,1.7347
UNIT-15,2024-02-01,26,never,0,,0,1.7271
UNIT-15,2024-03-01,27,never,0,,0,1.7851
UNIT-15,2024-04-01,28,never,0,,0,1.7116
UNIT-15,2024-05-01,29,never,0,,0,1.7682
UNIT-15,2024-06-01,30,never,0,,0,1.7304
UNIT-15,2024-07-01,31,never,0,,0,1.6959
UNIT-15,2024-08-01,32,never,0,,0,1.6998
UNIT-15,2024-09-01,33,never,0,,0,1.7277
UNIT-15,2024-10-01,34,never,0,,0,1.7681
UNIT-15,2024-11-01,35,never,0,,0,1.7948
UNIT-15,2024-12-01,36,never,0,,0,1.7873
UNIT-15,2025-01-01,37,never,0,,0,1.7485
UNIT-15,2025-02-01,38,never,0,,0,1.7632
UNIT-15,2025-03-01,39,never,0,,0,1.7868
UNIT-15,2025-04-01,40,never,0,,0,1.7786
UNIT-15,2025-05-01,41,never,0,,0,1.7922
UNIT-15,2025-06-01,42,never,0,,0,1.7757
UNIT-15,2025-07-01,43,never,0,,0,1.8339
UNIT-15,2025-08-01,44,never,0,,0,1.7973
UNIT-15,2025-09-01,45,never,0,,0,1.7699
UNIT-15,2025-10-01,46,never,0,,0,1.828
UNIT-15,2025-11-01,47,never,0,,0,1.824
UNIT-15,2025-12-01,48,never,0,,0,1.8456
UNIT-16,2022-01-01,1,2024-01,25,-24,0,2.3874
UNIT-16,2022-02-01,2,2024-01,25,-23,0,2.3942
UNIT-16,2022-03-01,3,2024-01,25,-22,0,2.3748
UNIT-16,2022-04-01,4,2024-01,25,-21,0,2.367
UNIT-16,2022-05-01,5,2024-01,25,-20,0,2.3732
UNIT-16,2022-06-01,6,2024-01,25,-19,0,2.4488
UNIT-16,2022-07-01,7,2024-01,25,-18,0,2.4668
UNIT-16,2022-08-01,8,2024-01,25,-17,0,2.4023
UNIT-16,2022-09-01,9,2024-01,25,-16,0,2.4151
UNIT-16,2022-10-01,10,2024-01,25,-15,0,2.4005
UNIT-16,2022-11-01,11,2024-01,25,-14,0,2.4637
UNIT-16,2022-12-01,12,2024-01,25,-13,0,2.3778
UNIT-16,2023-01-01,13,2024-01,25,-12,0,2.428
UNIT-16,2023-02-01,14,2024-01,25,-11,0,2.4472
UNIT-16,2023-03-01,15,2024-01,25,-10,0,2.4659
UNIT-16,2023-04-01,16,2024-01,25,-9,0,2.4509
UNIT-16,2023-05-01,17,2024-01,25,-8,0,2.4474
UNIT-16,2023-06-01,18,2024-01,25,-7,0,2.4649
UNIT-16,2023-07-01,19,2024-01,25,-6,0,2.4973
UNIT-16,2023-08-01,20,2024-01,25,-5,0,2.4458
UNIT-16,2023-09-01,21,2024-01,25,-4,0,2.4829
UNIT-16,2023-10-01,22,2024-01,25,-3,0,2.4345
UNIT-16,2023-11-01,23,2024-01,25,-2,0,2.4414
UNIT-16,2023-12-01,24,2024-01,25,-1,0,2.4929
UNIT-16,2024-01-01,25,2024-01,25,0,1,2.4652
UNIT-16,2024-02-01,26,2024-01,25,1,1,2.4899
UNIT-16,2024-03-01,27,2024-01,25,2,1,2.5887
UNIT-16,2024-04-01,28,2024-01,25,3,1,2.5934
UNIT-16,2024-05-01,29,2024-01,25,4,1,2.5738
UNIT-16,2024-06-01,30,2024-01,25,5,1,2.6221
UNIT-16,2024-07-01,31,2024-01,25,6,1,2.5503
UNIT-16,2024-08-01,32,2024-01,25,7,1,2.637
UNIT-16,2024-09-01,33,2024-01,25,8,1,2.5978
UNIT-16,2024-10-01,34,2024-01,25,9,1,2.5293
UNIT-16,2024-11-01,35,2024-01,25,10,1,2.5798
UNIT-16,2024-12-01,36,2024-01,25,11,1,2.5449
UNIT-16,2025-01-01,37,2024-01,25,12,1,2.6108
UNIT-16,2025-02-01,38,2024-01,25,13,1,2.5225
UNIT-16,2025-03-01,39,2024-01,25,14,1,2.5798
UNIT-16,2025-04-01,40,2024-01,25,15,1,2.5844
UNIT-16,2025-05-01,41,2024-01,25,16,1,2.5831
UNIT-16,2025-06-01,42,2024-01,25,17,1,2.5531
UNIT-16,2025-07-01,43,2024-01,25,18,1,2.6245
UNIT-16,2025-08-01,44,2024-01,25,19,1,2.5585
UNIT-16,2025-09-01,45,2024-01,25,20,1,2.5672
UNIT-16,2025-10-01,46,2024-01,25,21,1,2.5916
UNIT-16,2025-11-01,47,2024-01,25,22,1,2.6665
UNIT-16,2025-12-01,48,2024-01,25,23,1,2.6323
UNIT-17,2022-01-01,1,2023-07,19,-18,0,1.8631
UNIT-17,2022-02-01,2,2023-07,19,-17,0,1.8734
UNIT-17,2022-03-01,3,2023-07,19,-16,0,1.8973
UNIT-17,2022-04-01,4,2023-07,19,-15,0,1.9103
UNIT-17,2022-05-01,5,2023-07,19,-14,0,1.9238
UNIT-17,2022-06-01,6,2023-07,19,-13,0,1.9201
UNIT-17,2022-07-01,7,2023-07,19,-12,0,1.9679
UNIT-17,2022-08-01,8,2023-07,19,-11,0,1.8607
UNIT-17,2022-09-01,9,2023-07,19,-10,0,1.9187
UNIT-17,2022-10-01,10,2023-07,19,-9,0,1.9375
UNIT-17,2022-11-01,11,2023-07,19,-8,0,1.8877
UNIT-17,2022-12-01,12,2023-07,19,-7,0,1.9145
UNIT-17,2023-01-01,13,2023-07,19,-6,0,1.8904
UNIT-17,2023-02-01,14,2023-07,19,-5,0,1.9693
UNIT-17,2023-03-01,15,2023-07,19,-4,0,1.928
UNIT-17,2023-04-01,16,2023-07,19,-3,0,1.9488
UNIT-17,2023-05-01,17,2023-07,19,-2,0,1.9505
UNIT-17,2023-06-01,18,2023-07,19,-1,0,1.9482
UNIT-17,2023-07-01,19,2023-07,19,0,1,1.9327
UNIT-17,2023-08-01,20,2023-07,19,1,1,1.937
UNIT-17,2023-09-01,21,2023-07,19,2,1,1.9952
UNIT-17,2023-10-01,22,2023-07,19,3,1,2.0169
UNIT-17,2023-11-01,23,2023-07,19,4,1,1.9918
UNIT-17,2023-12-01,24,2023-07,19,5,1,2.0196
UNIT-17,2024-01-01,25,2023-07,19,6,1,2.0033
UNIT-17,2024-02-01,26,2023-07,19,7,1,2.0215
UNIT-17,2024-03-01,27,2023-07,19,8,1,2.0314
UNIT-17,2024-04-01,28,2023-07,19,9,1,1.9663
UNIT-17,2024-05-01,29,2023-07,19,10,1,2.0455
UNIT-17,2024-06-01,30,2023-07,19,11,1,2.0057
UNIT-17,2024-07-01,31,2023-07,19,12,1,2.0335
UNIT-17,2024-08-01,32,2023-07,19,13,1,2.0278
UNIT-17,2024-09-01,33,2023-07,19,14,1,2.1024
UNIT-17,2024-10-01,34,2023-07,19,15,1,2.0401
UNIT-17,2024-11-01,35,2023-07,19,16,1,2.0301
UNIT-17,2024-12-01,36,2023-07,19,17,1,2.0756
UNIT-17,2025-01-01,37,2023-07,19,18,1,2.0662
UNIT-17,2025-02-01,38,2023-07,19,19,1,2.0384
UNIT-17,2025-03-01,39,2023-07,19,20,1,2.0801
UNIT-17,2025-04-01,40,2023-07,19,21,1,2.0862
UNIT-17,2025-05-01,41,2023-07,19,22,1,2.1354
UNIT-17,2025-06-01,42,2023-07,19,23,1,2.0401
UNIT-17,2025-07-01,43,2023-07,19,24,1,2.073
UNIT-17,2025-08-01,44,2023-07,19,25,1,2.0525
UNIT-17,2025-09-01,45,2023-07,19,26,1,2.088
UNIT-17,2025-10-01,46,2023-07,19,27,1,2.0551
UNIT-17,2025-11-01,47,2023-07,19,28,1,2.1439
UNIT-17,2025-12-01,48,2023-07,19,29,1,2.1517
UNIT-18,2022-01-01,1,2023-01,13,-12,0,2.1745
UNIT-18,2022-02-01,2,2023-01,13,-11,0,2.202
UNIT-18,2022-03-01,3,2023-01,13,-10,0,2.1943
UNIT-18,2022-04-01,4,2023-01,13,-9,0,2.206
UNIT-18,2022-05-01,5,2023-01,13,-8,0,2.1735
UNIT-18,2022-06-01,6,2023-01,13,-7,0,2.2356
UNIT-18,2022-07-01,7,2023-01,13,-6,0,2.1651
UNIT-18,2022-08-01,8,2023-01,13,-5,0,2.2513
UNIT-18,2022-09-01,9,2023-01,13,-4,0,2.2346
UNIT-18,2022-10-01,10,2023-01,13,-3,0,2.2194
UNIT-18,2022-11-01,11,2023-01,13,-2,0,2.2429
UNIT-18,2022-12-01,12,2023-01,13,-1,0,2.2632
UNIT-18,2023-01-01,13,2023-01,13,0,1,2.2218
UNIT-18,2023-02-01,14,2023-01,13,1,1,2.2801
UNIT-18,2023-03-01,15,2023-01,13,2,1,2.3151
UNIT-18,2023-04-01,16,2023-01,13,3,1,2.2518
UNIT-18,2023-05-01,17,2023-01,13,4,1,2.3135
UNIT-18,2023-06-01,18,2023-01,13,5,1,2.2945
UNIT-18,2023-07-01,19,2023-01,13,6,1,2.3406
UNIT-18,2023-08-01,20,2023-01,13,7,1,2.292
UNIT-18,2023-09-01,21,2023-01,13,8,1,2.3261
UNIT-18,2023-10-01,22,2023-01,13,9,1,2.3017
UNIT-18,2023-11-01,23,2023-01,13,10,1,2.348
UNIT-18,2023-12-01,24,2023-01,13,11,1,2.4002
UNIT-18,2024-01-01,25,2023-01,13,12,1,2.33
UNIT-18,2024-02-01,26,2023-01,13,13,1,2.393
UNIT-18,2024-03-01,27,2023-01,13,14,1,2.3111
UNIT-18,2024-04-01,28,2023-01,13,15,1,2.3603
UNIT-18,2024-05-01,29,2023-01,13,16,1,2.3769
UNIT-18,2024-06-01,30,2023-01,13,17,1,2.3344
UNIT-18,2024-07-01,31,2023-01,13,18,1,2.3558
UNIT-18,2024-08-01,32,2023-01,13,19,1,2.3549
UNIT-18,2024-09-01,33,2023-01,13,20,1,2.371
UNIT-18,2024-10-01,34,2023-01,13,21,1,2.4079
UNIT-18,2024-11-01,35,2023-01,13,22,1,2.3751
UNIT-18,2024-12-01,36,2023-01,13,23,1,2.3856
UNIT-18,2025-01-01,37,2023-01,13,24,1,2.4306
UNIT-18,2025-02-01,38,2023-01,13,25,1,2.4292
UNIT-18,2025-03-01,39,2023-01,13,26,1,2.4085
UNIT-18,2025-04-01,40,2023-01,13,27,1,2.4074
UNIT-18,2025-05-01,41,2023-01,13,28,1,2.368
UNIT-18,2025-06-01,42,2023-01,13,29,1,2.4641
UNIT-18,2025-07-01,43,2023-01,13,30,1,2.4309
UNIT-18,2025-08-01,44,2023-01,13,31,1,2.4051
UNIT-18,2025-09-01,45,2023-01,13,32,1,2.4809
UNIT-18,2025-10-01,46,2023-01,13,33,1,2.3739
UNIT-18,2025-11-01,47,2023-01,13,34,1,2.3445
UNIT-18,2025-12-01,48,2023-01,13,35,1,2.3797
UNIT-19,2022-01-01,1,2023-07,19,-18,0,2.1119
UNIT-19,2022-02-01,2,2023-07,19,-17,0,2.0758
UNIT-19,2022-03-01,3,2023-07,19,-16,0,2.0797
UNIT-19,2022-04-01,4,2023-07,19,-15,0,2.0941
UNIT-19,2022-05-01,5,2023-07,19,-14,0,2.1041
UNIT-19,2022-06-01,6,2023-07,19,-13,0,2.116
UNIT-19,2022-07-01,7,2023-07,19,-12,0,2.0742
UNIT-19,2022-08-01,8,2023-07,19,-11,0,2.1124
UNIT-19,2022-09-01,9,2023-07,19,-10,0,2.1011
UNIT-19,2022-10-01,10,2023-07,19,-9,0,2.1556
UNIT-19,2022-11-01,11,2023-07,19,-8,0,2.1181
UNIT-19,2022-12-01,12,2023-07,19,-7,0,2.1732
UNIT-19,2023-01-01,13,2023-07,19,-6,0,2.1134
UNIT-19,2023-02-01,14,2023-07,19,-5,0,2.2362
UNIT-19,2023-03-01,15,2023-07,19,-4,0,2.1392
UNIT-19,2023-04-01,16,2023-07,19,-3,0,2.1043
UNIT-19,2023-05-01,17,2023-07,19,-2,0,2.1748
UNIT-19,2023-06-01,18,2023-07,19,-1,0,2.1261
UNIT-19,2023-07-01,19,2023-07,19,0,1,2.1535
UNIT-19,2023-08-01,20,2023-07,19,1,1,2.2299
UNIT-19,2023-09-01,21,2023-07,19,2,1,2.2488
UNIT-19,2023-10-01,22,2023-07,19,3,1,2.1688
UNIT-19,2023-11-01,23,2023-07,19,4,1,2.2036
UNIT-19,2023-12-01,24,2023-07,19,5,1,2.1674
UNIT-19,2024-01-01,25,2023-07,19,6,1,2.2257
UNIT-19,2024-02-01,26,2023-07,19,7,1,2.2722
UNIT-19,2024-03-01,27,2023-07,19,8,1,2.2306
UNIT-19,2024-04-01,28,2023-07,19,9,1,2.1764
UNIT-19,2024-05-01,29,2023-07,19,10,1,2.231
UNIT-19,2024-06-01,30,2023-07,19,11,1,2.2999
UNIT-19,2024-07-01,31,2023-07,19,12,1,2.2671
UNIT-19,2024-08-01,32,2023-07,19,13,1,2.242
UNIT-19,2024-09-01,33,2023-07,19,14,1,2.2397
UNIT-19,2024-10-01,34,2023-07,19,15,1,2.288
UNIT-19,2024-11-01,35,2023-07,19,16,1,2.2453
UNIT-19,2024-12-01,36,2023-07,19,17,1,2.3099
UNIT-19,2025-01-01,37,2023-07,19,18,1,2.1963
UNIT-19,2025-02-01,38,2023-07,19,19,1,2.2419
UNIT-19,2025-03-01,39,2023-07,19,20,1,2.2701
UNIT-19,2025-04-01,40,2023-07,19,21,1,2.2878
UNIT-19,2025-05-01,41,2023-07,19,22,1,2.2812
UNIT-19,2025-06-01,42,2023-07,19,23,1,2.3108
UNIT-19,2025-07-01,43,2023-07,19,24,1,2.2798
UNIT-19,2025-08-01,44,2023-07,19,25,1,2.2053
UNIT-19,2025-09-01,45,2023-07,19,26,1,2.2843
UNIT-19,2025-10-01,46,2023-07,19,27,1,2.3487
UNIT-19,2025-11-01,47,2023-07,19,28,1,2.3199
UNIT-19,2025-12-01,48,2023-07,19,29,1,2.3016
UNIT-20,2022-01-01,1,2023-01,13,-12,0,2.7076
UNIT-20,2022-02-01,2,2023-01,13,-11,0,2.7618
UNIT-20,2022-03-01,3,2023-01,13,-10,0,2.7722
UNIT-20,2022-04-01,4,2023-01,13,-9,0,2.7489
UNIT-20,2022-05-01,5,2023-01,13,-8,0,2.7518
UNIT-20,2022-06-01,6,2023-01,13,-7,0,2.7577
UNIT-20,2022-07-01,7,2023-01,13,-6,0,2.7102
UNIT-20,2022-08-01,8,2023-01,13,-5,0,2.8096
UNIT-20,2022-09-01,9,2023-01,13,-4,0,2.8077
UNIT-20,2022-10-01,10,2023-01,13,-3,0,2.8436
UNIT-20,2022-11-01,11,2023-01,13,-2,0,2.7836
UNIT-20,2022-12-01,12,2023-01,13,-1,0,2.8149
UNIT-20,2023-01-01,13,2023-01,13,0,1,2.8833
UNIT-20,2023-02-01,14,2023-01,13,1,1,2.8055
UNIT-20,2023-03-01,15,2023-01,13,2,1,2.792
UNIT-20,2023-04-01,16,2023-01,13,3,1,2.8466
UNIT-20,2023-05-01,17,2023-01,13,4,1,2.8329
UNIT-20,2023-06-01,18,2023-01,13,5,1,2.8796
UNIT-20,2023-07-01,19,2023-01,13,6,1,2.8221
UNIT-20,2023-08-01,20,2023-01,13,7,1,2.8648
UNIT-20,2023-09-01,21,2023-01,13,8,1,2.8625
UNIT-20,2023-10-01,22,2023-01,13,9,1,2.8686
UNIT-20,2023-11-01,23,2023-01,13,10,1,2.8597
UNIT-20,2023-12-01,24,2023-01,13,11,1,2.8585
UNIT-20,2024-01-01,25,2023-01,13,12,1,2.8683
UNIT-20,2024-02-01,26,2023-01,13,13,1,2.8957
UNIT-20,2024-03-01,27,2023-01,13,14,1,2.9249
UNIT-20,2024-04-01,28,2023-01,13,15,1,2.8765
UNIT-20,2024-05-01,29,2023-01,13,16,1,2.8472
UNIT-20,2024-06-01,30,2023-01,13,17,1,2.8897
UNIT-20,2024-07-01,31,2023-01,13,18,1,2.9104
UNIT-20,2024-08-01,32,2023-01,13,19,1,2.8808
UNIT-20,2024-09-01,33,2023-01,13,20,1,2.9228
UNIT-20,2024-10-01,34,2023-01,13,21,1,2.8971
UNIT-20,2024-11-01,35,2023-01,13,22,1,2.8915
UNIT-20,2024-12-01,36,2023-01,13,23,1,2.9392
UNIT-20,2025-01-01,37,2023-01,13,24,1,2.9738
UNIT-20,2025-02-01,38,2023-01,13,25,1,2.9402
UNIT-20,2025-03-01,39,2023-01,13,26,1,2.9378
UNIT-20,2025-04-01,40,2023-01,13,27,1,3.0017
UNIT-20,2025-05-01,41,2023-01,13,28,1,2.9323
UNIT-20,2025-06-01,42,2023-01,13,29,1,2.9845
UNIT-20,2025-07-01,43,2023-01,13,30,1,2.9175
UNIT-20,2025-08-01,44,2023-01,13,31,1,2.9357
UNIT-20,2025-09-01,45,2023-01,13,32,1,3.0171
UNIT-20,2025-10-01,46,2023-01,13,33,1,2.9123
UNIT-20,2025-11-01,47,2023-01,13,34,1,2.9605
UNIT-20,2025-12-01,48,2023-01,13,35,1,2.9617
UNIT-21,2022-01-01,1,2023-07,19,-18,0,2.5375
UNIT-21,2022-02-01,2,2023-07,19,-17,0,2.5233
UNIT-21,2022-03-01,3,2023-07,19,-16,0,2.5588
UNIT-21,2022-04-01,4,2023-07,19,-15,0,2.5464
UNIT-21,2022-05-01,5,2023-07,19,-14,0,2.5831
UNIT-21,2022-06-01,6,2023-07,19,-13,0,2.5113
UNIT-21,2022-07-01,7,2023-07,19,-12,0,2.4867
UNIT-21,2022-08-01,8,2023-07,19,-11,0,2.5504
UNIT-21,2022-09-01,9,2023-07,19,-10,0,2.6011
UNIT-21,2022-10-01,10,2023-07,19,-9,0,2.5121
UNIT-21,2022-11-01,11,2023-07,19,-8,0,2.5675
UNIT-21,2022-12-01,12,2023-07,19,-7,0,2.5965
UNIT-21,2023-01-01,13,2023-07,19,-6,0,2.5523
UNIT-21,2023-02-01,14,2023-07,19,-5,0,2.5719
UNIT-21,2023-03-01,15,2023-07,19,-4,0,2.5451
UNIT-21,2023-04-01,16,2023-07,19,-3,0,2.5888
UNIT-21,2023-05-01,17,2023-07,19,-2,0,2.5552
UNIT-21,2023-06-01,18,2023-07,19,-1,0,2.5729
UNIT-21,2023-07-01,19,2023-07,19,0,1,2.6136
UNIT-21,2023-08-01,20,2023-07,19,1,1,2.6112
UNIT-21,2023-09-01,21,2023-07,19,2,1,2.6212
UNIT-21,2023-10-01,22,2023-07,19,3,1,2.6684
UNIT-21,2023-11-01,23,2023-07,19,4,1,2.6261
UNIT-21,2023-12-01,24,2023-07,19,5,1,2.7157
UNIT-21,2024-01-01,25,2023-07,19,6,1,2.6856
UNIT-21,2024-02-01,26,2023-07,19,7,1,2.7021
UNIT-21,2024-03-01,27,2023-07,19,8,1,2.7525
UNIT-21,2024-04-01,28,2023-07,19,9,1,2.661
UNIT-21,2024-05-01,29,2023-07,19,10,1,2.723
UNIT-21,2024-06-01,30,2023-07,19,11,1,2.698
UNIT-21,2024-07-01,31,2023-07,19,12,1,2.7515
UNIT-21,2024-08-01,32,2023-07,19,13,1,2.7558
UNIT-21,2024-09-01,33,2023-07,19,14,1,2.7399
UNIT-21,2024-10-01,34,2023-07,19,15,1,2.6512
UNIT-21,2024-11-01,35,2023-07,19,16,1,2.7327
UNIT-21,2024-12-01,36,2023-07,19,17,1,2.7072
UNIT-21,2025-01-01,37,2023-07,19,18,1,2.6934
UNIT-21,2025-02-01,38,2023-07,19,19,1,2.748
UNIT-21,2025-03-01,39,2023-07,19,20,1,2.727
UNIT-21,2025-04-01,40,2023-07,19,21,1,2.7285
UNIT-21,2025-05-01,41,2023-07,19,22,1,2.7248
UNIT-21,2025-06-01,42,2023-07,19,23,1,2.7337
UNIT-21,2025-07-01,43,2023-07,19,24,1,2.7536
UNIT-21,2025-08-01,44,2023-07,19,25,1,2.7318
UNIT-21,2025-09-01,45,2023-07,19,26,1,2.7341
UNIT-21,2025-10-01,46,2023-07,19,27,1,2.7176
UNIT-21,2025-11-01,47,2023-07,19,28,1,2.6713
UNIT-21,2025-12-01,48,2023-07,19,29,1,2.7937
UNIT-22,2022-01-01,1,2023-01,13,-12,0,2.6198
UNIT-22,2022-02-01,2,2023-01,13,-11,0,2.5993
UNIT-22,2022-03-01,3,2023-01,13,-10,0,2.6029
UNIT-22,2022-04-01,4,2023-01,13,-9,0,2.6295
UNIT-22,2022-05-01,5,2023-01,13,-8,0,2.6234
UNIT-22,2022-06-01,6,2023-01,13,-7,0,2.6117
UNIT-22,2022-07-01,7,2023-01,13,-6,0,2.668
UNIT-22,2022-08-01,8,2023-01,13,-5,0,2.6306
UNIT-22,2022-09-01,9,2023-01,13,-4,0,2.6648
UNIT-22,2022-10-01,10,2023-01,13,-3,0,2.673
UNIT-22,2022-11-01,11,2023-01,13,-2,0,2.6349
UNIT-22,2022-12-01,12,2023-01,13,-1,0,2.6351
UNIT-22,2023-01-01,13,2023-01,13,0,1,2.6282
UNIT-22,2023-02-01,14,2023-01,13,1,1,2.6819
UNIT-22,2023-03-01,15,2023-01,13,2,1,2.7102
UNIT-22,2023-04-01,16,2023-01,13,3,1,2.6752
UNIT-22,2023-05-01,17,2023-01,13,4,1,2.754
UNIT-22,2023-06-01,18,2023-01,13,5,1,2.7364
UNIT-22,2023-07-01,19,2023-01,13,6,1,2.7266
UNIT-22,2023-08-01,20,2023-01,13,7,1,2.7385
UNIT-22,2023-09-01,21,2023-01,13,8,1,2.7336
UNIT-22,2023-10-01,22,2023-01,13,9,1,2.7744
UNIT-22,2023-11-01,23,2023-01,13,10,1,2.7422
UNIT-22,2023-12-01,24,2023-01,13,11,1,2.7499
UNIT-22,2024-01-01,25,2023-01,13,12,1,2.7143
UNIT-22,2024-02-01,26,2023-01,13,13,1,2.7574
UNIT-22,2024-03-01,27,2023-01,13,14,1,2.7481
UNIT-22,2024-04-01,28,2023-01,13,15,1,2.7323
UNIT-22,2024-05-01,29,2023-01,13,16,1,2.7596
UNIT-22,2024-06-01,30,2023-01,13,17,1,2.7966
UNIT-22,2024-07-01,31,2023-01,13,18,1,2.7871
UNIT-22,2024-08-01,32,2023-01,13,19,1,2.8212
UNIT-22,2024-09-01,33,2023-01,13,20,1,2.7337
UNIT-22,2024-10-01,34,2023-01,13,21,1,2.7834
UNIT-22,2024-11-01,35,2023-01,13,22,1,2.8365
UNIT-22,2024-12-01,36,2023-01,13,23,1,2.7614
UNIT-22,2025-01-01,37,2023-01,13,24,1,2.7568
UNIT-22,2025-02-01,38,2023-01,13,25,1,2.7751
UNIT-22,2025-03-01,39,2023-01,13,26,1,2.8136
UNIT-22,2025-04-01,40,2023-01,13,27,1,2.805
UNIT-22,2025-05-01,41,2023-01,13,28,1,2.8489
UNIT-22,2025-06-01,42,2023-01,13,29,1,2.7509
UNIT-22,2025-07-01,43,2023-01,13,30,1,2.7991
UNIT-22,2025-08-01,44,2023-01,13,31,1,2.8193
UNIT-22,2025-09-01,45,2023-01,13,32,1,2.8261
UNIT-22,2025-10-01,46,2023-01,13,33,1,2.787
UNIT-22,2025-11-01,47,2023-01,13,34,1,2.8596
UNIT-22,2025-12-01,48,2023-01,13,35,1,2.8322
UNIT-23,2022-01-01,1,never,0,,0,2.1705
UNIT-23,2022-02-01,2,never,0,,0,2.1198
UNIT-23,2022-03-01,3,never,0,,0,2.1332
UNIT-23,2022-04-01,4,never,0,,0,2.1195
UNIT-23,2022-05-01,5,never,0,,0,2.0948
UNIT-23,2022-06-01,6,never,0,,0,2.1515
UNIT-23,2022-07-01,7,never,0,,0,2.1389
UNIT-23,2022-08-01,8,never,0,,0,2.0883
UNIT-23,2022-09-01,9,never,0,,0,2.1222
UNIT-23,2022-10-01,10,never,0,,0,2.1097
UNIT-23,2022-11-01,11,never,0,,0,2.1695
UNIT-23,2022-12-01,12,never,0,,0,2.124
UNIT-23,2023-01-01,13,never,0,,0,2.168
UNIT-23,2023-02-01,14,never,0,,0,2.1365
UNIT-23,2023-03-01,15,never,0,,0,2.1286
UNIT-23,2023-04-01,16,never,0,,0,2.1535
UNIT-23,2023-05-01,17,never,0,,0,2.1653
UNIT-23,2023-06-01,18,never,0,,0,2.2302
UNIT-23,2023-07-01,19,never,0,,0,2.1327
UNIT-23,2023-08-01,20,never,0,,0,2.1943
UNIT-23,2023-09-01,21,never,0,,0,2.1785
UNIT-23,2023-10-01,22,never,0,,0,2.1547
UNIT-23,2023-11-01,23,never,0,,0,2.1774
UNIT-23,2023-12-01,24,never,0,,0,2.198
UNIT-23,2024-01-01,25,never,0,,0,2.2061
UNIT-23,2024-02-01,26,never,0,,0,2.2
UNIT-23,2024-03-01,27,never,0,,0,2.2042
UNIT-23,2024-04-01,28,never,0,,0,2.173
UNIT-23,2024-05-01,29,never,0,,0,2.1852
UNIT-23,2024-06-01,30,never,0,,0,2.1783
UNIT-23,2024-07-01,31,never,0,,0,2.2152
UNIT-23,2024-08-01,32,never,0,,0,2.2284
UNIT-23,2024-09-01,33,never,0,,0,2.2056
UNIT-23,2024-10-01,34,never,0,,0,2.2474
UNIT-23,2024-11-01,35,never,0,,0,2.2408
UNIT-23,2024-12-01,36,never,0,,0,2.2372
UNIT-23,2025-01-01,37,never,0,,0,2.2265
UNIT-23,2025-02-01,38,never,0,,0,2.2921
UNIT-23,2025-03-01,39,never,0,,0,2.2447
UNIT-23,2025-04-01,40,never,0,,0,2.2143
UNIT-23,2025-05-01,41,never,0,,0,2.2576
UNIT-23,2025-06-01,42,never,0,,0,2.2321
UNIT-23,2025-07-01,43,never,0,,0,2.2313
UNIT-23,2025-08-01,44,never,0,,0,2.2385
UNIT-23,2025-09-01,45,never,0,,0,2.1847
UNIT-23,2025-10-01,46,never,0,,0,2.2377
UNIT-23,2025-11-01,47,never,0,,0,2.3098
UNIT-23,2025-12-01,48,never,0,,0,2.2994
UNIT-24,2022-01-01,1,never,0,,0,2.7005
UNIT-24,2022-02-01,2,never,0,,0,2.6781
UNIT-24,2022-03-01,3,never,0,,0,2.6988
UNIT-24,2022-04-01,4,never,0,,0,2.6423
UNIT-24,2022-05-01,5,never,0,,0,2.7221
UNIT-24,2022-06-01,6,never,0,,0,2.6872
UNIT-24,2022-07-01,7,never,0,,0,2.7542
UNIT-24,2022-08-01,8,never,0,,0,2.674
UNIT-24,2022-09-01,9,never,0,,0,2.7701
UNIT-24,2022-10-01,10,never,0,,0,2.7742
UNIT-24,2022-11-01,11,never,0,,0,2.7622
UNIT-24,2022-12-01,12,never,0,,0,2.6622
UNIT-24,2023-01-01,13,never,0,,0,2.8024
UNIT-24,2023-02-01,14,never,0,,0,2.7582
UNIT-24,2023-03-01,15,never,0,,0,2.7588
UNIT-24,2023-04-01,16,never,0,,0,2.742
UNIT-24,2023-05-01,17,never,0,,0,2.7084
UNIT-24,2023-06-01,18,never,0,,0,2.7607
UNIT-24,2023-07-01,19,never,0,,0,2.7624
UNIT-24,2023-08-01,20,never,0,,0,2.767
UNIT-24,2023-09-01,21,never,0,,0,2.8324
UNIT-24,2023-10-01,22,never,0,,0,2.7375
UNIT-24,2023-11-01,23,never,0,,0,2.7357
UNIT-24,2023-12-01,24,never,0,,0,2.737
UNIT-24,2024-01-01,25,never,0,,0,2.789
UNIT-24,2024-02-01,26,never,0,,0,2.8349
UNIT-24,2024-03-01,27,never,0,,0,2.7857
UNIT-24,2024-04-01,28,never,0,,0,2.7501
UNIT-24,2024-05-01,29,never,0,,0,2.82
UNIT-24,2024-06-01,30,never,0,,0,2.7932
UNIT-24,2024-07-01,31,never,0,,0,2.7728
UNIT-24,2024-08-01,32,never,0,,0,2.7854
UNIT-24,2024-09-01,33,never,0,,0,2.8322
UNIT-24,2024-10-01,34,never,0,,0,2.8545
UNIT-24,2024-11-01,35,never,0,,0,2.7833
UNIT-24,2024-12-01,36,never,0,,0,2.8136
UNIT-24,2025-01-01,37,never,0,,0,2.7971
UNIT-24,2025-02-01,38,never,0,,0,2.8228
UNIT-24,2025-03-01,39,never,0,,0,2.8422
UNIT-24,2025-04-01,40,never,0,,0,2.7816
UNIT-24,2025-05-01,41,never,0,,0,2.838
UNIT-24,2025-06-01,42,never,0,,0,2.8157
UNIT-24,2025-07-01,43,never,0,,0,2.813
UNIT-24,2025-08-01,44,never,0,,0,2.7483
UNIT-24,2025-09-01,45,never,0,,0,2.8129
UNIT-24,2025-10-01,46,never,0,,0,2.8702
UNIT-24,2025-11-01,47,never,0,,0,2.8988
UNIT-24,2025-12-01,48,never,0,,0,2.8411
UNIT-25,2022-01-01,1,2024-01,25,-24,0,2.6727
UNIT-25,2022-02-01,2,2024-01,25,-23,0,2.6653
UNIT-25,2022-03-01,3,2024-01,25,-22,0,2.6683
UNIT-25,2022-04-01,4,2024-01,25,-21,0,2.6689
UNIT-25,2022-05-01,5,2024-01,25,-20,0,2.6267
UNIT-25,2022-06-01,6,2024-01,25,-19,0,2.6506
UNIT-25,2022-07-01,7,2024-01,25,-18,0,2.6701
UNIT-25,2022-08-01,8,2024-01,25,-17,0,2.6815
UNIT-25,2022-09-01,9,2024-01,25,-16,0,2.6842
UNIT-25,2022-10-01,10,2024-01,25,-15,0,2.6992
UNIT-25,2022-11-01,11,2024-01,25,-14,0,2.632
UNIT-25,2022-12-01,12,2024-01,25,-13,0,2.6646
UNIT-25,2023-01-01,13,2024-01,25,-12,0,2.6885
UNIT-25,2023-02-01,14,2024-01,25,-11,0,2.641
UNIT-25,2023-03-01,15,2024-01,25,-10,0,2.6722
UNIT-25,2023-04-01,16,2024-01,25,-9,0,2.7221
UNIT-25,2023-05-01,17,2024-01,25,-8,0,2.6232
UNIT-25,2023-06-01,18,2024-01,25,-7,0,2.7228
UNIT-25,2023-07-01,19,2024-01,25,-6,0,2.6666
UNIT-25,2023-08-01,20,2024-01,25,-5,0,2.6694
UNIT-25,2023-09-01,21,2024-01,25,-4,0,2.7278
UNIT-25,2023-10-01,22,2024-01,25,-3,0,2.774
UNIT-25,2023-11-01,23,2024-01,25,-2,0,2.6827
UNIT-25,2023-12-01,24,2024-01,25,-1,0,2.72
UNIT-25,2024-01-01,25,2024-01,25,0,1,2.755
UNIT-25,2024-02-01,26,2024-01,25,1,1,2.7504
UNIT-25,2024-03-01,27,2024-01,25,2,1,2.7442
UNIT-25,2024-04-01,28,2024-01,25,3,1,2.7919
UNIT-25,2024-05-01,29,2024-01,25,4,1,2.7359
UNIT-25,2024-06-01,30,2024-01,25,5,1,2.8363
UNIT-25,2024-07-01,31,2024-01,25,6,1,2.7952
UNIT-25,2024-08-01,32,2024-01,25,7,1,2.8028
UNIT-25,2024-09-01,33,2024-01,25,8,1,2.7742
UNIT-25,2024-10-01,34,2024-01,25,9,1,2.8226
UNIT-25,2024-11-01,35,2024-01,25,10,1,2.8066
UNIT-25,2024-12-01,36,2024-01,25,11,1,2.88
UNIT-25,2025-01-01,37,2024-01,25,12,1,2.8246
UNIT-25,2025-02-01,38,2024-01,25,13,1,2.8496
UNIT-25,2025-03-01,39,2024-01,25,14,1,2.7878
UNIT-25,2025-04-01,40,2024-01,25,15,1,2.7897
UNIT-25,2025-05-01,41,2024-01,25,16,1,2.839
UNIT-25,2025-06-01,42,2024-01,25,17,1,2.8014
UNIT-25,2025-07-01,43,2024-01,25,18,1,2.8431
UNIT-25,2025-08-01,44,2024-01,25,19,1,2.8093
UNIT-25,2025-09-01,45,2024-01,25,20,1,2.8017
UNIT-25,2025-10-01,46,2024-01,25,21,1,2.9102
UNIT-25,2025-11-01,47,2024-01,25,22,1,2.7892
UNIT-25,2025-12-01,48,2024-01,25,23,1,2.861
UNIT-26,2022-01-01,1,never,0,,0,2.0649
UNIT-26,2022-02-01,2,never,0,,0,2.0705
UNIT-26,2022-03-01,3,never,0,,0,2.0799
UNIT-26,2022-04-01,4,never,0,,0,2.1041
UNIT-26,2022-05-01,5,never,0,,0,2.0497
UNIT-26,2022-06-01,6,never,0,,0,2.041
UNIT-26,2022-07-01,7,never,0,,0,2.1271
UNIT-26,2022-08-01,8,never,0,,0,2.0744
UNIT-26,2022-09-01,9,never,0,,0,2.2093
UNIT-26,2022-10-01,10,never,0,,0,2.1081
UNIT-26,2022-11-01,11,never,0,,0,2.0851
UNIT-26,2022-12-01,12,never,0,,0,2.0775
UNIT-26,2023-01-01,13,never,0,,0,2.149
UNIT-26,2023-02-01,14,never,0,,0,2.1317
UNIT-26,2023-03-01,15,never,0,,0,2.1596
UNIT-26,2023-04-01,16,never,0,,0,2.1295
UNIT-26,2023-05-01,17,never,0,,0,2.15
UNIT-26,2023-06-01,18,never,0,,0,2.1572
UNIT-26,2023-07-01,19,never,0,,0,2.1066
UNIT-26,2023-08-01,20,never,0,,0,2.152
UNIT-26,2023-09-01,21,never,0,,0,2.1719
UNIT-26,2023-10-01,22,never,0,,0,2.1535
UNIT-26,2023-11-01,23,never,0,,0,2.1559
UNIT-26,2023-12-01,24,never,0,,0,2.1153
UNIT-26,2024-01-01,25,never,0,,0,2.1396
UNIT-26,2024-02-01,26,never,0,,0,2.1737
UNIT-26,2024-03-01,27,never,0,,0,2.1317
UNIT-26,2024-04-01,28,never,0,,0,2.134
UNIT-26,2024-05-01,29,never,0,,0,2.1535
UNIT-26,2024-06-01,30,never,0,,0,2.1492
UNIT-26,2024-07-01,31,never,0,,0,2.1246
UNIT-26,2024-08-01,32,never,0,,0,2.143
UNIT-26,2024-09-01,33,never,0,,0,2.1809
UNIT-26,2024-10-01,34,never,0,,0,2.2122
UNIT-26,2024-11-01,35,never,0,,0,2.2118
UNIT-26,2024-12-01,36,never,0,,0,2.1725
UNIT-26,2025-01-01,37,never,0,,0,2.24
UNIT-26,2025-02-01,38,never,0,,0,2.1732
UNIT-26,2025-03-01,39,never,0,,0,2.2209
UNIT-26,2025-04-01,40,never,0,,0,2.0716
UNIT-26,2025-05-01,41,never,0,,0,2.2121
UNIT-26,2025-06-01,42,never,0,,0,2.1798
UNIT-26,2025-07-01,43,never,0,,0,2.1813
UNIT-26,2025-08-01,44,never,0,,0,2.2323
UNIT-26,2025-09-01,45,never,0,,0,2.2296
UNIT-26,2025-10-01,46,never,0,,0,2.2162
UNIT-26,2025-11-01,47,never,0,,0,2.2142
UNIT-26,2025-12-01,48,never,0,,0,2.1985
UNIT-27,2022-01-01,1,2024-01,25,-24,0,2.1763
UNIT-27,2022-02-01,2,2024-01,25,-23,0,2.1611
UNIT-27,2022-03-01,3,2024-01,25,-22,0,2.2062
UNIT-27,2022-04-01,4,2024-01,25,-21,0,2.2808
UNIT-27,2022-05-01,5,2024-01,25,-20,0,2.2703
UNIT-27,2022-06-01,6,2024-01,25,-19,0,2.2885
UNIT-27,2022-07-01,7,2024-01,25,-18,0,2.2322
UNIT-27,2022-08-01,8,2024-01,25,-17,0,2.1679
UNIT-27,2022-09-01,9,2024-01,25,-16,0,2.3264
UNIT-27,2022-10-01,10,2024-01,25,-15,0,2.2571
UNIT-27,2022-11-01,11,2024-01,25,-14,0,2.2831
UNIT-27,2022-12-01,12,2024-01,25,-13,0,2.2389
UNIT-27,2023-01-01,13,2024-01,25,-12,0,2.2519
UNIT-27,2023-02-01,14,2024-01,25,-11,0,2.2807
UNIT-27,2023-03-01,15,2024-01,25,-10,0,2.264
UNIT-27,2023-04-01,16,2024-01,25,-9,0,2.2733
UNIT-27,2023-05-01,17,2024-01,25,-8,0,2.282
UNIT-27,2023-06-01,18,2024-01,25,-7,0,2.2329
UNIT-27,2023-07-01,19,2024-01,25,-6,0,2.3139
UNIT-27,2023-08-01,20,2024-01,25,-5,0,2.3681
UNIT-27,2023-09-01,21,2024-01,25,-4,0,2.2696
UNIT-27,2023-10-01,22,2024-01,25,-3,0,2.3251
UNIT-27,2023-11-01,23,2024-01,25,-2,0,2.2757
UNIT-27,2023-12-01,24,2024-01,25,-1,0,2.2752
UNIT-27,2024-01-01,25,2024-01,25,0,1,2.2912
UNIT-27,2024-02-01,26,2024-01,25,1,1,2.2763
UNIT-27,2024-03-01,27,2024-01,25,2,1,2.3524
UNIT-27,2024-04-01,28,2024-01,25,3,1,2.3338
UNIT-27,2024-05-01,29,2024-01,25,4,1,2.3742
UNIT-27,2024-06-01,30,2024-01,25,5,1,2.314
UNIT-27,2024-07-01,31,2024-01,25,6,1,2.3893
UNIT-27,2024-08-01,32,2024-01,25,7,1,2.43
UNIT-27,2024-09-01,33,2024-01,25,8,1,2.4023
UNIT-27,2024-10-01,34,2024-01,25,9,1,2.4149
UNIT-27,2024-11-01,35,2024-01,25,10,1,2.3365
UNIT-27,2024-12-01,36,2024-01,25,11,1,2.3792
UNIT-27,2025-01-01,37,2024-01,25,12,1,2.3174
UNIT-27,2025-02-01,38,2024-01,25,13,1,2.3905
UNIT-27,2025-03-01,39,2024-01,25,14,1,2.4344
UNIT-27,2025-04-01,40,2024-01,25,15,1,2.4878
UNIT-27,2025-05-01,41,2024-01,25,16,1,2.4119
UNIT-27,2025-06-01,42,2024-01,25,17,1,2.418
UNIT-27,2025-07-01,43,2024-01,25,18,1,2.4447
UNIT-27,2025-08-01,44,2024-01,25,19,1,2.4055
UNIT-27,2025-09-01,45,2024-01,25,20,1,2.4266
UNIT-27,2025-10-01,46,2024-01,25,21,1,2.4279
UNIT-27,2025-11-01,47,2024-01,25,22,1,2.4733
UNIT-27,2025-12-01,48,2024-01,25,23,1,2.4108
UNIT-28,2022-01-01,1,never,0,,0,2.2672
UNIT-28,2022-02-01,2,never,0,,0,2.2453
UNIT-28,2022-03-01,3,never,0,,0,2.2175
UNIT-28,2022-04-01,4,never,0,,0,2.2438
UNIT-28,2022-05-01,5,never,0,,0,2.3198
UNIT-28,2022-06-01,6,never,0,,0,2.2422
UNIT-28,2022-07-01,7,never,0,,0,2.2895
UNIT-28,2022-08-01,8,never,0,,0,2.3052
UNIT-28,2022-09-01,9,never,0,,0,2.3453
UNIT-28,2022-10-01,10,never,0,,0,2.2905
UNIT-28,2022-11-01,11,never,0,,0,2.2733
UNIT-28,2022-12-01,12,never,0,,0,2.2837
UNIT-28,2023-01-01,13,never,0,,0,2.2888
UNIT-28,2023-02-01,14,never,0,,0,2.3082
UNIT-28,2023-03-01,15,never,0,,0,2.3056
UNIT-28,2023-04-01,16,never,0,,0,2.2751
UNIT-28,2023-05-01,17,never,0,,0,2.2943
UNIT-28,2023-06-01,18,never,0,,0,2.3638
UNIT-28,2023-07-01,19,never,0,,0,2.3834
UNIT-28,2023-08-01,20,never,0,,0,2.3383
UNIT-28,2023-09-01,21,never,0,,0,2.3581
UNIT-28,2023-10-01,22,never,0,,0,2.3254
UNIT-28,2023-11-01,23,never,0,,0,2.3626
UNIT-28,2023-12-01,24,never,0,,0,2.3157
UNIT-28,2024-01-01,25,never,0,,0,2.3334
UNIT-28,2024-02-01,26,never,0,,0,2.3568
UNIT-28,2024-03-01,27,never,0,,0,2.4055
UNIT-28,2024-04-01,28,never,0,,0,2.394
UNIT-28,2024-05-01,29,never,0,,0,2.3647
UNIT-28,2024-06-01,30,never,0,,0,2.3655
UNIT-28,2024-07-01,31,never,0,,0,2.4054
UNIT-28,2024-08-01,32,never,0,,0,2.3369
UNIT-28,2024-09-01,33,never,0,,0,2.3783
UNIT-28,2024-10-01,34,never,0,,0,2.3662
UNIT-28,2024-11-01,35,never,0,,0,2.3606
UNIT-28,2024-12-01,36,never,0,,0,2.3632
UNIT-28,2025-01-01,37,never,0,,0,2.4239
UNIT-28,2025-02-01,38,never,0,,0,2.4473
UNIT-28,2025-03-01,39,never,0,,0,2.384
UNIT-28,2025-04-01,40,never,0,,0,2.4302
UNIT-28,2025-05-01,41,never,0,,0,2.4163
UNIT-28,2025-06-01,42,never,0,,0,2.432
UNIT-28,2025-07-01,43,never,0,,0,2.414
UNIT-28,2025-08-01,44,never,0,,0,2.3362
UNIT-28,2025-09-01,45,never,0,,0,2.4373
UNIT-28,2025-10-01,46,never,0,,0,2.3952
UNIT-28,2025-11-01,47,never,0,,0,2.4672
UNIT-28,2025-12-01,48,never,0,,0,2.4814
UNIT-29,2022-01-01,1,2023-01,13,-12,0,2.218
UNIT-29,2022-02-01,2,2023-01,13,-11,0,2.1957
UNIT-29,2022-03-01,3,2023-01,13,-10,0,2.2804
UNIT-29,2022-04-01,4,2023-01,13,-9,0,2.2614
UNIT-29,2022-05-01,5,2023-01,13,-8,0,2.2351
UNIT-29,2022-06-01,6,2023-01,13,-7,0,2.1853
UNIT-29,2022-07-01,7,2023-01,13,-6,0,2.2505
UNIT-29,2022-08-01,8,2023-01,13,-5,0,2.1783
UNIT-29,2022-09-01,9,2023-01,13,-4,0,2.231
UNIT-29,2022-10-01,10,2023-01,13,-3,0,2.2218
UNIT-29,2022-11-01,11,2023-01,13,-2,0,2.2899
UNIT-29,2022-12-01,12,2023-01,13,-1,0,2.21
UNIT-29,2023-01-01,13,2023-01,13,0,1,2.2694
UNIT-29,2023-02-01,14,2023-01,13,1,1,2.276
UNIT-29,2023-03-01,15,2023-01,13,2,1,2.2778
UNIT-29,2023-04-01,16,2023-01,13,3,1,2.367
UNIT-29,2023-05-01,17,2023-01,13,4,1,2.2238
UNIT-29,2023-06-01,18,2023-01,13,5,1,2.2478
UNIT-29,2023-07-01,19,2023-01,13,6,1,2.3051
UNIT-29,2023-08-01,20,2023-01,13,7,1,2.3566
UNIT-29,2023-09-01,21,2023-01,13,8,1,2.3366
UNIT-29,2023-10-01,22,2023-01,13,9,1,2.3241
UNIT-29,2023-11-01,23,2023-01,13,10,1,2.2879
UNIT-29,2023-12-01,24,2023-01,13,11,1,2.3452
UNIT-29,2024-01-01,25,2023-01,13,12,1,2.3455
UNIT-29,2024-02-01,26,2023-01,13,13,1,2.3285
UNIT-29,2024-03-01,27,2023-01,13,14,1,2.3385
UNIT-29,2024-04-01,28,2023-01,13,15,1,2.3859
UNIT-29,2024-05-01,29,2023-01,13,16,1,2.3441
UNIT-29,2024-06-01,30,2023-01,13,17,1,2.3926
UNIT-29,2024-07-01,31,2023-01,13,18,1,2.3224
UNIT-29,2024-08-01,32,2023-01,13,19,1,2.3116
UNIT-29,2024-09-01,33,2023-01,13,20,1,2.3051
UNIT-29,2024-10-01,34,2023-01,13,21,1,2.3461
UNIT-29,2024-11-01,35,2023-01,13,22,1,2.3887
UNIT-29,2024-12-01,36,2023-01,13,23,1,2.3902
UNIT-29,2025-01-01,37,2023-01,13,24,1,2.4141
UNIT-29,2025-02-01,38,2023-01,13,25,1,2.402
UNIT-29,2025-03-01,39,2023-01,13,26,1,2.389
UNIT-29,2025-04-01,40,2023-01,13,27,1,2.3258
UNIT-29,2025-05-01,41,2023-01,13,28,1,2.3906
UNIT-29,2025-06-01,42,2023-01,13,29,1,2.4035
UNIT-29,2025-07-01,43,2023-01,13,30,1,2.439
UNIT-29,2025-08-01,44,2023-01,13,31,1,2.4038
UNIT-29,2025-09-01,45,2023-01,13,32,1,2.4323
UNIT-29,2025-10-01,46,2023-01,13,33,1,2.3631
UNIT-29,2025-11-01,47,2023-01,13,34,1,2.3957
UNIT-29,2025-12-01,48,2023-01,13,35,1,2.4473
UNIT-30,2022-01-01,1,2024-01,25,-24,0,2.4588
UNIT-30,2022-02-01,2,2024-01,25,-23,0,2.4514
UNIT-30,2022-03-01,3,2024-01,25,-22,0,2.4182
UNIT-30,2022-04-01,4,2024-01,25,-21,0,2.4407
UNIT-30,2022-05-01,5,2024-01,25,-20,0,2.4209
UNIT-30,2022-06-01,6,2024-01,25,-19,0,2.4616
UNIT-30,2022-07-01,7,2024-01,25,-18,0,2.4624
UNIT-30,2022-08-01,8,2024-01,25,-17,0,2.4917
UNIT-30,2022-09-01,9,2024-01,25,-16,0,2.4843
UNIT-30,2022-10-01,10,2024-01,25,-15,0,2.4976
UNIT-30,2022-11-01,11,2024-01,25,-14,0,2.4656
UNIT-30,2022-12-01,12,2024-01,25,-13,0,2.4792
UNIT-30,2023-01-01,13,2024-01,25,-12,0,2.4768
UNIT-30,2023-02-01,14,2024-01,25,-11,0,2.5285
UNIT-30,2023-03-01,15,2024-01,25,-10,0,2.4763
UNIT-30,2023-04-01,16,2024-01,25,-9,0,2.4816
UNIT-30,2023-05-01,17,2024-01,25,-8,0,2.5158
UNIT-30,2023-06-01,18,2024-01,25,-7,0,2.5194
UNIT-30,2023-07-01,19,2024-01,25,-6,0,2.5213
UNIT-30,2023-08-01,20,2024-01,25,-5,0,2.5651
UNIT-30,2023-09-01,21,2024-01,25,-4,0,2.5578
UNIT-30,2023-10-01,22,2024-01,25,-3,0,2.6162
UNIT-30,2023-11-01,23,2024-01,25,-2,0,2.566
UNIT-30,2023-12-01,24,2024-01,25,-1,0,2.5383
UNIT-30,2024-01-01,25,2024-01,25,0,1,2.5552
UNIT-30,2024-02-01,26,2024-01,25,1,1,2.5547
UNIT-30,2024-03-01,27,2024-01,25,2,1,2.573
UNIT-30,2024-04-01,28,2024-01,25,3,1,2.5948
UNIT-30,2024-05-01,29,2024-01,25,4,1,2.6184
UNIT-30,2024-06-01,30,2024-01,25,5,1,2.6092
UNIT-30,2024-07-01,31,2024-01,25,6,1,2.5557
UNIT-30,2024-08-01,32,2024-01,25,7,1,2.5585
UNIT-30,2024-09-01,33,2024-01,25,8,1,2.646
UNIT-30,2024-10-01,34,2024-01,25,9,1,2.5725
UNIT-30,2024-11-01,35,2024-01,25,10,1,2.634
UNIT-30,2024-12-01,36,2024-01,25,11,1,2.6483
UNIT-30,2025-01-01,37,2024-01,25,12,1,2.6141
UNIT-30,2025-02-01,38,2024-01,25,13,1,2.6523
UNIT-30,2025-03-01,39,2024-01,25,14,1,2.6355
UNIT-30,2025-04-01,40,2024-01,25,15,1,2.6386
UNIT-30,2025-05-01,41,2024-01,25,16,1,2.605
UNIT-30,2025-06-01,42,2024-01,25,17,1,2.6322
UNIT-30,2025-07-01,43,2024-01,25,18,1,2.6134
UNIT-30,2025-08-01,44,2024-01,25,19,1,2.6474
UNIT-30,2025-09-01,45,2024-01,25,20,1,2.637
UNIT-30,2025-10-01,46,2024-01,25,21,1,2.749
UNIT-30,2025-11-01,47,2024-01,25,22,1,2.6538
UNIT-30,2025-12-01,48,2024-01,25,23,1,2.6691
UNIT-31,2022-01-01,1,2024-01,25,-24,0,2.3601
UNIT-31,2022-02-01,2,2024-01,25,-23,0,2.3511
UNIT-31,2022-03-01,3,2024-01,25,-22,0,2.337
UNIT-31,2022-04-01,4,2024-01,25,-21,0,2.4166
UNIT-31,2022-05-01,5,2024-01,25,-20,0,2.3861
UNIT-31,2022-06-01,6,2024-01,25,-19,0,2.4046
UNIT-31,2022-07-01,7,2024-01,25,-18,0,2.3966
UNIT-31,2022-08-01,8,2024-01,25,-17,0,2.411
UNIT-31,2022-09-01,9,2024-01,25,-16,0,2.325
UNIT-31,2022-10-01,10,2024-01,25,-15,0,2.4017
UNIT-31,2022-11-01,11,2024-01,25,-14,0,2.3918
UNIT-31,2022-12-01,12,2024-01,25,-13,0,2.4009
UNIT-31,2023-01-01,13,2024-01,25,-12,0,2.4012
UNIT-31,2023-02-01,14,2024-01,25,-11,0,2.4027
UNIT-31,2023-03-01,15,2024-01,25,-10,0,2.414
UNIT-31,2023-04-01,16,2024-01,25,-9,0,2.4133
UNIT-31,2023-05-01,17,2024-01,25,-8,0,2.4097
UNIT-31,2023-06-01,18,2024-01,25,-7,0,2.4325
UNIT-31,2023-07-01,19,2024-01,25,-6,0,2.3931
UNIT-31,2023-08-01,20,2024-01,25,-5,0,2.3802
UNIT-31,2023-09-01,21,2024-01,25,-4,0,2.3883
UNIT-31,2023-10-01,22,2024-01,25,-3,0,2.5115
UNIT-31,2023-11-01,23,2024-01,25,-2,0,2.5317
UNIT-31,2023-12-01,24,2024-01,25,-1,0,2.5383
UNIT-31,2024-01-01,25,2024-01,25,0,1,2.4161
UNIT-31,2024-02-01,26,2024-01,25,1,1,2.4703
UNIT-31,2024-03-01,27,2024-01,25,2,1,2.5233
UNIT-31,2024-04-01,28,2024-01,25,3,1,2.534
UNIT-31,2024-05-01,29,2024-01,25,4,1,2.4951
UNIT-31,2024-06-01,30,2024-01,25,5,1,2.5217
UNIT-31,2024-07-01,31,2024-01,25,6,1,2.5302
UNIT-31,2024-08-01,32,2024-01,25,7,1,2.5368
UNIT-31,2024-09-01,33,2024-01,25,8,1,2.601
UNIT-31,2024-10-01,34,2024-01,25,9,1,2.5263
UNIT-31,2024-11-01,35,2024-01,25,10,1,2.6056
UNIT-31,2024-12-01,36,2024-01,25,11,1,2.5796
UNIT-31,2025-01-01,37,2024-01,25,12,1,2.5558
UNIT-31,2025-02-01,38,2024-01,25,13,1,2.5728
UNIT-31,2025-03-01,39,2024-01,25,14,1,2.5831
UNIT-31,2025-04-01,40,2024-01,25,15,1,2.5789
UNIT-31,2025-05-01,41,2024-01,25,16,1,2.621
UNIT-31,2025-06-01,42,2024-01,25,17,1,2.5584
UNIT-31,2025-07-01,43,2024-01,25,18,1,2.5555
UNIT-31,2025-08-01,44,2024-01,25,19,1,2.5458
UNIT-31,2025-09-01,45,2024-01,25,20,1,2.5565
UNIT-31,2025-10-01,46,2024-01,25,21,1,2.6103
UNIT-31,2025-11-01,47,2024-01,25,22,1,2.5274
UNIT-31,2025-12-01,48,2024-01,25,23,1,2.5967
UNIT-32,2022-01-01,1,2023-01,13,-12,0,2.53
UNIT-32,2022-02-01,2,2023-01,13,-11,0,2.5735
UNIT-32,2022-03-01,3,2023-01,13,-10,0,2.5182
UNIT-32,2022-04-01,4,2023-01,13,-9,0,2.5476
UNIT-32,2022-05-01,5,2023-01,13,-8,0,2.5011
UNIT-32,2022-06-01,6,2023-01,13,-7,0,2.5495
UNIT-32,2022-07-01,7,2023-01,13,-6,0,2.5272
UNIT-32,2022-08-01,8,2023-01,13,-5,0,2.5356
UNIT-32,2022-09-01,9,2023-01,13,-4,0,2.5338
UNIT-32,2022-10-01,10,2023-01,13,-3,0,2.5279
UNIT-32,2022-11-01,11,2023-01,13,-2,0,2.5498
UNIT-32,2022-12-01,12,2023-01,13,-1,0,2.532
UNIT-32,2023-01-01,13,2023-01,13,0,1,2.5867
UNIT-32,2023-02-01,14,2023-01,13,1,1,2.5891
UNIT-32,2023-03-01,15,2023-01,13,2,1,2.6988
UNIT-32,2023-04-01,16,2023-01,13,3,1,2.6313
UNIT-32,2023-05-01,17,2023-01,13,4,1,2.6394
UNIT-32,2023-06-01,18,2023-01,13,5,1,2.6315
UNIT-32,2023-07-01,19,2023-01,13,6,1,2.6236
UNIT-32,2023-08-01,20,2023-01,13,7,1,2.6133
UNIT-32,2023-09-01,21,2023-01,13,8,1,2.6296
UNIT-32,2023-10-01,22,2023-01,13,9,1,2.6428
UNIT-32,2023-11-01,23,2023-01,13,10,1,2.6633
UNIT-32,2023-12-01,24,2023-01,13,11,1,2.7077
UNIT-32,2024-01-01,25,2023-01,13,12,1,2.5866
UNIT-32,2024-02-01,26,2023-01,13,13,1,2.639
UNIT-32,2024-03-01,27,2023-01,13,14,1,2.6567
UNIT-32,2024-04-01,28,2023-01,13,15,1,2.7037
UNIT-32,2024-05-01,29,2023-01,13,16,1,2.7097
UNIT-32,2024-06-01,30,2023-01,13,17,1,2.677
UNIT-32,2024-07-01,31,2023-01,13,18,1,2.622
UNIT-32,2024-08-01,32,2023-01,13,19,1,2.6723
UNIT-32,2024-09-01,33,2023-01,13,20,1,2.6925
UNIT-32,2024-10-01,34,2023-01,13,21,1,2.6655
UNIT-32,2024-11-01,35,2023-01,13,22,1,2.6667
UNIT-32,2024-12-01,36,2023-01,13,23,1,2.7128
UNIT-32,2025-01-01,37,2023-01,13,24,1,2.6353
UNIT-32,2025-02-01,38,2023-01,13,25,1,2.6877
UNIT-32,2025-03-01,39,2023-01,13,26,1,2.7516
UNIT-32,2025-04-01,40,2023-01,13,27,1,2.6433
UNIT-32,2025-05-01,41,2023-01,13,28,1,2.7348
UNIT-32,2025-06-01,42,2023-01,13,29,1,2.684
UNIT-32,2025-07-01,43,2023-01,13,30,1,2.6959
UNIT-32,2025-08-01,44,2023-01,13,31,1,2.7031
UNIT-32,2025-09-01,45,2023-01,13,32,1,2.7199
UNIT-32,2025-10-01,46,2023-01,13,33,1,2.7341
UNIT-32,2025-11-01,47,2023-01,13,34,1,2.6887
UNIT-32,2025-12-01,48,2023-01,13,35,1,2.7413
UNIT-33,2022-01-01,1,2023-01,13,-12,0,2.2224
UNIT-33,2022-02-01,2,2023-01,13,-11,0,2.235
UNIT-33,2022-03-01,3,2023-01,13,-10,0,2.2537
UNIT-33,2022-04-01,4,2023-01,13,-9,0,2.262
UNIT-33,2022-05-01,5,2023-01,13,-8,0,2.2259
UNIT-33,2022-06-01,6,2023-01,13,-7,0,2.2437
UNIT-33,2022-07-01,7,2023-01,13,-6,0,2.2257
UNIT-33,2022-08-01,8,2023-01,13,-5,0,2.2538
UNIT-33,2022-09-01,9,2023-01,13,-4,0,2.2716
UNIT-33,2022-10-01,10,2023-01,13,-3,0,2.3547
UNIT-33,2022-11-01,11,2023-01,13,-2,0,2.2609
UNIT-33,2022-12-01,12,2023-01,13,-1,0,2.2907
UNIT-33,2023-01-01,13,2023-01,13,0,1,2.2813
UNIT-33,2023-02-01,14,2023-01,13,1,1,2.3416
UNIT-33,2023-03-01,15,2023-01,13,2,1,2.2832
UNIT-33,2023-04-01,16,2023-01,13,3,1,2.3748
UNIT-33,2023-05-01,17,2023-01,13,4,1,2.327
UNIT-33,2023-06-01,18,2023-01,13,5,1,2.3135
UNIT-33,2023-07-01,19,2023-01,13,6,1,2.3365
UNIT-33,2023-08-01,20,2023-01,13,7,1,2.3776
UNIT-33,2023-09-01,21,2023-01,13,8,1,2.3202
UNIT-33,2023-10-01,22,2023-01,13,9,1,2.3712
UNIT-33,2023-11-01,23,2023-01,13,10,1,2.3688
UNIT-33,2023-12-01,24,2023-01,13,11,1,2.3878
UNIT-33,2024-01-01,25,2023-01,13,12,1,2.3607
UNIT-33,2024-02-01,26,2023-01,13,13,1,2.3516
UNIT-33,2024-03-01,27,2023-01,13,14,1,2.371
UNIT-33,2024-04-01,28,2023-01,13,15,1,2.3404
UNIT-33,2024-05-01,29,2023-01,13,16,1,2.4317
UNIT-33,2024-06-01,30,2023-01,13,17,1,2.4179
UNIT-33,2024-07-01,31,2023-01,13,18,1,2.4023
UNIT-33,2024-08-01,32,2023-01,13,19,1,2.4313
UNIT-33,2024-09-01,33,2023-01,13,20,1,2.4096
UNIT-33,2024-10-01,34,2023-01,13,21,1,2.4569
UNIT-33,2024-11-01,35,2023-01,13,22,1,2.3773
UNIT-33,2024-12-01,36,2023-01,13,23,1,2.3684
UNIT-33,2025-01-01,37,2023-01,13,24,1,2.4068
UNIT-33,2025-02-01,38,2023-01,13,25,1,2.4069
UNIT-33,2025-03-01,39,2023-01,13,26,1,2.3857
UNIT-33,2025-04-01,40,2023-01,13,27,1,2.3459
UNIT-33,2025-05-01,41,2023-01,13,28,1,2.3921
UNIT-33,2025-06-01,42,2023-01,13,29,1,2.4073
UNIT-33,2025-07-01,43,2023-01,13,30,1,2.408
UNIT-33,2025-08-01,44,2023-01,13,31,1,2.4584
UNIT-33,2025-09-01,45,2023-01,13,32,1,2.3817
UNIT-33,2025-10-01,46,2023-01,13,33,1,2.4069
UNIT-33,2025-11-01,47,2023-01,13,34,1,2.457
UNIT-33,2025-12-01,48,2023-01,13,35,1,2.4627
UNIT-34,2022-01-01,1,never,0,,0,2.0603
UNIT-34,2022-02-01,2,never,0,,0,2.0763
UNIT-34,2022-03-01,3,never,0,,0,2.1379
UNIT-34,2022-04-01,4,never,0,,0,2.1241
UNIT-34,2022-05-01,5,never,0,,0,2.019
UNIT-34,2022-06-01,6,never,0,,0,2.1019
UNIT-34,2022-07-01,7,never,0,,0,2.09
UNIT-34,2022-08-01,8,never,0,,0,2.0909
UNIT-34,2022-09-01,9,never,0,,0,2.0937
UNIT-34,2022-10-01,10,never,0,,0,2.0727
UNIT-34,2022-11-01,11,never,0,,0,2.1269
UNIT-34,2022-12-01,12,never,0,,0,2.0937
UNIT-34,2023-01-01,13,never,0,,0,2.0943
UNIT-34,2023-02-01,14,never,0,,0,2.0977
UNIT-34,2023-03-01,15,never,0,,0,2.1423
UNIT-34,2023-04-01,16,never,0,,0,2.1195
UNIT-34,2023-05-01,17,never,0,,0,2.1276
UNIT-34,2023-06-01,18,never,0,,0,2.1014
UNIT-34,2023-07-01,19,never,0,,0,2.1145
UNIT-34,2023-08-01,20,never,0,,0,2.1278
UNIT-34,2023-09-01,21,never,0,,0,2.0699
UNIT-34,2023-10-01,22,never,0,,0,2.1464
UNIT-34,2023-11-01,23,never,0,,0,2.1353
UNIT-34,2023-12-01,24,never,0,,0,2.0726
UNIT-34,2024-01-01,25,never,0,,0,2.1458
UNIT-34,2024-02-01,26,never,0,,0,2.1505
UNIT-34,2024-03-01,27,never,0,,0,2.1084
UNIT-34,2024-04-01,28,never,0,,0,2.1419
UNIT-34,2024-05-01,29,never,0,,0,2.2082
UNIT-34,2024-06-01,30,never,0,,0,2.1639
UNIT-34,2024-07-01,31,never,0,,0,2.15
UNIT-34,2024-08-01,32,never,0,,0,2.1852
UNIT-34,2024-09-01,33,never,0,,0,2.1231
UNIT-34,2024-10-01,34,never,0,,0,2.2106
UNIT-34,2024-11-01,35,never,0,,0,2.1438
UNIT-34,2024-12-01,36,never,0,,0,2.1453
UNIT-34,2025-01-01,37,never,0,,0,2.1821
UNIT-34,2025-02-01,38,never,0,,0,2.2085
UNIT-34,2025-03-01,39,never,0,,0,2.149
UNIT-34,2025-04-01,40,never,0,,0,2.1373
UNIT-34,2025-05-01,41,never,0,,0,2.1813
UNIT-34,2025-06-01,42,never,0,,0,2.1516
UNIT-34,2025-07-01,43,never,0,,0,2.1735
UNIT-34,2025-08-01,44,never,0,,0,2.1574
UNIT-34,2025-09-01,45,never,0,,0,2.1944
UNIT-34,2025-10-01,46,never,0,,0,2.2479
UNIT-34,2025-11-01,47,never,0,,0,2.1617
UNIT-34,2025-12-01,48,never,0,,0,2.2057
UNIT-35,2022-01-01,1,2023-07,19,-18,0,2.2599
UNIT-35,2022-02-01,2,2023-07,19,-17,0,2.227
UNIT-35,2022-03-01,3,2023-07,19,-16,0,2.2831
UNIT-35,2022-04-01,4,2023-07,19,-15,0,2.3014
UNIT-35,2022-05-01,5,2023-07,19,-14,0,2.338
UNIT-35,2022-06-01,6,2023-07,19,-13,0,2.2945
UNIT-35,2022-07-01,7,2023-07,19,-12,0,2.3274
UNIT-35,2022-08-01,8,2023-07,19,-11,0,2.3878
UNIT-35,2022-09-01,9,2023-07,19,-10,0,2.3264
UNIT-35,2022-10-01,10,2023-07,19,-9,0,2.2829
UNIT-35,2022-11-01,11,2023-07,19,-8,0,2.2858
UNIT-35,2022-12-01,12,2023-07,19,-7,0,2.3182
UNIT-35,2023-01-01,13,2023-07,19,-6,0,2.3477
UNIT-35,2023-02-01,14,2023-07,19,-5,0,2.3104
UNIT-35,2023-03-01,15,2023-07,19,-4,0,2.2973
UNIT-35,2023-04-01,16,2023-07,19,-3,0,2.2576
UNIT-35,2023-05-01,17,2023-07,19,-2,0,2.328
UNIT-35,2023-06-01,18,2023-07,19,-1,0,2.3952
UNIT-35,2023-07-01,19,2023-07,19,0,1,2.3484
UNIT-35,2023-08-01,20,2023-07,19,1,1,2.3235
UNIT-35,2023-09-01,21,2023-07,19,2,1,2.3982
UNIT-35,2023-10-01,22,2023-07,19,3,1,2.3882
UNIT-35,2023-11-01,23,2023-07,19,4,1,2.4889
UNIT-35,2023-12-01,24,2023-07,19,5,1,2.4646
UNIT-35,2024-01-01,25,2023-07,19,6,1,2.4547
UNIT-35,2024-02-01,26,2023-07,19,7,1,2.4198
UNIT-35,2024-03-01,27,2023-07,19,8,1,2.4122
UNIT-35,2024-04-01,28,2023-07,19,9,1,2.3811
UNIT-35,2024-05-01,29,2023-07,19,10,1,2.484
UNIT-35,2024-06-01,30,2023-07,19,11,1,2.3929
UNIT-35,2024-07-01,31,2023-07,19,12,1,2.4987
UNIT-35,2024-08-01,32,2023-07,19,13,1,2.4469
UNIT-35,2024-09-01,33,2023-07,19,14,1,2.4738
UNIT-35,2024-10-01,34,2023-07,19,15,1,2.4642
UNIT-35,2024-11-01,35,2023-07,19,16,1,2.497
UNIT-35,2024-12-01,36,2023-07,19,17,1,2.4679
UNIT-35,2025-01-01,37,2023-07,19,18,1,2.4938
UNIT-35,2025-02-01,38,2023-07,19,19,1,2.4863
UNIT-35,2025-03-01,39,2023-07,19,20,1,2.4979
UNIT-35,2025-04-01,40,2023-07,19,21,1,2.4845
UNIT-35,2025-05-01,41,2023-07,19,22,1,2.4369
UNIT-35,2025-06-01,42,2023-07,19,23,1,2.4502
UNIT-35,2025-07-01,43,2023-07,19,24,1,2.4685
UNIT-35,2025-08-01,44,2023-07,19,25,1,2.5185
UNIT-35,2025-09-01,45,2023-07,19,26,1,2.5493
UNIT-35,2025-10-01,46,2023-07,19,27,1,2.4654
UNIT-35,2025-11-01,47,2023-07,19,28,1,2.4274
UNIT-35,2025-12-01,48,2023-07,19,29,1,2.4517
UNIT-36,2022-01-01,1,2023-07,19,-18,0,2.4819
UNIT-36,2022-02-01,2,2023-07,19,-17,0,2.4441
UNIT-36,2022-03-01,3,2023-07,19,-16,0,2.5146
UNIT-36,2022-04-01,4,2023-07,19,-15,0,2.4467
UNIT-36,2022-05-01,5,2023-07,19,-14,0,2.4816
UNIT-36,2022-06-01,6,2023-07,19,-13,0,2.4195
UNIT-36,2022-07-01,7,2023-07,19,-12,0,2.4352
UNIT-36,2022-08-01,8,2023-07,19,-11,0,2.4113
UNIT-36,2022-09-01,9,2023-07,19,-10,0,2.5027
UNIT-36,2022-10-01,10,2023-07,19,-9,0,2.4651
UNIT-36,2022-11-01,11,2023-07,19,-8,0,2.4667
UNIT-36,2022-12-01,12,2023-07,19,-7,0,2.4751
UNIT-36,2023-01-01,13,2023-07,19,-6,0,2.5343
UNIT-36,2023-02-01,14,2023-07,19,-5,0,2.5292
UNIT-36,2023-03-01,15,2023-07,19,-4,0,2.4726
UNIT-36,2023-04-01,16,2023-07,19,-3,0,2.4653
UNIT-36,2023-05-01,17,2023-07,19,-2,0,2.5008
UNIT-36,2023-06-01,18,2023-07,19,-1,0,2.5443
UNIT-36,2023-07-01,19,2023-07,19,0,1,2.5367
UNIT-36,2023-08-01,20,2023-07,19,1,1,2.5337
UNIT-36,2023-09-01,21,2023-07,19,2,1,2.5574
UNIT-36,2023-10-01,22,2023-07,19,3,1,2.6252
UNIT-36,2023-11-01,23,2023-07,19,4,1,2.5923
UNIT-36,2023-12-01,24,2023-07,19,5,1,2.6134
UNIT-36,2024-01-01,25,2023-07,19,6,1,2.5887
UNIT-36,2024-02-01,26,2023-07,19,7,1,2.6245
UNIT-36,2024-03-01,27,2023-07,19,8,1,2.6144
UNIT-36,2024-04-01,28,2023-07,19,9,1,2.5474
UNIT-36,2024-05-01,29,2023-07,19,10,1,2.6183
UNIT-36,2024-06-01,30,2023-07,19,11,1,2.5927
UNIT-36,2024-07-01,31,2023-07,19,12,1,2.59
UNIT-36,2024-08-01,32,2023-07,19,13,1,2.6419
UNIT-36,2024-09-01,33,2023-07,19,14,1,2.6486
UNIT-36,2024-10-01,34,2023-07,19,15,1,2.6412
UNIT-36,2024-11-01,35,2023-07,19,16,1,2.6091
UNIT-36,2024-12-01,36,2023-07,19,17,1,2.5874
UNIT-36,2025-01-01,37,2023-07,19,18,1,2.6137
UNIT-36,2025-02-01,38,2023-07,19,19,1,2.6641
UNIT-36,2025-03-01,39,2023-07,19,20,1,2.663
UNIT-36,2025-04-01,40,2023-07,19,21,1,2.6605
UNIT-36,2025-05-01,41,2023-07,19,22,1,2.587
UNIT-36,2025-06-01,42,2023-07,19,23,1,2.6399
UNIT-36,2025-07-01,43,2023-07,19,24,1,2.6412
UNIT-36,2025-08-01,44,2023-07,19,25,1,2.6122
UNIT-36,2025-09-01,45,2023-07,19,26,1,2.6872
UNIT-36,2025-10-01,46,2023-07,19,27,1,2.6814
UNIT-36,2025-11-01,47,2023-07,19,28,1,2.6687
UNIT-36,2025-12-01,48,2023-07,19,29,1,2.6269
UNIT-37,2022-01-01,1,never,0,,0,1.9459
UNIT-37,2022-02-01,2,never,0,,0,2.0376
UNIT-37,2022-03-01,3,never,0,,0,1.9043
UNIT-37,2022-04-01,4,never,0,,0,1.9945
UNIT-37,2022-05-01,5,never,0,,0,2.0722
UNIT-37,2022-06-01,6,never,0,,0,2.0024
UNIT-37,2022-07-01,7,never,0,,0,1.9511
UNIT-37,2022-08-01,8,never,0,,0,1.9512
UNIT-37,2022-09-01,9,never,0,,0,2.0378
UNIT-37,2022-10-01,10,never,0,,0,2.0185
UNIT-37,2022-11-01,11,never,0,,0,2.0157
UNIT-37,2022-12-01,12,never,0,,0,2.0241
UNIT-37,2023-01-01,13,never,0,,0,2.011
UNIT-37,2023-02-01,14,never,0,,0,2.0312
UNIT-37,2023-03-01,15,never,0,,0,2.0556
UNIT-37,2023-04-01,16,never,0,,0,2.0233
UNIT-37,2023-05-01,17,never,0,,0,2.0369
UNIT-37,2023-06-01,18,never,0,,0,2.0061
UNIT-37,2023-07-01,19,never,0,,0,2.0141
UNIT-37,2023-08-01,20,never,0,,0,2.0051
UNIT-37,2023-09-01,21,never,0,,0,2.0778
UNIT-37,2023-10-01,22,never,0,,0,1.9985
UNIT-37,2023-11-01,23,never,0,,0,2.0227
UNIT-37,2023-12-01,24,never,0,,0,2.0802
UNIT-37,2024-01-01,25,never,0,,0,2.0955
UNIT-37,2024-02-01,26,never,0,,0,2.0372
UNIT-37,2024-03-01,27,never,0,,0,2.0523
UNIT-37,2024-04-01,28,never,0,,0,2.0687
UNIT-37,2024-05-01,29,never,0,,0,2.133
UNIT-37,2024-06-01,30,never,0,,0,2.0187
UNIT-37,2024-07-01,31,never,0,,0,2.0597
UNIT-37,2024-08-01,32,never,0,,0,2.0637
UNIT-37,2024-09-01,33,never,0,,0,2.1021
UNIT-37,2024-10-01,34,never,0,,0,2.0731
UNIT-37,2024-11-01,35,never,0,,0,2.0153
UNIT-37,2024-12-01,36,never,0,,0,2.0975
UNIT-37,2025-01-01,37,never,0,,0,2.0766
UNIT-37,2025-02-01,38,never,0,,0,2.0535
UNIT-37,2025-03-01,39,never,0,,0,2.0437
UNIT-37,2025-04-01,40,never,0,,0,2.1248
UNIT-37,2025-05-01,41,never,0,,0,2.0733
UNIT-37,2025-06-01,42,never,0,,0,2.1075
UNIT-37,2025-07-01,43,never,0,,0,2.0912
UNIT-37,2025-08-01,44,never,0,,0,2.1284
UNIT-37,2025-09-01,45,never,0,,0,2.1017
UNIT-37,2025-10-01,46,never,0,,0,2.0912
UNIT-37,2025-11-01,47,never,0,,0,2.0855
UNIT-37,2025-12-01,48,never,0,,0,2.1553
UNIT-38,2022-01-01,1,2024-01,25,-24,0,2.2742
UNIT-38,2022-02-01,2,2024-01,25,-23,0,2.3133
UNIT-38,2022-03-01,3,2024-01,25,-22,0,2.3955
UNIT-38,2022-04-01,4,2024-01,25,-21,0,2.3783
UNIT-38,2022-05-01,5,2024-01,25,-20,0,2.3654
UNIT-38,2022-06-01,6,2024-01,25,-19,0,2.3899
UNIT-38,2022-07-01,7,2024-01,25,-18,0,2.3725
UNIT-38,2022-08-01,8,2024-01,25,-17,0,2.34
UNIT-38,2022-09-01,9,2024-01,25,-16,0,2.3405
UNIT-38,2022-10-01,10,2024-01,25,-15,0,2.3449
UNIT-38,2022-11-01,11,2024-01,25,-14,0,2.3876
UNIT-38,2022-12-01,12,2024-01,25,-13,0,2.3424
UNIT-38,2023-01-01,13,2024-01,25,-12,0,2.35
UNIT-38,2023-02-01,14,2024-01,25,-11,0,2.3691
UNIT-38,2023-03-01,15,2024-01,25,-10,0,2.4159
UNIT-38,2023-04-01,16,2024-01,25,-9,0,2.355
UNIT-38,2023-05-01,17,2024-01,25,-8,0,2.3663
UNIT-38,2023-06-01,18,2024-01,25,-7,0,2.4045
UNIT-38,2023-07-01,19,2024-01,25,-6,0,2.423
UNIT-38,2023-08-01,20,2024-01,25,-5,0,2.3631
UNIT-38,2023-09-01,21,2024-01,25,-4,0,2.3986
UNIT-38,2023-10-01,22,2024-01,25,-3,0,2.4446
UNIT-38,2023-11-01,23,2024-01,25,-2,0,2.4071
UNIT-38,2023-12-01,24,2024-01,25,-1,0,2.4027
UNIT-38,2024-01-01,25,2024-01,25,0,1,2.4386
UNIT-38,2024-02-01,26,2024-01,25,1,1,2.4493
UNIT-38,2024-03-01,27,2024-01,25,2,1,2.4733
UNIT-38,2024-04-01,28,2024-01,25,3,1,2.4348
UNIT-38,2024-05-01,29,2024-01,25,4,1,2.4516
UNIT-38,2024-06-01,30,2024-01,25,5,1,2.5265
UNIT-38,2024-07-01,31,2024-01,25,6,1,2.4683
UNIT-38,2024-08-01,32,2024-01,25,7,1,2.4746
UNIT-38,2024-09-01,33,2024-01,25,8,1,2.5467
UNIT-38,2024-10-01,34,2024-01,25,9,1,2.4685
UNIT-38,2024-11-01,35,2024-01,25,10,1,2.5403
UNIT-38,2024-12-01,36,2024-01,25,11,1,2.5439
UNIT-38,2025-01-01,37,2024-01,25,12,1,2.5602
UNIT-38,2025-02-01,38,2024-01,25,13,1,2.5709
UNIT-38,2025-03-01,39,2024-01,25,14,1,2.4632
UNIT-38,2025-04-01,40,2024-01,25,15,1,2.5495
UNIT-38,2025-05-01,41,2024-01,25,16,1,2.5519
UNIT-38,2025-06-01,42,2024-01,25,17,1,2.5647
UNIT-38,2025-07-01,43,2024-01,25,18,1,2.5388
UNIT-38,2025-08-01,44,2024-01,25,19,1,2.4461
UNIT-38,2025-09-01,45,2024-01,25,20,1,2.559
UNIT-38,2025-10-01,46,2024-01,25,21,1,2.5664
UNIT-38,2025-11-01,47,2024-01,25,22,1,2.5696
UNIT-38,2025-12-01,48,2024-01,25,23,1,2.5764
UNIT-39,2022-01-01,1,never,0,,0,2.3637
UNIT-39,2022-02-01,2,never,0,,0,2.4814
UNIT-39,2022-03-01,3,never,0,,0,2.3934
UNIT-39,2022-04-01,4,never,0,,0,2.4292
UNIT-39,2022-05-01,5,never,0,,0,2.3829
UNIT-39,2022-06-01,6,never,0,,0,2.3757
UNIT-39,2022-07-01,7,never,0,,0,2.436
UNIT-39,2022-08-01,8,never,0,,0,2.4346
UNIT-39,2022-09-01,9,never,0,,0,2.4101
UNIT-39,2022-10-01,10,never,0,,0,2.4486
UNIT-39,2022-11-01,11,never,0,,0,2.4333
UNIT-39,2022-12-01,12,never,0,,0,2.4136
UNIT-39,2023-01-01,13,never,0,,0,2.4562
UNIT-39,2023-02-01,14,never,0,,0,2.4571
UNIT-39,2023-03-01,15,never,0,,0,2.4364
UNIT-39,2023-04-01,16,never,0,,0,2.4082
UNIT-39,2023-05-01,17,never,0,,0,2.4122
UNIT-39,2023-06-01,18,never,0,,0,2.4624
UNIT-39,2023-07-01,19,never,0,,0,2.4522
UNIT-39,2023-08-01,20,never,0,,0,2.4872
UNIT-39,2023-09-01,21,never,0,,0,2.4785
UNIT-39,2023-10-01,22,never,0,,0,2.3877
UNIT-39,2023-11-01,23,never,0,,0,2.5175
UNIT-39,2023-12-01,24,never,0,,0,2.4996
UNIT-39,2024-01-01,25,never,0,,0,2.4346
UNIT-39,2024-02-01,26,never,0,,0,2.4735
UNIT-39,2024-03-01,27,never,0,,0,2.5249
UNIT-39,2024-04-01,28,never,0,,0,2.5399
UNIT-39,2024-05-01,29,never,0,,0,2.4864
UNIT-39,2024-06-01,30,never,0,,0,2.4901
UNIT-39,2024-07-01,31,never,0,,0,2.514
UNIT-39,2024-08-01,32,never,0,,0,2.5165
UNIT-39,2024-09-01,33,never,0,,0,2.5001
UNIT-39,2024-10-01,34,never,0,,0,2.4537
UNIT-39,2024-11-01,35,never,0,,0,2.4794
UNIT-39,2024-12-01,36,never,0,,0,2.4825
UNIT-39,2025-01-01,37,never,0,,0,2.5057
UNIT-39,2025-02-01,38,never,0,,0,2.5293
UNIT-39,2025-03-01,39,never,0,,0,2.5019
UNIT-39,2025-04-01,40,never,0,,0,2.5056
UNIT-39,2025-05-01,41,never,0,,0,2.5517
UNIT-39,2025-06-01,42,never,0,,0,2.5635
UNIT-39,2025-07-01,43,never,0,,0,2.5027
UNIT-39,2025-08-01,44,never,0,,0,2.5917
UNIT-39,2025-09-01,45,never,0,,0,2.4493
UNIT-39,2025-10-01,46,never,0,,0,2.5983
UNIT-39,2025-11-01,47,never,0,,0,2.4921
UNIT-39,2025-12-01,48,never,0,,0,2.4865
UNIT-40,2022-01-01,1,2023-01,13,-12,0,2.26
UNIT-40,2022-02-01,2,2023-01,13,-11,0,2.2368
UNIT-40,2022-03-01,3,2023-01,13,-10,0,2.227
UNIT-40,2022-04-01,4,2023-01,13,-9,0,2.2094
UNIT-40,2022-05-01,5,2023-01,13,-8,0,2.2329
UNIT-40,2022-06-01,6,2023-01,13,-7,0,2.2491
UNIT-40,2022-07-01,7,2023-01,13,-6,0,2.2612
UNIT-40,2022-08-01,8,2023-01,13,-5,0,2.2605
UNIT-40,2022-09-01,9,2023-01,13,-4,0,2.3056
UNIT-40,2022-10-01,10,2023-01,13,-3,0,2.2609
UNIT-40,2022-11-01,11,2023-01,13,-2,0,2.2812
UNIT-40,2022-12-01,12,2023-01,13,-1,0,2.2905
UNIT-40,2023-01-01,13,2023-01,13,0,1,2.2578
UNIT-40,2023-02-01,14,2023-01,13,1,1,2.3373
UNIT-40,2023-03-01,15,2023-01,13,2,1,2.3224
UNIT-40,2023-04-01,16,2023-01,13,3,1,2.3695
UNIT-40,2023-05-01,17,2023-01,13,4,1,2.3024
UNIT-40,2023-06-01,18,2023-01,13,5,1,2.3827
UNIT-40,2023-07-01,19,2023-01,13,6,1,2.3332
UNIT-40,2023-08-01,20,2023-01,13,7,1,2.4036
UNIT-40,2023-09-01,21,2023-01,13,8,1,2.3563
UNIT-40,2023-10-01,22,2023-01,13,9,1,2.3872
UNIT-40,2023-11-01,23,2023-01,13,10,1,2.3683
UNIT-40,2023-12-01,24,2023-01,13,11,1,2.3357
UNIT-40,2024-01-01,25,2023-01,13,12,1,2.3228
UNIT-40,2024-02-01,26,2023-01,13,13,1,2.3985
UNIT-40,2024-03-01,27,2023-01,13,14,1,2.3808
UNIT-40,2024-04-01,28,2023-01,13,15,1,2.4574
UNIT-40,2024-05-01,29,2023-01,13,16,1,2.3704
UNIT-40,2024-06-01,30,2023-01,13,17,1,2.3842
UNIT-40,2024-07-01,31,2023-01,13,18,1,2.3941
UNIT-40,2024-08-01,32,2023-01,13,19,1,2.4024
UNIT-40,2024-09-01,33,2023-01,13,20,1,2.3461
UNIT-40,2024-10-01,34,2023-01,13,21,1,2.412
UNIT-40,2024-11-01,35,2023-01,13,22,1,2.3691
UNIT-40,2024-12-01,36,2023-01,13,23,1,2.4289
UNIT-40,2025-01-01,37,2023-01,13,24,1,2.3744
UNIT-40,2025-02-01,38,2023-01,13,25,1,2.4017
UNIT-40,2025-03-01,39,2023-01,13,26,1,2.4276
UNIT-40,2025-04-01,40,2023-01,13,27,1,2.3737
UNIT-40,2025-05-01,41,2023-01,13,28,1,2.4288
UNIT-40,2025-06-01,42,2023-01,13,29,1,2.4989
UNIT-40,2025-07-01,43,2023-01,13,30,1,2.3717
UNIT-40,2025-08-01,44,2023-01,13,31,1,2.4364
UNIT-40,2025-09-01,45,2023-01,13,32,1,2.4124
UNIT-40,2025-10-01,46,2023-01,13,33,1,2.4185
UNIT-40,2025-11-01,47,2023-01,13,34,1,2.4364
UNIT-40,2025-12-01,48,2023-01,13,35,1,2.397
UNIT-41,2022-01-01,1,never,0,,0,2.3461
UNIT-41,2022-02-01,2,never,0,,0,2.3208
UNIT-41,2022-03-01,3,never,0,,0,2.3109
UNIT-41,2022-04-01,4,never,0,,0,2.3504
UNIT-41,2022-05-01,5,never,0,,0,2.3316
UNIT-41,2022-06-01,6,never,0,,0,2.3423
UNIT-41,2022-07-01,7,never,0,,0,2.3351
UNIT-41,2022-08-01,8,never,0,,0,2.3618
UNIT-41,2022-09-01,9,never,0,,0,2.379
UNIT-41,2022-10-01,10,never,0,,0,2.3937
UNIT-41,2022-11-01,11,never,0,,0,2.3259
UNIT-41,2022-12-01,12,never,0,,0,2.3842
UNIT-41,2023-01-01,13,never,0,,0,2.3921
UNIT-41,2023-02-01,14,never,0,,0,2.3897
UNIT-41,2023-03-01,15,never,0,,0,2.387
UNIT-41,2023-04-01,16,never,0,,0,2.4053
UNIT-41,2023-05-01,17,never,0,,0,2.4573
UNIT-41,2023-06-01,18,never,0,,0,2.439
UNIT-41,2023-07-01,19,never,0,,0,2.4415
UNIT-41,2023-08-01,20,never,0,,0,2.3988
UNIT-41,2023-09-01,21,never,0,,0,2.3891
UNIT-41,2023-10-01,22,never,0,,0,2.3957
UNIT-41,2023-11-01,23,never,0,,0,2.4363
UNIT-41,2023-12-01,24,never,0,,0,2.4507
UNIT-41,2024-01-01,25,never,0,,0,2.3988
UNIT-41,2024-02-01,26,never,0,,0,2.4377
UNIT-41,2024-03-01,27,never,0,,0,2.4258
UNIT-41,2024-04-01,28,never,0,,0,2.4153
UNIT-41,2024-05-01,29,never,0,,0,2.4187
UNIT-41,2024-06-01,30,never,0,,0,2.473
UNIT-41,2024-07-01,31,never,0,,0,2.4029
UNIT-41,2024-08-01,32,never,0,,0,2.495
UNIT-41,2024-09-01,33,never,0,,0,2.3841
UNIT-41,2024-10-01,34,never,0,,0,2.4806
UNIT-41,2024-11-01,35,never,0,,0,2.474
UNIT-41,2024-12-01,36,never,0,,0,2.4992
UNIT-41,2025-01-01,37,never,0,,0,2.4565
UNIT-41,2025-02-01,38,never,0,,0,2.5051
UNIT-41,2025-03-01,39,never,0,,0,2.4666
UNIT-41,2025-04-01,40,never,0,,0,2.5126
UNIT-41,2025-05-01,41,never,0,,0,2.4969
UNIT-41,2025-06-01,42,never,0,,0,2.4987
UNIT-41,2025-07-01,43,never,0,,0,2.4672
UNIT-41,2025-08-01,44,never,0,,0,2.4882
UNIT-41,2025-09-01,45,never,0,,0,2.5183
UNIT-41,2025-10-01,46,never,0,,0,2.4975
UNIT-41,2025-11-01,47,never,0,,0,2.4974
UNIT-41,2025-12-01,48,never,0,,0,2.5183
UNIT-42,2022-01-01,1,2024-01,25,-24,0,2.6886
UNIT-42,2022-02-01,2,2024-01,25,-23,0,2.7187
UNIT-42,2022-03-01,3,2024-01,25,-22,0,2.6924
UNIT-42,2022-04-01,4,2024-01,25,-21,0,2.694
UNIT-42,2022-05-01,5,2024-01,25,-20,0,2.7173
UNIT-42,2022-06-01,6,2024-01,25,-19,0,2.7057
UNIT-42,2022-07-01,7,2024-01,25,-18,0,2.708
UNIT-42,2022-08-01,8,2024-01,25,-17,0,2.6072
UNIT-42,2022-09-01,9,2024-01,25,-16,0,2.7425
UNIT-42,2022-10-01,10,2024-01,25,-15,0,2.7296
UNIT-42,2022-11-01,11,2024-01,25,-14,0,2.7543
UNIT-42,2022-12-01,12,2024-01,25,-13,0,2.6911
UNIT-42,2023-01-01,13,2024-01,25,-12,0,2.7174
UNIT-42,2023-02-01,14,2024-01,25,-11,0,2.7608
UNIT-42,2023-03-01,15,2024-01,25,-10,0,2.7909
UNIT-42,2023-04-01,16,2024-01,25,-9,0,2.7743
UNIT-42,2023-05-01,17,2024-01,25,-8,0,2.7425
UNIT-42,2023-06-01,18,2024-01,25,-7,0,2.7266
UNIT-42,2023-07-01,19,2024-01,25,-6,0,2.8078
UNIT-42,2023-08-01,20,2024-01,25,-5,0,2.7785
UNIT-42,2023-09-01,21,2024-01,25,-4,0,2.8182
UNIT-42,2023-10-01,22,2024-01,25,-3,0,2.7042
UNIT-42,2023-11-01,23,2024-01,25,-2,0,2.7951
UNIT-42,2023-12-01,24,2024-01,25,-1,0,2.7532
UNIT-42,2024-01-01,25,2024-01,25,0,1,2.8183
UNIT-42,2024-02-01,26,2024-01,25,1,1,2.8218
UNIT-42,2024-03-01,27,2024-01,25,2,1,2.8561
UNIT-42,2024-04-01,28,2024-01,25,3,1,2.8485
UNIT-42,2024-05-01,29,2024-01,25,4,1,2.8525
UNIT-42,2024-06-01,30,2024-01,25,5,1,2.872
UNIT-42,2024-07-01,31,2024-01,25,6,1,2.8605
UNIT-42,2024-08-01,32,2024-01,25,7,1,2.9122
UNIT-42,2024-09-01,33,2024-01,25,8,1,2.9028
UNIT-42,2024-10-01,34,2024-01,25,9,1,2.854
UNIT-42,2024-11-01,35,2024-01,25,10,1,2.8511
UNIT-42,2024-12-01,36,2024-01,25,11,1,2.8606
UNIT-42,2025-01-01,37,2024-01,25,12,1,2.8868
UNIT-42,2025-02-01,38,2024-01,25,13,1,2.8371
UNIT-42,2025-03-01,39,2024-01,25,14,1,2.864
UNIT-42,2025-04-01,40,2024-01,25,15,1,2.8741
UNIT-42,2025-05-01,41,2024-01,25,16,1,2.9343
UNIT-42,2025-06-01,42,2024-01,25,17,1,2.8925
UNIT-42,2025-07-01,43,2024-01,25,18,1,2.968
UNIT-42,2025-08-01,44,2024-01,25,19,1,2.943
UNIT-42,2025-09-01,45,2024-01,25,20,1,2.9143
UNIT-42,2025-10-01,46,2024-01,25,21,1,2.9101
UNIT-42,2025-11-01,47,2024-01,25,22,1,2.9558
UNIT-42,2025-12-01,48,2024-01,25,23,1,2.9404
UNIT-43,2022-01-01,1,2023-07,19,-18,0,2.5981
UNIT-43,2022-02-01,2,2023-07,19,-17,0,2.6402
UNIT-43,2022-03-01,3,2023-07,19,-16,0,2.641
UNIT-43,2022-04-01,4,2023-07,19,-15,0,2.5769
UNIT-43,2022-05-01,5,2023-07,19,-14,0,2.5822
UNIT-43,2022-06-01,6,2023-07,19,-13,0,2.6257
UNIT-43,2022-07-01,7,2023-07,19,-12,0,2.5936
UNIT-43,2022-08-01,8,2023-07,19,-11,0,2.6592
UNIT-43,2022-09-01,9,2023-07,19,-10,0,2.696
UNIT-43,2022-10-01,10,2023-07,19,-9,0,2.6572
UNIT-43,2022-11-01,11,2023-07,19,-8,0,2.6867
UNIT-43,2022-12-01,12,2023-07,19,-7,0,2.6766
UNIT-43,2023-01-01,13,2023-07,19,-6,0,2.6355
UNIT-43,2023-02-01,14,2023-07,19,-5,0,2.7118
UNIT-43,2023-03-01,15,2023-07,19,-4,0,2.6458
UNIT-43,2023-04-01,16,2023-07,19,-3,0,2.6773
UNIT-43,2023-05-01,17,2023-07,19,-2,0,2.6274
UNIT-43,2023-06-01,18,2023-07,19,-1,0,2.6174
UNIT-43,2023-07-01,19,2023-07,19,0,1,2.6842
UNIT-43,2023-08-01,20,2023-07,19,1,1,2.6594
UNIT-43,2023-09-01,21,2023-07,19,2,1,2.7368
UNIT-43,2023-10-01,22,2023-07,19,3,1,2.7297
UNIT-43,2023-11-01,23,2023-07,19,4,1,2.7398
UNIT-43,2023-12-01,24,2023-07,19,5,1,2.7572
UNIT-43,2024-01-01,25,2023-07,19,6,1,2.7989
UNIT-43,2024-02-01,26,2023-07,19,7,1,2.7846
UNIT-43,2024-03-01,27,2023-07,19,8,1,2.8192
UNIT-43,2024-04-01,28,2023-07,19,9,1,2.7759
UNIT-43,2024-05-01,29,2023-07,19,10,1,2.7855
UNIT-43,2024-06-01,30,2023-07,19,11,1,2.7904
UNIT-43,2024-07-01,31,2023-07,19,12,1,2.7
UNIT-43,2024-08-01,32,2023-07,19,13,1,2.7844
UNIT-43,2024-09-01,33,2023-07,19,14,1,2.7995
UNIT-43,2024-10-01,34,2023-07,19,15,1,2.7757
UNIT-43,2024-11-01,35,2023-07,19,16,1,2.7588
UNIT-43,2024-12-01,36,2023-07,19,17,1,2.8206
UNIT-43,2025-01-01,37,2023-07,19,18,1,2.7383
UNIT-43,2025-02-01,38,2023-07,19,19,1,2.7819
UNIT-43,2025-03-01,39,2023-07,19,20,1,2.768
UNIT-43,2025-04-01,40,2023-07,19,21,1,2.7908
UNIT-43,2025-05-01,41,2023-07,19,22,1,2.8307
UNIT-43,2025-06-01,42,2023-07,19,23,1,2.817
UNIT-43,2025-07-01,43,2023-07,19,24,1,2.7859
UNIT-43,2025-08-01,44,2023-07,19,25,1,2.7751
UNIT-43,2025-09-01,45,2023-07,19,26,1,2.8253
UNIT-43,2025-10-01,46,2023-07,19,27,1,2.8626
UNIT-43,2025-11-01,47,2023-07,19,28,1,2.8059
UNIT-43,2025-12-01,48,2023-07,19,29,1,2.8252
UNIT-44,2022-01-01,1,2023-07,19,-18,0,2.1661
UNIT-44,2022-02-01,2,2023-07,19,-17,0,2.2934
UNIT-44,2022-03-01,3,2023-07,19,-16,0,2.2267
UNIT-44,2022-04-01,4,2023-07,19,-15,0,2.1663
UNIT-44,2022-05-01,5,2023-07,19,-14,0,2.2428
UNIT-44,2022-06-01,6,2023-07,19,-13,0,2.2688
UNIT-44,2022-07-01,7,2023-07,19,-12,0,2.2391
UNIT-44,2022-08-01,8,2023-07,19,-11,0,2.2351
UNIT-44,2022-09-01,9,2023-07,19,-10,0,2.2945
UNIT-44,2022-10-01,10,2023-07,19,-9,0,2.3062
UNIT-44,2022-11-01,11,2023-07,19,-8,0,2.2416
UNIT-44,2022-12-01,12,2023-07,19,-7,0,2.266
UNIT-44,2023-01-01,13,2023-07,19,-6,0,2.2807
UNIT-44,2023-02-01,14,2023-07,19,-5,0,2.2752
UNIT-44,2023-03-01,15,2023-07,19,-4,0,2.2283
UNIT-44,2023-04-01,16,2023-07,19,-3,0,2.3077
UNIT-44,2023-05-01,17,2023-07,19,-2,0,2.2824
UNIT-44,2023-06-01,18,2023-07,19,-1,0,2.271
UNIT-44,2023-07-01,19,2023-07,19,0,1,2.316
UNIT-44,2023-08-01,20,2023-07,19,1,1,2.307
UNIT-44,2023-09-01,21,2023-07,19,2,1,2.3993
UNIT-44,2023-10-01,22,2023-07,19,3,1,2.3048
UNIT-44,2023-11-01,23,2023-07,19,4,1,2.37
UNIT-44,2023-12-01,24,2023-07,19,5,1,2.3583
UNIT-44,2024-01-01,25,2023-07,19,6,1,2.3616
UNIT-44,2024-02-01,26,2023-07,19,7,1,2.3096
UNIT-44,2024-03-01,27,2023-07,19,8,1,2.3887
UNIT-44,2024-04-01,28,2023-07,19,9,1,2.3628
UNIT-44,2024-05-01,29,2023-07,19,10,1,2.3909
UNIT-44,2024-06-01,30,2023-07,19,11,1,2.4263
UNIT-44,2024-07-01,31,2023-07,19,12,1,2.4009
UNIT-44,2024-08-01,32,2023-07,19,13,1,2.3336
UNIT-44,2024-09-01,33,2023-07,19,14,1,2.4157
UNIT-44,2024-10-01,34,2023-07,19,15,1,2.3792
UNIT-44,2024-11-01,35,2023-07,19,16,1,2.4391
UNIT-44,2024-12-01,36,2023-07,19,17,1,2.3669
UNIT-44,2025-01-01,37,2023-07,19,18,1,2.4398
UNIT-44,2025-02-01,38,2023-07,19,19,1,2.394
UNIT-44,2025-03-01,39,2023-07,19,20,1,2.4133
UNIT-44,2025-04-01,40,2023-07,19,21,1,2.3639
UNIT-44,2025-05-01,41,2023-07,19,22,1,2.4217
UNIT-44,2025-06-01,42,2023-07,19,23,1,2.3638
UNIT-44,2025-07-01,43,2023-07,19,24,1,2.4034
UNIT-44,2025-08-01,44,2023-07,19,25,1,2.3526
UNIT-44,2025-09-01,45,2023-07,19,26,1,2.4314
UNIT-44,2025-10-01,46,2023-07,19,27,1,2.4043
UNIT-44,2025-11-01,47,2023-07,19,28,1,2.4296
UNIT-44,2025-12-01,48,2023-07,19,29,1,2.4454
UNIT-45,2022-01-01,1,2024-01,25,-24,0,2.8459
UNIT-45,2022-02-01,2,2024-01,25,-23,0,2.8906
UNIT-45,2022-03-01,3,2024-01,25,-22,0,2.8022
UNIT-45,2022-04-01,4,2024-01,25,-21,0,2.8966
UNIT-45,2022-05-01,5,2024-01,25,-20,0,2.9247
UNIT-45,2022-06-01,6,2024-01,25,-19,0,2.8748
UNIT-45,2022-07-01,7,2024-01,25,-18,0,2.9434
UNIT-45,2022-08-01,8,2024-01,25,-17,0,2.8906
UNIT-45,2022-09-01,9,2024-01,25,-16,0,2.907
UNIT-45,2022-10-01,10,2024-01,25,-15,0,2.8538
UNIT-45,2022-11-01,11,2024-01,25,-14,0,2.8334
UNIT-45,2022-12-01,12,2024-01,25,-13,0,2.8989
UNIT-45,2023-01-01,13,2024-01,25,-12,0,2.9302
UNIT-45,2023-02-01,14,2024-01,25,-11,0,2.8556
UNIT-45,2023-03-01,15,2024-01,25,-10,0,2.8704
UNIT-45,2023-04-01,16,2024-01,25,-9,0,2.8627
UNIT-45,2023-05-01,17,2024-01,25,-8,0,2.8737
UNIT-45,2023-06-01,18,2024-01,25,-7,0,2.9022
UNIT-45,2023-07-01,19,2024-01,25,-6,0,2.9553
UNIT-45,2023-08-01,20,2024-01,25,-5,0,2.8806
UNIT-45,2023-09-01,21,2024-01,25,-4,0,2.9309
UNIT-45,2023-10-01,22,2024-01,25,-3,0,2.9126
UNIT-45,2023-11-01,23,2024-01,25,-2,0,2.9324
UNIT-45,2023-12-01,24,2024-01,25,-1,0,2.9797
UNIT-45,2024-01-01,25,2024-01,25,0,1,3.0237
UNIT-45,2024-02-01,26,2024-01,25,1,1,3.0116
UNIT-45,2024-03-01,27,2024-01,25,2,1,3.0199
UNIT-45,2024-04-01,28,2024-01,25,3,1,2.9494
UNIT-45,2024-05-01,29,2024-01,25,4,1,3.0015
UNIT-45,2024-06-01,30,2024-01,25,5,1,2.9782
UNIT-45,2024-07-01,31,2024-01,25,6,1,2.973
UNIT-45,2024-08-01,32,2024-01,25,7,1,3.0073
UNIT-45,2024-09-01,33,2024-01,25,8,1,2.9969
UNIT-45,2024-10-01,34,2024-01,25,9,1,3.0383
UNIT-45,2024-11-01,35,2024-01,25,10,1,3.0141
UNIT-45,2024-12-01,36,2024-01,25,11,1,2.9999
UNIT-45,2025-01-01,37,2024-01,25,12,1,3.0973
UNIT-45,2025-02-01,38,2024-01,25,13,1,3.051
UNIT-45,2025-03-01,39,2024-01,25,14,1,2.9958
UNIT-45,2025-04-01,40,2024-01,25,15,1,3.0038
UNIT-45,2025-05-01,41,2024-01,25,16,1,3.0803
UNIT-45,2025-06-01,42,2024-01,25,17,1,3.0216
UNIT-45,2025-07-01,43,2024-01,25,18,1,3.0722
UNIT-45,2025-08-01,44,2024-01,25,19,1,3.0038
UNIT-45,2025-09-01,45,2024-01,25,20,1,3.0361
UNIT-45,2025-10-01,46,2024-01,25,21,1,3.0897
UNIT-45,2025-11-01,47,2024-01,25,22,1,3.0587
UNIT-45,2025-12-01,48,2024-01,25,23,1,3.069
UNIT-46,2022-01-01,1,2023-07,19,-18,0,2.2004
UNIT-46,2022-02-01,2,2023-07,19,-17,0,2.1912
UNIT-46,2022-03-01,3,2023-07,19,-16,0,2.227
UNIT-46,2022-04-01,4,2023-07,19,-15,0,2.2411
UNIT-46,2022-05-01,5,2023-07,19,-14,0,2.2219
UNIT-46,2022-06-01,6,2023-07,19,-13,0,2.2724
UNIT-46,2022-07-01,7,2023-07,19,-12,0,2.1687
UNIT-46,2022-08-01,8,2023-07,19,-11,0,2.2612
UNIT-46,2022-09-01,9,2023-07,19,-10,0,2.2254
UNIT-46,2022-10-01,10,2023-07,19,-9,0,2.1924
UNIT-46,2022-11-01,11,2023-07,19,-8,0,2.2493
UNIT-46,2022-12-01,12,2023-07,19,-7,0,2.2516
UNIT-46,2023-01-01,13,2023-07,19,-6,0,2.2709
UNIT-46,2023-02-01,14,2023-07,19,-5,0,2.2712
UNIT-46,2023-03-01,15,2023-07,19,-4,0,2.3206
UNIT-46,2023-04-01,16,2023-07,19,-3,0,2.2646
UNIT-46,2023-05-01,17,2023-07,19,-2,0,2.2554
UNIT-46,2023-06-01,18,2023-07,19,-1,0,2.2617
UNIT-46,2023-07-01,19,2023-07,19,0,1,2.3077
UNIT-46,2023-08-01,20,2023-07,19,1,1,2.2915
UNIT-46,2023-09-01,21,2023-07,19,2,1,2.3638
UNIT-46,2023-10-01,22,2023-07,19,3,1,2.3061
UNIT-46,2023-11-01,23,2023-07,19,4,1,2.3993
UNIT-46,2023-12-01,24,2023-07,19,5,1,2.3164
UNIT-46,2024-01-01,25,2023-07,19,6,1,2.348
UNIT-46,2024-02-01,26,2023-07,19,7,1,2.3583
UNIT-46,2024-03-01,27,2023-07,19,8,1,2.3694
UNIT-46,2024-04-01,28,2023-07,19,9,1,2.3834
UNIT-46,2024-05-01,29,2023-07,19,10,1,2.3972
UNIT-46,2024-06-01,30,2023-07,19,11,1,2.3483
UNIT-46,2024-07-01,31,2023-07,19,12,1,2.3336
UNIT-46,2024-08-01,32,2023-07,19,13,1,2.3984
UNIT-46,2024-09-01,33,2023-07,19,14,1,2.4033
UNIT-46,2024-10-01,34,2023-07,19,15,1,2.3717
UNIT-46,2024-11-01,35,2023-07,19,16,1,2.3726
UNIT-46,2024-12-01,36,2023-07,19,17,1,2.3833
UNIT-46,2025-01-01,37,2023-07,19,18,1,2.3941
UNIT-46,2025-02-01,38,2023-07,19,19,1,2.3593
UNIT-46,2025-03-01,39,2023-07,19,20,1,2.4189
UNIT-46,2025-04-01,40,2023-07,19,21,1,2.4036
UNIT-46,2025-05-01,41,2023-07,19,22,1,2.3704
UNIT-46,2025-06-01,42,2023-07,19,23,1,2.352
UNIT-46,2025-07-01,43,2023-07,19,24,1,2.3881
UNIT-46,2025-08-01,44,2023-07,19,25,1,2.411
UNIT-46,2025-09-01,45,2023-07,19,26,1,2.4107
UNIT-46,2025-10-01,46,2023-07,19,27,1,2.4232
UNIT-46,2025-11-01,47,2023-07,19,28,1,2.3821
UNIT-46,2025-12-01,48,2023-07,19,29,1,2.425
UNIT-47,2022-01-01,1,never,0,,0,2.4991
UNIT-47,2022-02-01,2,never,0,,0,2.4689
UNIT-47,2022-03-01,3,never,0,,0,2.5018
UNIT-47,2022-04-01,4,never,0,,0,2.555
UNIT-47,2022-05-01,5,never,0,,0,2.5195
UNIT-47,2022-06-01,6,never,0,,0,2.5161
UNIT-47,2022-07-01,7,never,0,,0,2.4943
UNIT-47,2022-08-01,8,never,0,,0,2.4686
UNIT-47,2022-09-01,9,never,0,,0,2.4768
UNIT-47,2022-10-01,10,never,0,,0,2.5523
UNIT-47,2022-11-01,11,never,0,,0,2.5382
UNIT-47,2022-12-01,12,never,0,,0,2.5367
UNIT-47,2023-01-01,13,never,0,,0,2.5247
UNIT-47,2023-02-01,14,never,0,,0,2.4547
UNIT-47,2023-03-01,15,never,0,,0,2.5392
UNIT-47,2023-04-01,16,never,0,,0,2.5434
UNIT-47,2023-05-01,17,never,0,,0,2.5486
UNIT-47,2023-06-01,18,never,0,,0,2.5066
UNIT-47,2023-07-01,19,never,0,,0,2.573
UNIT-47,2023-08-01,20,never,0,,0,2.5669
UNIT-47,2023-09-01,21,never,0,,0,2.5345
UNIT-47,2023-10-01,22,never,0,,0,2.5935
UNIT-47,2023-11-01,23,never,0,,0,2.5676
UNIT-47,2023-12-01,24,never,0,,0,2.5975
UNIT-47,2024-01-01,25,never,0,,0,2.5574
UNIT-47,2024-02-01,26,never,0,,0,2.5388
UNIT-47,2024-03-01,27,never,0,,0,2.6019
UNIT-47,2024-04-01,28,never,0,,0,2.5725
UNIT-47,2024-05-01,29,never,0,,0,2.5226
UNIT-47,2024-06-01,30,never,0,,0,2.6132
UNIT-47,2024-07-01,31,never,0,,0,2.6065
UNIT-47,2024-08-01,32,never,0,,0,2.6275
UNIT-47,2024-09-01,33,never,0,,0,2.6118
UNIT-47,2024-10-01,34,never,0,,0,2.5488
UNIT-47,2024-11-01,35,never,0,,0,2.5617
UNIT-47,2024-12-01,36,never,0,,0,2.6001
UNIT-47,2025-01-01,37,never,0,,0,2.6166
UNIT-47,2025-02-01,38,never,0,,0,2.6325
UNIT-47,2025-03-01,39,never,0,,0,2.576
UNIT-47,2025-04-01,40,never,0,,0,2.61
UNIT-47,2025-05-01,41,never,0,,0,2.5782
UNIT-47,2025-06-01,42,never,0,,0,2.5699
UNIT-47,2025-07-01,43,never,0,,0,2.6673
UNIT-47,2025-08-01,44,never,0,,0,2.6802
UNIT-47,2025-09-01,45,never,0,,0,2.5996
UNIT-47,2025-10-01,46,never,0,,0,2.6128
UNIT-47,2025-11-01,47,never,0,,0,2.6461
UNIT-47,2025-12-01,48,never,0,,0,2.6104
UNIT-48,2022-01-01,1,never,0,,0,2.398
UNIT-48,2022-02-01,2,never,0,,0,2.4327
UNIT-48,2022-03-01,3,never,0,,0,2.3772
UNIT-48,2022-04-01,4,never,0,,0,2.3932
UNIT-48,2022-05-01,5,never,0,,0,2.4799
UNIT-48,2022-06-01,6,never,0,,0,2.4332
UNIT-48,2022-07-01,7,never,0,,0,2.4163
UNIT-48,2022-08-01,8,never,0,,0,2.4643
UNIT-48,2022-09-01,9,never,0,,0,2.4487
UNIT-48,2022-10-01,10,never,0,,0,2.4318
UNIT-48,2022-11-01,11,never,0,,0,2.4397
UNIT-48,2022-12-01,12,never,0,,0,2.4365
UNIT-48,2023-01-01,13,never,0,,0,2.4375
UNIT-48,2023-02-01,14,never,0,,0,2.4706
UNIT-48,2023-03-01,15,never,0,,0,2.4969
UNIT-48,2023-04-01,16,never,0,,0,2.4469
UNIT-48,2023-05-01,17,never,0,,0,2.47
UNIT-48,2023-06-01,18,never,0,,0,2.5134
UNIT-48,2023-07-01,19,never,0,,0,2.402
UNIT-48,2023-08-01,20,never,0,,0,2.4837
UNIT-48,2023-09-01,21,never,0,,0,2.4912
UNIT-48,2023-10-01,22,never,0,,0,2.4902
UNIT-48,2023-11-01,23,never,0,,0,2.4863
UNIT-48,2023-12-01,24,never,0,,0,2.5408
UNIT-48,2024-01-01,25,never,0,,0,2.5653
UNIT-48,2024-02-01,26,never,0,,0,2.4493
UNIT-48,2024-03-01,27,never,0,,0,2.5154
UNIT-48,2024-04-01,28,never,0,,0,2.5585
UNIT-48,2024-05-01,29,never,0,,0,2.4436
UNIT-48,2024-06-01,30,never,0,,0,2.5079
UNIT-48,2024-07-01,31,never,0,,0,2.5498
UNIT-48,2024-08-01,32,never,0,,0,2.5079
UNIT-48,2024-09-01,33,never,0,,0,2.4995
UNIT-48,2024-10-01,34,never,0,,0,2.4478
UNIT-48,2024-11-01,35,never,0,,0,2.5011
UNIT-48,2024-12-01,36,never,0,,0,2.5494
UNIT-48,2025-01-01,37,never,0,,0,2.4624
UNIT-48,2025-02-01,38,never,0,,0,2.5302
UNIT-48,2025-03-01,39,never,0,,0,2.5046
UNIT-48,2025-04-01,40,never,0,,0,2.6298
UNIT-48,2025-05-01,41,never,0,,0,2.5438
UNIT-48,2025-06-01,42,never,0,,0,2.5875
UNIT-48,2025-07-01,43,never,0,,0,2.54
UNIT-48,2025-08-01,44,never,0,,0,2.5371
UNIT-48,2025-09-01,45,never,0,,0,2.5497
UNIT-48,2025-10-01,46,never,0,,0,2.5517
UNIT-48,2025-11-01,47,never,0,,0,2.5914
UNIT-48,2025-12-01,48,never,0,,0,2.5974
UNIT-49,2022-01-01,1,never,0,,0,2.7782
UNIT-49,2022-02-01,2,never,0,,0,2.7691
UNIT-49,2022-03-01,3,never,0,,0,2.8161
UNIT-49,2022-04-01,4,never,0,,0,2.7744
UNIT-49,2022-05-01,5,never,0,,0,2.7897
UNIT-49,2022-06-01,6,never,0,,0,2.7748
UNIT-49,2022-07-01,7,never,0,,0,2.8305
UNIT-49,2022-08-01,8,never,0,,0,2.8123
UNIT-49,2022-09-01,9,never,0,,0,2.8114
UNIT-49,2022-10-01,10,never,0,,0,2.7607
UNIT-49,2022-11-01,11,never,0,,0,2.8549
UNIT-49,2022-12-01,12,never,0,,0,2.7806
UNIT-49,2023-01-01,13,never,0,,0,2.8017
UNIT-49,2023-02-01,14,never,0,,0,2.761
UNIT-49,2023-03-01,15,never,0,,0,2.7984
UNIT-49,2023-04-01,16,never,0,,0,2.7868
UNIT-49,2023-05-01,17,never,0,,0,2.7855
UNIT-49,2023-06-01,18,never,0,,0,2.846
UNIT-49,2023-07-01,19,never,0,,0,2.8198
UNIT-49,2023-08-01,20,never,0,,0,2.8388
UNIT-49,2023-09-01,21,never,0,,0,2.7933
UNIT-49,2023-10-01,22,never,0,,0,2.8014
UNIT-49,2023-11-01,23,never,0,,0,2.7867
UNIT-49,2023-12-01,24,never,0,,0,2.8802
UNIT-49,2024-01-01,25,never,0,,0,2.8431
UNIT-49,2024-02-01,26,never,0,,0,2.8154
UNIT-49,2024-03-01,27,never,0,,0,2.8463
UNIT-49,2024-04-01,28,never,0,,0,2.9369
UNIT-49,2024-05-01,29,never,0,,0,2.8207
UNIT-49,2024-06-01,30,never,0,,0,2.8228
UNIT-49,2024-07-01,31,never,0,,0,2.8501
UNIT-49,2024-08-01,32,never,0,,0,2.8131
UNIT-49,2024-09-01,33,never,0,,0,2.9013
UNIT-49,2024-10-01,34,never,0,,0,2.8257
UNIT-49,2024-11-01,35,never,0,,0,2.8867
UNIT-49,2024-12-01,36,never,0,,0,2.9106
UNIT-49,2025-01-01,37,never,0,,0,2.7611
UNIT-49,2025-02-01,38,never,0,,0,2.8417
UNIT-49,2025-03-01,39,never,0,,0,2.9046
UNIT-49,2025-04-01,40,never,0,,0,2.8879
UNIT-49,2025-05-01,41,never,0,,0,2.864
UNIT-49,2025-06-01,42,never,0,,0,2.9044
UNIT-49,2025-07-01,43,never,0,,0,2.8489
UNIT-49,2025-08-01,44,never,0,,0,2.8873
UNIT-49,2025-09-01,45,never,0,,0,2.9021
UNIT-49,2025-10-01,46,never,0,,0,2.8597
UNIT-49,2025-11-01,47,never,0,,0,2.8677
UNIT-49,2025-12-01,48,never,0,,0,3.0032
UNIT-50,2022-01-01,1,2023-07,19,-18,0,2.6753
UNIT-50,2022-02-01,2,2023-07,19,-17,0,2.6665
UNIT-50,2022-03-01,3,2023-07,19,-16,0,2.6767
UNIT-50,2022-04-01,4,2023-07,19,-15,0,2.6904
UNIT-50,2022-05-01,5,2023-07,19,-14,0,2.7392
UNIT-50,2022-06-01,6,2023-07,19,-13,0,2.7291
UNIT-50,2022-07-01,7,2023-07,19,-12,0,2.6735
UNIT-50,2022-08-01,8,2023-07,19,-11,0,2.7268
UNIT-50,2022-09-01,9,2023-07,19,-10,0,2.7535
UNIT-50,2022-10-01,10,2023-07,19,-9,0,2.716
UNIT-50,2022-11-01,11,2023-07,19,-8,0,2.7665
UNIT-50,2022-12-01,12,2023-07,19,-7,0,2.7557
UNIT-50,2023-01-01,13,2023-07,19,-6,0,2.7251
UNIT-50,2023-02-01,14,2023-07,19,-5,0,2.7534
UNIT-50,2023-03-01,15,2023-07,19,-4,0,2.7689
UNIT-50,2023-04-01,16,2023-07,19,-3,0,2.8297
UNIT-50,2023-05-01,17,2023-07,19,-2,0,2.7694
UNIT-50,2023-06-01,18,2023-07,19,-1,0,2.7823
UNIT-50,2023-07-01,19,2023-07,19,0,1,2.8049
UNIT-50,2023-08-01,20,2023-07,19,1,1,2.7516
UNIT-50,2023-09-01,21,2023-07,19,2,1,2.8364
UNIT-50,2023-10-01,22,2023-07,19,3,1,2.824
UNIT-50,2023-11-01,23,2023-07,19,4,1,2.7879
UNIT-50,2023-12-01,24,2023-07,19,5,1,2.8302
UNIT-50,2024-01-01,25,2023-07,19,6,1,2.8205
UNIT-50,2024-02-01,26,2023-07,19,7,1,2.8344
UNIT-50,2024-03-01,27,2023-07,19,8,1,2.7582
UNIT-50,2024-04-01,28,2023-07,19,9,1,2.8044
UNIT-50,2024-05-01,29,2023-07,19,10,1,2.8726
UNIT-50,2024-06-01,30,2023-07,19,11,1,2.8187
UNIT-50,2024-07-01,31,2023-07,19,12,1,2.8591
UNIT-50,2024-08-01,32,2023-07,19,13,1,2.848
UNIT-50,2024-09-01,33,2023-07,19,14,1,2.8776
UNIT-50,2024-10-01,34,2023-07,19,15,1,2.8297
UNIT-50,2024-11-01,35,2023-07,19,16,1,2.864
UNIT-50,2024-12-01,36,2023-07,19,17,1,2.8526
UNIT-50,2025-01-01,37,2023-07,19,18,1,2.8652
UNIT-50,2025-02-01,38,2023-07,19,19,1,2.8083
UNIT-50,2025-03-01,39,2023-07,19,20,1,2.8953
UNIT-50,2025-04-01,40,2023-07,19,21,1,2.8965
UNIT-50,2025-05-01,41,2023-07,19,22,1,2.8535
UNIT-50,2025-06-01,42,2023-07,19,23,1,2.931
UNIT-50,2025-07-01,43,2023-07,19,24,1,2.9141
UNIT-50,2025-08-01,44,2023-07,19,25,1,2.9063
UNIT-50,2025-09-01,45,2023-07,19,26,1,2.9169
UNIT-50,2025-10-01,46,2023-07,19,27,1,2.8813
UNIT-50,2025-11-01,47,2023-07,19,28,1,2.916
UNIT-50,2025-12-01,48,2023-07,19,29,1,2.9477
UNIT-51,2022-01-01,1,2023-07,19,-18,0,1.8402
UNIT-51,2022-02-01,2,2023-07,19,-17,0,1.7369
UNIT-51,2022-03-01,3,2023-07,19,-16,0,1.8519
UNIT-51,2022-04-01,4,2023-07,19,-15,0,1.7824
UNIT-51,2022-05-01,5,2023-07,19,-14,0,1.7687
UNIT-51,2022-06-01,6,2023-07,19,-13,0,1.7617
UNIT-51,2022-07-01,7,2023-07,19,-12,0,1.7986
UNIT-51,2022-08-01,8,2023-07,19,-11,0,1.7946
UNIT-51,2022-09-01,9,2023-07,19,-10,0,1.7591
UNIT-51,2022-10-01,10,2023-07,19,-9,0,1.822
UNIT-51,2022-11-01,11,2023-07,19,-8,0,1.7753
UNIT-51,2022-12-01,12,2023-07,19,-7,0,1.8054
UNIT-51,2023-01-01,13,2023-07,19,-6,0,1.7941
UNIT-51,2023-02-01,14,2023-07,19,-5,0,1.8229
UNIT-51,2023-03-01,15,2023-07,19,-4,0,1.7922
UNIT-51,2023-04-01,16,2023-07,19,-3,0,1.7817
UNIT-51,2023-05-01,17,2023-07,19,-2,0,1.8855
UNIT-51,2023-06-01,18,2023-07,19,-1,0,1.8513
UNIT-51,2023-07-01,19,2023-07,19,0,1,1.8224
UNIT-51,2023-08-01,20,2023-07,19,1,1,1.8505
UNIT-51,2023-09-01,21,2023-07,19,2,1,1.887
UNIT-51,2023-10-01,22,2023-07,19,3,1,1.8979
UNIT-51,2023-11-01,23,2023-07,19,4,1,1.8932
UNIT-51,2023-12-01,24,2023-07,19,5,1,1.8623
UNIT-51,2024-01-01,25,2023-07,19,6,1,1.9417
UNIT-51,2024-02-01,26,2023-07,19,7,1,1.9011
UNIT-51,2024-03-01,27,2023-07,19,8,1,1.8792
UNIT-51,2024-04-01,28,2023-07,19,9,1,1.9351
UNIT-51,2024-05-01,29,2023-07,19,10,1,1.9173
UNIT-51,2024-06-01,30,2023-07,19,11,1,1.8873
UNIT-51,2024-07-01,31,2023-07,19,12,1,1.9285
UNIT-51,2024-08-01,32,2023-07,19,13,1,1.9138
UNIT-51,2024-09-01,33,2023-07,19,14,1,1.94
UNIT-51,2024-10-01,34,2023-07,19,15,1,1.916
UNIT-51,2024-11-01,35,2023-07,19,16,1,1.951
UNIT-51,2024-12-01,36,2023-07,19,17,1,1.9627
UNIT-51,2025-01-01,37,2023-07,19,18,1,1.9414
UNIT-51,2025-02-01,38,2023-07,19,19,1,1.9098
UNIT-51,2025-03-01,39,2023-07,19,20,1,1.9681
UNIT-51,2025-04-01,40,2023-07,19,21,1,1.9668
UNIT-51,2025-05-01,41,2023-07,19,22,1,1.94
UNIT-51,2025-06-01,42,2023-07,19,23,1,1.9006
UNIT-51,2025-07-01,43,2023-07,19,24,1,2.0387
UNIT-51,2025-08-01,44,2023-07,19,25,1,1.8924
UNIT-51,2025-09-01,45,2023-07,19,26,1,2.0118
UNIT-51,2025-10-01,46,2023-07,19,27,1,2.0129
UNIT-51,2025-11-01,47,2023-07,19,28,1,1.9835
UNIT-51,2025-12-01,48,2023-07,19,29,1,1.9637
UNIT-52,2022-01-01,1,2024-01,25,-24,0,2.6403
UNIT-52,2022-02-01,2,2024-01,25,-23,0,2.6531
UNIT-52,2022-03-01,3,2024-01,25,-22,0,2.6325
UNIT-52,2022-04-01,4,2024-01,25,-21,0,2.667
UNIT-52,2022-05-01,5,2024-01,25,-20,0,2.6714
UNIT-52,2022-06-01,6,2024-01,25,-19,0,2.6443
UNIT-52,2022-07-01,7,2024-01,25,-18,0,2.6099
UNIT-52,2022-08-01,8,2024-01,25,-17,0,2.6276
UNIT-52,2022-09-01,9,2024-01,25,-16,0,2.6891
UNIT-52,2022-10-01,10,2024-01,25,-15,0,2.6614
UNIT-52,2022-11-01,11,2024-01,25,-14,0,2.6866
UNIT-52,2022-12-01,12,2024-01,25,-13,0,2.6489
UNIT-52,2023-01-01,13,2024-01,25,-12,0,2.6644
UNIT-52,2023-02-01,14,2024-01,25,-11,0,2.6811
UNIT-52,2023-03-01,15,2024-01,25,-10,0,2.5601
UNIT-52,2023-04-01,16,2024-01,25,-9,0,2.684
UNIT-52,2023-05-01,17,2024-01,25,-8,0,2.6569
UNIT-52,2023-06-01,18,2024-01,25,-7,0,2.6519
UNIT-52,2023-07-01,19,2024-01,25,-6,0,2.6937
UNIT-52,2023-08-01,20,2024-01,25,-5,0,2.6361
UNIT-52,2023-09-01,21,2024-01,25,-4,0,2.6937
UNIT-52,2023-10-01,22,2024-01,25,-3,0,2.668
UNIT-52,2023-11-01,23,2024-01,25,-2,0,2.6941
UNIT-52,2023-12-01,24,2024-01,25,-1,0,2.7412
UNIT-52,2024-01-01,25,2024-01,25,0,1,2.6602
UNIT-52,2024-02-01,26,2024-01,25,1,1,2.756
UNIT-52,2024-03-01,27,2024-01,25,2,1,2.7279
UNIT-52,2024-04-01,28,2024-01,25,3,1,2.7632
UNIT-52,2024-05-01,29,2024-01,25,4,1,2.7801
UNIT-52,2024-06-01,30,2024-01,25,5,1,2.7993
UNIT-52,2024-07-01,31,2024-01,25,6,1,2.823
UNIT-52,2024-08-01,32,2024-01,25,7,1,2.8383
UNIT-52,2024-09-01,33,2024-01,25,8,1,2.833
UNIT-52,2024-10-01,34,2024-01,25,9,1,2.8098
UNIT-52,2024-11-01,35,2024-01,25,10,1,2.797
UNIT-52,2024-12-01,36,2024-01,25,11,1,2.8224
UNIT-52,2025-01-01,37,2024-01,25,12,1,2.7785
UNIT-52,2025-02-01,38,2024-01,25,13,1,2.8382
UNIT-52,2025-03-01,39,2024-01,25,14,1,2.7589
UNIT-52,2025-04-01,40,2024-01,25,15,1,2.8043
UNIT-52,2025-05-01,41,2024-01,25,16,1,2.7816
UNIT-52,2025-06-01,42,2024-01,25,17,1,2.8275
UNIT-52,2025-07-01,43,2024-01,25,18,1,2.7271
UNIT-52,2025-08-01,44,2024-01,25,19,1,2.8343
UNIT-52,2025-09-01,45,2024-01,25,20,1,2.8216
UNIT-52,2025-10-01,46,2024-01,25,21,1,2.8417
UNIT-52,2025-11-01,47,2024-01,25,22,1,2.8063
UNIT-52,2025-12-01,48,2024-01,25,23,1,2.8222
UNIT-53,2022-01-01,1,2024-01,25,-24,0,2.671
UNIT-53,2022-02-01,2,2024-01,25,-23,0,2.625
UNIT-53,2022-03-01,3,2024-01,25,-22,0,2.6696
UNIT-53,2022-04-01,4,2024-01,25,-21,0,2.6711
UNIT-53,2022-05-01,5,2024-01,25,-20,0,2.6377
UNIT-53,2022-06-01,6,2024-01,25,-19,0,2.6779
UNIT-53,2022-07-01,7,2024-01,25,-18,0,2.6726
UNIT-53,2022-08-01,8,2024-01,25,-17,0,2.6421
UNIT-53,2022-09-01,9,2024-01,25,-16,0,2.7023
UNIT-53,2022-10-01,10,2024-01,25,-15,0,2.6411
UNIT-53,2022-11-01,11,2024-01,25,-14,0,2.6668
UNIT-53,2022-12-01,12,2024-01,25,-13,0,2.6506
UNIT-53,2023-01-01,13,2024-01,25,-12,0,2.7183
UNIT-53,2023-02-01,14,2024-01,25,-11,0,2.6974
UNIT-53,2023-03-01,15,2024-01,25,-10,0,2.6959
UNIT-53,2023-04-01,16,2024-01,25,-9,0,2.682
UNIT-53,2023-05-01,17,2024-01,25,-8,0,2.711
UNIT-53,2023-06-01,18,2024-01,25,-7,0,2.68
UNIT-53,2023-07-01,19,2024-01,25,-6,0,2.7002
UNIT-53,2023-08-01,20,2024-01,25,-5,0,2.7383
UNIT-53,2023-09-01,21,2024-01,25,-4,0,2.7703
UNIT-53,2023-10-01,22,2024-01,25,-3,0,2.7374
UNIT-53,2023-11-01,23,2024-01,25,-2,0,2.731
UNIT-53,2023-12-01,24,2024-01,25,-1,0,2.711
UNIT-53,2024-01-01,25,2024-01,25,0,1,2.7573
UNIT-53,2024-02-01,26,2024-01,25,1,1,2.7337
UNIT-53,2024-03-01,27,2024-01,25,2,1,2.806
UNIT-53,2024-04-01,28,2024-01,25,3,1,2.7503
UNIT-53,2024-05-01,29,2024-01,25,4,1,2.7229
UNIT-53,2024-06-01,30,2024-01,25,5,1,2.8329
UNIT-53,2024-07-01,31,2024-01,25,6,1,2.7358
UNIT-53,2024-08-01,32,2024-01,25,7,1,2.7758
UNIT-53,2024-09-01,33,2024-01,25,8,1,2.8105
UNIT-53,2024-10-01,34,2024-01,25,9,1,2.7926
UNIT-53,2024-11-01,35,2024-01,25,10,1,2.8023
UNIT-53,2024-12-01,36,2024-01,25,11,1,2.8712
UNIT-53,2025-01-01,37,2024-01,25,12,1,2.8123
UNIT-53,2025-02-01,38,2024-01,25,13,1,2.8663
UNIT-53,2025-03-01,39,2024-01,25,14,1,2.7578
UNIT-53,2025-04-01,40,2024-01,25,15,1,2.8413
UNIT-53,2025-05-01,41,2024-01,25,16,1,2.8349
UNIT-53,2025-06-01,42,2024-01,25,17,1,2.9109
UNIT-53,2025-07-01,43,2024-01,25,18,1,2.8017
UNIT-53,2025-08-01,44,2024-01,25,19,1,2.8398
UNIT-53,2025-09-01,45,2024-01,25,20,1,2.8059
UNIT-53,2025-10-01,46,2024-01,25,21,1,2.8247
UNIT-53,2025-11-01,47,2024-01,25,22,1,2.8877
UNIT-53,2025-12-01,48,2024-01,25,23,1,2.8739
UNIT-54,2022-01-01,1,2023-01,13,-12,0,2.1048
UNIT-54,2022-02-01,2,2023-01,13,-11,0,2.089
UNIT-54,2022-03-01,3,2023-01,13,-10,0,2.0485
UNIT-54,2022-04-01,4,2023-01,13,-9,0,2.0716
UNIT-54,2022-05-01,5,2023-01,13,-8,0,2.0458
UNIT-54,2022-06-01,6,2023-01,13,-7,0,2.1101
UNIT-54,2022-07-01,7,2023-01,13,-6,0,2.0804
UNIT-54,2022-08-01,8,2023-01,13,-5,0,2.1573
UNIT-54,2022-09-01,9,2023-01,13,-4,0,2.0759
UNIT-54,2022-10-01,10,2023-01,13,-3,0,2.0923
UNIT-54,2022-11-01,11,2023-01,13,-2,0,2.1086
UNIT-54,2022-12-01,12,2023-01,13,-1,0,2.1221
UNIT-54,2023-01-01,13,2023-01,13,0,1,2.1066
UNIT-54,2023-02-01,14,2023-01,13,1,1,2.1446
UNIT-54,2023-03-01,15,2023-01,13,2,1,2.1631
UNIT-54,2023-04-01,16,2023-01,13,3,1,2.1617
UNIT-54,2023-05-01,17,2023-01,13,4,1,2.1599
UNIT-54,2023-06-01,18,2023-01,13,5,1,2.2037
UNIT-54,2023-07-01,19,2023-01,13,6,1,2.1733
UNIT-54,2023-08-01,20,2023-01,13,7,1,2.2291
UNIT-54,2023-09-01,21,2023-01,13,8,1,2.1232
UNIT-54,2023-10-01,22,2023-01,13,9,1,2.1574
UNIT-54,2023-11-01,23,2023-01,13,10,1,2.1909
UNIT-54,2023-12-01,24,2023-01,13,11,1,2.1779
UNIT-54,2024-01-01,25,2023-01,13,12,1,2.2017
UNIT-54,2024-02-01,26,2023-01,13,13,1,2.1898
UNIT-54,2024-03-01,27,2023-01,13,14,1,2.2459
UNIT-54,2024-04-01,28,2023-01,13,15,1,2.1577
UNIT-54,2024-05-01,29,2023-01,13,16,1,2.204
UNIT-54,2024-06-01,30,2023-01,13,17,1,2.2183
UNIT-54,2024-07-01,31,2023-01,13,18,1,2.2426
UNIT-54,2024-08-01,32,2023-01,13,19,1,2.218
UNIT-54,2024-09-01,33,2023-01,13,20,1,2.2451
UNIT-54,2024-10-01,34,2023-01,13,21,1,2.1955
UNIT-54,2024-11-01,35,2023-01,13,22,1,2.176
UNIT-54,2024-12-01,36,2023-01,13,23,1,2.2675
UNIT-54,2025-01-01,37,2023-01,13,24,1,2.2363
UNIT-54,2025-02-01,38,2023-01,13,25,1,2.2258
UNIT-54,2025-03-01,39,2023-01,13,26,1,2.2908
UNIT-54,2025-04-01,40,2023-01,13,27,1,2.2822
UNIT-54,2025-05-01,41,2023-01,13,28,1,2.2018
UNIT-54,2025-06-01,42,2023-01,13,29,1,2.2711
UNIT-54,2025-07-01,43,2023-01,13,30,1,2.2939
UNIT-54,2025-08-01,44,2023-01,13,31,1,2.3129
UNIT-54,2025-09-01,45,2023-01,13,32,1,2.2221
UNIT-54,2025-10-01,46,2023-01,13,33,1,2.2863
UNIT-54,2025-11-01,47,2023-01,13,34,1,2.2319
UNIT-54,2025-12-01,48,2023-01,13,35,1,2.2442
UNIT-55,2022-01-01,1,never,0,,0,2.6866
UNIT-55,2022-02-01,2,never,0,,0,2.6646
UNIT-55,2022-03-01,3,never,0,,0,2.7008
UNIT-55,2022-04-01,4,never,0,,0,2.6061
UNIT-55,2022-05-01,5,never,0,,0,2.6206
UNIT-55,2022-06-01,6,never,0,,0,2.6995
UNIT-55,2022-07-01,7,never,0,,0,2.6667
UNIT-55,2022-08-01,8,never,0,,0,2.6592
UNIT-55,2022-09-01,9,never,0,,0,2.6722
UNIT-55,2022-10-01,10,never,0,,0,2.6677
UNIT-55,2022-11-01,11,never,0,,0,2.687
UNIT-55,2022-12-01,12,never,0,,0,2.7259
UNIT-55,2023-01-01,13,never,0,,0,2.6904
UNIT-55,2023-02-01,14,never,0,,0,2.669
UNIT-55,2023-03-01,15,never,0,,0,2.7892
UNIT-55,2023-04-01,16,never,0,,0,2.6986
UNIT-55,2023-05-01,17,never,0,,0,2.6998
UNIT-55,2023-06-01,18,never,0,,0,2.697
UNIT-55,2023-07-01,19,never,0,,0,2.7206
UNIT-55,2023-08-01,20,never,0,,0,2.7039
UNIT-55,2023-09-01,21,never,0,,0,2.6141
UNIT-55,2023-10-01,22,never,0,,0,2.6848
UNIT-55,2023-11-01,23,never,0,,0,2.7344
UNIT-55,2023-12-01,24,never,0,,0,2.6408
UNIT-55,2024-01-01,25,never,0,,0,2.6888
UNIT-55,2024-02-01,26,never,0,,0,2.7331
UNIT-55,2024-03-01,27,never,0,,0,2.7853
UNIT-55,2024-04-01,28,never,0,,0,2.7448
UNIT-55,2024-05-01,29,never,0,,0,2.7339
UNIT-55,2024-06-01,30,never,0,,0,2.7247
UNIT-55,2024-07-01,31,never,0,,0,2.7436
UNIT-55,2024-08-01,32,never,0,,0,2.7647
UNIT-55,2024-09-01,33,never,0,,0,2.776
UNIT-55,2024-10-01,34,never,0,,0,2.7398
UNIT-55,2024-11-01,35,never,0,,0,2.7309
UNIT-55,2024-12-01,36,never,0,,0,2.7403
UNIT-55,2025-01-01,37,never,0,,0,2.732
UNIT-55,2025-02-01,38,never,0,,0,2.7605
UNIT-55,2025-03-01,39,never,0,,0,2.7177
UNIT-55,2025-04-01,40,never,0,,0,2.7926
UNIT-55,2025-05-01,41,never,0,,0,2.7781
UNIT-55,2025-06-01,42,never,0,,0,2.7706
UNIT-55,2025-07-01,43,never,0,,0,2.8117
UNIT-55,2025-08-01,44,never,0,,0,2.7387
UNIT-55,2025-09-01,45,never,0,,0,2.8383
UNIT-55,2025-10-01,46,never,0,,0,2.8179
UNIT-55,2025-11-01,47,never,0,,0,2.8287
UNIT-55,2025-12-01,48,never,0,,0,2.7684
UNIT-56,2022-01-01,1,2023-01,13,-12,0,2.7456
UNIT-56,2022-02-01,2,2023-01,13,-11,0,2.7668
UNIT-56,2022-03-01,3,2023-01,13,-10,0,2.7224
UNIT-56,2022-04-01,4,2023-01,13,-9,0,2.7921
UNIT-56,2022-05-01,5,2023-01,13,-8,0,2.7955
UNIT-56,2022-06-01,6,2023-01,13,-7,0,2.773
UNIT-56,2022-07-01,7,2023-01,13,-6,0,2.7043
UNIT-56,2022-08-01,8,2023-01,13,-5,0,2.8138
UNIT-56,2022-09-01,9,2023-01,13,-4,0,2.7838
UNIT-56,2022-10-01,10,2023-01,13,-3,0,2.7977
UNIT-56,2022-11-01,11,2023-01,13,-2,0,2.7664
UNIT-56,2022-12-01,12,2023-01,13,-1,0,2.7652
UNIT-56,2023-01-01,13,2023-01,13,0,1,2.8238
UNIT-56,2023-02-01,14,2023-01,13,1,1,2.8099
UNIT-56,2023-03-01,15,2023-01,13,2,1,2.8718
UNIT-56,2023-04-01,16,2023-01,13,3,1,2.8613
UNIT-56,2023-05-01,17,2023-01,13,4,1,2.8418
UNIT-56,2023-06-01,18,2023-01,13,5,1,2.8776
UNIT-56,2023-07-01,19,2023-01,13,6,1,2.8492
UNIT-56,2023-08-01,20,2023-01,13,7,1,2.8745
UNIT-56,2023-09-01,21,2023-01,13,8,1,2.8904
UNIT-56,2023-10-01,22,2023-01,13,9,1,2.8914
UNIT-56,2023-11-01,23,2023-01,13,10,1,2.8787
UNIT-56,2023-12-01,24,2023-01,13,11,1,2.8988
UNIT-56,2024-01-01,25,2023-01,13,12,1,2.8914
UNIT-56,2024-02-01,26,2023-01,13,13,1,2.8905
UNIT-56,2024-03-01,27,2023-01,13,14,1,2.817
UNIT-56,2024-04-01,28,2023-01,13,15,1,2.8723
UNIT-56,2024-05-01,29,2023-01,13,16,1,2.9346
UNIT-56,2024-06-01,30,2023-01,13,17,1,2.9593
UNIT-56,2024-07-01,31,2023-01,13,18,1,2.8563
UNIT-56,2024-08-01,32,2023-01,13,19,1,2.8861
UNIT-56,2024-09-01,33,2023-01,13,20,1,2.9558
UNIT-56,2024-10-01,34,2023-01,13,21,1,2.8999
UNIT-56,2024-11-01,35,2023-01,13,22,1,2.9957
UNIT-56,2024-12-01,36,2023-01,13,23,1,2.9633
UNIT-56,2025-01-01,37,2023-01,13,24,1,2.9585
UNIT-56,2025-02-01,38,2023-01,13,25,1,2.9652
UNIT-56,2025-03-01,39,2023-01,13,26,1,2.9622
UNIT-56,2025-04-01,40,2023-01,13,27,1,2.9313
UNIT-56,2025-05-01,41,2023-01,13,28,1,2.9101
UNIT-56,2025-06-01,42,2023-01,13,29,1,2.9022
UNIT-56,2025-07-01,43,2023-01,13,30,1,2.9934
UNIT-56,2025-08-01,44,2023-01,13,31,1,3.0163
UNIT-56,2025-09-01,45,2023-01,13,32,1,3.001
UNIT-56,2025-10-01,46,2023-01,13,33,1,2.9328
UNIT-56,2025-11-01,47,2023-01,13,34,1,2.9377
UNIT-56,2025-12-01,48,2023-01,13,35,1,2.9764
UNIT-57,2022-01-01,1,never,0,,0,2.2614
UNIT-57,2022-02-01,2,never,0,,0,2.2614
UNIT-57,2022-03-01,3,never,0,,0,2.2471
UNIT-57,2022-04-01,4,never,0,,0,2.3276
UNIT-57,2022-05-01,5,never,0,,0,2.3405
UNIT-57,2022-06-01,6,never,0,,0,2.3257
UNIT-57,2022-07-01,7,never,0,,0,2.3257
UNIT-57,2022-08-01,8,never,0,,0,2.304
UNIT-57,2022-09-01,9,never,0,,0,2.2305
UNIT-57,2022-10-01,10,never,0,,0,2.2914
UNIT-57,2022-11-01,11,never,0,,0,2.3668
UNIT-57,2022-12-01,12,never,0,,0,2.3145
UNIT-57,2023-01-01,13,never,0,,0,2.2756
UNIT-57,2023-02-01,14,never,0,,0,2.3387
UNIT-57,2023-03-01,15,never,0,,0,2.3796
UNIT-57,2023-04-01,16,never,0,,0,2.3294
UNIT-57,2023-05-01,17,never,0,,0,2.3632
UNIT-57,2023-06-01,18,never,0,,0,2.3725
UNIT-57,2023-07-01,19,never,0,,0,2.369
UNIT-57,2023-08-01,20,never,0,,0,2.3838
UNIT-57,2023-09-01,21,never,0,,0,2.2592
UNIT-57,2023-10-01,22,never,0,,0,2.3903
UNIT-57,2023-11-01,23,never,0,,0,2.3525
UNIT-57,2023-12-01,24,never,0,,0,2.3723
UNIT-57,2024-01-01,25,never,0,,0,2.385
UNIT-57,2024-02-01,26,never,0,,0,2.3466
UNIT-57,2024-03-01,27,never,0,,0,2.4108
UNIT-57,2024-04-01,28,never,0,,0,2.3408
UNIT-57,2024-05-01,29,never,0,,0,2.398
UNIT-57,2024-06-01,30,never,0,,0,2.4275
UNIT-57,2024-07-01,31,never,0,,0,2.4026
UNIT-57,2024-08-01,32,never,0,,0,2.4389
UNIT-57,2024-09-01,33,never,0,,0,2.3514
UNIT-57,2024-10-01,34,never,0,,0,2.3889
UNIT-57,2024-11-01,35,never,0,,0,2.4515
UNIT-57,2024-12-01,36,never,0,,0,2.3982
UNIT-57,2025-01-01,37,never,0,,0,2.3961
UNIT-57,2025-02-01,38,never,0,,0,2.3794
UNIT-57,2025-03-01,39,never,0,,0,2.44
UNIT-57,2025-04-01,40,never,0,,0,2.427
UNIT-57,2025-05-01,41,never,0,,0,2.3579
UNIT-57,2025-06-01,42,never,0,,0,2.4263
UNIT-57,2025-07-01,43,never,0,,0,2.4447
UNIT-57,2025-08-01,44,never,0,,0,2.4066
UNIT-57,2025-09-01,45,never,0,,0,2.4565
UNIT-57,2025-10-01,46,never,0,,0,2.4095
UNIT-57,2025-11-01,47,never,0,,0,2.4072
UNIT-57,2025-12-01,48,never,0,,0,2.4379
UNIT-58,2022-01-01,1,2023-07,19,-18,0,2.6276
UNIT-58,2022-02-01,2,2023-07,19,-17,0,2.6268
UNIT-58,2022-03-01,3,2023-07,19,-16,0,2.6139
UNIT-58,2022-04-01,4,2023-07,19,-15,0,2.6152
UNIT-58,2022-05-01,5,2023-07,19,-14,0,2.6359
UNIT-58,2022-06-01,6,2023-07,19,-13,0,2.6033
UNIT-58,2022-07-01,7,2023-07,19,-12,0,2.6913
UNIT-58,2022-08-01,8,2023-07,19,-11,0,2.6553
UNIT-58,2022-09-01,9,2023-07,19,-10,0,2.6266
UNIT-58,2022-10-01,10,2023-07,19,-9,0,2.6735
UNIT-58,2022-11-01,11,2023-07,19,-8,0,2.6207
UNIT-58,2022-12-01,12,2023-07,19,-7,0,2.6544
UNIT-58,2023-01-01,13,2023-07,19,-6,0,2.676
UNIT-58,2023-02-01,14,2023-07,19,-5,0,2.6723
UNIT-58,2023-03-01,15,2023-07,19,-4,0,2.6961
UNIT-58,2023-04-01,16,2023-07,19,-3,0,2.6612
UNIT-58,2023-05-01,17,2023-07,19,-2,0,2.6689
UNIT-58,2023-06-01,18,2023-07,19,-1,0,2.7801
UNIT-58,2023-07-01,19,2023-07,19,0,1,2.7173
UNIT-58,2023-08-01,20,2023-07,19,1,1,2.6746
UNIT-58,2023-09-01,21,2023-07,19,2,1,2.7465
UNIT-58,2023-10-01,22,2023-07,19,3,1,2.7147
UNIT-58,2023-11-01,23,2023-07,19,4,1,2.728
UNIT-58,2023-12-01,24,2023-07,19,5,1,2.773
UNIT-58,2024-01-01,25,2023-07,19,6,1,2.7593
UNIT-58,2024-02-01,26,2023-07,19,7,1,2.7753
UNIT-58,2024-03-01,27,2023-07,19,8,1,2.7797
UNIT-58,2024-04-01,28,2023-07,19,9,1,2.7768
UNIT-58,2024-05-01,29,2023-07,19,10,1,2.8523
UNIT-58,2024-06-01,30,2023-07,19,11,1,2.7389
UNIT-58,2024-07-01,31,2023-07,19,12,1,2.7293
UNIT-58,2024-08-01,32,2023-07,19,13,1,2.762
UNIT-58,2024-09-01,33,2023-07,19,14,1,2.7841
UNIT-58,2024-10-01,34,2023-07,19,15,1,2.7846
UNIT-58,2024-11-01,35,2023-07,19,16,1,2.8166
UNIT-58,2024-12-01,36,2023-07,19,17,1,2.8262
UNIT-58,2025-01-01,37,2023-07,19,18,1,2.7918
UNIT-58,2025-02-01,38,2023-07,19,19,1,2.7614
UNIT-58,2025-03-01,39,2023-07,19,20,1,2.8183
UNIT-58,2025-04-01,40,2023-07,19,21,1,2.8276
UNIT-58,2025-05-01,41,2023-07,19,22,1,2.7767
UNIT-58,2025-06-01,42,2023-07,19,23,1,2.7617
UNIT-58,2025-07-01,43,2023-07,19,24,1,2.8528
UNIT-58,2025-08-01,44,2023-07,19,25,1,2.82
UNIT-58,2025-09-01,45,2023-07,19,26,1,2.8129
UNIT-58,2025-10-01,46,2023-07,19,27,1,2.7801
UNIT-58,2025-11-01,47,2023-07,19,28,1,2.905
UNIT-58,2025-12-01,48,2023-07,19,29,1,2.8444
UNIT-59,2022-01-01,1,2023-07,19,-18,0,2.239
UNIT-59,2022-02-01,2,2023-07,19,-17,0,2.2932
UNIT-59,2022-03-01,3,2023-07,19,-16,0,2.3181
UNIT-59,2022-04-01,4,2023-07,19,-15,0,2.2372
UNIT-59,2022-05-01,5,2023-07,19,-14,0,2.2167
UNIT-59,2022-06-01,6,2023-07,19,-13,0,2.2491
UNIT-59,2022-07-01,7,2023-07,19,-12,0,2.3208
UNIT-59,2022-08-01,8,2023-07,19,-11,0,2.2351
UNIT-59,2022-09-01,9,2023-07,19,-10,0,2.2946
UNIT-59,2022-10-01,10,2023-07,19,-9,0,2.2247
UNIT-59,2022-11-01,11,2023-07,19,-8,0,2.3673
UNIT-59,2022-12-01,12,2023-07,19,-7,0,2.2574
UNIT-59,2023-01-01,13,2023-07,19,-6,0,2.328
UNIT-59,2023-02-01,14,2023-07,19,-5,0,2.2932
UNIT-59,2023-03-01,15,2023-07,19,-4,0,2.2874
UNIT-59,2023-04-01,16,2023-07,19,-3,0,2.3039
UNIT-59,2023-05-01,17,2023-07,19,-2,0,2.3517
UNIT-59,2023-06-01,18,2023-07,19,-1,0,2.3358
UNIT-59,2023-07-01,19,2023-07,19,0,1,2.332
UNIT-59,2023-08-01,20,2023-07,19,1,1,2.3964
UNIT-59,2023-09-01,21,2023-07,19,2,1,2.3701
UNIT-59,2023-10-01,22,2023-07,19,3,1,2.4286
UNIT-59,2023-11-01,23,2023-07,19,4,1,2.4066
UNIT-59,2023-12-01,24,2023-07,19,5,1,2.3513
UNIT-59,2024-01-01,25,2023-07,19,6,1,2.4122
UNIT-59,2024-02-01,26,2023-07,19,7,1,2.4018
UNIT-59,2024-03-01,27,2023-07,19,8,1,2.3527
UNIT-59,2024-04-01,28,2023-07,19,9,1,2.3996
UNIT-59,2024-05-01,29,2023-07,19,10,1,2.3724
UNIT-59,2024-06-01,30,2023-07,19,11,1,2.3552
UNIT-59,2024-07-01,31,2023-07,19,12,1,2.4093
UNIT-59,2024-08-01,32,2023-07,19,13,1,2.3935
UNIT-59,2024-09-01,33,2023-07,19,14,1,2.4314
UNIT-59,2024-10-01,34,2023-07,19,15,1,2.441
UNIT-59,2024-11-01,35,2023-07,19,16,1,2.4138
UNIT-59,2024-12-01,36,2023-07,19,17,1,2.4052
UNIT-59,2025-01-01,37,2023-07,19,18,1,2.4299
UNIT-59,2025-02-01,38,2023-07,19,19,1,2.455
UNIT-59,2025-03-01,39,2023-07,19,20,1,2.4266
UNIT-59,2025-04-01,40,2023-07,19,21,1,2.3938
UNIT-59,2025-05-01,41,2023-07,19,22,1,2.4424
UNIT-59,2025-06-01,42,2023-07,19,23,1,2.4494
UNIT-59,2025-07-01,43,2023-07,19,24,1,2.4855
UNIT-59,2025-08-01,44,2023-07,19,25,1,2.475
UNIT-59,2025-09-01,45,2023-07,19,26,1,2.5371
UNIT-59,2025-10-01,46,2023-07,19,27,1,2.4437
UNIT-59,2025-11-01,47,2023-07,19,28,1,2.4826
UNIT-59,2025-12-01,48,2023-07,19,29,1,2.4385
UNIT-60,2022-01-01,1,2023-01,13,-12,0,2.573
UNIT-60,2022-02-01,2,2023-01,13,-11,0,2.5902
UNIT-60,2022-03-01,3,2023-01,13,-10,0,2.5474
UNIT-60,2022-04-01,4,2023-01,13,-9,0,2.5833
UNIT-60,2022-05-01,5,2023-01,13,-8,0,2.6249
UNIT-60,2022-06-01,6,2023-01,13,-7,0,2.6246
UNIT-60,2022-07-01,7,2023-01,13,-6,0,2.5301
UNIT-60,2022-08-01,8,2023-01,13,-5,0,2.585
UNIT-60,2022-09-01,9,2023-01,13,-4,0,2.5883
UNIT-60,2022-10-01,10,2023-01,13,-3,0,2.5997
UNIT-60,2022-11-01,11,2023-01,13,-2,0,2.6557
UNIT-60,2022-12-01,12,2023-01,13,-1,0,2.6185
UNIT-60,2023-01-01,13,2023-01,13,0,1,2.5712
UNIT-60,2023-02-01,14,2023-01,13,1,1,2.6066
UNIT-60,2023-03-01,15,2023-01,13,2,1,2.6115
UNIT-60,2023-04-01,16,2023-01,13,3,1,2.6775
UNIT-60,2023-05-01,17,2023-01,13,4,1,2.738
UNIT-60,2023-06-01,18,2023-01,13,5,1,2.6963
UNIT-60,2023-07-01,19,2023-01,13,6,1,2.6158
UNIT-60,2023-08-01,20,2023-01,13,7,1,2.635
UNIT-60,2023-09-01,21,2023-01,13,8,1,2.6613
UNIT-60,2023-10-01,22,2023-01,13,9,1,2.6721
UNIT-60,2023-11-01,23,2023-01,13,10,1,2.6792
UNIT-60,2023-12-01,24,2023-01,13,11,1,2.6891
UNIT-60,2024-01-01,25,2023-01,13,12,1,2.6918
UNIT-60,2024-02-01,26,2023-01,13,13,1,2.6944
UNIT-60,2024-03-01,27,2023-01,13,14,1,2.7304
UNIT-60,2024-04-01,28,2023-01,13,15,1,2.6488
UNIT-60,2024-05-01,29,2023-01,13,16,1,2.6881
UNIT-60,2024-06-01,30,2023-01,13,17,1,2.713
UNIT-60,2024-07-01,31,2023-01,13,18,1,2.693
UNIT-60,2024-08-01,32,2023-01,13,19,1,2.7018
UNIT-60,2024-09-01,33,2023-01,13,20,1,2.7622
UNIT-60,2024-10-01,34,2023-01,13,21,1,2.7432
UNIT-60,2024-11-01,35,2023-01,13,22,1,2.6758
UNIT-60,2024-12-01,36,2023-01,13,23,1,2.7442
UNIT-60,2025-01-01,37,2023-01,13,24,1,2.7093
UNIT-60,2025-02-01,38,2023-01,13,25,1,2.7164
UNIT-60,2025-03-01,39,2023-01,13,26,1,2.8006
UNIT-60,2025-04-01,40,2023-01,13,27,1,2.7619
UNIT-60,2025-05-01,41,2023-01,13,28,1,2.7631
UNIT-60,2025-06-01,42,2023-01,13,29,1,2.6983
UNIT-60,2025-07-01,43,2023-01,13,30,1,2.7876
UNIT-60,2025-08-01,44,2023-01,13,31,1,2.7844
UNIT-60,2025-09-01,45,2023-01,13,32,1,2.7555
UNIT-60,2025-10-01,46,2023-01,13,33,1,2.7983
UNIT-60,2025-11-01,47,2023-01,13,34,1,2.7479
UNIT-60,2025-12-01,48,2023-01,13,35,1,2.737
