cell_id,x_km,y_km,date,t,treated,dist_to_treat_km,in_spillover_ring,post,log_avg_rad
C001,0.0,0.0,2022-01-01,1,0,4.243,0,0,2.199
C001,0.0,0.0,2022-02-01,2,0,4.243,0,0,2.213
C001,0.0,0.0,2022-03-01,3,0,4.243,0,0,2.1449
C001,0.0,0.0,2022-04-01,4,0,4.243,0,0,2.1872
C001,0.0,0.0,2022-05-01,5,0,4.243,0,0,2.2005
C001,0.0,0.0,2022-06-01,6,0,4.243,0,0,2.2403
C001,0.0,0.0,2022-07-01,7,0,4.243,0,0,2.2061
C001,0.0,0.0,2022-08-01,8,0,4.243,0,0,2.2057
C001,0.0,0.0,2022-09-01,9,0,4.243,0,0,2.2313
C001,0.0,0.0,2022-10-01,10,0,4.243,0,0,2.2357
C001,0.0,0.0,2022-11-01,11,0,4.243,0,0,2.2053
C001,0.0,0.0,2022-12-01,12,0,4.243,0,0,2.2361
C001,0.0,0.0,2023-01-01,13,0,4.243,0,0,2.2527
C001,0.0,0.0,2023-02-01,14,0,4.243,0,0,2.2521
C001,0.0,0.0,2023-03-01,15,0,4.243,0,0,2.2277
C001,0.0,0.0,2023-04-01,16,0,4.243,0,0,2.1991
C001,0.0,0.0,2023-05-01,17,0,4.243,0,0,2.2217
C001,0.0,0.0,2023-06-01,18,0,4.243,0,0,2.2706
C001,0.0,0.0,2023-07-01,19,0,4.243,0,0,2.2417
C001,0.0,0.0,2023-08-01,20,0,4.243,0,0,2.2765
C001,0.0,0.0,2023-09-01,21,0,4.243,0,0,2.2571
C001,0.0,0.0,2023-10-01,22,0,4.243,0,0,2.2729
C001,0.0,0.0,2023-11-01,23,0,4.243,0,0,2.2094
C001,0.0,0.0,2023-12-01,24,0,4.243,0,0,2.2281
C001,0.0,0.0,2024-01-01,25,0,4.243,0,1,2.2057
C001,0.0,0.0,2024-02-01,26,0,4.243,0,1,2.2488
C001,0.0,0.0,2024-03-01,27,0,4.243,0,1,2.2897
C001,0.0,0.0,2024-04-01,28,0,4.243,0,1,2.2347
C001,0.0,0.0,2024-05-01,29,0,4.243,0,1,2.2661
C001,0.0,0.0,2024-06-01,30,0,4.243,0,1,2.2597
C001,0.0,0.0,2024-07-01,31,0,4.243,0,1,2.3094
C001,0.0,0.0,2024-08-01,32,0,4.243,0,1,2.2792
C001,0.0,0.0,2024-09-01,33,0,4.243,0,1,2.3454
C001,0.0,0.0,2024-10-01,34,0,4.243,0,1,2.3118
C001,0.0,0.0,2024-11-01,35,0,4.243,0,1,2.3343
C001,0.0,0.0,2024-12-01,36,0,4.243,0,1,2.2919
C002,1.0,0.0,2022-01-01,1,0,3.606,0,0,2.5068
C002,1.0,0.0,2022-02-01,2,0,3.606,0,0,2.4136
C002,1.0,0.0,2022-03-01,3,0,3.606,0,0,2.4256
C002,1.0,0.0,2022-04-01,4,0,3.606,0,0,2.4791
C002,1.0,0.0,2022-05-01,5,0,3.606,0,0,2.4673
C002,1.0,0.0,2022-06-01,6,0,3.606,0,0,2.5027
C002,1.0,0.0,2022-07-01,7,0,3.606,0,0,2.4765
C002,1.0,0.0,2022-08-01,8,0,3.606,0,0,2.4953
C002,1.0,0.0,2022-09-01,9,0,3.606,0,0,2.4388
C002,1.0,0.0,2022-10-01,10,0,3.606,0,0,2.5086
C002,1.0,0.0,2022-11-01,11,0,3.606,0,0,2.5055
C002,1.0,0.0,2022-12-01,12,0,3.606,0,0,2.5164
C002,1.0,0.0,2023-01-01,13,0,3.606,0,0,2.4909
C002,1.0,0.0,2023-02-01,14,0,3.606,0,0,2.5012
C002,1.0,0.0,2023-03-01,15,0,3.606,0,0,2.4846
C002,1.0,0.0,2023-04-01,16,0,3.606,0,0,2.476
C002,1.0,0.0,2023-05-01,17,0,3.606,0,0,2.5184
C002,1.0,0.0,2023-06-01,18,0,3.606,0,0,2.5477
C002,1.0,0.0,2023-07-01,19,0,3.606,0,0,2.5022
C002,1.0,0.0,2023-08-01,20,0,3.606,0,0,2.4793
C002,1.0,0.0,2023-09-01,21,0,3.606,0,0,2.4436
C002,1.0,0.0,2023-10-01,22,0,3.606,0,0,2.4756
C002,1.0,0.0,2023-11-01,23,0,3.606,0,0,2.5241
C002,1.0,0.0,2023-12-01,24,0,3.606,0,0,2.5456
C002,1.0,0.0,2024-01-01,25,0,3.606,0,1,2.5543
C002,1.0,0.0,2024-02-01,26,0,3.606,0,1,2.514
C002,1.0,0.0,2024-03-01,27,0,3.606,0,1,2.5449
C002,1.0,0.0,2024-04-01,28,0,3.606,0,1,2.5832
C002,1.0,0.0,2024-05-01,29,0,3.606,0,1,2.5646
C002,1.0,0.0,2024-06-01,30,0,3.606,0,1,2.5768
C002,1.0,0.0,2024-07-01,31,0,3.606,0,1,2.5659
C002,1.0,0.0,2024-08-01,32,0,3.606,0,1,2.5299
C002,1.0,0.0,2024-09-01,33,0,3.606,0,1,2.5685
C002,1.0,0.0,2024-10-01,34,0,3.606,0,1,2.6065
C002,1.0,0.0,2024-11-01,35,0,3.606,0,1,2.5711
C002,1.0,0.0,2024-12-01,36,0,3.606,0,1,2.5188
C003,2.0,0.0,2022-01-01,1,0,3.162,0,0,2.153
C003,2.0,0.0,2022-02-01,2,0,3.162,0,0,2.203
C003,2.0,0.0,2022-03-01,3,0,3.162,0,0,2.2223
C003,2.0,0.0,2022-04-01,4,0,3.162,0,0,2.2293
C003,2.0,0.0,2022-05-01,5,0,3.162,0,0,2.1609
C003,2.0,0.0,2022-06-01,6,0,3.162,0,0,2.2299
C003,2.0,0.0,2022-07-01,7,0,3.162,0,0,2.1883
C003,2.0,0.0,2022-08-01,8,0,3.162,0,0,2.2187
C003,2.0,0.0,2022-09-01,9,0,3.162,0,0,2.1981
C003,2.0,0.0,2022-10-01,10,0,3.162,0,0,2.2518
C003,2.0,0.0,2022-11-01,11,0,3.162,0,0,2.1773
C003,2.0,0.0,2022-12-01,12,0,3.162,0,0,2.2173
C003,2.0,0.0,2023-01-01,13,0,3.162,0,0,2.2332
C003,2.0,0.0,2023-02-01,14,0,3.162,0,0,2.2027
C003,2.0,0.0,2023-03-01,15,0,3.162,0,0,2.222
C003,2.0,0.0,2023-04-01,16,0,3.162,0,0,2.2682
C003,2.0,0.0,2023-05-01,17,0,3.162,0,0,2.2346
C003,2.0,0.0,2023-06-01,18,0,3.162,0,0,2.2687
C003,2.0,0.0,2023-07-01,19,0,3.162,0,0,2.2225
C003,2.0,0.0,2023-08-01,20,0,3.162,0,0,2.2097
C003,2.0,0.0,2023-09-01,21,0,3.162,0,0,2.192
C003,2.0,0.0,2023-10-01,22,0,3.162,0,0,2.2658
C003,2.0,0.0,2023-11-01,23,0,3.162,0,0,2.239
C003,2.0,0.0,2023-12-01,24,0,3.162,0,0,2.2752
C003,2.0,0.0,2024-01-01,25,0,3.162,0,1,2.2473
C003,2.0,0.0,2024-02-01,26,0,3.162,0,1,2.2526
C003,2.0,0.0,2024-03-01,27,0,3.162,0,1,2.2774
C003,2.0,0.0,2024-04-01,28,0,3.162,0,1,2.2793
C003,2.0,0.0,2024-05-01,29,0,3.162,0,1,2.2479
C003,2.0,0.0,2024-06-01,30,0,3.162,0,1,2.2958
C003,2.0,0.0,2024-07-01,31,0,3.162,0,1,2.2618
C003,2.0,0.0,2024-08-01,32,0,3.162,0,1,2.2713
C003,2.0,0.0,2024-09-01,33,0,3.162,0,1,2.3789
C003,2.0,0.0,2024-10-01,34,0,3.162,0,1,2.3336
C003,2.0,0.0,2024-11-01,35,0,3.162,0,1,2.2882
C003,2.0,0.0,2024-12-01,36,0,3.162,0,1,2.2779
C004,3.0,0.0,2022-01-01,1,0,3.0,0,0,2.5847
C004,3.0,0.0,2022-02-01,2,0,3.0,0,0,2.5961
C004,3.0,0.0,2022-03-01,3,0,3.0,0,0,2.6365
C004,3.0,0.0,2022-04-01,4,0,3.0,0,0,2.6283
C004,3.0,0.0,2022-05-01,5,0,3.0,0,0,2.6158
C004,3.0,0.0,2022-06-01,6,0,3.0,0,0,2.6392
C004,3.0,0.0,2022-07-01,7,0,3.0,0,0,2.6321
C004,3.0,0.0,2022-08-01,8,0,3.0,0,0,2.6595
C004,3.0,0.0,2022-09-01,9,0,3.0,0,0,2.6147
C004,3.0,0.0,2022-10-01,10,0,3.0,0,0,2.6481
C004,3.0,0.0,2022-11-01,11,0,3.0,0,0,2.5878
C004,3.0,0.0,2022-12-01,12,0,3.0,0,0,2.6497
C004,3.0,0.0,2023-01-01,13,0,3.0,0,0,2.6575
C004,3.0,0.0,2023-02-01,14,0,3.0,0,0,2.6144
C004,3.0,0.0,2023-03-01,15,0,3.0,0,0,2.638
C004,3.0,0.0,2023-04-01,16,0,3.0,0,0,2.6689
C004,3.0,0.0,2023-05-01,17,0,3.0,0,0,2.6357
C004,3.0,0.0,2023-06-01,18,0,3.0,0,0,2.6873
C004,3.0,0.0,2023-07-01,19,0,3.0,0,0,2.7084
C004,3.0,0.0,2023-08-01,20,0,3.0,0,0,2.6322
C004,3.0,0.0,2023-09-01,21,0,3.0,0,0,2.7117
C004,3.0,0.0,2023-10-01,22,0,3.0,0,0,2.6895
C004,3.0,0.0,2023-11-01,23,0,3.0,0,0,2.6608
C004,3.0,0.0,2023-12-01,24,0,3.0,0,0,2.7369
C004,3.0,0.0,2024-01-01,25,0,3.0,0,1,2.686
C004,3.0,0.0,2024-02-01,26,0,3.0,0,1,2.7105
C004,3.0,0.0,2024-03-01,27,0,3.0,0,1,2.684
C004,3.0,0.0,2024-04-01,28,0,3.0,0,1,2.6762
C004,3.0,0.0,2024-05-01,29,0,3.0,0,1,2.6448
C004,3.0,0.0,2024-06-01,30,0,3.0,0,1,2.6854
C004,3.0,0.0,2024-07-01,31,0,3.0,0,1,2.7687
C004,3.0,0.0,2024-08-01,32,0,3.0,0,1,2.6847
C004,3.0,0.0,2024-09-01,33,0,3.0,0,1,2.6911
C004,3.0,0.0,2024-10-01,34,0,3.0,0,1,2.69
C004,3.0,0.0,2024-11-01,35,0,3.0,0,1,2.7385
C004,3.0,0.0,2024-12-01,36,0,3.0,0,1,2.7008
C005,4.0,0.0,2022-01-01,1,0,3.162,0,0,2.6822
C005,4.0,0.0,2022-02-01,2,0,3.162,0,0,2.6856
C005,4.0,0.0,2022-03-01,3,0,3.162,0,0,2.6875
C005,4.0,0.0,2022-04-01,4,0,3.162,0,0,2.706
C005,4.0,0.0,2022-05-01,5,0,3.162,0,0,2.6715
C005,4.0,0.0,2022-06-01,6,0,3.162,0,0,2.656
C005,4.0,0.0,2022-07-01,7,0,3.162,0,0,2.7168
C005,4.0,0.0,2022-08-01,8,0,3.162,0,0,2.7388
C005,4.0,0.0,2022-09-01,9,0,3.162,0,0,2.7376
C005,4.0,0.0,2022-10-01,10,0,3.162,0,0,2.7129
C005,4.0,0.0,2022-11-01,11,0,3.162,0,0,2.6709
C005,4.0,0.0,2022-12-01,12,0,3.162,0,0,2.7666
C005,4.0,0.0,2023-01-01,13,0,3.162,0,0,2.7159
C005,4.0,0.0,2023-02-01,14,0,3.162,0,0,2.7042
C005,4.0,0.0,2023-03-01,15,0,3.162,0,0,2.7501
C005,4.0,0.0,2023-04-01,16,0,3.162,0,0,2.804
C005,4.0,0.0,2023-05-01,17,0,3.162,0,0,2.7057
C005,4.0,0.0,2023-06-01,18,0,3.162,0,0,2.7536
C005,4.0,0.0,2023-07-01,19,0,3.162,0,0,2.7557
C005,4.0,0.0,2023-08-01,20,0,3.162,0,0,2.744
C005,4.0,0.0,2023-09-01,21,0,3.162,0,0,2.8051
C005,4.0,0.0,2023-10-01,22,0,3.162,0,0,2.7418
C005,4.0,0.0,2023-11-01,23,0,3.162,0,0,2.7026
C005,4.0,0.0,2023-12-01,24,0,3.162,0,0,2.755
C005,4.0,0.0,2024-01-01,25,0,3.162,0,1,2.7703
C005,4.0,0.0,2024-02-01,26,0,3.162,0,1,2.817
C005,4.0,0.0,2024-03-01,27,0,3.162,0,1,2.7982
C005,4.0,0.0,2024-04-01,28,0,3.162,0,1,2.806
C005,4.0,0.0,2024-05-01,29,0,3.162,0,1,2.8345
C005,4.0,0.0,2024-06-01,30,0,3.162,0,1,2.7563
C005,4.0,0.0,2024-07-01,31,0,3.162,0,1,2.8117
C005,4.0,0.0,2024-08-01,32,0,3.162,0,1,2.8334
C005,4.0,0.0,2024-09-01,33,0,3.162,0,1,2.8009
C005,4.0,0.0,2024-10-01,34,0,3.162,0,1,2.7873
C005,4.0,0.0,2024-11-01,35,0,3.162,0,1,2.7873
C005,4.0,0.0,2024-12-01,36,0,3.162,0,1,2.823
C006,5.0,0.0,2022-01-01,1,0,3.606,0,0,2.4024
C006,5.0,0.0,2022-02-01,2,0,3.606,0,0,2.4762
C006,5.0,0.0,2022-03-01,3,0,3.606,0,0,2.4183
C006,5.0,0.0,2022-04-01,4,0,3.606,0,0,2.472
C006,5.0,0.0,2022-05-01,5,0,3.606,0,0,2.4568
C006,5.0,0.0,2022-06-01,6,0,3.606,0,0,2.4923
C006,5.0,0.0,2022-07-01,7,0,3.606,0,0,2.418
C006,5.0,0.0,2022-08-01,8,0,3.606,0,0,2.4194
C006,5.0,0.0,2022-09-01,9,0,3.606,0,0,2.4935
C006,5.0,0.0,2022-10-01,10,0,3.606,0,0,2.4759
C006,5.0,0.0,2022-11-01,11,0,3.606,0,0,2.4567
C006,5.0,0.0,2022-12-01,12,0,3.606,0,0,2.4726
C006,5.0,0.0,2023-01-01,13,0,3.606,0,0,2.5309
C006,5.0,0.0,2023-02-01,14,0,3.606,0,0,2.4717
C006,5.0,0.0,2023-03-01,15,0,3.606,0,0,2.4802
C006,5.0,0.0,2023-04-01,16,0,3.606,0,0,2.4967
C006,5.0,0.0,2023-05-01,17,0,3.606,0,0,2.4965
C006,5.0,0.0,2023-06-01,18,0,3.606,0,0,2.4979
C006,5.0,0.0,2023-07-01,19,0,3.606,0,0,2.4755
C006,5.0,0.0,2023-08-01,20,0,3.606,0,0,2.5063
C006,5.0,0.0,2023-09-01,21,0,3.606,0,0,2.5266
C006,5.0,0.0,2023-10-01,22,0,3.606,0,0,2.519
C006,5.0,0.0,2023-11-01,23,0,3.606,0,0,2.5655
C006,5.0,0.0,2023-12-01,24,0,3.606,0,0,2.4989
C006,5.0,0.0,2024-01-01,25,0,3.606,0,1,2.5431
C006,5.0,0.0,2024-02-01,26,0,3.606,0,1,2.5451
C006,5.0,0.0,2024-03-01,27,0,3.606,0,1,2.5321
C006,5.0,0.0,2024-04-01,28,0,3.606,0,1,2.5036
C006,5.0,0.0,2024-05-01,29,0,3.606,0,1,2.5199
C006,5.0,0.0,2024-06-01,30,0,3.606,0,1,2.4821
C006,5.0,0.0,2024-07-01,31,0,3.606,0,1,2.5234
C006,5.0,0.0,2024-08-01,32,0,3.606,0,1,2.5063
C006,5.0,0.0,2024-09-01,33,0,3.606,0,1,2.6002
C006,5.0,0.0,2024-10-01,34,0,3.606,0,1,2.5552
C006,5.0,0.0,2024-11-01,35,0,3.606,0,1,2.5733
C006,5.0,0.0,2024-12-01,36,0,3.606,0,1,2.5102
C007,6.0,0.0,2022-01-01,1,0,4.243,0,0,2.2917
C007,6.0,0.0,2022-02-01,2,0,4.243,0,0,2.2664
C007,6.0,0.0,2022-03-01,3,0,4.243,0,0,2.3009
C007,6.0,0.0,2022-04-01,4,0,4.243,0,0,2.3657
C007,6.0,0.0,2022-05-01,5,0,4.243,0,0,2.3512
C007,6.0,0.0,2022-06-01,6,0,4.243,0,0,2.3391
C007,6.0,0.0,2022-07-01,7,0,4.243,0,0,2.2997
C007,6.0,0.0,2022-08-01,8,0,4.243,0,0,2.3855
C007,6.0,0.0,2022-09-01,9,0,4.243,0,0,2.3429
C007,6.0,0.0,2022-10-01,10,0,4.243,0,0,2.284
C007,6.0,0.0,2022-11-01,11,0,4.243,0,0,2.3511
C007,6.0,0.0,2022-12-01,12,0,4.243,0,0,2.3761
C007,6.0,0.0,2023-01-01,13,0,4.243,0,0,2.3671
C007,6.0,0.0,2023-02-01,14,0,4.243,0,0,2.3262
C007,6.0,0.0,2023-03-01,15,0,4.243,0,0,2.2992
C007,6.0,0.0,2023-04-01,16,0,4.243,0,0,2.35
C007,6.0,0.0,2023-05-01,17,0,4.243,0,0,2.3378
C007,6.0,0.0,2023-06-01,18,0,4.243,0,0,2.3942
C007,6.0,0.0,2023-07-01,19,0,4.243,0,0,2.3942
C007,6.0,0.0,2023-08-01,20,0,4.243,0,0,2.3758
C007,6.0,0.0,2023-09-01,21,0,4.243,0,0,2.374
C007,6.0,0.0,2023-10-01,22,0,4.243,0,0,2.3417
C007,6.0,0.0,2023-11-01,23,0,4.243,0,0,2.4173
C007,6.0,0.0,2023-12-01,24,0,4.243,0,0,2.3577
C007,6.0,0.0,2024-01-01,25,0,4.243,0,1,2.3559
C007,6.0,0.0,2024-02-01,26,0,4.243,0,1,2.4174
C007,6.0,0.0,2024-03-01,27,0,4.243,0,1,2.3739
C007,6.0,0.0,2024-04-01,28,0,4.243,0,1,2.4076
C007,6.0,0.0,2024-05-01,29,0,4.243,0,1,2.3638
C007,6.0,0.0,2024-06-01,30,0,4.243,0,1,2.3596
C007,6.0,0.0,2024-07-01,31,0,4.243,0,1,2.4286
C007,6.0,0.0,2024-08-01,32,0,4.243,0,1,2.3926
C007,6.0,0.0,2024-09-01,33,0,4.243,0,1,2.4053
C007,6.0,0.0,2024-10-01,34,0,4.243,0,1,2.3584
C007,6.0,0.0,2024-11-01,35,0,4.243,0,1,2.3871
C007,6.0,0.0,2024-12-01,36,0,4.243,0,1,2.3442
C008,7.0,0.0,2022-01-01,1,0,4.123,0,0,2.4933
C008,7.0,0.0,2022-02-01,2,0,4.123,0,0,2.3969
C008,7.0,0.0,2022-03-01,3,0,4.123,0,0,2.4355
C008,7.0,0.0,2022-04-01,4,0,4.123,0,0,2.4692
C008,7.0,0.0,2022-05-01,5,0,4.123,0,0,2.468
C008,7.0,0.0,2022-06-01,6,0,4.123,0,0,2.4291
C008,7.0,0.0,2022-07-01,7,0,4.123,0,0,2.4669
C008,7.0,0.0,2022-08-01,8,0,4.123,0,0,2.4485
C008,7.0,0.0,2022-09-01,9,0,4.123,0,0,2.4304
C008,7.0,0.0,2022-10-01,10,0,4.123,0,0,2.4533
C008,7.0,0.0,2022-11-01,11,0,4.123,0,0,2.46
C008,7.0,0.0,2022-12-01,12,0,4.123,0,0,2.5031
C008,7.0,0.0,2023-01-01,13,0,4.123,0,0,2.4769
C008,7.0,0.0,2023-02-01,14,0,4.123,0,0,2.4342
C008,7.0,0.0,2023-03-01,15,0,4.123,0,0,2.5149
C008,7.0,0.0,2023-04-01,16,0,4.123,0,0,2.44
C008,7.0,0.0,2023-05-01,17,0,4.123,0,0,2.4704
C008,7.0,0.0,2023-06-01,18,0,4.123,0,0,2.4942
C008,7.0,0.0,2023-07-01,19,0,4.123,0,0,2.5087
C008,7.0,0.0,2023-08-01,20,0,4.123,0,0,2.4602
C008,7.0,0.0,2023-09-01,21,0,4.123,0,0,2.5404
C008,7.0,0.0,2023-10-01,22,0,4.123,0,0,2.4778
C008,7.0,0.0,2023-11-01,23,0,4.123,0,0,2.4859
C008,7.0,0.0,2023-12-01,24,0,4.123,0,0,2.4753
C008,7.0,0.0,2024-01-01,25,0,4.123,0,1,2.4746
C008,7.0,0.0,2024-02-01,26,0,4.123,0,1,2.5304
C008,7.0,0.0,2024-03-01,27,0,4.123,0,1,2.5448
C008,7.0,0.0,2024-04-01,28,0,4.123,0,1,2.5029
C008,7.0,0.0,2024-05-01,29,0,4.123,0,1,2.5481
C008,7.0,0.0,2024-06-01,30,0,4.123,0,1,2.5809
C008,7.0,0.0,2024-07-01,31,0,4.123,0,1,2.5122
C008,7.0,0.0,2024-08-01,32,0,4.123,0,1,2.5154
C008,7.0,0.0,2024-09-01,33,0,4.123,0,1,2.4902
C008,7.0,0.0,2024-10-01,34,0,4.123,0,1,2.5224
C008,7.0,0.0,2024-11-01,35,0,4.123,0,1,2.5536
C008,7.0,0.0,2024-12-01,36,0,4.123,0,1,2.5317
C009,8.0,0.0,2022-01-01,1,0,4.0,0,0,2.3157
C009,8.0,0.0,2022-02-01,2,0,4.0,0,0,2.3485
C009,8.0,0.0,2022-03-01,3,0,4.0,0,0,2.3167
C009,8.0,0.0,2022-04-01,4,0,4.0,0,0,2.3453
C009,8.0,0.0,2022-05-01,5,0,4.0,0,0,2.3233
C009,8.0,0.0,2022-06-01,6,0,4.0,0,0,2.2831
C009,8.0,0.0,2022-07-01,7,0,4.0,0,0,2.4158
C009,8.0,0.0,2022-08-01,8,0,4.0,0,0,2.3376
C009,8.0,0.0,2022-09-01,9,0,4.0,0,0,2.3697
C009,8.0,0.0,2022-10-01,10,0,4.0,0,0,2.3583
C009,8.0,0.0,2022-11-01,11,0,4.0,0,0,2.3597
C009,8.0,0.0,2022-12-01,12,0,4.0,0,0,2.388
C009,8.0,0.0,2023-01-01,13,0,4.0,0,0,2.3737
C009,8.0,0.0,2023-02-01,14,0,4.0,0,0,2.4011
C009,8.0,0.0,2023-03-01,15,0,4.0,0,0,2.3575
C009,8.0,0.0,2023-04-01,16,0,4.0,0,0,2.3687
C009,8.0,0.0,2023-05-01,17,0,4.0,0,0,2.4218
C009,8.0,0.0,2023-06-01,18,0,4.0,0,0,2.383
C009,8.0,0.0,2023-07-01,19,0,4.0,0,0,2.3683
C009,8.0,0.0,2023-08-01,20,0,4.0,0,0,2.421
C009,8.0,0.0,2023-09-01,21,0,4.0,0,0,2.38
C009,8.0,0.0,2023-10-01,22,0,4.0,0,0,2.3979
C009,8.0,0.0,2023-11-01,23,0,4.0,0,0,2.3692
C009,8.0,0.0,2023-12-01,24,0,4.0,0,0,2.4214
C009,8.0,0.0,2024-01-01,25,0,4.0,0,1,2.382
C009,8.0,0.0,2024-02-01,26,0,4.0,0,1,2.414
C009,8.0,0.0,2024-03-01,27,0,4.0,0,1,2.4224
C009,8.0,0.0,2024-04-01,28,0,4.0,0,1,2.4488
C009,8.0,0.0,2024-05-01,29,0,4.0,0,1,2.4123
C009,8.0,0.0,2024-06-01,30,0,4.0,0,1,2.4541
C009,8.0,0.0,2024-07-01,31,0,4.0,0,1,2.4448
C009,8.0,0.0,2024-08-01,32,0,4.0,0,1,2.4542
C009,8.0,0.0,2024-09-01,33,0,4.0,0,1,2.368
C009,8.0,0.0,2024-10-01,34,0,4.0,0,1,2.4515
C009,8.0,0.0,2024-11-01,35,0,4.0,0,1,2.5009
C009,8.0,0.0,2024-12-01,36,0,4.0,0,1,2.4507
C010,9.0,0.0,2022-01-01,1,0,4.123,0,0,2.2428
C010,9.0,0.0,2022-02-01,2,0,4.123,0,0,2.2658
C010,9.0,0.0,2022-03-01,3,0,4.123,0,0,2.242
C010,9.0,0.0,2022-04-01,4,0,4.123,0,0,2.261
C010,9.0,0.0,2022-05-01,5,0,4.123,0,0,2.266
C010,9.0,0.0,2022-06-01,6,0,4.123,0,0,2.2603
C010,9.0,0.0,2022-07-01,7,0,4.123,0,0,2.2865
C010,9.0,0.0,2022-08-01,8,0,4.123,0,0,2.2542
C010,9.0,0.0,2022-09-01,9,0,4.123,0,0,2.2434
C010,9.0,0.0,2022-10-01,10,0,4.123,0,0,2.3
C010,9.0,0.0,2022-11-01,11,0,4.123,0,0,2.2768
C010,9.0,0.0,2022-12-01,12,0,4.123,0,0,2.2833
C010,9.0,0.0,2023-01-01,13,0,4.123,0,0,2.2442
C010,9.0,0.0,2023-02-01,14,0,4.123,0,0,2.2425
C010,9.0,0.0,2023-03-01,15,0,4.123,0,0,2.2879
C010,9.0,0.0,2023-04-01,16,0,4.123,0,0,2.2227
C010,9.0,0.0,2023-05-01,17,0,4.123,0,0,2.287
C010,9.0,0.0,2023-06-01,18,0,4.123,0,0,2.2936
C010,9.0,0.0,2023-07-01,19,0,4.123,0,0,2.2846
C010,9.0,0.0,2023-08-01,20,0,4.123,0,0,2.2591
C010,9.0,0.0,2023-09-01,21,0,4.123,0,0,2.285
C010,9.0,0.0,2023-10-01,22,0,4.123,0,0,2.2572
C010,9.0,0.0,2023-11-01,23,0,4.123,0,0,2.3002
C010,9.0,0.0,2023-12-01,24,0,4.123,0,0,2.2501
C010,9.0,0.0,2024-01-01,25,0,4.123,0,1,2.3473
C010,9.0,0.0,2024-02-01,26,0,4.123,0,1,2.2652
C010,9.0,0.0,2024-03-01,27,0,4.123,0,1,2.2749
C010,9.0,0.0,2024-04-01,28,0,4.123,0,1,2.3263
C010,9.0,0.0,2024-05-01,29,0,4.123,0,1,2.331
C010,9.0,0.0,2024-06-01,30,0,4.123,0,1,2.3747
C010,9.0,0.0,2024-07-01,31,0,4.123,0,1,2.3266
C010,9.0,0.0,2024-08-01,32,0,4.123,0,1,2.3676
C010,9.0,0.0,2024-09-01,33,0,4.123,0,1,2.3707
C010,9.0,0.0,2024-10-01,34,0,4.123,0,1,2.3583
C010,9.0,0.0,2024-11-01,35,0,4.123,0,1,2.34
C010,9.0,0.0,2024-12-01,36,0,4.123,0,1,2.3683
C011,10.0,0.0,2022-01-01,1,0,4.472,0,0,2.304
C011,10.0,0.0,2022-02-01,2,0,4.472,0,0,2.3179
C011,10.0,0.0,2022-03-01,3,0,4.472,0,0,2.3054
C011,10.0,0.0,2022-04-01,4,0,4.472,0,0,2.3051
C011,10.0,0.0,2022-05-01,5,0,4.472,0,0,2.3171
C011,10.0,0.0,2022-06-01,6,0,4.472,0,0,2.361
C011,10.0,0.0,2022-07-01,7,0,4.472,0,0,2.285
C011,10.0,0.0,2022-08-01,8,0,4.472,0,0,2.3154
C011,10.0,0.0,2022-09-01,9,0,4.472,0,0,2.3024
C011,10.0,0.0,2022-10-01,10,0,4.472,0,0,2.3173
C011,10.0,0.0,2022-11-01,11,0,4.472,0,0,2.2755
C011,10.0,0.0,2022-12-01,12,0,4.472,0,0,2.3661
C011,10.0,0.0,2023-01-01,13,0,4.472,0,0,2.3635
C011,10.0,0.0,2023-02-01,14,0,4.472,0,0,2.3338
C011,10.0,0.0,2023-03-01,15,0,4.472,0,0,2.3892
C011,10.0,0.0,2023-04-01,16,0,4.472,0,0,2.3558
C011,10.0,0.0,2023-05-01,17,0,4.472,0,0,2.3381
C011,10.0,0.0,2023-06-01,18,0,4.472,0,0,2.3475
C011,10.0,0.0,2023-07-01,19,0,4.472,0,0,2.4033
C011,10.0,0.0,2023-08-01,20,0,4.472,0,0,2.3597
C011,10.0,0.0,2023-09-01,21,0,4.472,0,0,2.3674
C011,10.0,0.0,2023-10-01,22,0,4.472,0,0,2.3489
C011,10.0,0.0,2023-11-01,23,0,4.472,0,0,2.3894
C011,10.0,0.0,2023-12-01,24,0,4.472,0,0,2.3406
C011,10.0,0.0,2024-01-01,25,0,4.472,0,1,2.3914
C011,10.0,0.0,2024-02-01,26,0,4.472,0,1,2.3511
C011,10.0,0.0,2024-03-01,27,0,4.472,0,1,2.3819
C011,10.0,0.0,2024-04-01,28,0,4.472,0,1,2.3645
C011,10.0,0.0,2024-05-01,29,0,4.472,0,1,2.3551
C011,10.0,0.0,2024-06-01,30,0,4.472,0,1,2.4355
C011,10.0,0.0,2024-07-01,31,0,4.472,0,1,2.3815
C011,10.0,0.0,2024-08-01,32,0,4.472,0,1,2.359
C011,10.0,0.0,2024-09-01,33,0,4.472,0,1,2.4302
C011,10.0,0.0,2024-10-01,34,0,4.472,0,1,2.3306
C011,10.0,0.0,2024-11-01,35,0,4.472,0,1,2.3537
C011,10.0,0.0,2024-12-01,36,0,4.472,0,1,2.3428
C012,11.0,0.0,2022-01-01,1,0,5.0,0,0,2.4904
C012,11.0,0.0,2022-02-01,2,0,5.0,0,0,2.4262
C012,11.0,0.0,2022-03-01,3,0,5.0,0,0,2.4337
C012,11.0,0.0,2022-04-01,4,0,5.0,0,0,2.4985
C012,11.0,0.0,2022-05-01,5,0,5.0,0,0,2.4229
C012,11.0,0.0,2022-06-01,6,0,5.0,0,0,2.453
C012,11.0,0.0,2022-07-01,7,0,5.0,0,0,2.4337
C012,11.0,0.0,2022-08-01,8,0,5.0,0,0,2.3996
C012,11.0,0.0,2022-09-01,9,0,5.0,0,0,2.423
C012,11.0,0.0,2022-10-01,10,0,5.0,0,0,2.4584
C012,11.0,0.0,2022-11-01,11,0,5.0,0,0,2.4384
C012,11.0,0.0,2022-12-01,12,0,5.0,0,0,2.4811
C012,11.0,0.0,2023-01-01,13,0,5.0,0,0,2.4957
C012,11.0,0.0,2023-02-01,14,0,5.0,0,0,2.4651
C012,11.0,0.0,2023-03-01,15,0,5.0,0,0,2.4404
C012,11.0,0.0,2023-04-01,16,0,5.0,0,0,2.4413
C012,11.0,0.0,2023-05-01,17,0,5.0,0,0,2.445
C012,11.0,0.0,2023-06-01,18,0,5.0,0,0,2.5556
C012,11.0,0.0,2023-07-01,19,0,5.0,0,0,2.4867
C012,11.0,0.0,2023-08-01,20,0,5.0,0,0,2.4802
C012,11.0,0.0,2023-09-01,21,0,5.0,0,0,2.4951
C012,11.0,0.0,2023-10-01,22,0,5.0,0,0,2.4826
C012,11.0,0.0,2023-11-01,23,0,5.0,0,0,2.5326
C012,11.0,0.0,2023-12-01,24,0,5.0,0,0,2.4914
C012,11.0,0.0,2024-01-01,25,0,5.0,0,1,2.5046
C012,11.0,0.0,2024-02-01,26,0,5.0,0,1,2.5006
C012,11.0,0.0,2024-03-01,27,0,5.0,0,1,2.5306
C012,11.0,0.0,2024-04-01,28,0,5.0,0,1,2.5496
C012,11.0,0.0,2024-05-01,29,0,5.0,0,1,2.4681
C012,11.0,0.0,2024-06-01,30,0,5.0,0,1,2.5263
C012,11.0,0.0,2024-07-01,31,0,5.0,0,1,2.5257
C012,11.0,0.0,2024-08-01,32,0,5.0,0,1,2.5314
C012,11.0,0.0,2024-09-01,33,0,5.0,0,1,2.5089
C012,11.0,0.0,2024-10-01,34,0,5.0,0,1,2.4958
C012,11.0,0.0,2024-11-01,35,0,5.0,0,1,2.5664
C012,11.0,0.0,2024-12-01,36,0,5.0,0,1,2.5473
C013,0.0,1.0,2022-01-01,1,0,3.606,0,0,2.5624
C013,0.0,1.0,2022-02-01,2,0,3.606,0,0,2.6114
C013,0.0,1.0,2022-03-01,3,0,3.606,0,0,2.6347
C013,0.0,1.0,2022-04-01,4,0,3.606,0,0,2.5945
C013,0.0,1.0,2022-05-01,5,0,3.606,0,0,2.5971
C013,0.0,1.0,2022-06-01,6,0,3.606,0,0,2.5522
C013,0.0,1.0,2022-07-01,7,0,3.606,0,0,2.6532
C013,0.0,1.0,2022-08-01,8,0,3.606,0,0,2.6552
C013,0.0,1.0,2022-09-01,9,0,3.606,0,0,2.6207
C013,0.0,1.0,2022-10-01,10,0,3.606,0,0,2.6561
C013,0.0,1.0,2022-11-01,11,0,3.606,0,0,2.6303
C013,0.0,1.0,2022-12-01,12,0,3.606,0,0,2.6411
C013,0.0,1.0,2023-01-01,13,0,3.606,0,0,2.6489
C013,0.0,1.0,2023-02-01,14,0,3.606,0,0,2.6171
C013,0.0,1.0,2023-03-01,15,0,3.606,0,0,2.6224
C013,0.0,1.0,2023-04-01,16,0,3.606,0,0,2.6157
C013,0.0,1.0,2023-05-01,17,0,3.606,0,0,2.5804
C013,0.0,1.0,2023-06-01,18,0,3.606,0,0,2.6578
C013,0.0,1.0,2023-07-01,19,0,3.606,0,0,2.7339
C013,0.0,1.0,2023-08-01,20,0,3.606,0,0,2.6196
C013,0.0,1.0,2023-09-01,21,0,3.606,0,0,2.7114
C013,0.0,1.0,2023-10-01,22,0,3.606,0,0,2.6976
C013,0.0,1.0,2023-11-01,23,0,3.606,0,0,2.6666
C013,0.0,1.0,2023-12-01,24,0,3.606,0,0,2.6664
C013,0.0,1.0,2024-01-01,25,0,3.606,0,1,2.6468
C013,0.0,1.0,2024-02-01,26,0,3.606,0,1,2.7008
C013,0.0,1.0,2024-03-01,27,0,3.606,0,1,2.6604
C013,0.0,1.0,2024-04-01,28,0,3.606,0,1,2.7206
C013,0.0,1.0,2024-05-01,29,0,3.606,0,1,2.7067
C013,0.0,1.0,2024-06-01,30,0,3.606,0,1,2.6996
C013,0.0,1.0,2024-07-01,31,0,3.606,0,1,2.6451
C013,0.0,1.0,2024-08-01,32,0,3.606,0,1,2.6773
C013,0.0,1.0,2024-09-01,33,0,3.606,0,1,2.6731
C013,0.0,1.0,2024-10-01,34,0,3.606,0,1,2.6845
C013,0.0,1.0,2024-11-01,35,0,3.606,0,1,2.707
C013,0.0,1.0,2024-12-01,36,0,3.606,0,1,2.6781
C014,1.0,1.0,2022-01-01,1,0,2.828,0,0,2.4961
C014,1.0,1.0,2022-02-01,2,0,2.828,0,0,2.5679
C014,1.0,1.0,2022-03-01,3,0,2.828,0,0,2.5208
C014,1.0,1.0,2022-04-01,4,0,2.828,0,0,2.511
C014,1.0,1.0,2022-05-01,5,0,2.828,0,0,2.5171
C014,1.0,1.0,2022-06-01,6,0,2.828,0,0,2.5324
C014,1.0,1.0,2022-07-01,7,0,2.828,0,0,2.524
C014,1.0,1.0,2022-08-01,8,0,2.828,0,0,2.5026
C014,1.0,1.0,2022-09-01,9,0,2.828,0,0,2.4923
C014,1.0,1.0,2022-10-01,10,0,2.828,0,0,2.5573
C014,1.0,1.0,2022-11-01,11,0,2.828,0,0,2.5067
C014,1.0,1.0,2022-12-01,12,0,2.828,0,0,2.5309
C014,1.0,1.0,2023-01-01,13,0,2.828,0,0,2.5597
C014,1.0,1.0,2023-02-01,14,0,2.828,0,0,2.5492
C014,1.0,1.0,2023-03-01,15,0,2.828,0,0,2.5434
C014,1.0,1.0,2023-04-01,16,0,2.828,0,0,2.5402
C014,1.0,1.0,2023-05-01,17,0,2.828,0,0,2.581
C014,1.0,1.0,2023-06-01,18,0,2.828,0,0,2.4948
C014,1.0,1.0,2023-07-01,19,0,2.828,0,0,2.5508
C014,1.0,1.0,2023-08-01,20,0,2.828,0,0,2.5341
C014,1.0,1.0,2023-09-01,21,0,2.828,0,0,2.5602
C014,1.0,1.0,2023-10-01,22,0,2.828,0,0,2.5563
C014,1.0,1.0,2023-11-01,23,0,2.828,0,0,2.5652
C014,1.0,1.0,2023-12-01,24,0,2.828,0,0,2.6148
C014,1.0,1.0,2024-01-01,25,0,2.828,0,1,2.5948
C014,1.0,1.0,2024-02-01,26,0,2.828,0,1,2.5746
C014,1.0,1.0,2024-03-01,27,0,2.828,0,1,2.5734
C014,1.0,1.0,2024-04-01,28,0,2.828,0,1,2.5735
C014,1.0,1.0,2024-05-01,29,0,2.828,0,1,2.5909
C014,1.0,1.0,2024-06-01,30,0,2.828,0,1,2.5531
C014,1.0,1.0,2024-07-01,31,0,2.828,0,1,2.6081
C014,1.0,1.0,2024-08-01,32,0,2.828,0,1,2.568
C014,1.0,1.0,2024-09-01,33,0,2.828,0,1,2.5941
C014,1.0,1.0,2024-10-01,34,0,2.828,0,1,2.6337
C014,1.0,1.0,2024-11-01,35,0,2.828,0,1,2.5619
C014,1.0,1.0,2024-12-01,36,0,2.828,0,1,2.6301
C015,2.0,1.0,2022-01-01,1,0,2.236,0,0,2.188
C015,2.0,1.0,2022-02-01,2,0,2.236,0,0,2.1584
C015,2.0,1.0,2022-03-01,3,0,2.236,0,0,2.2144
C015,2.0,1.0,2022-04-01,4,0,2.236,0,0,2.2086
C015,2.0,1.0,2022-05-01,5,0,2.236,0,0,2.2314
C015,2.0,1.0,2022-06-01,6,0,2.236,0,0,2.1937
C015,2.0,1.0,2022-07-01,7,0,2.236,0,0,2.2459
C015,2.0,1.0,2022-08-01,8,0,2.236,0,0,2.2465
C015,2.0,1.0,2022-09-01,9,0,2.236,0,0,2.244
C015,2.0,1.0,2022-10-01,10,0,2.236,0,0,2.2271
C015,2.0,1.0,2022-11-01,11,0,2.236,0,0,2.2384
C015,2.0,1.0,2022-12-01,12,0,2.236,0,0,2.2915
C015,2.0,1.0,2023-01-01,13,0,2.236,0,0,2.2052
C015,2.0,1.0,2023-02-01,14,0,2.236,0,0,2.1585
C015,2.0,1.0,2023-03-01,15,0,2.236,0,0,2.2548
C015,2.0,1.0,2023-04-01,16,0,2.236,0,0,2.2985
C015,2.0,1.0,2023-05-01,17,0,2.236,0,0,2.2751
C015,2.0,1.0,2023-06-01,18,0,2.236,0,0,2.2265
C015,2.0,1.0,2023-07-01,19,0,2.236,0,0,2.2316
C015,2.0,1.0,2023-08-01,20,0,2.236,0,0,2.2621
C015,2.0,1.0,2023-09-01,21,0,2.236,0,0,2.2332
C015,2.0,1.0,2023-10-01,22,0,2.236,0,0,2.2972
C015,2.0,1.0,2023-11-01,23,0,2.236,0,0,2.2636
C015,2.0,1.0,2023-12-01,24,0,2.236,0,0,2.2943
C015,2.0,1.0,2024-01-01,25,0,2.236,0,1,2.1814
C015,2.0,1.0,2024-02-01,26,0,2.236,0,1,2.2922
C015,2.0,1.0,2024-03-01,27,0,2.236,0,1,2.2343
C015,2.0,1.0,2024-04-01,28,0,2.236,0,1,2.2258
C015,2.0,1.0,2024-05-01,29,0,2.236,0,1,2.3014
C015,2.0,1.0,2024-06-01,30,0,2.236,0,1,2.3465
C015,2.0,1.0,2024-07-01,31,0,2.236,0,1,2.2749
C015,2.0,1.0,2024-08-01,32,0,2.236,0,1,2.318
C015,2.0,1.0,2024-09-01,33,0,2.236,0,1,2.2548
C015,2.0,1.0,2024-10-01,34,0,2.236,0,1,2.3074
C015,2.0,1.0,2024-11-01,35,0,2.236,0,1,2.3309
C015,2.0,1.0,2024-12-01,36,0,2.236,0,1,2.3312
C016,3.0,1.0,2022-01-01,1,0,2.0,1,0,1.9771
C016,3.0,1.0,2022-02-01,2,0,2.0,1,0,1.9619
C016,3.0,1.0,2022-03-01,3,0,2.0,1,0,1.9985
C016,3.0,1.0,2022-04-01,4,0,2.0,1,0,1.9837
C016,3.0,1.0,2022-05-01,5,0,2.0,1,0,1.9312
C016,3.0,1.0,2022-06-01,6,0,2.0,1,0,1.9186
C016,3.0,1.0,2022-07-01,7,0,2.0,1,0,1.9505
C016,3.0,1.0,2022-08-01,8,0,2.0,1,0,2.0304
C016,3.0,1.0,2022-09-01,9,0,2.0,1,0,1.982
C016,3.0,1.0,2022-10-01,10,0,2.0,1,0,1.95
C016,3.0,1.0,2022-11-01,11,0,2.0,1,0,1.9675
C016,3.0,1.0,2022-12-01,12,0,2.0,1,0,1.9992
C016,3.0,1.0,2023-01-01,13,0,2.0,1,0,1.9682
C016,3.0,1.0,2023-02-01,14,0,2.0,1,0,2.018
C016,3.0,1.0,2023-03-01,15,0,2.0,1,0,1.986
C016,3.0,1.0,2023-04-01,16,0,2.0,1,0,1.971
C016,3.0,1.0,2023-05-01,17,0,2.0,1,0,1.9584
C016,3.0,1.0,2023-06-01,18,0,2.0,1,0,2.0178
C016,3.0,1.0,2023-07-01,19,0,2.0,1,0,2.0369
C016,3.0,1.0,2023-08-01,20,0,2.0,1,0,2.0438
C016,3.0,1.0,2023-09-01,21,0,2.0,1,0,2.0121
C016,3.0,1.0,2023-10-01,22,0,2.0,1,0,1.9414
C016,3.0,1.0,2023-11-01,23,0,2.0,1,0,2.0357
C016,3.0,1.0,2023-12-01,24,0,2.0,1,0,2.0378
C016,3.0,1.0,2024-01-01,25,0,2.0,1,1,2.0195
C016,3.0,1.0,2024-02-01,26,0,2.0,1,1,2.0715
C016,3.0,1.0,2024-03-01,27,0,2.0,1,1,2.0105
C016,3.0,1.0,2024-04-01,28,0,2.0,1,1,2.0848
C016,3.0,1.0,2024-05-01,29,0,2.0,1,1,1.9638
C016,3.0,1.0,2024-06-01,30,0,2.0,1,1,2.0382
C016,3.0,1.0,2024-07-01,31,0,2.0,1,1,2.0617
C016,3.0,1.0,2024-08-01,32,0,2.0,1,1,2.0363
C016,3.0,1.0,2024-09-01,33,0,2.0,1,1,2.0809
C016,3.0,1.0,2024-10-01,34,0,2.0,1,1,2.0994
C016,3.0,1.0,2024-11-01,35,0,2.0,1,1,2.0451
C016,3.0,1.0,2024-12-01,36,0,2.0,1,1,2.0509
C017,4.0,1.0,2022-01-01,1,0,2.236,0,0,2.175
C017,4.0,1.0,2022-02-01,2,0,2.236,0,0,2.1622
C017,4.0,1.0,2022-03-01,3,0,2.236,0,0,2.1112
C017,4.0,1.0,2022-04-01,4,0,2.236,0,0,2.1404
C017,4.0,1.0,2022-05-01,5,0,2.236,0,0,2.1341
C017,4.0,1.0,2022-06-01,6,0,2.236,0,0,2.1693
C017,4.0,1.0,2022-07-01,7,0,2.236,0,0,2.1369
C017,4.0,1.0,2022-08-01,8,0,2.236,0,0,2.1763
C017,4.0,1.0,2022-09-01,9,0,2.236,0,0,2.1656
C017,4.0,1.0,2022-10-01,10,0,2.236,0,0,2.205
C017,4.0,1.0,2022-11-01,11,0,2.236,0,0,2.1544
C017,4.0,1.0,2022-12-01,12,0,2.236,0,0,2.1744
C017,4.0,1.0,2023-01-01,13,0,2.236,0,0,2.1517
C017,4.0,1.0,2023-02-01,14,0,2.236,0,0,2.1658
C017,4.0,1.0,2023-03-01,15,0,2.236,0,0,2.2003
C017,4.0,1.0,2023-04-01,16,0,2.236,0,0,2.1732
C017,4.0,1.0,2023-05-01,17,0,2.236,0,0,2.193
C017,4.0,1.0,2023-06-01,18,0,2.236,0,0,2.241
C017,4.0,1.0,2023-07-01,19,0,2.236,0,0,2.1973
C017,4.0,1.0,2023-08-01,20,0,2.236,0,0,2.2473
C017,4.0,1.0,2023-09-01,21,0,2.236,0,0,2.1691
C017,4.0,1.0,2023-10-01,22,0,2.236,0,0,2.1953
C017,4.0,1.0,2023-11-01,23,0,2.236,0,0,2.2661
C017,4.0,1.0,2023-12-01,24,0,2.236,0,0,2.2359
C017,4.0,1.0,2024-01-01,25,0,2.236,0,1,2.1812
C017,4.0,1.0,2024-02-01,26,0,2.236,0,1,2.2298
C017,4.0,1.0,2024-03-01,27,0,2.236,0,1,2.208
C017,4.0,1.0,2024-04-01,28,0,2.236,0,1,2.2467
C017,4.0,1.0,2024-05-01,29,0,2.236,0,1,2.1847
C017,4.0,1.0,2024-06-01,30,0,2.236,0,1,2.1883
C017,4.0,1.0,2024-07-01,31,0,2.236,0,1,2.2863
C017,4.0,1.0,2024-08-01,32,0,2.236,0,1,2.1882
C017,4.0,1.0,2024-09-01,33,0,2.236,0,1,2.2388
C017,4.0,1.0,2024-10-01,34,0,2.236,0,1,2.2674
C017,4.0,1.0,2024-11-01,35,0,2.236,0,1,2.2201
C017,4.0,1.0,2024-12-01,36,0,2.236,0,1,2.2445
C018,5.0,1.0,2022-01-01,1,0,2.828,0,0,2.2622
C018,5.0,1.0,2022-02-01,2,0,2.828,0,0,2.2924
C018,5.0,1.0,2022-03-01,3,0,2.828,0,0,2.2726
C018,5.0,1.0,2022-04-01,4,0,2.828,0,0,2.2758
C018,5.0,1.0,2022-05-01,5,0,2.828,0,0,2.283
C018,5.0,1.0,2022-06-01,6,0,2.828,0,0,2.2645
C018,5.0,1.0,2022-07-01,7,0,2.828,0,0,2.3119
C018,5.0,1.0,2022-08-01,8,0,2.828,0,0,2.223
C018,5.0,1.0,2022-09-01,9,0,2.828,0,0,2.2457
C018,5.0,1.0,2022-10-01,10,0,2.828,0,0,2.2377
C018,5.0,1.0,2022-11-01,11,0,2.828,0,0,2.2389
C018,5.0,1.0,2022-12-01,12,0,2.828,0,0,2.2308
C018,5.0,1.0,2023-01-01,13,0,2.828,0,0,2.3363
C018,5.0,1.0,2023-02-01,14,0,2.828,0,0,2.2777
C018,5.0,1.0,2023-03-01,15,0,2.828,0,0,2.287
C018,5.0,1.0,2023-04-01,16,0,2.828,0,0,2.3543
C018,5.0,1.0,2023-05-01,17,0,2.828,0,0,2.2628
C018,5.0,1.0,2023-06-01,18,0,2.828,0,0,2.3272
C018,5.0,1.0,2023-07-01,19,0,2.828,0,0,2.3263
C018,5.0,1.0,2023-08-01,20,0,2.828,0,0,2.3022
C018,5.0,1.0,2023-09-01,21,0,2.828,0,0,2.3574
C018,5.0,1.0,2023-10-01,22,0,2.828,0,0,2.3253
C018,5.0,1.0,2023-11-01,23,0,2.828,0,0,2.3398
C018,5.0,1.0,2023-12-01,24,0,2.828,0,0,2.3538
C018,5.0,1.0,2024-01-01,25,0,2.828,0,1,2.3494
C018,5.0,1.0,2024-02-01,26,0,2.828,0,1,2.3226
C018,5.0,1.0,2024-03-01,27,0,2.828,0,1,2.3182
C018,5.0,1.0,2024-04-01,28,0,2.828,0,1,2.3875
C018,5.0,1.0,2024-05-01,29,0,2.828,0,1,2.3739
C018,5.0,1.0,2024-06-01,30,0,2.828,0,1,2.3365
C018,5.0,1.0,2024-07-01,31,0,2.828,0,1,2.3677
C018,5.0,1.0,2024-08-01,32,0,2.828,0,1,2.3084
C018,5.0,1.0,2024-09-01,33,0,2.828,0,1,2.3098
C018,5.0,1.0,2024-10-01,34,0,2.828,0,1,2.3145
C018,5.0,1.0,2024-11-01,35,0,2.828,0,1,2.3448
C018,5.0,1.0,2024-12-01,36,0,2.828,0,1,2.3426
C019,6.0,1.0,2022-01-01,1,0,3.606,0,0,2.6275
C019,6.0,1.0,2022-02-01,2,0,3.606,0,0,2.6834
C019,6.0,1.0,2022-03-01,3,0,3.606,0,0,2.7154
C019,6.0,1.0,2022-04-01,4,0,3.606,0,0,2.674
C019,6.0,1.0,2022-05-01,5,0,3.606,0,0,2.6744
C019,6.0,1.0,2022-06-01,6,0,3.606,0,0,2.6798
C019,6.0,1.0,2022-07-01,7,0,3.606,0,0,2.6359
C019,6.0,1.0,2022-08-01,8,0,3.606,0,0,2.6366
C019,6.0,1.0,2022-09-01,9,0,3.606,0,0,2.7152
C019,6.0,1.0,2022-10-01,10,0,3.606,0,0,2.6374
C019,6.0,1.0,2022-11-01,11,0,3.606,0,0,2.6304
C019,6.0,1.0,2022-12-01,12,0,3.606,0,0,2.6688
C019,6.0,1.0,2023-01-01,13,0,3.606,0,0,2.6362
C019,6.0,1.0,2023-02-01,14,0,3.606,0,0,2.6729
C019,6.0,1.0,2023-03-01,15,0,3.606,0,0,2.6848
C019,6.0,1.0,2023-04-01,16,0,3.606,0,0,2.6624
C019,6.0,1.0,2023-05-01,17,0,3.606,0,0,2.6985
C019,6.0,1.0,2023-06-01,18,0,3.606,0,0,2.6789
C019,6.0,1.0,2023-07-01,19,0,3.606,0,0,2.7117
C019,6.0,1.0,2023-08-01,20,0,3.606,0,0,2.7046
C019,6.0,1.0,2023-09-01,21,0,3.606,0,0,2.6935
C019,6.0,1.0,2023-10-01,22,0,3.606,0,0,2.7362
C019,6.0,1.0,2023-11-01,23,0,3.606,0,0,2.6618
C019,6.0,1.0,2023-12-01,24,0,3.606,0,0,2.7482
C019,6.0,1.0,2024-01-01,25,0,3.606,0,1,2.705
C019,6.0,1.0,2024-02-01,26,0,3.606,0,1,2.6948
C019,6.0,1.0,2024-03-01,27,0,3.606,0,1,2.795
C019,6.0,1.0,2024-04-01,28,0,3.606,0,1,2.7052
C019,6.0,1.0,2024-05-01,29,0,3.606,0,1,2.7429
C019,6.0,1.0,2024-06-01,30,0,3.606,0,1,2.6683
C019,6.0,1.0,2024-07-01,31,0,3.606,0,1,2.7191
C019,6.0,1.0,2024-08-01,32,0,3.606,0,1,2.7305
C019,6.0,1.0,2024-09-01,33,0,3.606,0,1,2.7429
C019,6.0,1.0,2024-10-01,34,0,3.606,0,1,2.687
C019,6.0,1.0,2024-11-01,35,0,3.606,0,1,2.6657
C019,6.0,1.0,2024-12-01,36,0,3.606,0,1,2.725
C020,7.0,1.0,2022-01-01,1,0,3.162,0,0,2.3217
C020,7.0,1.0,2022-02-01,2,0,3.162,0,0,2.3941
C020,7.0,1.0,2022-03-01,3,0,3.162,0,0,2.3106
C020,7.0,1.0,2022-04-01,4,0,3.162,0,0,2.3587
C020,7.0,1.0,2022-05-01,5,0,3.162,0,0,2.362
C020,7.0,1.0,2022-06-01,6,0,3.162,0,0,2.3617
C020,7.0,1.0,2022-07-01,7,0,3.162,0,0,2.3842
C020,7.0,1.0,2022-08-01,8,0,3.162,0,0,2.3484
C020,7.0,1.0,2022-09-01,9,0,3.162,0,0,2.4302
C020,7.0,1.0,2022-10-01,10,0,3.162,0,0,2.4097
C020,7.0,1.0,2022-11-01,11,0,3.162,0,0,2.3818
C020,7.0,1.0,2022-12-01,12,0,3.162,0,0,2.3585
C020,7.0,1.0,2023-01-01,13,0,3.162,0,0,2.3836
C020,7.0,1.0,2023-02-01,14,0,3.162,0,0,2.391
C020,7.0,1.0,2023-03-01,15,0,3.162,0,0,2.3832
C020,7.0,1.0,2023-04-01,16,0,3.162,0,0,2.4037
C020,7.0,1.0,2023-05-01,17,0,3.162,0,0,2.4559
C020,7.0,1.0,2023-06-01,18,0,3.162,0,0,2.3508
C020,7.0,1.0,2023-07-01,19,0,3.162,0,0,2.3953
C020,7.0,1.0,2023-08-01,20,0,3.162,0,0,2.3654
C020,7.0,1.0,2023-09-01,21,0,3.162,0,0,2.3791
C020,7.0,1.0,2023-10-01,22,0,3.162,0,0,2.4078
C020,7.0,1.0,2023-11-01,23,0,3.162,0,0,2.3931
C020,7.0,1.0,2023-12-01,24,0,3.162,0,0,2.4066
C020,7.0,1.0,2024-01-01,25,0,3.162,0,1,2.4346
C020,7.0,1.0,2024-02-01,26,0,3.162,0,1,2.3993
C020,7.0,1.0,2024-03-01,27,0,3.162,0,1,2.4543
C020,7.0,1.0,2024-04-01,28,0,3.162,0,1,2.4138
C020,7.0,1.0,2024-05-01,29,0,3.162,0,1,2.4187
C020,7.0,1.0,2024-06-01,30,0,3.162,0,1,2.4382
C020,7.0,1.0,2024-07-01,31,0,3.162,0,1,2.4963
C020,7.0,1.0,2024-08-01,32,0,3.162,0,1,2.4436
C020,7.0,1.0,2024-09-01,33,0,3.162,0,1,2.4558
C020,7.0,1.0,2024-10-01,34,0,3.162,0,1,2.4715
C020,7.0,1.0,2024-11-01,35,0,3.162,0,1,2.4204
C020,7.0,1.0,2024-12-01,36,0,3.162,0,1,2.4087
C021,8.0,1.0,2022-01-01,1,0,3.0,0,0,1.9918
C021,8.0,1.0,2022-02-01,2,0,3.0,0,0,1.947
C021,8.0,1.0,2022-03-01,3,0,3.0,0,0,1.9656
C021,8.0,1.0,2022-04-01,4,0,3.0,0,0,2.0173
C021,8.0,1.0,2022-05-01,5,0,3.0,0,0,2.0155
C021,8.0,1.0,2022-06-01,6,0,3.0,0,0,1.9719
C021,8.0,1.0,2022-07-01,7,0,3.0,0,0,2.037
C021,8.0,1.0,2022-08-01,8,0,3.0,0,0,1.9531
C021,8.0,1.0,2022-09-01,9,0,3.0,0,0,2.0025
C021,8.0,1.0,2022-10-01,10,0,3.0,0,0,2.0137
C021,8.0,1.0,2022-11-01,11,0,3.0,0,0,2.0084
C021,8.0,1.0,2022-12-01,12,0,3.0,0,0,1.9946
C021,8.0,1.0,2023-01-01,13,0,3.0,0,0,2.0167
C021,8.0,1.0,2023-02-01,14,0,3.0,0,0,2.0334
C021,8.0,1.0,2023-03-01,15,0,3.0,0,0,2.0357
C021,8.0,1.0,2023-04-01,16,0,3.0,0,0,2.0107
C021,8.0,1.0,2023-05-01,17,0,3.0,0,0,2.0525
C021,8.0,1.0,2023-06-01,18,0,3.0,0,0,2.0653
C021,8.0,1.0,2023-07-01,19,0,3.0,0,0,2.0373
C021,8.0,1.0,2023-08-01,20,0,3.0,0,0,2.0322
C021,8.0,1.0,2023-09-01,21,0,3.0,0,0,2.0371
C021,8.0,1.0,2023-10-01,22,0,3.0,0,0,2.0418
C021,8.0,1.0,2023-11-01,23,0,3.0,0,0,2.0404
C021,8.0,1.0,2023-12-01,24,0,3.0,0,0,2.0948
C021,8.0,1.0,2024-01-01,25,0,3.0,0,1,2.0836
C021,8.0,1.0,2024-02-01,26,0,3.0,0,1,2.0503
C021,8.0,1.0,2024-03-01,27,0,3.0,0,1,2.0907
C021,8.0,1.0,2024-04-01,28,0,3.0,0,1,2.0443
C021,8.0,1.0,2024-05-01,29,0,3.0,0,1,2.0796
C021,8.0,1.0,2024-06-01,30,0,3.0,0,1,2.0866
C021,8.0,1.0,2024-07-01,31,0,3.0,0,1,2.0879
C021,8.0,1.0,2024-08-01,32,0,3.0,0,1,2.0548
C021,8.0,1.0,2024-09-01,33,0,3.0,0,1,2.0402
C021,8.0,1.0,2024-10-01,34,0,3.0,0,1,2.0893
C021,8.0,1.0,2024-11-01,35,0,3.0,0,1,2.0788
C021,8.0,1.0,2024-12-01,36,0,3.0,0,1,2.0482
C022,9.0,1.0,2022-01-01,1,0,3.162,0,0,2.7185
C022,9.0,1.0,2022-02-01,2,0,3.162,0,0,2.7228
C022,9.0,1.0,2022-03-01,3,0,3.162,0,0,2.7317
C022,9.0,1.0,2022-04-01,4,0,3.162,0,0,2.691
C022,9.0,1.0,2022-05-01,5,0,3.162,0,0,2.7106
C022,9.0,1.0,2022-06-01,6,0,3.162,0,0,2.7086
C022,9.0,1.0,2022-07-01,7,0,3.162,0,0,2.7124
C022,9.0,1.0,2022-08-01,8,0,3.162,0,0,2.7318
C022,9.0,1.0,2022-09-01,9,0,3.162,0,0,2.7094
C022,9.0,1.0,2022-10-01,10,0,3.162,0,0,2.7063
C022,9.0,1.0,2022-11-01,11,0,3.162,0,0,2.7236
C022,9.0,1.0,2022-12-01,12,0,3.162,0,0,2.6756
C022,9.0,1.0,2023-01-01,13,0,3.162,0,0,2.7208
C022,9.0,1.0,2023-02-01,14,0,3.162,0,0,2.731
C022,9.0,1.0,2023-03-01,15,0,3.162,0,0,2.7017
C022,9.0,1.0,2023-04-01,16,0,3.162,0,0,2.6925
C022,9.0,1.0,2023-05-01,17,0,3.162,0,0,2.7605
C022,9.0,1.0,2023-06-01,18,0,3.162,0,0,2.7346
C022,9.0,1.0,2023-07-01,19,0,3.162,0,0,2.7493
C022,9.0,1.0,2023-08-01,20,0,3.162,0,0,2.7412
C022,9.0,1.0,2023-09-01,21,0,3.162,0,0,2.8184
C022,9.0,1.0,2023-10-01,22,0,3.162,0,0,2.7766
C022,9.0,1.0,2023-11-01,23,0,3.162,0,0,2.7415
C022,9.0,1.0,2023-12-01,24,0,3.162,0,0,2.7596
C022,9.0,1.0,2024-01-01,25,0,3.162,0,1,2.758
C022,9.0,1.0,2024-02-01,26,0,3.162,0,1,2.6847
C022,9.0,1.0,2024-03-01,27,0,3.162,0,1,2.7874
C022,9.0,1.0,2024-04-01,28,0,3.162,0,1,2.803
C022,9.0,1.0,2024-05-01,29,0,3.162,0,1,2.7461
C022,9.0,1.0,2024-06-01,30,0,3.162,0,1,2.7179
C022,9.0,1.0,2024-07-01,31,0,3.162,0,1,2.7979
C022,9.0,1.0,2024-08-01,32,0,3.162,0,1,2.7943
C022,9.0,1.0,2024-09-01,33,0,3.162,0,1,2.8029
C022,9.0,1.0,2024-10-01,34,0,3.162,0,1,2.8446
C022,9.0,1.0,2024-11-01,35,0,3.162,0,1,2.7786
C022,9.0,1.0,2024-12-01,36,0,3.162,0,1,2.8494
C023,10.0,1.0,2022-01-01,1,0,3.606,0,0,2.6784
C023,10.0,1.0,2022-02-01,2,0,3.606,0,0,2.6892
C023,10.0,1.0,2022-03-01,3,0,3.606,0,0,2.6871
C023,10.0,1.0,2022-04-01,4,0,3.606,0,0,2.6785
C023,10.0,1.0,2022-05-01,5,0,3.606,0,0,2.734
C023,10.0,1.0,2022-06-01,6,0,3.606,0,0,2.6698
C023,10.0,1.0,2022-07-01,7,0,3.606,0,0,2.6919
C023,10.0,1.0,2022-08-01,8,0,3.606,0,0,2.6767
C023,10.0,1.0,2022-09-01,9,0,3.606,0,0,2.7099
C023,10.0,1.0,2022-10-01,10,0,3.606,0,0,2.6643
C023,10.0,1.0,2022-11-01,11,0,3.606,0,0,2.6844
C023,10.0,1.0,2022-12-01,12,0,3.606,0,0,2.753
C023,10.0,1.0,2023-01-01,13,0,3.606,0,0,2.7052
C023,10.0,1.0,2023-02-01,14,0,3.606,0,0,2.7565
C023,10.0,1.0,2023-03-01,15,0,3.606,0,0,2.6858
C023,10.0,1.0,2023-04-01,16,0,3.606,0,0,2.7015
C023,10.0,1.0,2023-05-01,17,0,3.606,0,0,2.7881
C023,10.0,1.0,2023-06-01,18,0,3.606,0,0,2.7691
C023,10.0,1.0,2023-07-01,19,0,3.606,0,0,2.7546
C023,10.0,1.0,2023-08-01,20,0,3.606,0,0,2.7487
C023,10.0,1.0,2023-09-01,21,0,3.606,0,0,2.737
C023,10.0,1.0,2023-10-01,22,0,3.606,0,0,2.7408
C023,10.0,1.0,2023-11-01,23,0,3.606,0,0,2.7967
C023,10.0,1.0,2023-12-01,24,0,3.606,0,0,2.7358
C023,10.0,1.0,2024-01-01,25,0,3.606,0,1,2.7796
C023,10.0,1.0,2024-02-01,26,0,3.606,0,1,2.702
C023,10.0,1.0,2024-03-01,27,0,3.606,0,1,2.7428
C023,10.0,1.0,2024-04-01,28,0,3.606,0,1,2.7422
C023,10.0,1.0,2024-05-01,29,0,3.606,0,1,2.7311
C023,10.0,1.0,2024-06-01,30,0,3.606,0,1,2.7499
C023,10.0,1.0,2024-07-01,31,0,3.606,0,1,2.744
C023,10.0,1.0,2024-08-01,32,0,3.606,0,1,2.7265
C023,10.0,1.0,2024-09-01,33,0,3.606,0,1,2.7618
C023,10.0,1.0,2024-10-01,34,0,3.606,0,1,2.7683
C023,10.0,1.0,2024-11-01,35,0,3.606,0,1,2.7878
C023,10.0,1.0,2024-12-01,36,0,3.606,0,1,2.7968
C024,11.0,1.0,2022-01-01,1,0,4.243,0,0,2.4584
C024,11.0,1.0,2022-02-01,2,0,4.243,0,0,2.4381
C024,11.0,1.0,2022-03-01,3,0,4.243,0,0,2.4153
C024,11.0,1.0,2022-04-01,4,0,4.243,0,0,2.4406
C024,11.0,1.0,2022-05-01,5,0,4.243,0,0,2.4433
C024,11.0,1.0,2022-06-01,6,0,4.243,0,0,2.5029
C024,11.0,1.0,2022-07-01,7,0,4.243,0,0,2.4183
C024,11.0,1.0,2022-08-01,8,0,4.243,0,0,2.4704
C024,11.0,1.0,2022-09-01,9,0,4.243,0,0,2.4528
C024,11.0,1.0,2022-10-01,10,0,4.243,0,0,2.4566
C024,11.0,1.0,2022-11-01,11,0,4.243,0,0,2.4429
C024,11.0,1.0,2022-12-01,12,0,4.243,0,0,2.4696
C024,11.0,1.0,2023-01-01,13,0,4.243,0,0,2.4691
C024,11.0,1.0,2023-02-01,14,0,4.243,0,0,2.5374
C024,11.0,1.0,2023-03-01,15,0,4.243,0,0,2.4959
C024,11.0,1.0,2023-04-01,16,0,4.243,0,0,2.4618
C024,11.0,1.0,2023-05-01,17,0,4.243,0,0,2.5135
C024,11.0,1.0,2023-06-01,18,0,4.243,0,0,2.4698
C024,11.0,1.0,2023-07-01,19,0,4.243,0,0,2.4809
C024,11.0,1.0,2023-08-01,20,0,4.243,0,0,2.4863
C024,11.0,1.0,2023-09-01,21,0,4.243,0,0,2.4503
C024,11.0,1.0,2023-10-01,22,0,4.243,0,0,2.4632
C024,11.0,1.0,2023-11-01,23,0,4.243,0,0,2.538
C024,11.0,1.0,2023-12-01,24,0,4.243,0,0,2.4942
C024,11.0,1.0,2024-01-01,25,0,4.243,0,1,2.4526
C024,11.0,1.0,2024-02-01,26,0,4.243,0,1,2.5196
C024,11.0,1.0,2024-03-01,27,0,4.243,0,1,2.5113
C024,11.0,1.0,2024-04-01,28,0,4.243,0,1,2.4614
C024,11.0,1.0,2024-05-01,29,0,4.243,0,1,2.5165
C024,11.0,1.0,2024-06-01,30,0,4.243,0,1,2.4603
C024,11.0,1.0,2024-07-01,31,0,4.243,0,1,2.4912
C024,11.0,1.0,2024-08-01,32,0,4.243,0,1,2.5754
C024,11.0,1.0,2024-09-01,33,0,4.243,0,1,2.5627
C024,11.0,1.0,2024-10-01,34,0,4.243,0,1,2.5117
C024,11.0,1.0,2024-11-01,35,0,4.243,0,1,2.4481
C024,11.0,1.0,2024-12-01,36,0,4.243,0,1,2.5034
C025,0.0,2.0,2022-01-01,1,0,3.162,0,0,2.0633
C025,0.0,2.0,2022-02-01,2,0,3.162,0,0,2.0539
C025,0.0,2.0,2022-03-01,3,0,3.162,0,0,2.0341
C025,0.0,2.0,2022-04-01,4,0,3.162,0,0,2.1057
C025,0.0,2.0,2022-05-01,5,0,3.162,0,0,2.0879
C025,0.0,2.0,2022-06-01,6,0,3.162,0,0,2.0883
C025,0.0,2.0,2022-07-01,7,0,3.162,0,0,2.0675
C025,0.0,2.0,2022-08-01,8,0,3.162,0,0,2.0465
C025,0.0,2.0,2022-09-01,9,0,3.162,0,0,2.0829
C025,0.0,2.0,2022-10-01,10,0,3.162,0,0,2.0811
C025,0.0,2.0,2022-11-01,11,0,3.162,0,0,2.1157
C025,0.0,2.0,2022-12-01,12,0,3.162,0,0,2.0826
C025,0.0,2.0,2023-01-01,13,0,3.162,0,0,2.0678
C025,0.0,2.0,2023-02-01,14,0,3.162,0,0,2.1069
C025,0.0,2.0,2023-03-01,15,0,3.162,0,0,2.1516
C025,0.0,2.0,2023-04-01,16,0,3.162,0,0,2.1929
C025,0.0,2.0,2023-05-01,17,0,3.162,0,0,2.1438
C025,0.0,2.0,2023-06-01,18,0,3.162,0,0,2.1029
C025,0.0,2.0,2023-07-01,19,0,3.162,0,0,2.1071
C025,0.0,2.0,2023-08-01,20,0,3.162,0,0,2.1214
C025,0.0,2.0,2023-09-01,21,0,3.162,0,0,2.1002
C025,0.0,2.0,2023-10-01,22,0,3.162,0,0,2.1184
C025,0.0,2.0,2023-11-01,23,0,3.162,0,0,2.0918
C025,0.0,2.0,2023-12-01,24,0,3.162,0,0,2.1272
C025,0.0,2.0,2024-01-01,25,0,3.162,0,1,2.0994
C025,0.0,2.0,2024-02-01,26,0,3.162,0,1,2.1577
C025,0.0,2.0,2024-03-01,27,0,3.162,0,1,2.1209
C025,0.0,2.0,2024-04-01,28,0,3.162,0,1,2.1594
C025,0.0,2.0,2024-05-01,29,0,3.162,0,1,2.1297
C025,0.0,2.0,2024-06-01,30,0,3.162,0,1,2.155
C025,0.0,2.0,2024-07-01,31,0,3.162,0,1,2.1486
C025,0.0,2.0,2024-08-01,32,0,3.162,0,1,2.129
C025,0.0,2.0,2024-09-01,33,0,3.162,0,1,2.1898
C025,0.0,2.0,2024-10-01,34,0,3.162,0,1,2.1514
C025,0.0,2.0,2024-11-01,35,0,3.162,0,1,2.2001
C025,0.0,2.0,2024-12-01,36,0,3.162,0,1,2.1614
C026,1.0,2.0,2022-01-01,1,0,2.236,0,0,2.2402
C026,1.0,2.0,2022-02-01,2,0,2.236,0,0,2.3122
C026,1.0,2.0,2022-03-01,3,0,2.236,0,0,2.2822
C026,1.0,2.0,2022-04-01,4,0,2.236,0,0,2.2826
C026,1.0,2.0,2022-05-01,5,0,2.236,0,0,2.2804
C026,1.0,2.0,2022-06-01,6,0,2.236,0,0,2.2845
C026,1.0,2.0,2022-07-01,7,0,2.236,0,0,2.2665
C026,1.0,2.0,2022-08-01,8,0,2.236,0,0,2.2906
C026,1.0,2.0,2022-09-01,9,0,2.236,0,0,2.2744
C026,1.0,2.0,2022-10-01,10,0,2.236,0,0,2.3175
C026,1.0,2.0,2022-11-01,11,0,2.236,0,0,2.3333
C026,1.0,2.0,2022-12-01,12,0,2.236,0,0,2.2692
C026,1.0,2.0,2023-01-01,13,0,2.236,0,0,2.3329
C026,1.0,2.0,2023-02-01,14,0,2.236,0,0,2.3256
C026,1.0,2.0,2023-03-01,15,0,2.236,0,0,2.3016
C026,1.0,2.0,2023-04-01,16,0,2.236,0,0,2.3578
C026,1.0,2.0,2023-05-01,17,0,2.236,0,0,2.3376
C026,1.0,2.0,2023-06-01,18,0,2.236,0,0,2.3264
C026,1.0,2.0,2023-07-01,19,0,2.236,0,0,2.3401
C026,1.0,2.0,2023-08-01,20,0,2.236,0,0,2.3446
C026,1.0,2.0,2023-09-01,21,0,2.236,0,0,2.2936
C026,1.0,2.0,2023-10-01,22,0,2.236,0,0,2.3172
C026,1.0,2.0,2023-11-01,23,0,2.236,0,0,2.331
C026,1.0,2.0,2023-12-01,24,0,2.236,0,0,2.3299
C026,1.0,2.0,2024-01-01,25,0,2.236,0,1,2.3664
C026,1.0,2.0,2024-02-01,26,0,2.236,0,1,2.3194
C026,1.0,2.0,2024-03-01,27,0,2.236,0,1,2.3616
C026,1.0,2.0,2024-04-01,28,0,2.236,0,1,2.3335
C026,1.0,2.0,2024-05-01,29,0,2.236,0,1,2.3713
C026,1.0,2.0,2024-06-01,30,0,2.236,0,1,2.3621
C026,1.0,2.0,2024-07-01,31,0,2.236,0,1,2.3738
C026,1.0,2.0,2024-08-01,32,0,2.236,0,1,2.3813
C026,1.0,2.0,2024-09-01,33,0,2.236,0,1,2.4083
C026,1.0,2.0,2024-10-01,34,0,2.236,0,1,2.379
C026,1.0,2.0,2024-11-01,35,0,2.236,0,1,2.3894
C026,1.0,2.0,2024-12-01,36,0,2.236,0,1,2.3859
C027,2.0,2.0,2022-01-01,1,0,1.414,1,0,2.4225
C027,2.0,2.0,2022-02-01,2,0,1.414,1,0,2.4061
C027,2.0,2.0,2022-03-01,3,0,1.414,1,0,2.4608
C027,2.0,2.0,2022-04-01,4,0,1.414,1,0,2.4078
C027,2.0,2.0,2022-05-01,5,0,1.414,1,0,2.4449
C027,2.0,2.0,2022-06-01,6,0,1.414,1,0,2.4215
C027,2.0,2.0,2022-07-01,7,0,1.414,1,0,2.464
C027,2.0,2.0,2022-08-01,8,0,1.414,1,0,2.4753
C027,2.0,2.0,2022-09-01,9,0,1.414,1,0,2.4147
C027,2.0,2.0,2022-10-01,10,0,1.414,1,0,2.4677
C027,2.0,2.0,2022-11-01,11,0,1.414,1,0,2.4253
C027,2.0,2.0,2022-12-01,12,0,1.414,1,0,2.4549
C027,2.0,2.0,2023-01-01,13,0,1.414,1,0,2.5101
C027,2.0,2.0,2023-02-01,14,0,1.414,1,0,2.4435
C027,2.0,2.0,2023-03-01,15,0,1.414,1,0,2.5043
C027,2.0,2.0,2023-04-01,16,0,1.414,1,0,2.5338
C027,2.0,2.0,2023-05-01,17,0,1.414,1,0,2.4595
C027,2.0,2.0,2023-06-01,18,0,1.414,1,0,2.5082
C027,2.0,2.0,2023-07-01,19,0,1.414,1,0,2.4472
C027,2.0,2.0,2023-08-01,20,0,1.414,1,0,2.5032
C027,2.0,2.0,2023-09-01,21,0,1.414,1,0,2.5615
C027,2.0,2.0,2023-10-01,22,0,1.414,1,0,2.5108
C027,2.0,2.0,2023-11-01,23,0,1.414,1,0,2.4883
C027,2.0,2.0,2023-12-01,24,0,1.414,1,0,2.5542
C027,2.0,2.0,2024-01-01,25,0,1.414,1,1,2.5299
C027,2.0,2.0,2024-02-01,26,0,1.414,1,1,2.5424
C027,2.0,2.0,2024-03-01,27,0,1.414,1,1,2.5443
C027,2.0,2.0,2024-04-01,28,0,1.414,1,1,2.5217
C027,2.0,2.0,2024-05-01,29,0,1.414,1,1,2.5078
C027,2.0,2.0,2024-06-01,30,0,1.414,1,1,2.6149
C027,2.0,2.0,2024-07-01,31,0,1.414,1,1,2.5653
C027,2.0,2.0,2024-08-01,32,0,1.414,1,1,2.4664
C027,2.0,2.0,2024-09-01,33,0,1.414,1,1,2.5246
C027,2.0,2.0,2024-10-01,34,0,1.414,1,1,2.5866
C027,2.0,2.0,2024-11-01,35,0,1.414,1,1,2.5777
C027,2.0,2.0,2024-12-01,36,0,1.414,1,1,2.4743
C028,3.0,2.0,2022-01-01,1,0,1.0,1,0,2.4608
C028,3.0,2.0,2022-02-01,2,0,1.0,1,0,2.4844
C028,3.0,2.0,2022-03-01,3,0,1.0,1,0,2.4775
C028,3.0,2.0,2022-04-01,4,0,1.0,1,0,2.4686
C028,3.0,2.0,2022-05-01,5,0,1.0,1,0,2.5143
C028,3.0,2.0,2022-06-01,6,0,1.0,1,0,2.5128
C028,3.0,2.0,2022-07-01,7,0,1.0,1,0,2.5111
C028,3.0,2.0,2022-08-01,8,0,1.0,1,0,2.503
C028,3.0,2.0,2022-09-01,9,0,1.0,1,0,2.5182
C028,3.0,2.0,2022-10-01,10,0,1.0,1,0,2.4625
C028,3.0,2.0,2022-11-01,11,0,1.0,1,0,2.4728
C028,3.0,2.0,2022-12-01,12,0,1.0,1,0,2.4716
C028,3.0,2.0,2023-01-01,13,0,1.0,1,0,2.4982
C028,3.0,2.0,2023-02-01,14,0,1.0,1,0,2.4616
C028,3.0,2.0,2023-03-01,15,0,1.0,1,0,2.5342
C028,3.0,2.0,2023-04-01,16,0,1.0,1,0,2.4497
C028,3.0,2.0,2023-05-01,17,0,1.0,1,0,2.4816
C028,3.0,2.0,2023-06-01,18,0,1.0,1,0,2.5471
C028,3.0,2.0,2023-07-01,19,0,1.0,1,0,2.5393
C028,3.0,2.0,2023-08-01,20,0,1.0,1,0,2.538
C028,3.0,2.0,2023-09-01,21,0,1.0,1,0,2.4881
C028,3.0,2.0,2023-10-01,22,0,1.0,1,0,2.5711
C028,3.0,2.0,2023-11-01,23,0,1.0,1,0,2.5407
C028,3.0,2.0,2023-12-01,24,0,1.0,1,0,2.5251
C028,3.0,2.0,2024-01-01,25,0,1.0,1,1,2.5557
C028,3.0,2.0,2024-02-01,26,0,1.0,1,1,2.4624
C028,3.0,2.0,2024-03-01,27,0,1.0,1,1,2.5897
C028,3.0,2.0,2024-04-01,28,0,1.0,1,1,2.5696
C028,3.0,2.0,2024-05-01,29,0,1.0,1,1,2.5459
C028,3.0,2.0,2024-06-01,30,0,1.0,1,1,2.5741
C028,3.0,2.0,2024-07-01,31,0,1.0,1,1,2.5702
C028,3.0,2.0,2024-08-01,32,0,1.0,1,1,2.5206
C028,3.0,2.0,2024-09-01,33,0,1.0,1,1,2.5151
C028,3.0,2.0,2024-10-01,34,0,1.0,1,1,2.596
C028,3.0,2.0,2024-11-01,35,0,1.0,1,1,2.5554
C028,3.0,2.0,2024-12-01,36,0,1.0,1,1,2.5451
C029,4.0,2.0,2022-01-01,1,0,1.414,1,0,2.1986
C029,4.0,2.0,2022-02-01,2,0,1.414,1,0,2.1809
C029,4.0,2.0,2022-03-01,3,0,1.414,1,0,2.1963
C029,4.0,2.0,2022-04-01,4,0,1.414,1,0,2.2462
C029,4.0,2.0,2022-05-01,5,0,1.414,1,0,2.2061
C029,4.0,2.0,2022-06-01,6,0,1.414,1,0,2.1958
C029,4.0,2.0,2022-07-01,7,0,1.414,1,0,2.2027
C029,4.0,2.0,2022-08-01,8,0,1.414,1,0,2.2446
C029,4.0,2.0,2022-09-01,9,0,1.414,1,0,2.2158
C029,4.0,2.0,2022-10-01,10,0,1.414,1,0,2.2998
C029,4.0,2.0,2022-11-01,11,0,1.414,1,0,2.2012
C029,4.0,2.0,2022-12-01,12,0,1.414,1,0,2.2359
C029,4.0,2.0,2023-01-01,13,0,1.414,1,0,2.2777
C029,4.0,2.0,2023-02-01,14,0,1.414,1,0,2.2275
C029,4.0,2.0,2023-03-01,15,0,1.414,1,0,2.2305
C029,4.0,2.0,2023-04-01,16,0,1.414,1,0,2.2571
C029,4.0,2.0,2023-05-01,17,0,1.414,1,0,2.2276
C029,4.0,2.0,2023-06-01,18,0,1.414,1,0,2.3198
C029,4.0,2.0,2023-07-01,19,0,1.414,1,0,2.2535
C029,4.0,2.0,2023-08-01,20,0,1.414,1,0,2.2644
C029,4.0,2.0,2023-09-01,21,0,1.414,1,0,2.2925
C029,4.0,2.0,2023-10-01,22,0,1.414,1,0,2.2698
C029,4.0,2.0,2023-11-01,23,0,1.414,1,0,2.3213
C029,4.0,2.0,2023-12-01,24,0,1.414,1,0,2.2212
C029,4.0,2.0,2024-01-01,25,0,1.414,1,1,2.3394
C029,4.0,2.0,2024-02-01,26,0,1.414,1,1,2.2462
C029,4.0,2.0,2024-03-01,27,0,1.414,1,1,2.3137
C029,4.0,2.0,2024-04-01,28,0,1.414,1,1,2.3157
C029,4.0,2.0,2024-05-01,29,0,1.414,1,1,2.3525
C029,4.0,2.0,2024-06-01,30,0,1.414,1,1,2.3306
C029,4.0,2.0,2024-07-01,31,0,1.414,1,1,2.3342
C029,4.0,2.0,2024-08-01,32,0,1.414,1,1,2.2998
C029,4.0,2.0,2024-09-01,33,0,1.414,1,1,2.3296
C029,4.0,2.0,2024-10-01,34,0,1.414,1,1,2.2963
C029,4.0,2.0,2024-11-01,35,0,1.414,1,1,2.3058
C029,4.0,2.0,2024-12-01,36,0,1.414,1,1,2.3169
C030,5.0,2.0,2022-01-01,1,0,2.236,0,0,2.1774
C030,5.0,2.0,2022-02-01,2,0,2.236,0,0,2.2322
C030,5.0,2.0,2022-03-01,3,0,2.236,0,0,2.2065
C030,5.0,2.0,2022-04-01,4,0,2.236,0,0,2.2065
C030,5.0,2.0,2022-05-01,5,0,2.236,0,0,2.2706
C030,5.0,2.0,2022-06-01,6,0,2.236,0,0,2.272
C030,5.0,2.0,2022-07-01,7,0,2.236,0,0,2.2289
C030,5.0,2.0,2022-08-01,8,0,2.236,0,0,2.2695
C030,5.0,2.0,2022-09-01,9,0,2.236,0,0,2.2916
C030,5.0,2.0,2022-10-01,10,0,2.236,0,0,2.2504
C030,5.0,2.0,2022-11-01,11,0,2.236,0,0,2.226
C030,5.0,2.0,2022-12-01,12,0,2.236,0,0,2.2688
C030,5.0,2.0,2023-01-01,13,0,2.236,0,0,2.2548
C030,5.0,2.0,2023-02-01,14,0,2.236,0,0,2.2327
C030,5.0,2.0,2023-03-01,15,0,2.236,0,0,2.2659
C030,5.0,2.0,2023-04-01,16,0,2.236,0,0,2.2468
C030,5.0,2.0,2023-05-01,17,0,2.236,0,0,2.3089
C030,5.0,2.0,2023-06-01,18,0,2.236,0,0,2.2813
C030,5.0,2.0,2023-07-01,19,0,2.236,0,0,2.2474
C030,5.0,2.0,2023-08-01,20,0,2.236,0,0,2.2281
C030,5.0,2.0,2023-09-01,21,0,2.236,0,0,2.2554
C030,5.0,2.0,2023-10-01,22,0,2.236,0,0,2.2711
C030,5.0,2.0,2023-11-01,23,0,2.236,0,0,2.3186
C030,5.0,2.0,2023-12-01,24,0,2.236,0,0,2.2633
C030,5.0,2.0,2024-01-01,25,0,2.236,0,1,2.2803
C030,5.0,2.0,2024-02-01,26,0,2.236,0,1,2.2969
C030,5.0,2.0,2024-03-01,27,0,2.236,0,1,2.3678
C030,5.0,2.0,2024-04-01,28,0,2.236,0,1,2.2789
C030,5.0,2.0,2024-05-01,29,0,2.236,0,1,2.2426
C030,5.0,2.0,2024-06-01,30,0,2.236,0,1,2.3288
C030,5.0,2.0,2024-07-01,31,0,2.236,0,1,2.3487
C030,5.0,2.0,2024-08-01,32,0,2.236,0,1,2.3664
C030,5.0,2.0,2024-09-01,33,0,2.236,0,1,2.289
C030,5.0,2.0,2024-10-01,34,0,2.236,0,1,2.3057
C030,5.0,2.0,2024-11-01,35,0,2.236,0,1,2.2828
C030,5.0,2.0,2024-12-01,36,0,2.236,0,1,2.373
C031,6.0,2.0,2022-01-01,1,0,2.828,0,0,2.841
C031,6.0,2.0,2022-02-01,2,0,2.828,0,0,2.7793
C031,6.0,2.0,2022-03-01,3,0,2.828,0,0,2.7787
C031,6.0,2.0,2022-04-01,4,0,2.828,0,0,2.8104
C031,6.0,2.0,2022-05-01,5,0,2.828,0,0,2.7554
C031,6.0,2.0,2022-06-01,6,0,2.828,0,0,2.8115
C031,6.0,2.0,2022-07-01,7,0,2.828,0,0,2.7935
C031,6.0,2.0,2022-08-01,8,0,2.828,0,0,2.7813
C031,6.0,2.0,2022-09-01,9,0,2.828,0,0,2.8551
C031,6.0,2.0,2022-10-01,10,0,2.828,0,0,2.7798
C031,6.0,2.0,2022-11-01,11,0,2.828,0,0,2.8501
C031,6.0,2.0,2022-12-01,12,0,2.828,0,0,2.8855
C031,6.0,2.0,2023-01-01,13,0,2.828,0,0,2.831
C031,6.0,2.0,2023-02-01,14,0,2.828,0,0,2.8296
C031,6.0,2.0,2023-03-01,15,0,2.828,0,0,2.9061
C031,6.0,2.0,2023-04-01,16,0,2.828,0,0,2.8488
C031,6.0,2.0,2023-05-01,17,0,2.828,0,0,2.8687
C031,6.0,2.0,2023-06-01,18,0,2.828,0,0,2.869
C031,6.0,2.0,2023-07-01,19,0,2.828,0,0,2.8455
C031,6.0,2.0,2023-08-01,20,0,2.828,0,0,2.8013
C031,6.0,2.0,2023-09-01,21,0,2.828,0,0,2.8811
C031,6.0,2.0,2023-10-01,22,0,2.828,0,0,2.8988
C031,6.0,2.0,2023-11-01,23,0,2.828,0,0,2.8687
C031,6.0,2.0,2023-12-01,24,0,2.828,0,0,2.9272
C031,6.0,2.0,2024-01-01,25,0,2.828,0,1,2.8549
C031,6.0,2.0,2024-02-01,26,0,2.828,0,1,2.8464
C031,6.0,2.0,2024-03-01,27,0,2.828,0,1,2.8588
C031,6.0,2.0,2024-04-01,28,0,2.828,0,1,2.8567
C031,6.0,2.0,2024-05-01,29,0,2.828,0,1,2.8389
C031,6.0,2.0,2024-06-01,30,0,2.828,0,1,2.8664
C031,6.0,2.0,2024-07-01,31,0,2.828,0,1,2.8388
C031,6.0,2.0,2024-08-01,32,0,2.828,0,1,2.8545
C031,6.0,2.0,2024-09-01,33,0,2.828,0,1,2.9314
C031,6.0,2.0,2024-10-01,34,0,2.828,0,1,2.8953
C031,6.0,2.0,2024-11-01,35,0,2.828,0,1,2.9455
C031,6.0,2.0,2024-12-01,36,0,2.828,0,1,2.9193
C032,7.0,2.0,2022-01-01,1,0,2.236,0,0,2.0037
C032,7.0,2.0,2022-02-01,2,0,2.236,0,0,1.9641
C032,7.0,2.0,2022-03-01,3,0,2.236,0,0,1.9307
C032,7.0,2.0,2022-04-01,4,0,2.236,0,0,1.9815
C032,7.0,2.0,2022-05-01,5,0,2.236,0,0,1.9534
C032,7.0,2.0,2022-06-01,6,0,2.236,0,0,1.9904
C032,7.0,2.0,2022-07-01,7,0,2.236,0,0,2.0078
C032,7.0,2.0,2022-08-01,8,0,2.236,0,0,2.0217
C032,7.0,2.0,2022-09-01,9,0,2.236,0,0,1.9809
C032,7.0,2.0,2022-10-01,10,0,2.236,0,0,2.004
C032,7.0,2.0,2022-11-01,11,0,2.236,0,0,1.9311
C032,7.0,2.0,2022-12-01,12,0,2.236,0,0,1.9634
C032,7.0,2.0,2023-01-01,13,0,2.236,0,0,2.0464
C032,7.0,2.0,2023-02-01,14,0,2.236,0,0,1.9934
C032,7.0,2.0,2023-03-01,15,0,2.236,0,0,1.9582
C032,7.0,2.0,2023-04-01,16,0,2.236,0,0,1.9341
C032,7.0,2.0,2023-05-01,17,0,2.236,0,0,2.0574
C032,7.0,2.0,2023-06-01,18,0,2.236,0,0,1.9602
C032,7.0,2.0,2023-07-01,19,0,2.236,0,0,2.0121
C032,7.0,2.0,2023-08-01,20,0,2.236,0,0,1.9476
C032,7.0,2.0,2023-09-01,21,0,2.236,0,0,2.0024
C032,7.0,2.0,2023-10-01,22,0,2.236,0,0,2.0329
C032,7.0,2.0,2023-11-01,23,0,2.236,0,0,2.0371
C032,7.0,2.0,2023-12-01,24,0,2.236,0,0,2.0124
C032,7.0,2.0,2024-01-01,25,0,2.236,0,1,2.0331
C032,7.0,2.0,2024-02-01,26,0,2.236,0,1,2.0437
C032,7.0,2.0,2024-03-01,27,0,2.236,0,1,1.9896
C032,7.0,2.0,2024-04-01,28,0,2.236,0,1,2.0201
C032,7.0,2.0,2024-05-01,29,0,2.236,0,1,2.0368
C032,7.0,2.0,2024-06-01,30,0,2.236,0,1,2.0468
C032,7.0,2.0,2024-07-01,31,0,2.236,0,1,2.0092
C032,7.0,2.0,2024-08-01,32,0,2.236,0,1,2.0269
C032,7.0,2.0,2024-09-01,33,0,2.236,0,1,2.0442
C032,7.0,2.0,2024-10-01,34,0,2.236,0,1,2.1029
C032,7.0,2.0,2024-11-01,35,0,2.236,0,1,2.0697
C032,7.0,2.0,2024-12-01,36,0,2.236,0,1,2.0342
C033,8.0,2.0,2022-01-01,1,0,2.0,1,0,2.8007
C033,8.0,2.0,2022-02-01,2,0,2.0,1,0,2.816
C033,8.0,2.0,2022-03-01,3,0,2.0,1,0,2.7837
C033,8.0,2.0,2022-04-01,4,0,2.0,1,0,2.8116
C033,8.0,2.0,2022-05-01,5,0,2.0,1,0,2.8261
C033,8.0,2.0,2022-06-01,6,0,2.0,1,0,2.8077
C033,8.0,2.0,2022-07-01,7,0,2.0,1,0,2.8132
C033,8.0,2.0,2022-08-01,8,0,2.0,1,0,2.8697
C033,8.0,2.0,2022-09-01,9,0,2.0,1,0,2.8241
C033,8.0,2.0,2022-10-01,10,0,2.0,1,0,2.8315
C033,8.0,2.0,2022-11-01,11,0,2.0,1,0,2.8836
C033,8.0,2.0,2022-12-01,12,0,2.0,1,0,2.8373
C033,8.0,2.0,2023-01-01,13,0,2.0,1,0,2.8314
C033,8.0,2.0,2023-02-01,14,0,2.0,1,0,2.8093
C033,8.0,2.0,2023-03-01,15,0,2.0,1,0,2.8716
C033,8.0,2.0,2023-04-01,16,0,2.0,1,0,2.8321
C033,8.0,2.0,2023-05-01,17,0,2.0,1,0,2.8253
C033,8.0,2.0,2023-06-01,18,0,2.0,1,0,2.852
C033,8.0,2.0,2023-07-01,19,0,2.0,1,0,2.8754
C033,8.0,2.0,2023-08-01,20,0,2.0,1,0,2.8367
C033,8.0,2.0,2023-09-01,21,0,2.0,1,0,2.8893
C033,8.0,2.0,2023-10-01,22,0,2.0,1,0,2.8356
C033,8.0,2.0,2023-11-01,23,0,2.0,1,0,2.8153
C033,8.0,2.0,2023-12-01,24,0,2.0,1,0,2.833
C033,8.0,2.0,2024-01-01,25,0,2.0,1,1,2.9074
C033,8.0,2.0,2024-02-01,26,0,2.0,1,1,2.9022
C033,8.0,2.0,2024-03-01,27,0,2.0,1,1,2.8122
C033,8.0,2.0,2024-04-01,28,0,2.0,1,1,2.8945
C033,8.0,2.0,2024-05-01,29,0,2.0,1,1,2.8847
C033,8.0,2.0,2024-06-01,30,0,2.0,1,1,2.9167
C033,8.0,2.0,2024-07-01,31,0,2.0,1,1,2.9266
C033,8.0,2.0,2024-08-01,32,0,2.0,1,1,2.9255
C033,8.0,2.0,2024-09-01,33,0,2.0,1,1,2.9188
C033,8.0,2.0,2024-10-01,34,0,2.0,1,1,3.0075
C033,8.0,2.0,2024-11-01,35,0,2.0,1,1,2.897
C033,8.0,2.0,2024-12-01,36,0,2.0,1,1,2.9272
C034,9.0,2.0,2022-01-01,1,0,2.236,0,0,2.1887
C034,9.0,2.0,2022-02-01,2,0,2.236,0,0,2.1891
C034,9.0,2.0,2022-03-01,3,0,2.236,0,0,2.188
C034,9.0,2.0,2022-04-01,4,0,2.236,0,0,2.18
C034,9.0,2.0,2022-05-01,5,0,2.236,0,0,2.1466
C034,9.0,2.0,2022-06-01,6,0,2.236,0,0,2.1264
C034,9.0,2.0,2022-07-01,7,0,2.236,0,0,2.1601
C034,9.0,2.0,2022-08-01,8,0,2.236,0,0,2.1563
C034,9.0,2.0,2022-09-01,9,0,2.236,0,0,2.2233
C034,9.0,2.0,2022-10-01,10,0,2.236,0,0,2.2006
C034,9.0,2.0,2022-11-01,11,0,2.236,0,0,2.1311
C034,9.0,2.0,2022-12-01,12,0,2.236,0,0,2.1053
C034,9.0,2.0,2023-01-01,13,0,2.236,0,0,2.2274
C034,9.0,2.0,2023-02-01,14,0,2.236,0,0,2.1775
C034,9.0,2.0,2023-03-01,15,0,2.236,0,0,2.2077
C034,9.0,2.0,2023-04-01,16,0,2.236,0,0,2.1763
C034,9.0,2.0,2023-05-01,17,0,2.236,0,0,2.148
C034,9.0,2.0,2023-06-01,18,0,2.236,0,0,2.1805
C034,9.0,2.0,2023-07-01,19,0,2.236,0,0,2.2038
C034,9.0,2.0,2023-08-01,20,0,2.236,0,0,2.1957
C034,9.0,2.0,2023-09-01,21,0,2.236,0,0,2.1878
C034,9.0,2.0,2023-10-01,22,0,2.236,0,0,2.174
C034,9.0,2.0,2023-11-01,23,0,2.236,0,0,2.1627
C034,9.0,2.0,2023-12-01,24,0,2.236,0,0,2.2497
C034,9.0,2.0,2024-01-01,25,0,2.236,0,1,2.2079
C034,9.0,2.0,2024-02-01,26,0,2.236,0,1,2.1737
C034,9.0,2.0,2024-03-01,27,0,2.236,0,1,2.2099
C034,9.0,2.0,2024-04-01,28,0,2.236,0,1,2.2119
C034,9.0,2.0,2024-05-01,29,0,2.236,0,1,2.2266
C034,9.0,2.0,2024-06-01,30,0,2.236,0,1,2.186
C034,9.0,2.0,2024-07-01,31,0,2.236,0,1,2.2257
C034,9.0,2.0,2024-08-01,32,0,2.236,0,1,2.2657
C034,9.0,2.0,2024-09-01,33,0,2.236,0,1,2.2566
C034,9.0,2.0,2024-10-01,34,0,2.236,0,1,2.2591
C034,9.0,2.0,2024-11-01,35,0,2.236,0,1,2.2263
C034,9.0,2.0,2024-12-01,36,0,2.236,0,1,2.251
C035,10.0,2.0,2022-01-01,1,0,2.828,0,0,2.705
C035,10.0,2.0,2022-02-01,2,0,2.828,0,0,2.7054
C035,10.0,2.0,2022-03-01,3,0,2.828,0,0,2.7511
C035,10.0,2.0,2022-04-01,4,0,2.828,0,0,2.66
C035,10.0,2.0,2022-05-01,5,0,2.828,0,0,2.7192
C035,10.0,2.0,2022-06-01,6,0,2.828,0,0,2.743
C035,10.0,2.0,2022-07-01,7,0,2.828,0,0,2.7498
C035,10.0,2.0,2022-08-01,8,0,2.828,0,0,2.7645
C035,10.0,2.0,2022-09-01,9,0,2.828,0,0,2.7935
C035,10.0,2.0,2022-10-01,10,0,2.828,0,0,2.7265
C035,10.0,2.0,2022-11-01,11,0,2.828,0,0,2.703
C035,10.0,2.0,2022-12-01,12,0,2.828,0,0,2.7659
C035,10.0,2.0,2023-01-01,13,0,2.828,0,0,2.7594
C035,10.0,2.0,2023-02-01,14,0,2.828,0,0,2.8233
C035,10.0,2.0,2023-03-01,15,0,2.828,0,0,2.7254
C035,10.0,2.0,2023-04-01,16,0,2.828,0,0,2.7637
C035,10.0,2.0,2023-05-01,17,0,2.828,0,0,2.7641
C035,10.0,2.0,2023-06-01,18,0,2.828,0,0,2.7639
C035,10.0,2.0,2023-07-01,19,0,2.828,0,0,2.8531
C035,10.0,2.0,2023-08-01,20,0,2.828,0,0,2.7704
C035,10.0,2.0,2023-09-01,21,0,2.828,0,0,2.7483
C035,10.0,2.0,2023-10-01,22,0,2.828,0,0,2.8093
C035,10.0,2.0,2023-11-01,23,0,2.828,0,0,2.7303
C035,10.0,2.0,2023-12-01,24,0,2.828,0,0,2.729
C035,10.0,2.0,2024-01-01,25,0,2.828,0,1,2.7393
C035,10.0,2.0,2024-02-01,26,0,2.828,0,1,2.8294
C035,10.0,2.0,2024-03-01,27,0,2.828,0,1,2.8447
C035,10.0,2.0,2024-04-01,28,0,2.828,0,1,2.8361
C035,10.0,2.0,2024-05-01,29,0,2.828,0,1,2.8027
C035,10.0,2.0,2024-06-01,30,0,2.828,0,1,2.8122
C035,10.0,2.0,2024-07-01,31,0,2.828,0,1,2.7847
C035,10.0,2.0,2024-08-01,32,0,2.828,0,1,2.8027
C035,10.0,2.0,2024-09-01,33,0,2.828,0,1,2.8243
C035,10.0,2.0,2024-10-01,34,0,2.828,0,1,2.833
C035,10.0,2.0,2024-11-01,35,0,2.828,0,1,2.7907
C035,10.0,2.0,2024-12-01,36,0,2.828,0,1,2.8257
C036,11.0,2.0,2022-01-01,1,0,3.606,0,0,2.5401
C036,11.0,2.0,2022-02-01,2,0,3.606,0,0,2.5587
C036,11.0,2.0,2022-03-01,3,0,3.606,0,0,2.5069
C036,11.0,2.0,2022-04-01,4,0,3.606,0,0,2.5649
C036,11.0,2.0,2022-05-01,5,0,3.606,0,0,2.5429
C036,11.0,2.0,2022-06-01,6,0,3.606,0,0,2.5406
C036,11.0,2.0,2022-07-01,7,0,3.606,0,0,2.5307
C036,11.0,2.0,2022-08-01,8,0,3.606,0,0,2.6006
C036,11.0,2.0,2022-09-01,9,0,3.606,0,0,2.5808
C036,11.0,2.0,2022-10-01,10,0,3.606,0,0,2.5756
C036,11.0,2.0,2022-11-01,11,0,3.606,0,0,2.489
C036,11.0,2.0,2022-12-01,12,0,3.606,0,0,2.5365
C036,11.0,2.0,2023-01-01,13,0,3.606,0,0,2.5983
C036,11.0,2.0,2023-02-01,14,0,3.606,0,0,2.5794
C036,11.0,2.0,2023-03-01,15,0,3.606,0,0,2.5209
C036,11.0,2.0,2023-04-01,16,0,3.606,0,0,2.5548
C036,11.0,2.0,2023-05-01,17,0,3.606,0,0,2.5443
C036,11.0,2.0,2023-06-01,18,0,3.606,0,0,2.6292
C036,11.0,2.0,2023-07-01,19,0,3.606,0,0,2.572
C036,11.0,2.0,2023-08-01,20,0,3.606,0,0,2.5878
C036,11.0,2.0,2023-09-01,21,0,3.606,0,0,2.5899
C036,11.0,2.0,2023-10-01,22,0,3.606,0,0,2.5672
C036,11.0,2.0,2023-11-01,23,0,3.606,0,0,2.5768
C036,11.0,2.0,2023-12-01,24,0,3.606,0,0,2.5566
C036,11.0,2.0,2024-01-01,25,0,3.606,0,1,2.6226
C036,11.0,2.0,2024-02-01,26,0,3.606,0,1,2.648
C036,11.0,2.0,2024-03-01,27,0,3.606,0,1,2.5526
C036,11.0,2.0,2024-04-01,28,0,3.606,0,1,2.5841
C036,11.0,2.0,2024-05-01,29,0,3.606,0,1,2.6429
C036,11.0,2.0,2024-06-01,30,0,3.606,0,1,2.5836
C036,11.0,2.0,2024-07-01,31,0,3.606,0,1,2.6055
C036,11.0,2.0,2024-08-01,32,0,3.606,0,1,2.6596
C036,11.0,2.0,2024-09-01,33,0,3.606,0,1,2.6221
C036,11.0,2.0,2024-10-01,34,0,3.606,0,1,2.6098
C036,11.0,2.0,2024-11-01,35,0,3.606,0,1,2.6793
C036,11.0,2.0,2024-12-01,36,0,3.606,0,1,2.6723
C037,0.0,3.0,2022-01-01,1,0,3.0,0,0,2.515
C037,0.0,3.0,2022-02-01,2,0,3.0,0,0,2.5543
C037,0.0,3.0,2022-03-01,3,0,3.0,0,0,2.5447
C037,0.0,3.0,2022-04-01,4,0,3.0,0,0,2.535
C037,0.0,3.0,2022-05-01,5,0,3.0,0,0,2.5525
C037,0.0,3.0,2022-06-01,6,0,3.0,0,0,2.5586
C037,0.0,3.0,2022-07-01,7,0,3.0,0,0,2.5298
C037,0.0,3.0,2022-08-01,8,0,3.0,0,0,2.5173
C037,0.0,3.0,2022-09-01,9,0,3.0,0,0,2.5796
C037,0.0,3.0,2022-10-01,10,0,3.0,0,0,2.5977
C037,0.0,3.0,2022-11-01,11,0,3.0,0,0,2.6331
C037,0.0,3.0,2022-12-01,12,0,3.0,0,0,2.6205
C037,0.0,3.0,2023-01-01,13,0,3.0,0,0,2.5787
C037,0.0,3.0,2023-02-01,14,0,3.0,0,0,2.6165
C037,0.0,3.0,2023-03-01,15,0,3.0,0,0,2.586
C037,0.0,3.0,2023-04-01,16,0,3.0,0,0,2.5818
C037,0.0,3.0,2023-05-01,17,0,3.0,0,0,2.5859
C037,0.0,3.0,2023-06-01,18,0,3.0,0,0,2.6129
C037,0.0,3.0,2023-07-01,19,0,3.0,0,0,2.6464
C037,0.0,3.0,2023-08-01,20,0,3.0,0,0,2.5895
C037,0.0,3.0,2023-09-01,21,0,3.0,0,0,2.6206
C037,0.0,3.0,2023-10-01,22,0,3.0,0,0,2.6138
C037,0.0,3.0,2023-11-01,23,0,3.0,0,0,2.5966
C037,0.0,3.0,2023-12-01,24,0,3.0,0,0,2.6375
C037,0.0,3.0,2024-01-01,25,0,3.0,0,1,2.6489
C037,0.0,3.0,2024-02-01,26,0,3.0,0,1,2.5838
C037,0.0,3.0,2024-03-01,27,0,3.0,0,1,2.6189
C037,0.0,3.0,2024-04-01,28,0,3.0,0,1,2.609
C037,0.0,3.0,2024-05-01,29,0,3.0,0,1,2.6367
C037,0.0,3.0,2024-06-01,30,0,3.0,0,1,2.6223
C037,0.0,3.0,2024-07-01,31,0,3.0,0,1,2.6121
C037,0.0,3.0,2024-08-01,32,0,3.0,0,1,2.6228
C037,0.0,3.0,2024-09-01,33,0,3.0,0,1,2.6138
C037,0.0,3.0,2024-10-01,34,0,3.0,0,1,2.6769
C037,0.0,3.0,2024-11-01,35,0,3.0,0,1,2.6916
C037,0.0,3.0,2024-12-01,36,0,3.0,0,1,2.6328
C038,1.0,3.0,2022-01-01,1,0,2.0,1,0,2.4613
C038,1.0,3.0,2022-02-01,2,0,2.0,1,0,2.4975
C038,1.0,3.0,2022-03-01,3,0,2.0,1,0,2.4644
C038,1.0,3.0,2022-04-01,4,0,2.0,1,0,2.4698
C038,1.0,3.0,2022-05-01,5,0,2.0,1,0,2.4669
C038,1.0,3.0,2022-06-01,6,0,2.0,1,0,2.4244
C038,1.0,3.0,2022-07-01,7,0,2.0,1,0,2.4139
C038,1.0,3.0,2022-08-01,8,0,2.0,1,0,2.4977
C038,1.0,3.0,2022-09-01,9,0,2.0,1,0,2.4229
C038,1.0,3.0,2022-10-01,10,0,2.0,1,0,2.5053
C038,1.0,3.0,2022-11-01,11,0,2.0,1,0,2.517
C038,1.0,3.0,2022-12-01,12,0,2.0,1,0,2.4727
C038,1.0,3.0,2023-01-01,13,0,2.0,1,0,2.4185
C038,1.0,3.0,2023-02-01,14,0,2.0,1,0,2.4847
C038,1.0,3.0,2023-03-01,15,0,2.0,1,0,2.5127
C038,1.0,3.0,2023-04-01,16,0,2.0,1,0,2.4716
C038,1.0,3.0,2023-05-01,17,0,2.0,1,0,2.4899
C038,1.0,3.0,2023-06-01,18,0,2.0,1,0,2.4679
C038,1.0,3.0,2023-07-01,19,0,2.0,1,0,2.4739
C038,1.0,3.0,2023-08-01,20,0,2.0,1,0,2.4829
C038,1.0,3.0,2023-09-01,21,0,2.0,1,0,2.4709
C038,1.0,3.0,2023-10-01,22,0,2.0,1,0,2.4828
C038,1.0,3.0,2023-11-01,23,0,2.0,1,0,2.5161
C038,1.0,3.0,2023-12-01,24,0,2.0,1,0,2.532
C038,1.0,3.0,2024-01-01,25,0,2.0,1,1,2.4571
C038,1.0,3.0,2024-02-01,26,0,2.0,1,1,2.5048
C038,1.0,3.0,2024-03-01,27,0,2.0,1,1,2.545
C038,1.0,3.0,2024-04-01,28,0,2.0,1,1,2.5381
C038,1.0,3.0,2024-05-01,29,0,2.0,1,1,2.5748
C038,1.0,3.0,2024-06-01,30,0,2.0,1,1,2.5636
C038,1.0,3.0,2024-07-01,31,0,2.0,1,1,2.5493
C038,1.0,3.0,2024-08-01,32,0,2.0,1,1,2.5695
C038,1.0,3.0,2024-09-01,33,0,2.0,1,1,2.5168
C038,1.0,3.0,2024-10-01,34,0,2.0,1,1,2.583
C038,1.0,3.0,2024-11-01,35,0,2.0,1,1,2.5584
C038,1.0,3.0,2024-12-01,36,0,2.0,1,1,2.5742
C039,2.0,3.0,2022-01-01,1,0,1.0,1,0,2.8484
C039,2.0,3.0,2022-02-01,2,0,1.0,1,0,2.8346
C039,2.0,3.0,2022-03-01,3,0,1.0,1,0,2.7603
C039,2.0,3.0,2022-04-01,4,0,1.0,1,0,2.7904
C039,2.0,3.0,2022-05-01,5,0,1.0,1,0,2.8463
C039,2.0,3.0,2022-06-01,6,0,1.0,1,0,2.8351
C039,2.0,3.0,2022-07-01,7,0,1.0,1,0,2.8081
C039,2.0,3.0,2022-08-01,8,0,1.0,1,0,2.8888
C039,2.0,3.0,2022-09-01,9,0,1.0,1,0,2.8176
C039,2.0,3.0,2022-10-01,10,0,1.0,1,0,2.8229
C039,2.0,3.0,2022-11-01,11,0,1.0,1,0,2.8483
C039,2.0,3.0,2022-12-01,12,0,1.0,1,0,2.866
C039,2.0,3.0,2023-01-01,13,0,1.0,1,0,2.8406
C039,2.0,3.0,2023-02-01,14,0,1.0,1,0,2.9234
C039,2.0,3.0,2023-03-01,15,0,1.0,1,0,2.8503
C039,2.0,3.0,2023-04-01,16,0,1.0,1,0,2.8417
C039,2.0,3.0,2023-05-01,17,0,1.0,1,0,2.8448
C039,2.0,3.0,2023-06-01,18,0,1.0,1,0,2.9382
C039,2.0,3.0,2023-07-01,19,0,1.0,1,0,2.9246
C039,2.0,3.0,2023-08-01,20,0,1.0,1,0,2.8403
C039,2.0,3.0,2023-09-01,21,0,1.0,1,0,2.894
C039,2.0,3.0,2023-10-01,22,0,1.0,1,0,2.8502
C039,2.0,3.0,2023-11-01,23,0,1.0,1,0,2.8902
C039,2.0,3.0,2023-12-01,24,0,1.0,1,0,2.8712
C039,2.0,3.0,2024-01-01,25,0,1.0,1,1,2.8988
C039,2.0,3.0,2024-02-01,26,0,1.0,1,1,2.9128
C039,2.0,3.0,2024-03-01,27,0,1.0,1,1,2.9667
C039,2.0,3.0,2024-04-01,28,0,1.0,1,1,2.9981
C039,2.0,3.0,2024-05-01,29,0,1.0,1,1,2.9107
C039,2.0,3.0,2024-06-01,30,0,1.0,1,1,2.8941
C039,2.0,3.0,2024-07-01,31,0,1.0,1,1,2.9473
C039,2.0,3.0,2024-08-01,32,0,1.0,1,1,2.9703
C039,2.0,3.0,2024-09-01,33,0,1.0,1,1,2.9308
C039,2.0,3.0,2024-10-01,34,0,1.0,1,1,2.9481
C039,2.0,3.0,2024-11-01,35,0,1.0,1,1,2.9697
C039,2.0,3.0,2024-12-01,36,0,1.0,1,1,2.9653
C040,3.0,3.0,2022-01-01,1,1,0.0,0,0,2.5367
C040,3.0,3.0,2022-02-01,2,1,0.0,0,0,2.5313
C040,3.0,3.0,2022-03-01,3,1,0.0,0,0,2.5022
C040,3.0,3.0,2022-04-01,4,1,0.0,0,0,2.5239
C040,3.0,3.0,2022-05-01,5,1,0.0,0,0,2.5162
C040,3.0,3.0,2022-06-01,6,1,0.0,0,0,2.6018
C040,3.0,3.0,2022-07-01,7,1,0.0,0,0,2.5348
C040,3.0,3.0,2022-08-01,8,1,0.0,0,0,2.5438
C040,3.0,3.0,2022-09-01,9,1,0.0,0,0,2.4769
C040,3.0,3.0,2022-10-01,10,1,0.0,0,0,2.54
C040,3.0,3.0,2022-11-01,11,1,0.0,0,0,2.5532
C040,3.0,3.0,2022-12-01,12,1,0.0,0,0,2.5825
C040,3.0,3.0,2023-01-01,13,1,0.0,0,0,2.5548
C040,3.0,3.0,2023-02-01,14,1,0.0,0,0,2.542
C040,3.0,3.0,2023-03-01,15,1,0.0,0,0,2.5076
C040,3.0,3.0,2023-04-01,16,1,0.0,0,0,2.5745
C040,3.0,3.0,2023-05-01,17,1,0.0,0,0,2.5804
C040,3.0,3.0,2023-06-01,18,1,0.0,0,0,2.5618
C040,3.0,3.0,2023-07-01,19,1,0.0,0,0,2.5505
C040,3.0,3.0,2023-08-01,20,1,0.0,0,0,2.5606
C040,3.0,3.0,2023-09-01,21,1,0.0,0,0,2.6264
C040,3.0,3.0,2023-10-01,22,1,0.0,0,0,2.5119
C040,3.0,3.0,2023-11-01,23,1,0.0,0,0,2.5951
C040,3.0,3.0,2023-12-01,24,1,0.0,0,0,2.5386
C040,3.0,3.0,2024-01-01,25,1,0.0,0,1,2.6736
C040,3.0,3.0,2024-02-01,26,1,0.0,0,1,2.7137
C040,3.0,3.0,2024-03-01,27,1,0.0,0,1,2.5982
C040,3.0,3.0,2024-04-01,28,1,0.0,0,1,2.6833
C040,3.0,3.0,2024-05-01,29,1,0.0,0,1,2.652
C040,3.0,3.0,2024-06-01,30,1,0.0,0,1,2.6884
C040,3.0,3.0,2024-07-01,31,1,0.0,0,1,2.6659
C040,3.0,3.0,2024-08-01,32,1,0.0,0,1,2.6726
C040,3.0,3.0,2024-09-01,33,1,0.0,0,1,2.6632
C040,3.0,3.0,2024-10-01,34,1,0.0,0,1,2.6693
C040,3.0,3.0,2024-11-01,35,1,0.0,0,1,2.6974
C040,3.0,3.0,2024-12-01,36,1,0.0,0,1,2.648
C041,4.0,3.0,2022-01-01,1,0,1.0,1,0,2.4084
C041,4.0,3.0,2022-02-01,2,0,1.0,1,0,2.4142
C041,4.0,3.0,2022-03-01,3,0,1.0,1,0,2.4583
C041,4.0,3.0,2022-04-01,4,0,1.0,1,0,2.375
C041,4.0,3.0,2022-05-01,5,0,1.0,1,0,2.4279
C041,4.0,3.0,2022-06-01,6,0,1.0,1,0,2.4445
C041,4.0,3.0,2022-07-01,7,0,1.0,1,0,2.3515
C041,4.0,3.0,2022-08-01,8,0,1.0,1,0,2.3435
C041,4.0,3.0,2022-09-01,9,0,1.0,1,0,2.3829
C041,4.0,3.0,2022-10-01,10,0,1.0,1,0,2.471
C041,4.0,3.0,2022-11-01,11,0,1.0,1,0,2.4147
C041,4.0,3.0,2022-12-01,12,0,1.0,1,0,2.4195
C041,4.0,3.0,2023-01-01,13,0,1.0,1,0,2.4303
C041,4.0,3.0,2023-02-01,14,0,1.0,1,0,2.4471
C041,4.0,3.0,2023-03-01,15,0,1.0,1,0,2.4382
C041,4.0,3.0,2023-04-01,16,0,1.0,1,0,2.4653
C041,4.0,3.0,2023-05-01,17,0,1.0,1,0,2.4271
C041,4.0,3.0,2023-06-01,18,0,1.0,1,0,2.4147
C041,4.0,3.0,2023-07-01,19,0,1.0,1,0,2.4565
C041,4.0,3.0,2023-08-01,20,0,1.0,1,0,2.4523
C041,4.0,3.0,2023-09-01,21,0,1.0,1,0,2.4704
C041,4.0,3.0,2023-10-01,22,0,1.0,1,0,2.4321
C041,4.0,3.0,2023-11-01,23,0,1.0,1,0,2.4283
C041,4.0,3.0,2023-12-01,24,0,1.0,1,0,2.4528
C041,4.0,3.0,2024-01-01,25,0,1.0,1,1,2.5099
C041,4.0,3.0,2024-02-01,26,0,1.0,1,1,2.4623
C041,4.0,3.0,2024-03-01,27,0,1.0,1,1,2.504
C041,4.0,3.0,2024-04-01,28,0,1.0,1,1,2.5055
C041,4.0,3.0,2024-05-01,29,0,1.0,1,1,2.4577
C041,4.0,3.0,2024-06-01,30,0,1.0,1,1,2.5189
C041,4.0,3.0,2024-07-01,31,0,1.0,1,1,2.5089
C041,4.0,3.0,2024-08-01,32,0,1.0,1,1,2.5295
C041,4.0,3.0,2024-09-01,33,0,1.0,1,1,2.4986
C041,4.0,3.0,2024-10-01,34,0,1.0,1,1,2.5325
C041,4.0,3.0,2024-11-01,35,0,1.0,1,1,2.5023
C041,4.0,3.0,2024-12-01,36,0,1.0,1,1,2.5191
C042,5.0,3.0,2022-01-01,1,0,2.0,1,0,2.0842
C042,5.0,3.0,2022-02-01,2,0,2.0,1,0,2.0446
C042,5.0,3.0,2022-03-01,3,0,2.0,1,0,2.0615
C042,5.0,3.0,2022-04-01,4,0,2.0,1,0,2.0855
C042,5.0,3.0,2022-05-01,5,0,2.0,1,0,2.0483
C042,5.0,3.0,2022-06-01,6,0,2.0,1,0,2.0322
C042,5.0,3.0,2022-07-01,7,0,2.0,1,0,2.1085
C042,5.0,3.0,2022-08-01,8,0,2.0,1,0,2.0832
C042,5.0,3.0,2022-09-01,9,0,2.0,1,0,2.0733
C042,5.0,3.0,2022-10-01,10,0,2.0,1,0,2.1134
C042,5.0,3.0,2022-11-01,11,0,2.0,1,0,2.0882
C042,5.0,3.0,2022-12-01,12,0,2.0,1,0,2.0771
C042,5.0,3.0,2023-01-01,13,0,2.0,1,0,2.0906
C042,5.0,3.0,2023-02-01,14,0,2.0,1,0,2.0526
C042,5.0,3.0,2023-03-01,15,0,2.0,1,0,2.146
C042,5.0,3.0,2023-04-01,16,0,2.0,1,0,2.1095
C042,5.0,3.0,2023-05-01,17,0,2.0,1,0,2.0903
C042,5.0,3.0,2023-06-01,18,0,2.0,1,0,2.0701
C042,5.0,3.0,2023-07-01,19,0,2.0,1,0,2.1444
C042,5.0,3.0,2023-08-01,20,0,2.0,1,0,2.154
C042,5.0,3.0,2023-09-01,21,0,2.0,1,0,2.1607
C042,5.0,3.0,2023-10-01,22,0,2.0,1,0,2.1354
C042,5.0,3.0,2023-11-01,23,0,2.0,1,0,2.0964
C042,5.0,3.0,2023-12-01,24,0,2.0,1,0,2.0888
C042,5.0,3.0,2024-01-01,25,0,2.0,1,1,2.1327
C042,5.0,3.0,2024-02-01,26,0,2.0,1,1,2.1806
C042,5.0,3.0,2024-03-01,27,0,2.0,1,1,2.1538
C042,5.0,3.0,2024-04-01,28,0,2.0,1,1,2.1938
C042,5.0,3.0,2024-05-01,29,0,2.0,1,1,2.1709
C042,5.0,3.0,2024-06-01,30,0,2.0,1,1,2.1719
C042,5.0,3.0,2024-07-01,31,0,2.0,1,1,2.158
C042,5.0,3.0,2024-08-01,32,0,2.0,1,1,2.157
C042,5.0,3.0,2024-09-01,33,0,2.0,1,1,2.1922
C042,5.0,3.0,2024-10-01,34,0,2.0,1,1,2.1917
C042,5.0,3.0,2024-11-01,35,0,2.0,1,1,2.1296
C042,5.0,3.0,2024-12-01,36,0,2.0,1,1,2.189
C043,6.0,3.0,2022-01-01,1,0,2.236,0,0,2.514
C043,6.0,3.0,2022-02-01,2,0,2.236,0,0,2.4965
C043,6.0,3.0,2022-03-01,3,0,2.236,0,0,2.5601
C043,6.0,3.0,2022-04-01,4,0,2.236,0,0,2.515
C043,6.0,3.0,2022-05-01,5,0,2.236,0,0,2.4966
C043,6.0,3.0,2022-06-01,6,0,2.236,0,0,2.5505
C043,6.0,3.0,2022-07-01,7,0,2.236,0,0,2.5374
C043,6.0,3.0,2022-08-01,8,0,2.236,0,0,2.569
C043,6.0,3.0,2022-09-01,9,0,2.236,0,0,2.519
C043,6.0,3.0,2022-10-01,10,0,2.236,0,0,2.5047
C043,6.0,3.0,2022-11-01,11,0,2.236,0,0,2.5508
C043,6.0,3.0,2022-12-01,12,0,2.236,0,0,2.5368
C043,6.0,3.0,2023-01-01,13,0,2.236,0,0,2.5916
C043,6.0,3.0,2023-02-01,14,0,2.236,0,0,2.5825
C043,6.0,3.0,2023-03-01,15,0,2.236,0,0,2.5751
C043,6.0,3.0,2023-04-01,16,0,2.236,0,0,2.557
C043,6.0,3.0,2023-05-01,17,0,2.236,0,0,2.5883
C043,6.0,3.0,2023-06-01,18,0,2.236,0,0,2.5163
C043,6.0,3.0,2023-07-01,19,0,2.236,0,0,2.5421
C043,6.0,3.0,2023-08-01,20,0,2.236,0,0,2.6239
C043,6.0,3.0,2023-09-01,21,0,2.236,0,0,2.5882
C043,6.0,3.0,2023-10-01,22,0,2.236,0,0,2.5644
C043,6.0,3.0,2023-11-01,23,0,2.236,0,0,2.4979
C043,6.0,3.0,2023-12-01,24,0,2.236,0,0,2.5663
C043,6.0,3.0,2024-01-01,25,0,2.236,0,1,2.5721
C043,6.0,3.0,2024-02-01,26,0,2.236,0,1,2.583
C043,6.0,3.0,2024-03-01,27,0,2.236,0,1,2.5978
C043,6.0,3.0,2024-04-01,28,0,2.236,0,1,2.587
C043,6.0,3.0,2024-05-01,29,0,2.236,0,1,2.5746
C043,6.0,3.0,2024-06-01,30,0,2.236,0,1,2.5977
C043,6.0,3.0,2024-07-01,31,0,2.236,0,1,2.6119
C043,6.0,3.0,2024-08-01,32,0,2.236,0,1,2.5884
C043,6.0,3.0,2024-09-01,33,0,2.236,0,1,2.608
C043,6.0,3.0,2024-10-01,34,0,2.236,0,1,2.6369
C043,6.0,3.0,2024-11-01,35,0,2.236,0,1,2.6214
C043,6.0,3.0,2024-12-01,36,0,2.236,0,1,2.6128
C044,7.0,3.0,2022-01-01,1,0,1.414,1,0,2.5359
C044,7.0,3.0,2022-02-01,2,0,1.414,1,0,2.5078
C044,7.0,3.0,2022-03-01,3,0,1.414,1,0,2.5419
C044,7.0,3.0,2022-04-01,4,0,1.414,1,0,2.477
C044,7.0,3.0,2022-05-01,5,0,1.414,1,0,2.5186
C044,7.0,3.0,2022-06-01,6,0,1.414,1,0,2.4898
C044,7.0,3.0,2022-07-01,7,0,1.414,1,0,2.5542
C044,7.0,3.0,2022-08-01,8,0,1.414,1,0,2.5236
C044,7.0,3.0,2022-09-01,9,0,1.414,1,0,2.554
C044,7.0,3.0,2022-10-01,10,0,1.414,1,0,2.5833
C044,7.0,3.0,2022-11-01,11,0,1.414,1,0,2.5353
C044,7.0,3.0,2022-12-01,12,0,1.414,1,0,2.5626
C044,7.0,3.0,2023-01-01,13,0,1.414,1,0,2.5416
C044,7.0,3.0,2023-02-01,14,0,1.414,1,0,2.4849
C044,7.0,3.0,2023-03-01,15,0,1.414,1,0,2.5746
C044,7.0,3.0,2023-04-01,16,0,1.414,1,0,2.5799
C044,7.0,3.0,2023-05-01,17,0,1.414,1,0,2.5295
C044,7.0,3.0,2023-06-01,18,0,1.414,1,0,2.4912
C044,7.0,3.0,2023-07-01,19,0,1.414,1,0,2.5407
C044,7.0,3.0,2023-08-01,20,0,1.414,1,0,2.5126
C044,7.0,3.0,2023-09-01,21,0,1.414,1,0,2.5521
C044,7.0,3.0,2023-10-01,22,0,1.414,1,0,2.5686
C044,7.0,3.0,2023-11-01,23,0,1.414,1,0,2.527
C044,7.0,3.0,2023-12-01,24,0,1.414,1,0,2.573
C044,7.0,3.0,2024-01-01,25,0,1.414,1,1,2.5618
C044,7.0,3.0,2024-02-01,26,0,1.414,1,1,2.5921
C044,7.0,3.0,2024-03-01,27,0,1.414,1,1,2.5208
C044,7.0,3.0,2024-04-01,28,0,1.414,1,1,2.5919
C044,7.0,3.0,2024-05-01,29,0,1.414,1,1,2.5795
C044,7.0,3.0,2024-06-01,30,0,1.414,1,1,2.5597
C044,7.0,3.0,2024-07-01,31,0,1.414,1,1,2.5436
C044,7.0,3.0,2024-08-01,32,0,1.414,1,1,2.616
C044,7.0,3.0,2024-09-01,33,0,1.414,1,1,2.6153
C044,7.0,3.0,2024-10-01,34,0,1.414,1,1,2.5816
C044,7.0,3.0,2024-11-01,35,0,1.414,1,1,2.6178
C044,7.0,3.0,2024-12-01,36,0,1.414,1,1,2.6842
C045,8.0,3.0,2022-01-01,1,0,1.0,1,0,2.2911
C045,8.0,3.0,2022-02-01,2,0,1.0,1,0,2.2761
C045,8.0,3.0,2022-03-01,3,0,1.0,1,0,2.327
C045,8.0,3.0,2022-04-01,4,0,1.0,1,0,2.3556
C045,8.0,3.0,2022-05-01,5,0,1.0,1,0,2.2773
C045,8.0,3.0,2022-06-01,6,0,1.0,1,0,2.2406
C045,8.0,3.0,2022-07-01,7,0,1.0,1,0,2.3011
C045,8.0,3.0,2022-08-01,8,0,1.0,1,0,2.3169
C045,8.0,3.0,2022-09-01,9,0,1.0,1,0,2.3361
C045,8.0,3.0,2022-10-01,10,0,1.0,1,0,2.3124
C045,8.0,3.0,2022-11-01,11,0,1.0,1,0,2.3439
C045,8.0,3.0,2022-12-01,12,0,1.0,1,0,2.3131
C045,8.0,3.0,2023-01-01,13,0,1.0,1,0,2.3298
C045,8.0,3.0,2023-02-01,14,0,1.0,1,0,2.3465
C045,8.0,3.0,2023-03-01,15,0,1.0,1,0,2.3406
C045,8.0,3.0,2023-04-01,16,0,1.0,1,0,2.3736
C045,8.0,3.0,2023-05-01,17,0,1.0,1,0,2.3618
C045,8.0,3.0,2023-06-01,18,0,1.0,1,0,2.3625
C045,8.0,3.0,2023-07-01,19,0,1.0,1,0,2.3138
C045,8.0,3.0,2023-08-01,20,0,1.0,1,0,2.3193
C045,8.0,3.0,2023-09-01,21,0,1.0,1,0,2.2927
C045,8.0,3.0,2023-10-01,22,0,1.0,1,0,2.3088
C045,8.0,3.0,2023-11-01,23,0,1.0,1,0,2.4148
C045,8.0,3.0,2023-12-01,24,0,1.0,1,0,2.3531
C045,8.0,3.0,2024-01-01,25,0,1.0,1,1,2.3835
C045,8.0,3.0,2024-02-01,26,0,1.0,1,1,2.405
C045,8.0,3.0,2024-03-01,27,0,1.0,1,1,2.4336
C045,8.0,3.0,2024-04-01,28,0,1.0,1,1,2.4093
C045,8.0,3.0,2024-05-01,29,0,1.0,1,1,2.425
C045,8.0,3.0,2024-06-01,30,0,1.0,1,1,2.4303
C045,8.0,3.0,2024-07-01,31,0,1.0,1,1,2.4464
C045,8.0,3.0,2024-08-01,32,0,1.0,1,1,2.4668
C045,8.0,3.0,2024-09-01,33,0,1.0,1,1,2.3884
C045,8.0,3.0,2024-10-01,34,0,1.0,1,1,2.4477
C045,8.0,3.0,2024-11-01,35,0,1.0,1,1,2.4892
C045,8.0,3.0,2024-12-01,36,0,1.0,1,1,2.4044
C046,9.0,3.0,2022-01-01,1,0,1.414,1,0,2.1761
C046,9.0,3.0,2022-02-01,2,0,1.414,1,0,2.1473
C046,9.0,3.0,2022-03-01,3,0,1.414,1,0,2.1028
C046,9.0,3.0,2022-04-01,4,0,1.414,1,0,2.1683
C046,9.0,3.0,2022-05-01,5,0,1.414,1,0,2.0905
C046,9.0,3.0,2022-06-01,6,0,1.414,1,0,2.2122
C046,9.0,3.0,2022-07-01,7,0,1.414,1,0,2.1634
C046,9.0,3.0,2022-08-01,8,0,1.414,1,0,2.2018
C046,9.0,3.0,2022-09-01,9,0,1.414,1,0,2.1576
C046,9.0,3.0,2022-10-01,10,0,1.414,1,0,2.2006
C046,9.0,3.0,2022-11-01,11,0,1.414,1,0,2.1721
C046,9.0,3.0,2022-12-01,12,0,1.414,1,0,2.167
C046,9.0,3.0,2023-01-01,13,0,1.414,1,0,2.2112
C046,9.0,3.0,2023-02-01,14,0,1.414,1,0,2.214
C046,9.0,3.0,2023-03-01,15,0,1.414,1,0,2.152
C046,9.0,3.0,2023-04-01,16,0,1.414,1,0,2.1836
C046,9.0,3.0,2023-05-01,17,0,1.414,1,0,2.1496
C046,9.0,3.0,2023-06-01,18,0,1.414,1,0,2.1832
C046,9.0,3.0,2023-07-01,19,0,1.414,1,0,2.1908
C046,9.0,3.0,2023-08-01,20,0,1.414,1,0,2.2134
C046,9.0,3.0,2023-09-01,21,0,1.414,1,0,2.1894
C046,9.0,3.0,2023-10-01,22,0,1.414,1,0,2.1773
C046,9.0,3.0,2023-11-01,23,0,1.414,1,0,2.2483
C046,9.0,3.0,2023-12-01,24,0,1.414,1,0,2.1841
C046,9.0,3.0,2024-01-01,25,0,1.414,1,1,2.2201
C046,9.0,3.0,2024-02-01,26,0,1.414,1,1,2.2126
C046,9.0,3.0,2024-03-01,27,0,1.414,1,1,2.255
C046,9.0,3.0,2024-04-01,28,0,1.414,1,1,2.1972
C046,9.0,3.0,2024-05-01,29,0,1.414,1,1,2.2336
C046,9.0,3.0,2024-06-01,30,0,1.414,1,1,2.2349
C046,9.0,3.0,2024-07-01,31,0,1.414,1,1,2.2777
C046,9.0,3.0,2024-08-01,32,0,1.414,1,1,2.281
C046,9.0,3.0,2024-09-01,33,0,1.414,1,1,2.3045
C046,9.0,3.0,2024-10-01,34,0,1.414,1,1,2.3076
C046,9.0,3.0,2024-11-01,35,0,1.414,1,1,2.2833
C046,9.0,3.0,2024-12-01,36,0,1.414,1,1,2.2298
C047,10.0,3.0,2022-01-01,1,0,2.236,0,0,2.4258
C047,10.0,3.0,2022-02-01,2,0,2.236,0,0,2.4234
C047,10.0,3.0,2022-03-01,3,0,2.236,0,0,2.4358
C047,10.0,3.0,2022-04-01,4,0,2.236,0,0,2.4842
C047,10.0,3.0,2022-05-01,5,0,2.236,0,0,2.4157
C047,10.0,3.0,2022-06-01,6,0,2.236,0,0,2.4281
C047,10.0,3.0,2022-07-01,7,0,2.236,0,0,2.4797
C047,10.0,3.0,2022-08-01,8,0,2.236,0,0,2.4152
C047,10.0,3.0,2022-09-01,9,0,2.236,0,0,2.4646
C047,10.0,3.0,2022-10-01,10,0,2.236,0,0,2.4945
C047,10.0,3.0,2022-11-01,11,0,2.236,0,0,2.4438
C047,10.0,3.0,2022-12-01,12,0,2.236,0,0,2.4518
C047,10.0,3.0,2023-01-01,13,0,2.236,0,0,2.4841
C047,10.0,3.0,2023-02-01,14,0,2.236,0,0,2.4699
C047,10.0,3.0,2023-03-01,15,0,2.236,0,0,2.479
C047,10.0,3.0,2023-04-01,16,0,2.236,0,0,2.4764
C047,10.0,3.0,2023-05-01,17,0,2.236,0,0,2.4697
C047,10.0,3.0,2023-06-01,18,0,2.236,0,0,2.4238
C047,10.0,3.0,2023-07-01,19,0,2.236,0,0,2.4351
C047,10.0,3.0,2023-08-01,20,0,2.236,0,0,2.4695
C047,10.0,3.0,2023-09-01,21,0,2.236,0,0,2.4876
C047,10.0,3.0,2023-10-01,22,0,2.236,0,0,2.5358
C047,10.0,3.0,2023-11-01,23,0,2.236,0,0,2.5187
C047,10.0,3.0,2023-12-01,24,0,2.236,0,0,2.4683
C047,10.0,3.0,2024-01-01,25,0,2.236,0,1,2.5049
C047,10.0,3.0,2024-02-01,26,0,2.236,0,1,2.5177
C047,10.0,3.0,2024-03-01,27,0,2.236,0,1,2.4886
C047,10.0,3.0,2024-04-01,28,0,2.236,0,1,2.4791
C047,10.0,3.0,2024-05-01,29,0,2.236,0,1,2.5131
C047,10.0,3.0,2024-06-01,30,0,2.236,0,1,2.5165
C047,10.0,3.0,2024-07-01,31,0,2.236,0,1,2.5422
C047,10.0,3.0,2024-08-01,32,0,2.236,0,1,2.5368
C047,10.0,3.0,2024-09-01,33,0,2.236,0,1,2.5552
C047,10.0,3.0,2024-10-01,34,0,2.236,0,1,2.5604
C047,10.0,3.0,2024-11-01,35,0,2.236,0,1,2.5446
C047,10.0,3.0,2024-12-01,36,0,2.236,0,1,2.4858
C048,11.0,3.0,2022-01-01,1,0,3.162,0,0,2.4821
C048,11.0,3.0,2022-02-01,2,0,3.162,0,0,2.5218
C048,11.0,3.0,2022-03-01,3,0,3.162,0,0,2.4418
C048,11.0,3.0,2022-04-01,4,0,3.162,0,0,2.4609
C048,11.0,3.0,2022-05-01,5,0,3.162,0,0,2.5634
C048,11.0,3.0,2022-06-01,6,0,3.162,0,0,2.4672
C048,11.0,3.0,2022-07-01,7,0,3.162,0,0,2.4627
C048,11.0,3.0,2022-08-01,8,0,3.162,0,0,2.5138
C048,11.0,3.0,2022-09-01,9,0,3.162,0,0,2.4732
C048,11.0,3.0,2022-10-01,10,0,3.162,0,0,2.4503
C048,11.0,3.0,2022-11-01,11,0,3.162,0,0,2.506
C048,11.0,3.0,2022-12-01,12,0,3.162,0,0,2.5101
C048,11.0,3.0,2023-01-01,13,0,3.162,0,0,2.4693
C048,11.0,3.0,2023-02-01,14,0,3.162,0,0,2.445
C048,11.0,3.0,2023-03-01,15,0,3.162,0,0,2.5566
C048,11.0,3.0,2023-04-01,16,0,3.162,0,0,2.5337
C048,11.0,3.0,2023-05-01,17,0,3.162,0,0,2.5289
C048,11.0,3.0,2023-06-01,18,0,3.162,0,0,2.5176
C048,11.0,3.0,2023-07-01,19,0,3.162,0,0,2.5064
C048,11.0,3.0,2023-08-01,20,0,3.162,0,0,2.5218
C048,11.0,3.0,2023-09-01,21,0,3.162,0,0,2.5487
C048,11.0,3.0,2023-10-01,22,0,3.162,0,0,2.5518
C048,11.0,3.0,2023-11-01,23,0,3.162,0,0,2.4953
C048,11.0,3.0,2023-12-01,24,0,3.162,0,0,2.5494
C048,11.0,3.0,2024-01-01,25,0,3.162,0,1,2.5378
C048,11.0,3.0,2024-02-01,26,0,3.162,0,1,2.5593
C048,11.0,3.0,2024-03-01,27,0,3.162,0,1,2.5503
C048,11.0,3.0,2024-04-01,28,0,3.162,0,1,2.5888
C048,11.0,3.0,2024-05-01,29,0,3.162,0,1,2.5439
C048,11.0,3.0,2024-06-01,30,0,3.162,0,1,2.5649
C048,11.0,3.0,2024-07-01,31,0,3.162,0,1,2.5388
C048,11.0,3.0,2024-08-01,32,0,3.162,0,1,2.5674
C048,11.0,3.0,2024-09-01,33,0,3.162,0,1,2.5292
C048,11.0,3.0,2024-10-01,34,0,3.162,0,1,2.5901
C048,11.0,3.0,2024-11-01,35,0,3.162,0,1,2.5548
C048,11.0,3.0,2024-12-01,36,0,3.162,0,1,2.5892
C049,0.0,4.0,2022-01-01,1,0,3.162,0,0,2.3018
C049,0.0,4.0,2022-02-01,2,0,3.162,0,0,2.3535
C049,0.0,4.0,2022-03-01,3,0,3.162,0,0,2.3645
C049,0.0,4.0,2022-04-01,4,0,3.162,0,0,2.3163
C049,0.0,4.0,2022-05-01,5,0,3.162,0,0,2.3163
C049,0.0,4.0,2022-06-01,6,0,3.162,0,0,2.3364
C049,0.0,4.0,2022-07-01,7,0,3.162,0,0,2.3626
C049,0.0,4.0,2022-08-01,8,0,3.162,0,0,2.3339
C049,0.0,4.0,2022-09-01,9,0,3.162,0,0,2.3776
C049,0.0,4.0,2022-10-01,10,0,3.162,0,0,2.3894
C049,0.0,4.0,2022-11-01,11,0,3.162,0,0,2.4158
C049,0.0,4.0,2022-12-01,12,0,3.162,0,0,2.3787
C049,0.0,4.0,2023-01-01,13,0,3.162,0,0,2.3581
C049,0.0,4.0,2023-02-01,14,0,3.162,0,0,2.3808
C049,0.0,4.0,2023-03-01,15,0,3.162,0,0,2.3501
C049,0.0,4.0,2023-04-01,16,0,3.162,0,0,2.3828
C049,0.0,4.0,2023-05-01,17,0,3.162,0,0,2.3652
C049,0.0,4.0,2023-06-01,18,0,3.162,0,0,2.3976
C049,0.0,4.0,2023-07-01,19,0,3.162,0,0,2.3599
C049,0.0,4.0,2023-08-01,20,0,3.162,0,0,2.3686
C049,0.0,4.0,2023-09-01,21,0,3.162,0,0,2.3716
C049,0.0,4.0,2023-10-01,22,0,3.162,0,0,2.3708
C049,0.0,4.0,2023-11-01,23,0,3.162,0,0,2.4395
C049,0.0,4.0,2023-12-01,24,0,3.162,0,0,2.3867
C049,0.0,4.0,2024-01-01,25,0,3.162,0,1,2.4623
C049,0.0,4.0,2024-02-01,26,0,3.162,0,1,2.4074
C049,0.0,4.0,2024-03-01,27,0,3.162,0,1,2.3435
C049,0.0,4.0,2024-04-01,28,0,3.162,0,1,2.3775
C049,0.0,4.0,2024-05-01,29,0,3.162,0,1,2.392
C049,0.0,4.0,2024-06-01,30,0,3.162,0,1,2.4416
C049,0.0,4.0,2024-07-01,31,0,3.162,0,1,2.4695
C049,0.0,4.0,2024-08-01,32,0,3.162,0,1,2.4472
C049,0.0,4.0,2024-09-01,33,0,3.162,0,1,2.4591
C049,0.0,4.0,2024-10-01,34,0,3.162,0,1,2.4154
C049,0.0,4.0,2024-11-01,35,0,3.162,0,1,2.3951
C049,0.0,4.0,2024-12-01,36,0,3.162,0,1,2.4201
C050,1.0,4.0,2022-01-01,1,0,2.236,0,0,2.7954
C050,1.0,4.0,2022-02-01,2,0,2.236,0,0,2.8192
C050,1.0,4.0,2022-03-01,3,0,2.236,0,0,2.8387
C050,1.0,4.0,2022-04-01,4,0,2.236,0,0,2.8267
C050,1.0,4.0,2022-05-01,5,0,2.236,0,0,2.8802
C050,1.0,4.0,2022-06-01,6,0,2.236,0,0,2.8644
C050,1.0,4.0,2022-07-01,7,0,2.236,0,0,2.7705
C050,1.0,4.0,2022-08-01,8,0,2.236,0,0,2.7854
C050,1.0,4.0,2022-09-01,9,0,2.236,0,0,2.831
C050,1.0,4.0,2022-10-01,10,0,2.236,0,0,2.8544
C050,1.0,4.0,2022-11-01,11,0,2.236,0,0,2.7917
C050,1.0,4.0,2022-12-01,12,0,2.236,0,0,2.7985
C050,1.0,4.0,2023-01-01,13,0,2.236,0,0,2.8731
C050,1.0,4.0,2023-02-01,14,0,2.236,0,0,2.8137
C050,1.0,4.0,2023-03-01,15,0,2.236,0,0,2.8885
C050,1.0,4.0,2023-04-01,16,0,2.236,0,0,2.8169
C050,1.0,4.0,2023-05-01,17,0,2.236,0,0,2.8744
C050,1.0,4.0,2023-06-01,18,0,2.236,0,0,2.8472
C050,1.0,4.0,2023-07-01,19,0,2.236,0,0,2.8529
C050,1.0,4.0,2023-08-01,20,0,2.236,0,0,2.9325
C050,1.0,4.0,2023-09-01,21,0,2.236,0,0,2.7632
C050,1.0,4.0,2023-10-01,22,0,2.236,0,0,2.86
C050,1.0,4.0,2023-11-01,23,0,2.236,0,0,2.8171
C050,1.0,4.0,2023-12-01,24,0,2.236,0,0,2.8781
C050,1.0,4.0,2024-01-01,25,0,2.236,0,1,2.9008
C050,1.0,4.0,2024-02-01,26,0,2.236,0,1,2.8415
C050,1.0,4.0,2024-03-01,27,0,2.236,0,1,2.8743
C050,1.0,4.0,2024-04-01,28,0,2.236,0,1,2.9068
C050,1.0,4.0,2024-05-01,29,0,2.236,0,1,2.8909
C050,1.0,4.0,2024-06-01,30,0,2.236,0,1,2.8932
C050,1.0,4.0,2024-07-01,31,0,2.236,0,1,2.8862
C050,1.0,4.0,2024-08-01,32,0,2.236,0,1,2.8893
C050,1.0,4.0,2024-09-01,33,0,2.236,0,1,2.8928
C050,1.0,4.0,2024-10-01,34,0,2.236,0,1,2.9056
C050,1.0,4.0,2024-11-01,35,0,2.236,0,1,2.8909
C050,1.0,4.0,2024-12-01,36,0,2.236,0,1,2.869
C051,2.0,4.0,2022-01-01,1,0,1.414,1,0,2.5621
C051,2.0,4.0,2022-02-01,2,0,1.414,1,0,2.5637
C051,2.0,4.0,2022-03-01,3,0,1.414,1,0,2.5642
C051,2.0,4.0,2022-04-01,4,0,1.414,1,0,2.6069
C051,2.0,4.0,2022-05-01,5,0,1.414,1,0,2.5333
C051,2.0,4.0,2022-06-01,6,0,1.414,1,0,2.5775
C051,2.0,4.0,2022-07-01,7,0,1.414,1,0,2.5693
C051,2.0,4.0,2022-08-01,8,0,1.414,1,0,2.5814
C051,2.0,4.0,2022-09-01,9,0,1.414,1,0,2.5857
C051,2.0,4.0,2022-10-01,10,0,1.414,1,0,2.5868
C051,2.0,4.0,2022-11-01,11,0,1.414,1,0,2.5986
C051,2.0,4.0,2022-12-01,12,0,1.414,1,0,2.6276
C051,2.0,4.0,2023-01-01,13,0,1.414,1,0,2.5822
C051,2.0,4.0,2023-02-01,14,0,1.414,1,0,2.5965
C051,2.0,4.0,2023-03-01,15,0,1.414,1,0,2.5615
C051,2.0,4.0,2023-04-01,16,0,1.414,1,0,2.6104
C051,2.0,4.0,2023-05-01,17,0,1.414,1,0,2.5842
C051,2.0,4.0,2023-06-01,18,0,1.414,1,0,2.5611
C051,2.0,4.0,2023-07-01,19,0,1.414,1,0,2.5757
C051,2.0,4.0,2023-08-01,20,0,1.414,1,0,2.672
C051,2.0,4.0,2023-09-01,21,0,1.414,1,0,2.6439
C051,2.0,4.0,2023-10-01,22,0,1.414,1,0,2.6426
C051,2.0,4.0,2023-11-01,23,0,1.414,1,0,2.6491
C051,2.0,4.0,2023-12-01,24,0,1.414,1,0,2.6598
C051,2.0,4.0,2024-01-01,25,0,1.414,1,1,2.7111
C051,2.0,4.0,2024-02-01,26,0,1.414,1,1,2.6514
C051,2.0,4.0,2024-03-01,27,0,1.414,1,1,2.7061
C051,2.0,4.0,2024-04-01,28,0,1.414,1,1,2.6882
C051,2.0,4.0,2024-05-01,29,0,1.414,1,1,2.6443
C051,2.0,4.0,2024-06-01,30,0,1.414,1,1,2.646
C051,2.0,4.0,2024-07-01,31,0,1.414,1,1,2.6715
C051,2.0,4.0,2024-08-01,32,0,1.414,1,1,2.7334
C051,2.0,4.0,2024-09-01,33,0,1.414,1,1,2.6294
C051,2.0,4.0,2024-10-01,34,0,1.414,1,1,2.7093
C051,2.0,4.0,2024-11-01,35,0,1.414,1,1,2.6509
C051,2.0,4.0,2024-12-01,36,0,1.414,1,1,2.7027
C052,3.0,4.0,2022-01-01,1,0,1.0,1,0,1.9748
C052,3.0,4.0,2022-02-01,2,0,1.0,1,0,2.0311
C052,3.0,4.0,2022-03-01,3,0,1.0,1,0,2.0229
C052,3.0,4.0,2022-04-01,4,0,1.0,1,0,1.977
C052,3.0,4.0,2022-05-01,5,0,1.0,1,0,2.0194
C052,3.0,4.0,2022-06-01,6,0,1.0,1,0,1.9665
C052,3.0,4.0,2022-07-01,7,0,1.0,1,0,2.0694
C052,3.0,4.0,2022-08-01,8,0,1.0,1,0,2.0108
C052,3.0,4.0,2022-09-01,9,0,1.0,1,0,2.0694
C052,3.0,4.0,2022-10-01,10,0,1.0,1,0,2.0597
C052,3.0,4.0,2022-11-01,11,0,1.0,1,0,2.0132
C052,3.0,4.0,2022-12-01,12,0,1.0,1,0,2.0291
C052,3.0,4.0,2023-01-01,13,0,1.0,1,0,2.1178
C052,3.0,4.0,2023-02-01,14,0,1.0,1,0,2.0879
C052,3.0,4.0,2023-03-01,15,0,1.0,1,0,2.0453
C052,3.0,4.0,2023-04-01,16,0,1.0,1,0,2.0298
C052,3.0,4.0,2023-05-01,17,0,1.0,1,0,2.0709
C052,3.0,4.0,2023-06-01,18,0,1.0,1,0,2.0852
C052,3.0,4.0,2023-07-01,19,0,1.0,1,0,2.0969
C052,3.0,4.0,2023-08-01,20,0,1.0,1,0,2.0976
C052,3.0,4.0,2023-09-01,21,0,1.0,1,0,2.094
C052,3.0,4.0,2023-10-01,22,0,1.0,1,0,2.1027
C052,3.0,4.0,2023-11-01,23,0,1.0,1,0,2.0936
C052,3.0,4.0,2023-12-01,24,0,1.0,1,0,2.0931
C052,3.0,4.0,2024-01-01,25,0,1.0,1,1,2.1029
C052,3.0,4.0,2024-02-01,26,0,1.0,1,1,2.1261
C052,3.0,4.0,2024-03-01,27,0,1.0,1,1,2.1002
C052,3.0,4.0,2024-04-01,28,0,1.0,1,1,2.1005
C052,3.0,4.0,2024-05-01,29,0,1.0,1,1,2.1236
C052,3.0,4.0,2024-06-01,30,0,1.0,1,1,2.1092
C052,3.0,4.0,2024-07-01,31,0,1.0,1,1,2.0927
C052,3.0,4.0,2024-08-01,32,0,1.0,1,1,2.1597
C052,3.0,4.0,2024-09-01,33,0,1.0,1,1,2.1461
C052,3.0,4.0,2024-10-01,34,0,1.0,1,1,2.1034
C052,3.0,4.0,2024-11-01,35,0,1.0,1,1,2.1576
C052,3.0,4.0,2024-12-01,36,0,1.0,1,1,2.114
C053,4.0,4.0,2022-01-01,1,0,1.414,1,0,2.188
C053,4.0,4.0,2022-02-01,2,0,1.414,1,0,2.1835
C053,4.0,4.0,2022-03-01,3,0,1.414,1,0,2.1626
C053,4.0,4.0,2022-04-01,4,0,1.414,1,0,2.1893
C053,4.0,4.0,2022-05-01,5,0,1.414,1,0,2.2584
C053,4.0,4.0,2022-06-01,6,0,1.414,1,0,2.1759
C053,4.0,4.0,2022-07-01,7,0,1.414,1,0,2.1686
C053,4.0,4.0,2022-08-01,8,0,1.414,1,0,2.1691
C053,4.0,4.0,2022-09-01,9,0,1.414,1,0,2.2084
C053,4.0,4.0,2022-10-01,10,0,1.414,1,0,2.2008
C053,4.0,4.0,2022-11-01,11,0,1.414,1,0,2.26
C053,4.0,4.0,2022-12-01,12,0,1.414,1,0,2.154
C053,4.0,4.0,2023-01-01,13,0,1.414,1,0,2.2402
C053,4.0,4.0,2023-02-01,14,0,1.414,1,0,2.1898
C053,4.0,4.0,2023-03-01,15,0,1.414,1,0,2.2439
C053,4.0,4.0,2023-04-01,16,0,1.414,1,0,2.1845
C053,4.0,4.0,2023-05-01,17,0,1.414,1,0,2.2215
C053,4.0,4.0,2023-06-01,18,0,1.414,1,0,2.289
C053,4.0,4.0,2023-07-01,19,0,1.414,1,0,2.1994
C053,4.0,4.0,2023-08-01,20,0,1.414,1,0,2.2078
C053,4.0,4.0,2023-09-01,21,0,1.414,1,0,2.1913
C053,4.0,4.0,2023-10-01,22,0,1.414,1,0,2.2396
C053,4.0,4.0,2023-11-01,23,0,1.414,1,0,2.2152
C053,4.0,4.0,2023-12-01,24,0,1.414,1,0,2.2212
C053,4.0,4.0,2024-01-01,25,0,1.414,1,1,2.2371
C053,4.0,4.0,2024-02-01,26,0,1.414,1,1,2.2875
C053,4.0,4.0,2024-03-01,27,0,1.414,1,1,2.2945
C053,4.0,4.0,2024-04-01,28,0,1.414,1,1,2.2544
C053,4.0,4.0,2024-05-01,29,0,1.414,1,1,2.3294
C053,4.0,4.0,2024-06-01,30,0,1.414,1,1,2.3385
C053,4.0,4.0,2024-07-01,31,0,1.414,1,1,2.2994
C053,4.0,4.0,2024-08-01,32,0,1.414,1,1,2.2784
C053,4.0,4.0,2024-09-01,33,0,1.414,1,1,2.2643
C053,4.0,4.0,2024-10-01,34,0,1.414,1,1,2.3289
C053,4.0,4.0,2024-11-01,35,0,1.414,1,1,2.3068
C053,4.0,4.0,2024-12-01,36,0,1.414,1,1,2.3235
C054,5.0,4.0,2022-01-01,1,0,2.236,0,0,2.9759
C054,5.0,4.0,2022-02-01,2,0,2.236,0,0,2.9369
C054,5.0,4.0,2022-03-01,3,0,2.236,0,0,2.8922
C054,5.0,4.0,2022-04-01,4,0,2.236,0,0,2.914
C054,5.0,4.0,2022-05-01,5,0,2.236,0,0,2.9341
C054,5.0,4.0,2022-06-01,6,0,2.236,0,0,2.9693
C054,5.0,4.0,2022-07-01,7,0,2.236,0,0,2.9198
C054,5.0,4.0,2022-08-01,8,0,2.236,0,0,2.9674
C054,5.0,4.0,2022-09-01,9,0,2.236,0,0,2.9042
C054,5.0,4.0,2022-10-01,10,0,2.236,0,0,2.9082
C054,5.0,4.0,2022-11-01,11,0,2.236,0,0,2.9639
C054,5.0,4.0,2022-12-01,12,0,2.236,0,0,2.9274
C054,5.0,4.0,2023-01-01,13,0,2.236,0,0,2.9697
C054,5.0,4.0,2023-02-01,14,0,2.236,0,0,2.9725
C054,5.0,4.0,2023-03-01,15,0,2.236,0,0,2.9605
C054,5.0,4.0,2023-04-01,16,0,2.236,0,0,2.9638
C054,5.0,4.0,2023-05-01,17,0,2.236,0,0,2.9619
C054,5.0,4.0,2023-06-01,18,0,2.236,0,0,2.9759
C054,5.0,4.0,2023-07-01,19,0,2.236,0,0,3.0246
C054,5.0,4.0,2023-08-01,20,0,2.236,0,0,2.9533
C054,5.0,4.0,2023-09-01,21,0,2.236,0,0,2.9831
C054,5.0,4.0,2023-10-01,22,0,2.236,0,0,2.9502
C054,5.0,4.0,2023-11-01,23,0,2.236,0,0,2.9991
C054,5.0,4.0,2023-12-01,24,0,2.236,0,0,2.9602
C054,5.0,4.0,2024-01-01,25,0,2.236,0,1,3.0391
C054,5.0,4.0,2024-02-01,26,0,2.236,0,1,2.9528
C054,5.0,4.0,2024-03-01,27,0,2.236,0,1,2.9617
C054,5.0,4.0,2024-04-01,28,0,2.236,0,1,3.0397
C054,5.0,4.0,2024-05-01,29,0,2.236,0,1,3.0656
C054,5.0,4.0,2024-06-01,30,0,2.236,0,1,3.0194
C054,5.0,4.0,2024-07-01,31,0,2.236,0,1,3.0124
C054,5.0,4.0,2024-08-01,32,0,2.236,0,1,2.9929
C054,5.0,4.0,2024-09-01,33,0,2.236,0,1,2.9511
C054,5.0,4.0,2024-10-01,34,0,2.236,0,1,3.0121
C054,5.0,4.0,2024-11-01,35,0,2.236,0,1,3.0111
C054,5.0,4.0,2024-12-01,36,0,2.236,0,1,2.9948
C055,6.0,4.0,2022-01-01,1,0,2.0,1,0,2.4944
C055,6.0,4.0,2022-02-01,2,0,2.0,1,0,2.5224
C055,6.0,4.0,2022-03-01,3,0,2.0,1,0,2.5181
C055,6.0,4.0,2022-04-01,4,0,2.0,1,0,2.5128
C055,6.0,4.0,2022-05-01,5,0,2.0,1,0,2.5306
C055,6.0,4.0,2022-06-01,6,0,2.0,1,0,2.5003
C055,6.0,4.0,2022-07-01,7,0,2.0,1,0,2.4915
C055,6.0,4.0,2022-08-01,8,0,2.0,1,0,2.4964
C055,6.0,4.0,2022-09-01,9,0,2.0,1,0,2.5483
C055,6.0,4.0,2022-10-01,10,0,2.0,1,0,2.5253
C055,6.0,4.0,2022-11-01,11,0,2.0,1,0,2.5136
C055,6.0,4.0,2022-12-01,12,0,2.0,1,0,2.5204
C055,6.0,4.0,2023-01-01,13,0,2.0,1,0,2.5122
C055,6.0,4.0,2023-02-01,14,0,2.0,1,0,2.566
C055,6.0,4.0,2023-03-01,15,0,2.0,1,0,2.528
C055,6.0,4.0,2023-04-01,16,0,2.0,1,0,2.5149
C055,6.0,4.0,2023-05-01,17,0,2.0,1,0,2.5225
C055,6.0,4.0,2023-06-01,18,0,2.0,1,0,2.5707
C055,6.0,4.0,2023-07-01,19,0,2.0,1,0,2.5495
C055,6.0,4.0,2023-08-01,20,0,2.0,1,0,2.5905
C055,6.0,4.0,2023-09-01,21,0,2.0,1,0,2.5641
C055,6.0,4.0,2023-10-01,22,0,2.0,1,0,2.5681
C055,6.0,4.0,2023-11-01,23,0,2.0,1,0,2.5983
C055,6.0,4.0,2023-12-01,24,0,2.0,1,0,2.5602
C055,6.0,4.0,2024-01-01,25,0,2.0,1,1,2.5989
C055,6.0,4.0,2024-02-01,26,0,2.0,1,1,2.5877
C055,6.0,4.0,2024-03-01,27,0,2.0,1,1,2.6611
C055,6.0,4.0,2024-04-01,28,0,2.0,1,1,2.5746
C055,6.0,4.0,2024-05-01,29,0,2.0,1,1,2.6368
C055,6.0,4.0,2024-06-01,30,0,2.0,1,1,2.623
C055,6.0,4.0,2024-07-01,31,0,2.0,1,1,2.6363
C055,6.0,4.0,2024-08-01,32,0,2.0,1,1,2.5232
C055,6.0,4.0,2024-09-01,33,0,2.0,1,1,2.6605
C055,6.0,4.0,2024-10-01,34,0,2.0,1,1,2.6216
C055,6.0,4.0,2024-11-01,35,0,2.0,1,1,2.6377
C055,6.0,4.0,2024-12-01,36,0,2.0,1,1,2.611
C056,7.0,4.0,2022-01-01,1,0,1.0,1,0,2.5534
C056,7.0,4.0,2022-02-01,2,0,1.0,1,0,2.589
C056,7.0,4.0,2022-03-01,3,0,1.0,1,0,2.5989
C056,7.0,4.0,2022-04-01,4,0,1.0,1,0,2.5552
C056,7.0,4.0,2022-05-01,5,0,1.0,1,0,2.6303
C056,7.0,4.0,2022-06-01,6,0,1.0,1,0,2.5318
C056,7.0,4.0,2022-07-01,7,0,1.0,1,0,2.6061
C056,7.0,4.0,2022-08-01,8,0,1.0,1,0,2.5478
C056,7.0,4.0,2022-09-01,9,0,1.0,1,0,2.5189
C056,7.0,4.0,2022-10-01,10,0,1.0,1,0,2.5742
C056,7.0,4.0,2022-11-01,11,0,1.0,1,0,2.5815
C056,7.0,4.0,2022-12-01,12,0,1.0,1,0,2.6237
C056,7.0,4.0,2023-01-01,13,0,1.0,1,0,2.6367
C056,7.0,4.0,2023-02-01,14,0,1.0,1,0,2.6072
C056,7.0,4.0,2023-03-01,15,0,1.0,1,0,2.5806
C056,7.0,4.0,2023-04-01,16,0,1.0,1,0,2.6019
C056,7.0,4.0,2023-05-01,17,0,1.0,1,0,2.5981
C056,7.0,4.0,2023-06-01,18,0,1.0,1,0,2.6589
C056,7.0,4.0,2023-07-01,19,0,1.0,1,0,2.6735
C056,7.0,4.0,2023-08-01,20,0,1.0,1,0,2.6379
C056,7.0,4.0,2023-09-01,21,0,1.0,1,0,2.6665
C056,7.0,4.0,2023-10-01,22,0,1.0,1,0,2.6076
C056,7.0,4.0,2023-11-01,23,0,1.0,1,0,2.609
C056,7.0,4.0,2023-12-01,24,0,1.0,1,0,2.6141
C056,7.0,4.0,2024-01-01,25,0,1.0,1,1,2.6725
C056,7.0,4.0,2024-02-01,26,0,1.0,1,1,2.6858
C056,7.0,4.0,2024-03-01,27,0,1.0,1,1,2.6639
C056,7.0,4.0,2024-04-01,28,0,1.0,1,1,2.6618
C056,7.0,4.0,2024-05-01,29,0,1.0,1,1,2.6803
C056,7.0,4.0,2024-06-01,30,0,1.0,1,1,2.6479
C056,7.0,4.0,2024-07-01,31,0,1.0,1,1,2.655
C056,7.0,4.0,2024-08-01,32,0,1.0,1,1,2.7501
C056,7.0,4.0,2024-09-01,33,0,1.0,1,1,2.6614
C056,7.0,4.0,2024-10-01,34,0,1.0,1,1,2.7039
C056,7.0,4.0,2024-11-01,35,0,1.0,1,1,2.6803
C056,7.0,4.0,2024-12-01,36,0,1.0,1,1,2.7122
C057,8.0,4.0,2022-01-01,1,1,0.0,0,0,2.316
C057,8.0,4.0,2022-02-01,2,1,0.0,0,0,2.2901
C057,8.0,4.0,2022-03-01,3,1,0.0,0,0,2.2768
C057,8.0,4.0,2022-04-01,4,1,0.0,0,0,2.2728
C057,8.0,4.0,2022-05-01,5,1,0.0,0,0,2.3097
C057,8.0,4.0,2022-06-01,6,1,0.0,0,0,2.2745
C057,8.0,4.0,2022-07-01,7,1,0.0,0,0,2.2749
C057,8.0,4.0,2022-08-01,8,1,0.0,0,0,2.2531
C057,8.0,4.0,2022-09-01,9,1,0.0,0,0,2.3507
C057,8.0,4.0,2022-10-01,10,1,0.0,0,0,2.2857
C057,8.0,4.0,2022-11-01,11,1,0.0,0,0,2.3415
C057,8.0,4.0,2022-12-01,12,1,0.0,0,0,2.2747
C057,8.0,4.0,2023-01-01,13,1,0.0,0,0,2.3001
C057,8.0,4.0,2023-02-01,14,1,0.0,0,0,2.3453
C057,8.0,4.0,2023-03-01,15,1,0.0,0,0,2.2748
C057,8.0,4.0,2023-04-01,16,1,0.0,0,0,2.2616
C057,8.0,4.0,2023-05-01,17,1,0.0,0,0,2.3127
C057,8.0,4.0,2023-06-01,18,1,0.0,0,0,2.3771
C057,8.0,4.0,2023-07-01,19,1,0.0,0,0,2.2955
C057,8.0,4.0,2023-08-01,20,1,0.0,0,0,2.3298
C057,8.0,4.0,2023-09-01,21,1,0.0,0,0,2.2774
C057,8.0,4.0,2023-10-01,22,1,0.0,0,0,2.3471
C057,8.0,4.0,2023-11-01,23,1,0.0,0,0,2.3223
C057,8.0,4.0,2023-12-01,24,1,0.0,0,0,2.3422
C057,8.0,4.0,2024-01-01,25,1,0.0,0,1,2.3631
C057,8.0,4.0,2024-02-01,26,1,0.0,0,1,2.3799
C057,8.0,4.0,2024-03-01,27,1,0.0,0,1,2.4251
C057,8.0,4.0,2024-04-01,28,1,0.0,0,1,2.4054
C057,8.0,4.0,2024-05-01,29,1,0.0,0,1,2.4193
C057,8.0,4.0,2024-06-01,30,1,0.0,0,1,2.4881
C057,8.0,4.0,2024-07-01,31,1,0.0,0,1,2.3848
C057,8.0,4.0,2024-08-01,32,1,0.0,0,1,2.4168
C057,8.0,4.0,2024-09-01,33,1,0.0,0,1,2.4151
C057,8.0,4.0,2024-10-01,34,1,0.0,0,1,2.393
C057,8.0,4.0,2024-11-01,35,1,0.0,0,1,2.4305
C057,8.0,4.0,2024-12-01,36,1,0.0,0,1,2.4006
C058,9.0,4.0,2022-01-01,1,0,1.0,1,0,2.3453
C058,9.0,4.0,2022-02-01,2,0,1.0,1,0,2.4716
C058,9.0,4.0,2022-03-01,3,0,1.0,1,0,2.3911
C058,9.0,4.0,2022-04-01,4,0,1.0,1,0,2.3937
C058,9.0,4.0,2022-05-01,5,0,1.0,1,0,2.3939
C058,9.0,4.0,2022-06-01,6,0,1.0,1,0,2.38
C058,9.0,4.0,2022-07-01,7,0,1.0,1,0,2.4314
C058,9.0,4.0,2022-08-01,8,0,1.0,1,0,2.3679
C058,9.0,4.0,2022-09-01,9,0,1.0,1,0,2.4282
C058,9.0,4.0,2022-10-01,10,0,1.0,1,0,2.341
C058,9.0,4.0,2022-11-01,11,0,1.0,1,0,2.3825
C058,9.0,4.0,2022-12-01,12,0,1.0,1,0,2.412
C058,9.0,4.0,2023-01-01,13,0,1.0,1,0,2.4105
C058,9.0,4.0,2023-02-01,14,0,1.0,1,0,2.4028
C058,9.0,4.0,2023-03-01,15,0,1.0,1,0,2.4383
C058,9.0,4.0,2023-04-01,16,0,1.0,1,0,2.389
C058,9.0,4.0,2023-05-01,17,0,1.0,1,0,2.5259
C058,9.0,4.0,2023-06-01,18,0,1.0,1,0,2.4445
C058,9.0,4.0,2023-07-01,19,0,1.0,1,0,2.4366
C058,9.0,4.0,2023-08-01,20,0,1.0,1,0,2.4801
C058,9.0,4.0,2023-09-01,21,0,1.0,1,0,2.4807
C058,9.0,4.0,2023-10-01,22,0,1.0,1,0,2.4428
C058,9.0,4.0,2023-11-01,23,0,1.0,1,0,2.4338
C058,9.0,4.0,2023-12-01,24,0,1.0,1,0,2.4248
C058,9.0,4.0,2024-01-01,25,0,1.0,1,1,2.4134
C058,9.0,4.0,2024-02-01,26,0,1.0,1,1,2.4622
C058,9.0,4.0,2024-03-01,27,0,1.0,1,1,2.447
C058,9.0,4.0,2024-04-01,28,0,1.0,1,1,2.5199
C058,9.0,4.0,2024-05-01,29,0,1.0,1,1,2.4727
C058,9.0,4.0,2024-06-01,30,0,1.0,1,1,2.4631
C058,9.0,4.0,2024-07-01,31,0,1.0,1,1,2.4466
C058,9.0,4.0,2024-08-01,32,0,1.0,1,1,2.5128
C058,9.0,4.0,2024-09-01,33,0,1.0,1,1,2.4724
C058,9.0,4.0,2024-10-01,34,0,1.0,1,1,2.489
C058,9.0,4.0,2024-11-01,35,0,1.0,1,1,2.462
C058,9.0,4.0,2024-12-01,36,0,1.0,1,1,2.4768
C059,10.0,4.0,2022-01-01,1,0,2.0,1,0,2.2588
C059,10.0,4.0,2022-02-01,2,0,2.0,1,0,2.2998
C059,10.0,4.0,2022-03-01,3,0,2.0,1,0,2.2898
C059,10.0,4.0,2022-04-01,4,0,2.0,1,0,2.2873
C059,10.0,4.0,2022-05-01,5,0,2.0,1,0,2.3025
C059,10.0,4.0,2022-06-01,6,0,2.0,1,0,2.3445
C059,10.0,4.0,2022-07-01,7,0,2.0,1,0,2.344
C059,10.0,4.0,2022-08-01,8,0,2.0,1,0,2.3533
C059,10.0,4.0,2022-09-01,9,0,2.0,1,0,2.3406
C059,10.0,4.0,2022-10-01,10,0,2.0,1,0,2.2839
C059,10.0,4.0,2022-11-01,11,0,2.0,1,0,2.375
C059,10.0,4.0,2022-12-01,12,0,2.0,1,0,2.361
C059,10.0,4.0,2023-01-01,13,0,2.0,1,0,2.3677
C059,10.0,4.0,2023-02-01,14,0,2.0,1,0,2.388
C059,10.0,4.0,2023-03-01,15,0,2.0,1,0,2.3613
C059,10.0,4.0,2023-04-01,16,0,2.0,1,0,2.4116
C059,10.0,4.0,2023-05-01,17,0,2.0,1,0,2.385
C059,10.0,4.0,2023-06-01,18,0,2.0,1,0,2.3564
C059,10.0,4.0,2023-07-01,19,0,2.0,1,0,2.4232
C059,10.0,4.0,2023-08-01,20,0,2.0,1,0,2.404
C059,10.0,4.0,2023-09-01,21,0,2.0,1,0,2.3336
C059,10.0,4.0,2023-10-01,22,0,2.0,1,0,2.347
C059,10.0,4.0,2023-11-01,23,0,2.0,1,0,2.3951
C059,10.0,4.0,2023-12-01,24,0,2.0,1,0,2.4103
C059,10.0,4.0,2024-01-01,25,0,2.0,1,1,2.427
C059,10.0,4.0,2024-02-01,26,0,2.0,1,1,2.4075
C059,10.0,4.0,2024-03-01,27,0,2.0,1,1,2.3943
C059,10.0,4.0,2024-04-01,28,0,2.0,1,1,2.4113
C059,10.0,4.0,2024-05-01,29,0,2.0,1,1,2.4239
C059,10.0,4.0,2024-06-01,30,0,2.0,1,1,2.4156
C059,10.0,4.0,2024-07-01,31,0,2.0,1,1,2.4464
C059,10.0,4.0,2024-08-01,32,0,2.0,1,1,2.4117
C059,10.0,4.0,2024-09-01,33,0,2.0,1,1,2.4685
C059,10.0,4.0,2024-10-01,34,0,2.0,1,1,2.4037
C059,10.0,4.0,2024-11-01,35,0,2.0,1,1,2.4506
C059,10.0,4.0,2024-12-01,36,0,2.0,1,1,2.4669
C060,11.0,4.0,2022-01-01,1,0,3.0,0,0,2.0568
C060,11.0,4.0,2022-02-01,2,0,3.0,0,0,2.0925
C060,11.0,4.0,2022-03-01,3,0,3.0,0,0,2.0677
C060,11.0,4.0,2022-04-01,4,0,3.0,0,0,2.0958
C060,11.0,4.0,2022-05-01,5,0,3.0,0,0,2.1109
C060,11.0,4.0,2022-06-01,6,0,3.0,0,0,2.0652
C060,11.0,4.0,2022-07-01,7,0,3.0,0,0,2.1379
C060,11.0,4.0,2022-08-01,8,0,3.0,0,0,2.0841
C060,11.0,4.0,2022-09-01,9,0,3.0,0,0,2.1089
C060,11.0,4.0,2022-10-01,10,0,3.0,0,0,2.1315
C060,11.0,4.0,2022-11-01,11,0,3.0,0,0,2.1418
C060,11.0,4.0,2022-12-01,12,0,3.0,0,0,2.1398
C060,11.0,4.0,2023-01-01,13,0,3.0,0,0,2.1183
C060,11.0,4.0,2023-02-01,14,0,3.0,0,0,2.1176
C060,11.0,4.0,2023-03-01,15,0,3.0,0,0,2.1378
C060,11.0,4.0,2023-04-01,16,0,3.0,0,0,2.0878
C060,11.0,4.0,2023-05-01,17,0,3.0,0,0,2.1413
C060,11.0,4.0,2023-06-01,18,0,3.0,0,0,2.1649
C060,11.0,4.0,2023-07-01,19,0,3.0,0,0,2.1498
C060,11.0,4.0,2023-08-01,20,0,3.0,0,0,2.1627
C060,11.0,4.0,2023-09-01,21,0,3.0,0,0,2.1442
C060,11.0,4.0,2023-10-01,22,0,3.0,0,0,2.172
C060,11.0,4.0,2023-11-01,23,0,3.0,0,0,2.0891
C060,11.0,4.0,2023-12-01,24,0,3.0,0,0,2.1704
C060,11.0,4.0,2024-01-01,25,0,3.0,0,1,2.1167
C060,11.0,4.0,2024-02-01,26,0,3.0,0,1,2.1475
C060,11.0,4.0,2024-03-01,27,0,3.0,0,1,2.1405
C060,11.0,4.0,2024-04-01,28,0,3.0,0,1,2.2102
C060,11.0,4.0,2024-05-01,29,0,3.0,0,1,2.1368
C060,11.0,4.0,2024-06-01,30,0,3.0,0,1,2.1799
C060,11.0,4.0,2024-07-01,31,0,3.0,0,1,2.2022
C060,11.0,4.0,2024-08-01,32,0,3.0,0,1,2.2183
C060,11.0,4.0,2024-09-01,33,0,3.0,0,1,2.1746
C060,11.0,4.0,2024-10-01,34,0,3.0,0,1,2.2386
C060,11.0,4.0,2024-11-01,35,0,3.0,0,1,2.2135
C060,11.0,4.0,2024-12-01,36,0,3.0,0,1,2.2447
C061,0.0,5.0,2022-01-01,1,0,3.606,0,0,2.0404
C061,0.0,5.0,2022-02-01,2,0,3.606,0,0,2.0496
C061,0.0,5.0,2022-03-01,3,0,3.606,0,0,1.9896
C061,0.0,5.0,2022-04-01,4,0,3.606,0,0,2.0127
C061,0.0,5.0,2022-05-01,5,0,3.606,0,0,2.0351
C061,0.0,5.0,2022-06-01,6,0,3.606,0,0,2.0382
C061,0.0,5.0,2022-07-01,7,0,3.606,0,0,1.9921
C061,0.0,5.0,2022-08-01,8,0,3.606,0,0,2.001
C061,0.0,5.0,2022-09-01,9,0,3.606,0,0,2.0396
C061,0.0,5.0,2022-10-01,10,0,3.606,0,0,2.0301
C061,0.0,5.0,2022-11-01,11,0,3.606,0,0,1.9988
C061,0.0,5.0,2022-12-01,12,0,3.606,0,0,2.0707
C061,0.0,5.0,2023-01-01,13,0,3.606,0,0,2.0495
C061,0.0,5.0,2023-02-01,14,0,3.606,0,0,2.034
C061,0.0,5.0,2023-03-01,15,0,3.606,0,0,2.1071
C061,0.0,5.0,2023-04-01,16,0,3.606,0,0,2.0894
C061,0.0,5.0,2023-05-01,17,0,3.606,0,0,2.0721
C061,0.0,5.0,2023-06-01,18,0,3.606,0,0,2.0183
C061,0.0,5.0,2023-07-01,19,0,3.606,0,0,2.0996
C061,0.0,5.0,2023-08-01,20,0,3.606,0,0,2.0747
C061,0.0,5.0,2023-09-01,21,0,3.606,0,0,2.1013
C061,0.0,5.0,2023-10-01,22,0,3.606,0,0,2.0894
C061,0.0,5.0,2023-11-01,23,0,3.606,0,0,2.0888
C061,0.0,5.0,2023-12-01,24,0,3.606,0,0,2.0746
C061,0.0,5.0,2024-01-01,25,0,3.606,0,1,2.1257
C061,0.0,5.0,2024-02-01,26,0,3.606,0,1,2.1125
C061,0.0,5.0,2024-03-01,27,0,3.606,0,1,2.0987
C061,0.0,5.0,2024-04-01,28,0,3.606,0,1,2.1042
C061,0.0,5.0,2024-05-01,29,0,3.606,0,1,2.0838
C061,0.0,5.0,2024-06-01,30,0,3.606,0,1,2.0546
C061,0.0,5.0,2024-07-01,31,0,3.606,0,1,2.1035
C061,0.0,5.0,2024-08-01,32,0,3.606,0,1,2.1415
C061,0.0,5.0,2024-09-01,33,0,3.606,0,1,2.1072
C061,0.0,5.0,2024-10-01,34,0,3.606,0,1,2.1399
C061,0.0,5.0,2024-11-01,35,0,3.606,0,1,2.0859
C061,0.0,5.0,2024-12-01,36,0,3.606,0,1,2.0968
C062,1.0,5.0,2022-01-01,1,0,2.828,0,0,2.3619
C062,1.0,5.0,2022-02-01,2,0,2.828,0,0,2.3313
C062,1.0,5.0,2022-03-01,3,0,2.828,0,0,2.2816
C062,1.0,5.0,2022-04-01,4,0,2.828,0,0,2.3316
C062,1.0,5.0,2022-05-01,5,0,2.828,0,0,2.3177
C062,1.0,5.0,2022-06-01,6,0,2.828,0,0,2.3495
C062,1.0,5.0,2022-07-01,7,0,2.828,0,0,2.3367
C062,1.0,5.0,2022-08-01,8,0,2.828,0,0,2.3587
C062,1.0,5.0,2022-09-01,9,0,2.828,0,0,2.3378
C062,1.0,5.0,2022-10-01,10,0,2.828,0,0,2.2903
C062,1.0,5.0,2022-11-01,11,0,2.828,0,0,2.3721
C062,1.0,5.0,2022-12-01,12,0,2.828,0,0,2.3242
C062,1.0,5.0,2023-01-01,13,0,2.828,0,0,2.3556
C062,1.0,5.0,2023-02-01,14,0,2.828,0,0,2.3455
C062,1.0,5.0,2023-03-01,15,0,2.828,0,0,2.3235
C062,1.0,5.0,2023-04-01,16,0,2.828,0,0,2.3223
C062,1.0,5.0,2023-05-01,17,0,2.828,0,0,2.3357
C062,1.0,5.0,2023-06-01,18,0,2.828,0,0,2.3928
C062,1.0,5.0,2023-07-01,19,0,2.828,0,0,2.3288
C062,1.0,5.0,2023-08-01,20,0,2.828,0,0,2.3988
C062,1.0,5.0,2023-09-01,21,0,2.828,0,0,2.3996
C062,1.0,5.0,2023-10-01,22,0,2.828,0,0,2.3619
C062,1.0,5.0,2023-11-01,23,0,2.828,0,0,2.3684
C062,1.0,5.0,2023-12-01,24,0,2.828,0,0,2.3802
C062,1.0,5.0,2024-01-01,25,0,2.828,0,1,2.3591
C062,1.0,5.0,2024-02-01,26,0,2.828,0,1,2.3735
C062,1.0,5.0,2024-03-01,27,0,2.828,0,1,2.3873
C062,1.0,5.0,2024-04-01,28,0,2.828,0,1,2.3692
C062,1.0,5.0,2024-05-01,29,0,2.828,0,1,2.3689
C062,1.0,5.0,2024-06-01,30,0,2.828,0,1,2.3395
C062,1.0,5.0,2024-07-01,31,0,2.828,0,1,2.4014
C062,1.0,5.0,2024-08-01,32,0,2.828,0,1,2.3507
C062,1.0,5.0,2024-09-01,33,0,2.828,0,1,2.4243
C062,1.0,5.0,2024-10-01,34,0,2.828,0,1,2.4111
C062,1.0,5.0,2024-11-01,35,0,2.828,0,1,2.3587
C062,1.0,5.0,2024-12-01,36,0,2.828,0,1,2.3634
C063,2.0,5.0,2022-01-01,1,0,2.236,0,0,2.3574
C063,2.0,5.0,2022-02-01,2,0,2.236,0,0,2.2989
C063,2.0,5.0,2022-03-01,3,0,2.236,0,0,2.3412
C063,2.0,5.0,2022-04-01,4,0,2.236,0,0,2.3863
C063,2.0,5.0,2022-05-01,5,0,2.236,0,0,2.3719
C063,2.0,5.0,2022-06-01,6,0,2.236,0,0,2.37
C063,2.0,5.0,2022-07-01,7,0,2.236,0,0,2.3727
C063,2.0,5.0,2022-08-01,8,0,2.236,0,0,2.4178
C063,2.0,5.0,2022-09-01,9,0,2.236,0,0,2.3728
C063,2.0,5.0,2022-10-01,10,0,2.236,0,0,2.3565
C063,2.0,5.0,2022-11-01,11,0,2.236,0,0,2.3341
C063,2.0,5.0,2022-12-01,12,0,2.236,0,0,2.3755
C063,2.0,5.0,2023-01-01,13,0,2.236,0,0,2.3842
C063,2.0,5.0,2023-02-01,14,0,2.236,0,0,2.3499
C063,2.0,5.0,2023-03-01,15,0,2.236,0,0,2.391
C063,2.0,5.0,2023-04-01,16,0,2.236,0,0,2.3751
C063,2.0,5.0,2023-05-01,17,0,2.236,0,0,2.3924
C063,2.0,5.0,2023-06-01,18,0,2.236,0,0,2.3753
C063,2.0,5.0,2023-07-01,19,0,2.236,0,0,2.3931
C063,2.0,5.0,2023-08-01,20,0,2.236,0,0,2.3795
C063,2.0,5.0,2023-09-01,21,0,2.236,0,0,2.3698
C063,2.0,5.0,2023-10-01,22,0,2.236,0,0,2.4384
C063,2.0,5.0,2023-11-01,23,0,2.236,0,0,2.4251
C063,2.0,5.0,2023-12-01,24,0,2.236,0,0,2.3771
C063,2.0,5.0,2024-01-01,25,0,2.236,0,1,2.4267
C063,2.0,5.0,2024-02-01,26,0,2.236,0,1,2.3864
C063,2.0,5.0,2024-03-01,27,0,2.236,0,1,2.4528
C063,2.0,5.0,2024-04-01,28,0,2.236,0,1,2.3905
C063,2.0,5.0,2024-05-01,29,0,2.236,0,1,2.3695
C063,2.0,5.0,2024-06-01,30,0,2.236,0,1,2.4218
C063,2.0,5.0,2024-07-01,31,0,2.236,0,1,2.4501
C063,2.0,5.0,2024-08-01,32,0,2.236,0,1,2.3793
C063,2.0,5.0,2024-09-01,33,0,2.236,0,1,2.4332
C063,2.0,5.0,2024-10-01,34,0,2.236,0,1,2.456
C063,2.0,5.0,2024-11-01,35,0,2.236,0,1,2.4211
C063,2.0,5.0,2024-12-01,36,0,2.236,0,1,2.4509
C064,3.0,5.0,2022-01-01,1,0,2.0,1,0,2.1605
C064,3.0,5.0,2022-02-01,2,0,2.0,1,0,2.2083
C064,3.0,5.0,2022-03-01,3,0,2.0,1,0,2.1923
C064,3.0,5.0,2022-04-01,4,0,2.0,1,0,2.2022
C064,3.0,5.0,2022-05-01,5,0,2.0,1,0,2.1658
C064,3.0,5.0,2022-06-01,6,0,2.0,1,0,2.1563
C064,3.0,5.0,2022-07-01,7,0,2.0,1,0,2.1493
C064,3.0,5.0,2022-08-01,8,0,2.0,1,0,2.2056
C064,3.0,5.0,2022-09-01,9,0,2.0,1,0,2.161
C064,3.0,5.0,2022-10-01,10,0,2.0,1,0,2.166
C064,3.0,5.0,2022-11-01,11,0,2.0,1,0,2.2061
C064,3.0,5.0,2022-12-01,12,0,2.0,1,0,2.2294
C064,3.0,5.0,2023-01-01,13,0,2.0,1,0,2.173
C064,3.0,5.0,2023-02-01,14,0,2.0,1,0,2.2078
C064,3.0,5.0,2023-03-01,15,0,2.0,1,0,2.1745
C064,3.0,5.0,2023-04-01,16,0,2.0,1,0,2.1866
C064,3.0,5.0,2023-05-01,17,0,2.0,1,0,2.2571
C064,3.0,5.0,2023-06-01,18,0,2.0,1,0,2.2472
C064,3.0,5.0,2023-07-01,19,0,2.0,1,0,2.1389
C064,3.0,5.0,2023-08-01,20,0,2.0,1,0,2.2097
C064,3.0,5.0,2023-09-01,21,0,2.0,1,0,2.1937
C064,3.0,5.0,2023-10-01,22,0,2.0,1,0,2.256
C064,3.0,5.0,2023-11-01,23,0,2.0,1,0,2.1801
C064,3.0,5.0,2023-12-01,24,0,2.0,1,0,2.2032
C064,3.0,5.0,2024-01-01,25,0,2.0,1,1,2.2725
C064,3.0,5.0,2024-02-01,26,0,2.0,1,1,2.2212
C064,3.0,5.0,2024-03-01,27,0,2.0,1,1,2.1976
C064,3.0,5.0,2024-04-01,28,0,2.0,1,1,2.2301
C064,3.0,5.0,2024-05-01,29,0,2.0,1,1,2.24
C064,3.0,5.0,2024-06-01,30,0,2.0,1,1,2.2452
C064,3.0,5.0,2024-07-01,31,0,2.0,1,1,2.2879
C064,3.0,5.0,2024-08-01,32,0,2.0,1,1,2.2616
C064,3.0,5.0,2024-09-01,33,0,2.0,1,1,2.2725
C064,3.0,5.0,2024-10-01,34,0,2.0,1,1,2.2772
C064,3.0,5.0,2024-11-01,35,0,2.0,1,1,2.2804
C064,3.0,5.0,2024-12-01,36,0,2.0,1,1,2.3153
C065,4.0,5.0,2022-01-01,1,0,2.236,0,0,2.3563
C065,4.0,5.0,2022-02-01,2,0,2.236,0,0,2.3607
C065,4.0,5.0,2022-03-01,3,0,2.236,0,0,2.3644
C065,4.0,5.0,2022-04-01,4,0,2.236,0,0,2.4284
C065,4.0,5.0,2022-05-01,5,0,2.236,0,0,2.4235
C065,4.0,5.0,2022-06-01,6,0,2.236,0,0,2.3685
C065,4.0,5.0,2022-07-01,7,0,2.236,0,0,2.3785
C065,4.0,5.0,2022-08-01,8,0,2.236,0,0,2.3748
C065,4.0,5.0,2022-09-01,9,0,2.236,0,0,2.4388
C065,4.0,5.0,2022-10-01,10,0,2.236,0,0,2.3799
C065,4.0,5.0,2022-11-01,11,0,2.236,0,0,2.4207
C065,4.0,5.0,2022-12-01,12,0,2.236,0,0,2.4577
C065,4.0,5.0,2023-01-01,13,0,2.236,0,0,2.4206
C065,4.0,5.0,2023-02-01,14,0,2.236,0,0,2.3972
C065,4.0,5.0,2023-03-01,15,0,2.236,0,0,2.4367
C065,4.0,5.0,2023-04-01,16,0,2.236,0,0,2.3874
C065,4.0,5.0,2023-05-01,17,0,2.236,0,0,2.401
C065,4.0,5.0,2023-06-01,18,0,2.236,0,0,2.4132
C065,4.0,5.0,2023-07-01,19,0,2.236,0,0,2.4258
C065,4.0,5.0,2023-08-01,20,0,2.236,0,0,2.3897
C065,4.0,5.0,2023-09-01,21,0,2.236,0,0,2.431
C065,4.0,5.0,2023-10-01,22,0,2.236,0,0,2.4416
C065,4.0,5.0,2023-11-01,23,0,2.236,0,0,2.4834
C065,4.0,5.0,2023-12-01,24,0,2.236,0,0,2.4407
C065,4.0,5.0,2024-01-01,25,0,2.236,0,1,2.4193
C065,4.0,5.0,2024-02-01,26,0,2.236,0,1,2.5065
C065,4.0,5.0,2024-03-01,27,0,2.236,0,1,2.422
C065,4.0,5.0,2024-04-01,28,0,2.236,0,1,2.4576
C065,4.0,5.0,2024-05-01,29,0,2.236,0,1,2.4809
C065,4.0,5.0,2024-06-01,30,0,2.236,0,1,2.4783
C065,4.0,5.0,2024-07-01,31,0,2.236,0,1,2.4753
C065,4.0,5.0,2024-08-01,32,0,2.236,0,1,2.4609
C065,4.0,5.0,2024-09-01,33,0,2.236,0,1,2.4707
C065,4.0,5.0,2024-10-01,34,0,2.236,0,1,2.4499
C065,4.0,5.0,2024-11-01,35,0,2.236,0,1,2.4978
C065,4.0,5.0,2024-12-01,36,0,2.236,0,1,2.5087
C066,5.0,5.0,2022-01-01,1,0,2.828,0,0,2.1887
C066,5.0,5.0,2022-02-01,2,0,2.828,0,0,2.1645
C066,5.0,5.0,2022-03-01,3,0,2.828,0,0,2.2092
C066,5.0,5.0,2022-04-01,4,0,2.828,0,0,2.1842
C066,5.0,5.0,2022-05-01,5,0,2.828,0,0,2.1948
C066,5.0,5.0,2022-06-01,6,0,2.828,0,0,2.2022
C066,5.0,5.0,2022-07-01,7,0,2.828,0,0,2.2044
C066,5.0,5.0,2022-08-01,8,0,2.828,0,0,2.2475
C066,5.0,5.0,2022-09-01,9,0,2.828,0,0,2.269
C066,5.0,5.0,2022-10-01,10,0,2.828,0,0,2.2938
C066,5.0,5.0,2022-11-01,11,0,2.828,0,0,2.2421
C066,5.0,5.0,2022-12-01,12,0,2.828,0,0,2.2425
C066,5.0,5.0,2023-01-01,13,0,2.828,0,0,2.2577
C066,5.0,5.0,2023-02-01,14,0,2.828,0,0,2.2732
C066,5.0,5.0,2023-03-01,15,0,2.828,0,0,2.2589
C066,5.0,5.0,2023-04-01,16,0,2.828,0,0,2.2759
C066,5.0,5.0,2023-05-01,17,0,2.828,0,0,2.2887
C066,5.0,5.0,2023-06-01,18,0,2.828,0,0,2.2647
C066,5.0,5.0,2023-07-01,19,0,2.828,0,0,2.2273
C066,5.0,5.0,2023-08-01,20,0,2.828,0,0,2.2107
C066,5.0,5.0,2023-09-01,21,0,2.828,0,0,2.257
C066,5.0,5.0,2023-10-01,22,0,2.828,0,0,2.2969
C066,5.0,5.0,2023-11-01,23,0,2.828,0,0,2.3136
C066,5.0,5.0,2023-12-01,24,0,2.828,0,0,2.2852
C066,5.0,5.0,2024-01-01,25,0,2.828,0,1,2.2974
C066,5.0,5.0,2024-02-01,26,0,2.828,0,1,2.2902
C066,5.0,5.0,2024-03-01,27,0,2.828,0,1,2.3063
C066,5.0,5.0,2024-04-01,28,0,2.828,0,1,2.2981
C066,5.0,5.0,2024-05-01,29,0,2.828,0,1,2.3076
C066,5.0,5.0,2024-06-01,30,0,2.828,0,1,2.283
C066,5.0,5.0,2024-07-01,31,0,2.828,0,1,2.366
C066,5.0,5.0,2024-08-01,32,0,2.828,0,1,2.3494
C066,5.0,5.0,2024-09-01,33,0,2.828,0,1,2.3221
C066,5.0,5.0,2024-10-01,34,0,2.828,0,1,2.2925
C066,5.0,5.0,2024-11-01,35,0,2.828,0,1,2.3611
C066,5.0,5.0,2024-12-01,36,0,2.828,0,1,2.3071
C067,6.0,5.0,2022-01-01,1,0,2.236,0,0,3.0068
C067,6.0,5.0,2022-02-01,2,0,2.236,0,0,2.9996
C067,6.0,5.0,2022-03-01,3,0,2.236,0,0,3.0004
C067,6.0,5.0,2022-04-01,4,0,2.236,0,0,3.0108
C067,6.0,5.0,2022-05-01,5,0,2.236,0,0,3.0131
C067,6.0,5.0,2022-06-01,6,0,2.236,0,0,3.0156
C067,6.0,5.0,2022-07-01,7,0,2.236,0,0,3.0337
C067,6.0,5.0,2022-08-01,8,0,2.236,0,0,3.0268
C067,6.0,5.0,2022-09-01,9,0,2.236,0,0,3.0165
C067,6.0,5.0,2022-10-01,10,0,2.236,0,0,2.9786
C067,6.0,5.0,2022-11-01,11,0,2.236,0,0,3.0371
C067,6.0,5.0,2022-12-01,12,0,2.236,0,0,3.0658
C067,6.0,5.0,2023-01-01,13,0,2.236,0,0,2.9921
C067,6.0,5.0,2023-02-01,14,0,2.236,0,0,3.0832
C067,6.0,5.0,2023-03-01,15,0,2.236,0,0,3.0189
C067,6.0,5.0,2023-04-01,16,0,2.236,0,0,3.0395
C067,6.0,5.0,2023-05-01,17,0,2.236,0,0,3.0042
C067,6.0,5.0,2023-06-01,18,0,2.236,0,0,3.0935
C067,6.0,5.0,2023-07-01,19,0,2.236,0,0,3.0377
C067,6.0,5.0,2023-08-01,20,0,2.236,0,0,3.0384
C067,6.0,5.0,2023-09-01,21,0,2.236,0,0,3.0524
C067,6.0,5.0,2023-10-01,22,0,2.236,0,0,3.043
C067,6.0,5.0,2023-11-01,23,0,2.236,0,0,3.0246
C067,6.0,5.0,2023-12-01,24,0,2.236,0,0,3.0164
C067,6.0,5.0,2024-01-01,25,0,2.236,0,1,3.0062
C067,6.0,5.0,2024-02-01,26,0,2.236,0,1,3.0739
C067,6.0,5.0,2024-03-01,27,0,2.236,0,1,3.096
C067,6.0,5.0,2024-04-01,28,0,2.236,0,1,3.0981
C067,6.0,5.0,2024-05-01,29,0,2.236,0,1,3.1076
C067,6.0,5.0,2024-06-01,30,0,2.236,0,1,3.1111
C067,6.0,5.0,2024-07-01,31,0,2.236,0,1,3.0716
C067,6.0,5.0,2024-08-01,32,0,2.236,0,1,3.0576
C067,6.0,5.0,2024-09-01,33,0,2.236,0,1,3.0484
C067,6.0,5.0,2024-10-01,34,0,2.236,0,1,3.084
C067,6.0,5.0,2024-11-01,35,0,2.236,0,1,3.0626
C067,6.0,5.0,2024-12-01,36,0,2.236,0,1,3.0898
C068,7.0,5.0,2022-01-01,1,0,1.414,1,0,2.1402
C068,7.0,5.0,2022-02-01,2,0,1.414,1,0,2.1172
C068,7.0,5.0,2022-03-01,3,0,1.414,1,0,2.124
C068,7.0,5.0,2022-04-01,4,0,1.414,1,0,2.1758
C068,7.0,5.0,2022-05-01,5,0,1.414,1,0,2.1339
C068,7.0,5.0,2022-06-01,6,0,1.414,1,0,2.1614
C068,7.0,5.0,2022-07-01,7,0,1.414,1,0,2.1572
C068,7.0,5.0,2022-08-01,8,0,1.414,1,0,2.1362
C068,7.0,5.0,2022-09-01,9,0,1.414,1,0,2.1317
C068,7.0,5.0,2022-10-01,10,0,1.414,1,0,2.1741
C068,7.0,5.0,2022-11-01,11,0,1.414,1,0,2.1742
C068,7.0,5.0,2022-12-01,12,0,1.414,1,0,2.1597
C068,7.0,5.0,2023-01-01,13,0,1.414,1,0,2.1952
C068,7.0,5.0,2023-02-01,14,0,1.414,1,0,2.166
C068,7.0,5.0,2023-03-01,15,0,1.414,1,0,2.1491
C068,7.0,5.0,2023-04-01,16,0,1.414,1,0,2.1914
C068,7.0,5.0,2023-05-01,17,0,1.414,1,0,2.1602
C068,7.0,5.0,2023-06-01,18,0,1.414,1,0,2.1605
C068,7.0,5.0,2023-07-01,19,0,1.414,1,0,2.2408
C068,7.0,5.0,2023-08-01,20,0,1.414,1,0,2.1815
C068,7.0,5.0,2023-09-01,21,0,1.414,1,0,2.1354
C068,7.0,5.0,2023-10-01,22,0,1.414,1,0,2.1923
C068,7.0,5.0,2023-11-01,23,0,1.414,1,0,2.1566
C068,7.0,5.0,2023-12-01,24,0,1.414,1,0,2.197
C068,7.0,5.0,2024-01-01,25,0,1.414,1,1,2.2215
C068,7.0,5.0,2024-02-01,26,0,1.414,1,1,2.2103
C068,7.0,5.0,2024-03-01,27,0,1.414,1,1,2.2341
C068,7.0,5.0,2024-04-01,28,0,1.414,1,1,2.2401
C068,7.0,5.0,2024-05-01,29,0,1.414,1,1,2.2517
C068,7.0,5.0,2024-06-01,30,0,1.414,1,1,2.1893
C068,7.0,5.0,2024-07-01,31,0,1.414,1,1,2.2652
C068,7.0,5.0,2024-08-01,32,0,1.414,1,1,2.2395
C068,7.0,5.0,2024-09-01,33,0,1.414,1,1,2.2553
C068,7.0,5.0,2024-10-01,34,0,1.414,1,1,2.2658
C068,7.0,5.0,2024-11-01,35,0,1.414,1,1,2.2422
C068,7.0,5.0,2024-12-01,36,0,1.414,1,1,2.299
C069,8.0,5.0,2022-01-01,1,0,1.0,1,0,3.0658
C069,8.0,5.0,2022-02-01,2,0,1.0,1,0,3.0098
C069,8.0,5.0,2022-03-01,3,0,1.0,1,0,3.047
C069,8.0,5.0,2022-04-01,4,0,1.0,1,0,3.0402
C069,8.0,5.0,2022-05-01,5,0,1.0,1,0,3.0898
C069,8.0,5.0,2022-06-01,6,0,1.0,1,0,3.0714
C069,8.0,5.0,2022-07-01,7,0,1.0,1,0,3.0237
C069,8.0,5.0,2022-08-01,8,0,1.0,1,0,3.1309
C069,8.0,5.0,2022-09-01,9,0,1.0,1,0,3.0737
C069,8.0,5.0,2022-10-01,10,0,1.0,1,0,3.0945
C069,8.0,5.0,2022-11-01,11,0,1.0,1,0,3.0622
C069,8.0,5.0,2022-12-01,12,0,1.0,1,0,3.1105
C069,8.0,5.0,2023-01-01,13,0,1.0,1,0,3.0887
C069,8.0,5.0,2023-02-01,14,0,1.0,1,0,3.0357
C069,8.0,5.0,2023-03-01,15,0,1.0,1,0,3.1276
C069,8.0,5.0,2023-04-01,16,0,1.0,1,0,3.0686
C069,8.0,5.0,2023-05-01,17,0,1.0,1,0,3.109
C069,8.0,5.0,2023-06-01,18,0,1.0,1,0,3.1278
C069,8.0,5.0,2023-07-01,19,0,1.0,1,0,3.1413
C069,8.0,5.0,2023-08-01,20,0,1.0,1,0,3.0551
C069,8.0,5.0,2023-09-01,21,0,1.0,1,0,3.1093
C069,8.0,5.0,2023-10-01,22,0,1.0,1,0,3.0972
C069,8.0,5.0,2023-11-01,23,0,1.0,1,0,3.1053
C069,8.0,5.0,2023-12-01,24,0,1.0,1,0,3.1483
C069,8.0,5.0,2024-01-01,25,0,1.0,1,1,3.1905
C069,8.0,5.0,2024-02-01,26,0,1.0,1,1,3.1465
C069,8.0,5.0,2024-03-01,27,0,1.0,1,1,3.1768
C069,8.0,5.0,2024-04-01,28,0,1.0,1,1,3.1814
C069,8.0,5.0,2024-05-01,29,0,1.0,1,1,3.202
C069,8.0,5.0,2024-06-01,30,0,1.0,1,1,3.1548
C069,8.0,5.0,2024-07-01,31,0,1.0,1,1,3.1407
C069,8.0,5.0,2024-08-01,32,0,1.0,1,1,3.1409
C069,8.0,5.0,2024-09-01,33,0,1.0,1,1,3.1789
C069,8.0,5.0,2024-10-01,34,0,1.0,1,1,3.1801
C069,8.0,5.0,2024-11-01,35,0,1.0,1,1,3.1691
C069,8.0,5.0,2024-12-01,36,0,1.0,1,1,3.1692
C070,9.0,5.0,2022-01-01,1,0,1.414,1,0,2.4472
C070,9.0,5.0,2022-02-01,2,0,1.414,1,0,2.4413
C070,9.0,5.0,2022-03-01,3,0,1.414,1,0,2.4347
C070,9.0,5.0,2022-04-01,4,0,1.414,1,0,2.4744
C070,9.0,5.0,2022-05-01,5,0,1.414,1,0,2.4015
C070,9.0,5.0,2022-06-01,6,0,1.414,1,0,2.4342
C070,9.0,5.0,2022-07-01,7,0,1.414,1,0,2.4815
C070,9.0,5.0,2022-08-01,8,0,1.414,1,0,2.4602
C070,9.0,5.0,2022-09-01,9,0,1.414,1,0,2.45
C070,9.0,5.0,2022-10-01,10,0,1.414,1,0,2.431
C070,9.0,5.0,2022-11-01,11,0,1.414,1,0,2.4948
C070,9.0,5.0,2022-12-01,12,0,1.414,1,0,2.4954
C070,9.0,5.0,2023-01-01,13,0,1.414,1,0,2.5016
C070,9.0,5.0,2023-02-01,14,0,1.414,1,0,2.4785
C070,9.0,5.0,2023-03-01,15,0,1.414,1,0,2.4425
C070,9.0,5.0,2023-04-01,16,0,1.414,1,0,2.4885
C070,9.0,5.0,2023-05-01,17,0,1.414,1,0,2.476
C070,9.0,5.0,2023-06-01,18,0,1.414,1,0,2.5118
C070,9.0,5.0,2023-07-01,19,0,1.414,1,0,2.4953
C070,9.0,5.0,2023-08-01,20,0,1.414,1,0,2.4973
C070,9.0,5.0,2023-09-01,21,0,1.414,1,0,2.4427
C070,9.0,5.0,2023-10-01,22,0,1.414,1,0,2.504
C070,9.0,5.0,2023-11-01,23,0,1.414,1,0,2.5058
C070,9.0,5.0,2023-12-01,24,0,1.414,1,0,2.4777
C070,9.0,5.0,2024-01-01,25,0,1.414,1,1,2.476
C070,9.0,5.0,2024-02-01,26,0,1.414,1,1,2.5193
C070,9.0,5.0,2024-03-01,27,0,1.414,1,1,2.5303
C070,9.0,5.0,2024-04-01,28,0,1.414,1,1,2.4845
C070,9.0,5.0,2024-05-01,29,0,1.414,1,1,2.5745
C070,9.0,5.0,2024-06-01,30,0,1.414,1,1,2.5733
C070,9.0,5.0,2024-07-01,31,0,1.414,1,1,2.5249
C070,9.0,5.0,2024-08-01,32,0,1.414,1,1,2.5354
C070,9.0,5.0,2024-09-01,33,0,1.414,1,1,2.4875
C070,9.0,5.0,2024-10-01,34,0,1.414,1,1,2.5649
C070,9.0,5.0,2024-11-01,35,0,1.414,1,1,2.5533
C070,9.0,5.0,2024-12-01,36,0,1.414,1,1,2.5203
C071,10.0,5.0,2022-01-01,1,0,2.236,0,0,2.5011
C071,10.0,5.0,2022-02-01,2,0,2.236,0,0,2.5285
C071,10.0,5.0,2022-03-01,3,0,2.236,0,0,2.5157
C071,10.0,5.0,2022-04-01,4,0,2.236,0,0,2.4824
C071,10.0,5.0,2022-05-01,5,0,2.236,0,0,2.5114
C071,10.0,5.0,2022-06-01,6,0,2.236,0,0,2.5324
C071,10.0,5.0,2022-07-01,7,0,2.236,0,0,2.5177
C071,10.0,5.0,2022-08-01,8,0,2.236,0,0,2.5067
C071,10.0,5.0,2022-09-01,9,0,2.236,0,0,2.5639
C071,10.0,5.0,2022-10-01,10,0,2.236,0,0,2.503
C071,10.0,5.0,2022-11-01,11,0,2.236,0,0,2.5268
C071,10.0,5.0,2022-12-01,12,0,2.236,0,0,2.5592
C071,10.0,5.0,2023-01-01,13,0,2.236,0,0,2.5982
C071,10.0,5.0,2023-02-01,14,0,2.236,0,0,2.5719
C071,10.0,5.0,2023-03-01,15,0,2.236,0,0,2.5473
C071,10.0,5.0,2023-04-01,16,0,2.236,0,0,2.5575
C071,10.0,5.0,2023-05-01,17,0,2.236,0,0,2.5065
C071,10.0,5.0,2023-06-01,18,0,2.236,0,0,2.5982
C071,10.0,5.0,2023-07-01,19,0,2.236,0,0,2.5347
C071,10.0,5.0,2023-08-01,20,0,2.236,0,0,2.4935
C071,10.0,5.0,2023-09-01,21,0,2.236,0,0,2.5277
C071,10.0,5.0,2023-10-01,22,0,2.236,0,0,2.5289
C071,10.0,5.0,2023-11-01,23,0,2.236,0,0,2.5508
C071,10.0,5.0,2023-12-01,24,0,2.236,0,0,2.518
C071,10.0,5.0,2024-01-01,25,0,2.236,0,1,2.5454
C071,10.0,5.0,2024-02-01,26,0,2.236,0,1,2.565
C071,10.0,5.0,2024-03-01,27,0,2.236,0,1,2.5579
C071,10.0,5.0,2024-04-01,28,0,2.236,0,1,2.5726
C071,10.0,5.0,2024-05-01,29,0,2.236,0,1,2.5679
C071,10.0,5.0,2024-06-01,30,0,2.236,0,1,2.6269
C071,10.0,5.0,2024-07-01,31,0,2.236,0,1,2.5932
C071,10.0,5.0,2024-08-01,32,0,2.236,0,1,2.606
C071,10.0,5.0,2024-09-01,33,0,2.236,0,1,2.5561
C071,10.0,5.0,2024-10-01,34,0,2.236,0,1,2.5791
C071,10.0,5.0,2024-11-01,35,0,2.236,0,1,2.5925
C071,10.0,5.0,2024-12-01,36,0,2.236,0,1,2.6116
C072,11.0,5.0,2022-01-01,1,0,3.162,0,0,2.3796
C072,11.0,5.0,2022-02-01,2,0,3.162,0,0,2.3642
C072,11.0,5.0,2022-03-01,3,0,3.162,0,0,2.3304
C072,11.0,5.0,2022-04-01,4,0,3.162,0,0,2.3473
C072,11.0,5.0,2022-05-01,5,0,3.162,0,0,2.4105
C072,11.0,5.0,2022-06-01,6,0,3.162,0,0,2.3884
C072,11.0,5.0,2022-07-01,7,0,3.162,0,0,2.373
C072,11.0,5.0,2022-08-01,8,0,3.162,0,0,2.4237
C072,11.0,5.0,2022-09-01,9,0,3.162,0,0,2.3888
C072,11.0,5.0,2022-10-01,10,0,3.162,0,0,2.3813
C072,11.0,5.0,2022-11-01,11,0,3.162,0,0,2.4503
C072,11.0,5.0,2022-12-01,12,0,3.162,0,0,2.378
C072,11.0,5.0,2023-01-01,13,0,3.162,0,0,2.4362
C072,11.0,5.0,2023-02-01,14,0,3.162,0,0,2.4339
C072,11.0,5.0,2023-03-01,15,0,3.162,0,0,2.4258
C072,11.0,5.0,2023-04-01,16,0,3.162,0,0,2.3852
C072,11.0,5.0,2023-05-01,17,0,3.162,0,0,2.4088
C072,11.0,5.0,2023-06-01,18,0,3.162,0,0,2.4056
C072,11.0,5.0,2023-07-01,19,0,3.162,0,0,2.4444
C072,11.0,5.0,2023-08-01,20,0,3.162,0,0,2.4637
C072,11.0,5.0,2023-09-01,21,0,3.162,0,0,2.4338
C072,11.0,5.0,2023-10-01,22,0,3.162,0,0,2.4369
C072,11.0,5.0,2023-11-01,23,0,3.162,0,0,2.3974
C072,11.0,5.0,2023-12-01,24,0,3.162,0,0,2.4503
C072,11.0,5.0,2024-01-01,25,0,3.162,0,1,2.4197
C072,11.0,5.0,2024-02-01,26,0,3.162,0,1,2.3848
C072,11.0,5.0,2024-03-01,27,0,3.162,0,1,2.4848
C072,11.0,5.0,2024-04-01,28,0,3.162,0,1,2.4908
C072,11.0,5.0,2024-05-01,29,0,3.162,0,1,2.4341
C072,11.0,5.0,2024-06-01,30,0,3.162,0,1,2.4805
C072,11.0,5.0,2024-07-01,31,0,3.162,0,1,2.4457
C072,11.0,5.0,2024-08-01,32,0,3.162,0,1,2.4737
C072,11.0,5.0,2024-09-01,33,0,3.162,0,1,2.4616
C072,11.0,5.0,2024-10-01,34,0,3.162,0,1,2.4376
C072,11.0,5.0,2024-11-01,35,0,3.162,0,1,2.464
C072,11.0,5.0,2024-12-01,36,0,3.162,0,1,2.435
C073,0.0,6.0,2022-01-01,1,0,4.243,0,0,2.5252
C073,0.0,6.0,2022-02-01,2,0,4.243,0,0,2.4739
C073,0.0,6.0,2022-03-01,3,0,4.243,0,0,2.5267
C073,0.0,6.0,2022-04-01,4,0,4.243,0,0,2.5181
C073,0.0,6.0,2022-05-01,5,0,4.243,0,0,2.457
C073,0.0,6.0,2022-06-01,6,0,4.243,0,0,2.5474
C073,0.0,6.0,2022-07-01,7,0,4.243,0,0,2.5491
C073,0.0,6.0,2022-08-01,8,0,4.243,0,0,2.4835
C073,0.0,6.0,2022-09-01,9,0,4.243,0,0,2.4464
C073,0.0,6.0,2022-10-01,10,0,4.243,0,0,2.4648
C073,0.0,6.0,2022-11-01,11,0,4.243,0,0,2.5476
C073,0.0,6.0,2022-12-01,12,0,4.243,0,0,2.513
C073,0.0,6.0,2023-01-01,13,0,4.243,0,0,2.5258
C073,0.0,6.0,2023-02-01,14,0,4.243,0,0,2.5351
C073,0.0,6.0,2023-03-01,15,0,4.243,0,0,2.5045
C073,0.0,6.0,2023-04-01,16,0,4.243,0,0,2.5046
C073,0.0,6.0,2023-05-01,17,0,4.243,0,0,2.5432
C073,0.0,6.0,2023-06-01,18,0,4.243,0,0,2.5106
C073,0.0,6.0,2023-07-01,19,0,4.243,0,0,2.5872
C073,0.0,6.0,2023-08-01,20,0,4.243,0,0,2.5463
C073,0.0,6.0,2023-09-01,21,0,4.243,0,0,2.5301
C073,0.0,6.0,2023-10-01,22,0,4.243,0,0,2.5196
C073,0.0,6.0,2023-11-01,23,0,4.243,0,0,2.5635
C073,0.0,6.0,2023-12-01,24,0,4.243,0,0,2.5489
C073,0.0,6.0,2024-01-01,25,0,4.243,0,1,2.5064
C073,0.0,6.0,2024-02-01,26,0,4.243,0,1,2.5786
C073,0.0,6.0,2024-03-01,27,0,4.243,0,1,2.5755
C073,0.0,6.0,2024-04-01,28,0,4.243,0,1,2.5727
C073,0.0,6.0,2024-05-01,29,0,4.243,0,1,2.586
C073,0.0,6.0,2024-06-01,30,0,4.243,0,1,2.5427
C073,0.0,6.0,2024-07-01,31,0,4.243,0,1,2.569
C073,0.0,6.0,2024-08-01,32,0,4.243,0,1,2.5502
C073,0.0,6.0,2024-09-01,33,0,4.243,0,1,2.5722
C073,0.0,6.0,2024-10-01,34,0,4.243,0,1,2.5348
C073,0.0,6.0,2024-11-01,35,0,4.243,0,1,2.5864
C073,0.0,6.0,2024-12-01,36,0,4.243,0,1,2.5679
C074,1.0,6.0,2022-01-01,1,0,3.606,0,0,2.6056
C074,1.0,6.0,2022-02-01,2,0,3.606,0,0,2.5924
C074,1.0,6.0,2022-03-01,3,0,3.606,0,0,2.6135
C074,1.0,6.0,2022-04-01,4,0,3.606,0,0,2.561
C074,1.0,6.0,2022-05-01,5,0,3.606,0,0,2.5674
C074,1.0,6.0,2022-06-01,6,0,3.606,0,0,2.5312
C074,1.0,6.0,2022-07-01,7,0,3.606,0,0,2.6133
C074,1.0,6.0,2022-08-01,8,0,3.606,0,0,2.6191
C074,1.0,6.0,2022-09-01,9,0,3.606,0,0,2.5894
C074,1.0,6.0,2022-10-01,10,0,3.606,0,0,2.6104
C074,1.0,6.0,2022-11-01,11,0,3.606,0,0,2.5787
C074,1.0,6.0,2022-12-01,12,0,3.606,0,0,2.5793
C074,1.0,6.0,2023-01-01,13,0,3.606,0,0,2.6489
C074,1.0,6.0,2023-02-01,14,0,3.606,0,0,2.5902
C074,1.0,6.0,2023-03-01,15,0,3.606,0,0,2.6245
C074,1.0,6.0,2023-04-01,16,0,3.606,0,0,2.6361
C074,1.0,6.0,2023-05-01,17,0,3.606,0,0,2.5857
C074,1.0,6.0,2023-06-01,18,0,3.606,0,0,2.5752
C074,1.0,6.0,2023-07-01,19,0,3.606,0,0,2.602
C074,1.0,6.0,2023-08-01,20,0,3.606,0,0,2.6454
C074,1.0,6.0,2023-09-01,21,0,3.606,0,0,2.6313
C074,1.0,6.0,2023-10-01,22,0,3.606,0,0,2.6808
C074,1.0,6.0,2023-11-01,23,0,3.606,0,0,2.717
C074,1.0,6.0,2023-12-01,24,0,3.606,0,0,2.6668
C074,1.0,6.0,2024-01-01,25,0,3.606,0,1,2.6929
C074,1.0,6.0,2024-02-01,26,0,3.606,0,1,2.6503
C074,1.0,6.0,2024-03-01,27,0,3.606,0,1,2.6594
C074,1.0,6.0,2024-04-01,28,0,3.606,0,1,2.7022
C074,1.0,6.0,2024-05-01,29,0,3.606,0,1,2.6549
C074,1.0,6.0,2024-06-01,30,0,3.606,0,1,2.6968
C074,1.0,6.0,2024-07-01,31,0,3.606,0,1,2.6867
C074,1.0,6.0,2024-08-01,32,0,3.606,0,1,2.6738
C074,1.0,6.0,2024-09-01,33,0,3.606,0,1,2.6942
C074,1.0,6.0,2024-10-01,34,0,3.606,0,1,2.6672
C074,1.0,6.0,2024-11-01,35,0,3.606,0,1,2.7094
C074,1.0,6.0,2024-12-01,36,0,3.606,0,1,2.7233
C075,2.0,6.0,2022-01-01,1,0,3.162,0,0,2.4241
C075,2.0,6.0,2022-02-01,2,0,3.162,0,0,2.3768
C075,2.0,6.0,2022-03-01,3,0,3.162,0,0,2.3618
C075,2.0,6.0,2022-04-01,4,0,3.162,0,0,2.3523
C075,2.0,6.0,2022-05-01,5,0,3.162,0,0,2.3979
C075,2.0,6.0,2022-06-01,6,0,3.162,0,0,2.39
C075,2.0,6.0,2022-07-01,7,0,3.162,0,0,2.4271
C075,2.0,6.0,2022-08-01,8,0,3.162,0,0,2.4393
C075,2.0,6.0,2022-09-01,9,0,3.162,0,0,2.4791
C075,2.0,6.0,2022-10-01,10,0,3.162,0,0,2.3847
C075,2.0,6.0,2022-11-01,11,0,3.162,0,0,2.431
C075,2.0,6.0,2022-12-01,12,0,3.162,0,0,2.4438
C075,2.0,6.0,2023-01-01,13,0,3.162,0,0,2.4354
C075,2.0,6.0,2023-02-01,14,0,3.162,0,0,2.3982
C075,2.0,6.0,2023-03-01,15,0,3.162,0,0,2.4932
C075,2.0,6.0,2023-04-01,16,0,3.162,0,0,2.4771
C075,2.0,6.0,2023-05-01,17,0,3.162,0,0,2.4256
C075,2.0,6.0,2023-06-01,18,0,3.162,0,0,2.4273
C075,2.0,6.0,2023-07-01,19,0,3.162,0,0,2.4996
C075,2.0,6.0,2023-08-01,20,0,3.162,0,0,2.4777
C075,2.0,6.0,2023-09-01,21,0,3.162,0,0,2.4979
C075,2.0,6.0,2023-10-01,22,0,3.162,0,0,2.4111
C075,2.0,6.0,2023-11-01,23,0,3.162,0,0,2.4495
C075,2.0,6.0,2023-12-01,24,0,3.162,0,0,2.4763
C075,2.0,6.0,2024-01-01,25,0,3.162,0,1,2.4527
C075,2.0,6.0,2024-02-01,26,0,3.162,0,1,2.4719
C075,2.0,6.0,2024-03-01,27,0,3.162,0,1,2.5384
C075,2.0,6.0,2024-04-01,28,0,3.162,0,1,2.5302
C075,2.0,6.0,2024-05-01,29,0,3.162,0,1,2.4675
C075,2.0,6.0,2024-06-01,30,0,3.162,0,1,2.5552
C075,2.0,6.0,2024-07-01,31,0,3.162,0,1,2.4997
C075,2.0,6.0,2024-08-01,32,0,3.162,0,1,2.4735
C075,2.0,6.0,2024-09-01,33,0,3.162,0,1,2.4555
C075,2.0,6.0,2024-10-01,34,0,3.162,0,1,2.5153
C075,2.0,6.0,2024-11-01,35,0,3.162,0,1,2.4742
C075,2.0,6.0,2024-12-01,36,0,3.162,0,1,2.4792
C076,3.0,6.0,2022-01-01,1,0,3.0,0,0,2.3293
C076,3.0,6.0,2022-02-01,2,0,3.0,0,0,2.3903
C076,3.0,6.0,2022-03-01,3,0,3.0,0,0,2.3517
C076,3.0,6.0,2022-04-01,4,0,3.0,0,0,2.3913
C076,3.0,6.0,2022-05-01,5,0,3.0,0,0,2.4329
C076,3.0,6.0,2022-06-01,6,0,3.0,0,0,2.3532
C076,3.0,6.0,2022-07-01,7,0,3.0,0,0,2.418
C076,3.0,6.0,2022-08-01,8,0,3.0,0,0,2.379
C076,3.0,6.0,2022-09-01,9,0,3.0,0,0,2.3847
C076,3.0,6.0,2022-10-01,10,0,3.0,0,0,2.4064
C076,3.0,6.0,2022-11-01,11,0,3.0,0,0,2.3934
C076,3.0,6.0,2022-12-01,12,0,3.0,0,0,2.39
C076,3.0,6.0,2023-01-01,13,0,3.0,0,0,2.432
C076,3.0,6.0,2023-02-01,14,0,3.0,0,0,2.4083
C076,3.0,6.0,2023-03-01,15,0,3.0,0,0,2.3299
C076,3.0,6.0,2023-04-01,16,0,3.0,0,0,2.4386
C076,3.0,6.0,2023-05-01,17,0,3.0,0,0,2.3569
C076,3.0,6.0,2023-06-01,18,0,3.0,0,0,2.4547
C076,3.0,6.0,2023-07-01,19,0,3.0,0,0,2.3993
C076,3.0,6.0,2023-08-01,20,0,3.0,0,0,2.4245
C076,3.0,6.0,2023-09-01,21,0,3.0,0,0,2.4686
C076,3.0,6.0,2023-10-01,22,0,3.0,0,0,2.4495
C076,3.0,6.0,2023-11-01,23,0,3.0,0,0,2.4738
C076,3.0,6.0,2023-12-01,24,0,3.0,0,0,2.4422
C076,3.0,6.0,2024-01-01,25,0,3.0,0,1,2.4008
C076,3.0,6.0,2024-02-01,26,0,3.0,0,1,2.4334
C076,3.0,6.0,2024-03-01,27,0,3.0,0,1,2.4352
C076,3.0,6.0,2024-04-01,28,0,3.0,0,1,2.4224
C076,3.0,6.0,2024-05-01,29,0,3.0,0,1,2.4097
C076,3.0,6.0,2024-06-01,30,0,3.0,0,1,2.4685
C076,3.0,6.0,2024-07-01,31,0,3.0,0,1,2.4728
C076,3.0,6.0,2024-08-01,32,0,3.0,0,1,2.4689
C076,3.0,6.0,2024-09-01,33,0,3.0,0,1,2.4607
C076,3.0,6.0,2024-10-01,34,0,3.0,0,1,2.4752
C076,3.0,6.0,2024-11-01,35,0,3.0,0,1,2.5203
C076,3.0,6.0,2024-12-01,36,0,3.0,0,1,2.506
C077,4.0,6.0,2022-01-01,1,0,3.162,0,0,2.4591
C077,4.0,6.0,2022-02-01,2,0,3.162,0,0,2.5059
C077,4.0,6.0,2022-03-01,3,0,3.162,0,0,2.4818
C077,4.0,6.0,2022-04-01,4,0,3.162,0,0,2.4813
C077,4.0,6.0,2022-05-01,5,0,3.162,0,0,2.5073
C077,4.0,6.0,2022-06-01,6,0,3.162,0,0,2.512
C077,4.0,6.0,2022-07-01,7,0,3.162,0,0,2.476
C077,4.0,6.0,2022-08-01,8,0,3.162,0,0,2.4558
C077,4.0,6.0,2022-09-01,9,0,3.162,0,0,2.4692
C077,4.0,6.0,2022-10-01,10,0,3.162,0,0,2.4673
C077,4.0,6.0,2022-11-01,11,0,3.162,0,0,2.5248
C077,4.0,6.0,2022-12-01,12,0,3.162,0,0,2.4843
C077,4.0,6.0,2023-01-01,13,0,3.162,0,0,2.5502
C077,4.0,6.0,2023-02-01,14,0,3.162,0,0,2.5411
C077,4.0,6.0,2023-03-01,15,0,3.162,0,0,2.4887
C077,4.0,6.0,2023-04-01,16,0,3.162,0,0,2.5288
C077,4.0,6.0,2023-05-01,17,0,3.162,0,0,2.5639
C077,4.0,6.0,2023-06-01,18,0,3.162,0,0,2.5559
C077,4.0,6.0,2023-07-01,19,0,3.162,0,0,2.5889
C077,4.0,6.0,2023-08-01,20,0,3.162,0,0,2.5071
C077,4.0,6.0,2023-09-01,21,0,3.162,0,0,2.5077
C077,4.0,6.0,2023-10-01,22,0,3.162,0,0,2.4737
C077,4.0,6.0,2023-11-01,23,0,3.162,0,0,2.5025
C077,4.0,6.0,2023-12-01,24,0,3.162,0,0,2.5484
C077,4.0,6.0,2024-01-01,25,0,3.162,0,1,2.5906
C077,4.0,6.0,2024-02-01,26,0,3.162,0,1,2.5166
C077,4.0,6.0,2024-03-01,27,0,3.162,0,1,2.533
C077,4.0,6.0,2024-04-01,28,0,3.162,0,1,2.5648
C077,4.0,6.0,2024-05-01,29,0,3.162,0,1,2.5201
C077,4.0,6.0,2024-06-01,30,0,3.162,0,1,2.5115
C077,4.0,6.0,2024-07-01,31,0,3.162,0,1,2.5838
C077,4.0,6.0,2024-08-01,32,0,3.162,0,1,2.5467
C077,4.0,6.0,2024-09-01,33,0,3.162,0,1,2.6134
C077,4.0,6.0,2024-10-01,34,0,3.162,0,1,2.5822
C077,4.0,6.0,2024-11-01,35,0,3.162,0,1,2.5785
C077,4.0,6.0,2024-12-01,36,0,3.162,0,1,2.5643
C078,5.0,6.0,2022-01-01,1,0,3.0,0,0,2.4626
C078,5.0,6.0,2022-02-01,2,0,3.0,0,0,2.5001
C078,5.0,6.0,2022-03-01,3,0,3.0,0,0,2.4749
C078,5.0,6.0,2022-04-01,4,0,3.0,0,0,2.5115
C078,5.0,6.0,2022-05-01,5,0,3.0,0,0,2.4816
C078,5.0,6.0,2022-06-01,6,0,3.0,0,0,2.5029
C078,5.0,6.0,2022-07-01,7,0,3.0,0,0,2.5295
C078,5.0,6.0,2022-08-01,8,0,3.0,0,0,2.4652
C078,5.0,6.0,2022-09-01,9,0,3.0,0,0,2.5038
C078,5.0,6.0,2022-10-01,10,0,3.0,0,0,2.5087
C078,5.0,6.0,2022-11-01,11,0,3.0,0,0,2.5292
C078,5.0,6.0,2022-12-01,12,0,3.0,0,0,2.5126
C078,5.0,6.0,2023-01-01,13,0,3.0,0,0,2.4629
C078,5.0,6.0,2023-02-01,14,0,3.0,0,0,2.5408
C078,5.0,6.0,2023-03-01,15,0,3.0,0,0,2.4586
C078,5.0,6.0,2023-04-01,16,0,3.0,0,0,2.5489
C078,5.0,6.0,2023-05-01,17,0,3.0,0,0,2.5363
C078,5.0,6.0,2023-06-01,18,0,3.0,0,0,2.5876
C078,5.0,6.0,2023-07-01,19,0,3.0,0,0,2.5565
C078,5.0,6.0,2023-08-01,20,0,3.0,0,0,2.5913
C078,5.0,6.0,2023-09-01,21,0,3.0,0,0,2.5221
C078,5.0,6.0,2023-10-01,22,0,3.0,0,0,2.5811
C078,5.0,6.0,2023-11-01,23,0,3.0,0,0,2.4958
C078,5.0,6.0,2023-12-01,24,0,3.0,0,0,2.4814
C078,5.0,6.0,2024-01-01,25,0,3.0,0,1,2.6187
C078,5.0,6.0,2024-02-01,26,0,3.0,0,1,2.5484
C078,5.0,6.0,2024-03-01,27,0,3.0,0,1,2.5626
C078,5.0,6.0,2024-04-01,28,0,3.0,0,1,2.5807
C078,5.0,6.0,2024-05-01,29,0,3.0,0,1,2.6434
C078,5.0,6.0,2024-06-01,30,0,3.0,0,1,2.5395
C078,5.0,6.0,2024-07-01,31,0,3.0,0,1,2.5785
C078,5.0,6.0,2024-08-01,32,0,3.0,0,1,2.5502
C078,5.0,6.0,2024-09-01,33,0,3.0,0,1,2.5793
C078,5.0,6.0,2024-10-01,34,0,3.0,0,1,2.6253
C078,5.0,6.0,2024-11-01,35,0,3.0,0,1,2.5948
C078,5.0,6.0,2024-12-01,36,0,3.0,0,1,2.5605
C079,6.0,6.0,2022-01-01,1,0,2.828,0,0,2.6903
C079,6.0,6.0,2022-02-01,2,0,2.828,0,0,2.72
C079,6.0,6.0,2022-03-01,3,0,2.828,0,0,2.7285
C079,6.0,6.0,2022-04-01,4,0,2.828,0,0,2.6898
C079,6.0,6.0,2022-05-01,5,0,2.828,0,0,2.7342
C079,6.0,6.0,2022-06-01,6,0,2.828,0,0,2.7284
C079,6.0,6.0,2022-07-01,7,0,2.828,0,0,2.7188
C079,6.0,6.0,2022-08-01,8,0,2.828,0,0,2.6981
C079,6.0,6.0,2022-09-01,9,0,2.828,0,0,2.7548
C079,6.0,6.0,2022-10-01,10,0,2.828,0,0,2.7348
C079,6.0,6.0,2022-11-01,11,0,2.828,0,0,2.7599
C079,6.0,6.0,2022-12-01,12,0,2.828,0,0,2.7475
C079,6.0,6.0,2023-01-01,13,0,2.828,0,0,2.7992
C079,6.0,6.0,2023-02-01,14,0,2.828,0,0,2.7385
C079,6.0,6.0,2023-03-01,15,0,2.828,0,0,2.7209
C079,6.0,6.0,2023-04-01,16,0,2.828,0,0,2.6927
C079,6.0,6.0,2023-05-01,17,0,2.828,0,0,2.771
C079,6.0,6.0,2023-06-01,18,0,2.828,0,0,2.7447
C079,6.0,6.0,2023-07-01,19,0,2.828,0,0,2.745
C079,6.0,6.0,2023-08-01,20,0,2.828,0,0,2.7694
C079,6.0,6.0,2023-09-01,21,0,2.828,0,0,2.8115
C079,6.0,6.0,2023-10-01,22,0,2.828,0,0,2.7447
C079,6.0,6.0,2023-11-01,23,0,2.828,0,0,2.7377
C079,6.0,6.0,2023-12-01,24,0,2.828,0,0,2.7304
C079,6.0,6.0,2024-01-01,25,0,2.828,0,1,2.7935
C079,6.0,6.0,2024-02-01,26,0,2.828,0,1,2.7293
C079,6.0,6.0,2024-03-01,27,0,2.828,0,1,2.7
C079,6.0,6.0,2024-04-01,28,0,2.828,0,1,2.8103
C079,6.0,6.0,2024-05-01,29,0,2.828,0,1,2.7708
C079,6.0,6.0,2024-06-01,30,0,2.828,0,1,2.742
C079,6.0,6.0,2024-07-01,31,0,2.828,0,1,2.8027
C079,6.0,6.0,2024-08-01,32,0,2.828,0,1,2.74
C079,6.0,6.0,2024-09-01,33,0,2.828,0,1,2.7807
C079,6.0,6.0,2024-10-01,34,0,2.828,0,1,2.7618
C079,6.0,6.0,2024-11-01,35,0,2.828,0,1,2.7835
C079,6.0,6.0,2024-12-01,36,0,2.828,0,1,2.7447
C080,7.0,6.0,2022-01-01,1,0,2.236,0,0,2.9094
C080,7.0,6.0,2022-02-01,2,0,2.236,0,0,2.8446
C080,7.0,6.0,2022-03-01,3,0,2.236,0,0,2.8932
C080,7.0,6.0,2022-04-01,4,0,2.236,0,0,2.8546
C080,7.0,6.0,2022-05-01,5,0,2.236,0,0,2.8878
C080,7.0,6.0,2022-06-01,6,0,2.236,0,0,2.917
C080,7.0,6.0,2022-07-01,7,0,2.236,0,0,2.8863
C080,7.0,6.0,2022-08-01,8,0,2.236,0,0,2.98
C080,7.0,6.0,2022-09-01,9,0,2.236,0,0,2.9012
C080,7.0,6.0,2022-10-01,10,0,2.236,0,0,2.9473
C080,7.0,6.0,2022-11-01,11,0,2.236,0,0,2.913
C080,7.0,6.0,2022-12-01,12,0,2.236,0,0,2.8889
C080,7.0,6.0,2023-01-01,13,0,2.236,0,0,2.8867
C080,7.0,6.0,2023-02-01,14,0,2.236,0,0,2.9401
C080,7.0,6.0,2023-03-01,15,0,2.236,0,0,2.9584
C080,7.0,6.0,2023-04-01,16,0,2.236,0,0,2.956
C080,7.0,6.0,2023-05-01,17,0,2.236,0,0,2.9266
C080,7.0,6.0,2023-06-01,18,0,2.236,0,0,2.9713
C080,7.0,6.0,2023-07-01,19,0,2.236,0,0,2.9135
C080,7.0,6.0,2023-08-01,20,0,2.236,0,0,2.959
C080,7.0,6.0,2023-09-01,21,0,2.236,0,0,2.9728
C080,7.0,6.0,2023-10-01,22,0,2.236,0,0,2.9952
C080,7.0,6.0,2023-11-01,23,0,2.236,0,0,2.9101
C080,7.0,6.0,2023-12-01,24,0,2.236,0,0,2.9717
C080,7.0,6.0,2024-01-01,25,0,2.236,0,1,2.9006
C080,7.0,6.0,2024-02-01,26,0,2.236,0,1,2.9336
C080,7.0,6.0,2024-03-01,27,0,2.236,0,1,3.0071
C080,7.0,6.0,2024-04-01,28,0,2.236,0,1,2.9854
C080,7.0,6.0,2024-05-01,29,0,2.236,0,1,2.939
C080,7.0,6.0,2024-06-01,30,0,2.236,0,1,3.0
C080,7.0,6.0,2024-07-01,31,0,2.236,0,1,2.9965
C080,7.0,6.0,2024-08-01,32,0,2.236,0,1,2.9433
C080,7.0,6.0,2024-09-01,33,0,2.236,0,1,3.0114
C080,7.0,6.0,2024-10-01,34,0,2.236,0,1,2.9659
C080,7.0,6.0,2024-11-01,35,0,2.236,0,1,2.9944
C080,7.0,6.0,2024-12-01,36,0,2.236,0,1,3.0169
C081,8.0,6.0,2022-01-01,1,0,2.0,1,0,2.2299
C081,8.0,6.0,2022-02-01,2,0,2.0,1,0,2.2192
C081,8.0,6.0,2022-03-01,3,0,2.0,1,0,2.2154
C081,8.0,6.0,2022-04-01,4,0,2.0,1,0,2.2145
C081,8.0,6.0,2022-05-01,5,0,2.0,1,0,2.2701
C081,8.0,6.0,2022-06-01,6,0,2.0,1,0,2.2535
C081,8.0,6.0,2022-07-01,7,0,2.0,1,0,2.1875
C081,8.0,6.0,2022-08-01,8,0,2.0,1,0,2.2457
C081,8.0,6.0,2022-09-01,9,0,2.0,1,0,2.2617
C081,8.0,6.0,2022-10-01,10,0,2.0,1,0,2.246
C081,8.0,6.0,2022-11-01,11,0,2.0,1,0,2.2807
C081,8.0,6.0,2022-12-01,12,0,2.0,1,0,2.2772
C081,8.0,6.0,2023-01-01,13,0,2.0,1,0,2.263
C081,8.0,6.0,2023-02-01,14,0,2.0,1,0,2.2496
C081,8.0,6.0,2023-03-01,15,0,2.0,1,0,2.2723
C081,8.0,6.0,2023-04-01,16,0,2.0,1,0,2.2944
C081,8.0,6.0,2023-05-01,17,0,2.0,1,0,2.2562
C081,8.0,6.0,2023-06-01,18,0,2.0,1,0,2.3062
C081,8.0,6.0,2023-07-01,19,0,2.0,1,0,2.2517
C081,8.0,6.0,2023-08-01,20,0,2.0,1,0,2.2364
C081,8.0,6.0,2023-09-01,21,0,2.0,1,0,2.2382
C081,8.0,6.0,2023-10-01,22,0,2.0,1,0,2.2753
C081,8.0,6.0,2023-11-01,23,0,2.0,1,0,2.2816
C081,8.0,6.0,2023-12-01,24,0,2.0,1,0,2.3239
C081,8.0,6.0,2024-01-01,25,0,2.0,1,1,2.2562
C081,8.0,6.0,2024-02-01,26,0,2.0,1,1,2.3476
C081,8.0,6.0,2024-03-01,27,0,2.0,1,1,2.3519
C081,8.0,6.0,2024-04-01,28,0,2.0,1,1,2.3548
C081,8.0,6.0,2024-05-01,29,0,2.0,1,1,2.3636
C081,8.0,6.0,2024-06-01,30,0,2.0,1,1,2.3487
C081,8.0,6.0,2024-07-01,31,0,2.0,1,1,2.3302
C081,8.0,6.0,2024-08-01,32,0,2.0,1,1,2.3675
C081,8.0,6.0,2024-09-01,33,0,2.0,1,1,2.3426
C081,8.0,6.0,2024-10-01,34,0,2.0,1,1,2.3024
C081,8.0,6.0,2024-11-01,35,0,2.0,1,1,2.3565
C081,8.0,6.0,2024-12-01,36,0,2.0,1,1,2.3292
C082,9.0,6.0,2022-01-01,1,0,2.236,0,0,2.4755
C082,9.0,6.0,2022-02-01,2,0,2.236,0,0,2.4473
C082,9.0,6.0,2022-03-01,3,0,2.236,0,0,2.499
C082,9.0,6.0,2022-04-01,4,0,2.236,0,0,2.5048
C082,9.0,6.0,2022-05-01,5,0,2.236,0,0,2.5006
C082,9.0,6.0,2022-06-01,6,0,2.236,0,0,2.4828
C082,9.0,6.0,2022-07-01,7,0,2.236,0,0,2.5257
C082,9.0,6.0,2022-08-01,8,0,2.236,0,0,2.4813
C082,9.0,6.0,2022-09-01,9,0,2.236,0,0,2.5248
C082,9.0,6.0,2022-10-01,10,0,2.236,0,0,2.5713
C082,9.0,6.0,2022-11-01,11,0,2.236,0,0,2.5182
C082,9.0,6.0,2022-12-01,12,0,2.236,0,0,2.5061
C082,9.0,6.0,2023-01-01,13,0,2.236,0,0,2.496
C082,9.0,6.0,2023-02-01,14,0,2.236,0,0,2.5263
C082,9.0,6.0,2023-03-01,15,0,2.236,0,0,2.4939
C082,9.0,6.0,2023-04-01,16,0,2.236,0,0,2.523
C082,9.0,6.0,2023-05-01,17,0,2.236,0,0,2.567
C082,9.0,6.0,2023-06-01,18,0,2.236,0,0,2.5533
C082,9.0,6.0,2023-07-01,19,0,2.236,0,0,2.6345
C082,9.0,6.0,2023-08-01,20,0,2.236,0,0,2.5182
C082,9.0,6.0,2023-09-01,21,0,2.236,0,0,2.5465
C082,9.0,6.0,2023-10-01,22,0,2.236,0,0,2.516
C082,9.0,6.0,2023-11-01,23,0,2.236,0,0,2.4958
C082,9.0,6.0,2023-12-01,24,0,2.236,0,0,2.5032
C082,9.0,6.0,2024-01-01,25,0,2.236,0,1,2.5533
C082,9.0,6.0,2024-02-01,26,0,2.236,0,1,2.5481
C082,9.0,6.0,2024-03-01,27,0,2.236,0,1,2.5719
C082,9.0,6.0,2024-04-01,28,0,2.236,0,1,2.5546
C082,9.0,6.0,2024-05-01,29,0,2.236,0,1,2.5168
C082,9.0,6.0,2024-06-01,30,0,2.236,0,1,2.5206
C082,9.0,6.0,2024-07-01,31,0,2.236,0,1,2.5762
C082,9.0,6.0,2024-08-01,32,0,2.236,0,1,2.6281
C082,9.0,6.0,2024-09-01,33,0,2.236,0,1,2.5553
C082,9.0,6.0,2024-10-01,34,0,2.236,0,1,2.5699
C082,9.0,6.0,2024-11-01,35,0,2.236,0,1,2.6096
C082,9.0,6.0,2024-12-01,36,0,2.236,0,1,2.5672
C083,10.0,6.0,2022-01-01,1,0,2.828,0,0,2.3397
C083,10.0,6.0,2022-02-01,2,0,2.828,0,0,2.3972
C083,10.0,6.0,2022-03-01,3,0,2.828,0,0,2.3573
C083,10.0,6.0,2022-04-01,4,0,2.828,0,0,2.4486
C083,10.0,6.0,2022-05-01,5,0,2.828,0,0,2.3868
C083,10.0,6.0,2022-06-01,6,0,2.828,0,0,2.4218
C083,10.0,6.0,2022-07-01,7,0,2.828,0,0,2.386
C083,10.0,6.0,2022-08-01,8,0,2.828,0,0,2.4363
C083,10.0,6.0,2022-09-01,9,0,2.828,0,0,2.4428
C083,10.0,6.0,2022-10-01,10,0,2.828,0,0,2.425
C083,10.0,6.0,2022-11-01,11,0,2.828,0,0,2.4322
C083,10.0,6.0,2022-12-01,12,0,2.828,0,0,2.4299
C083,10.0,6.0,2023-01-01,13,0,2.828,0,0,2.4692
C083,10.0,6.0,2023-02-01,14,0,2.828,0,0,2.4164
C083,10.0,6.0,2023-03-01,15,0,2.828,0,0,2.4326
C083,10.0,6.0,2023-04-01,16,0,2.828,0,0,2.4004
C083,10.0,6.0,2023-05-01,17,0,2.828,0,0,2.3871
C083,10.0,6.0,2023-06-01,18,0,2.828,0,0,2.4608
C083,10.0,6.0,2023-07-01,19,0,2.828,0,0,2.4038
C083,10.0,6.0,2023-08-01,20,0,2.828,0,0,2.4659
C083,10.0,6.0,2023-09-01,21,0,2.828,0,0,2.4578
C083,10.0,6.0,2023-10-01,22,0,2.828,0,0,2.4407
C083,10.0,6.0,2023-11-01,23,0,2.828,0,0,2.4878
C083,10.0,6.0,2023-12-01,24,0,2.828,0,0,2.4112
C083,10.0,6.0,2024-01-01,25,0,2.828,0,1,2.4182
C083,10.0,6.0,2024-02-01,26,0,2.828,0,1,2.4312
C083,10.0,6.0,2024-03-01,27,0,2.828,0,1,2.4625
C083,10.0,6.0,2024-04-01,28,0,2.828,0,1,2.4653
C083,10.0,6.0,2024-05-01,29,0,2.828,0,1,2.5245
C083,10.0,6.0,2024-06-01,30,0,2.828,0,1,2.4498
C083,10.0,6.0,2024-07-01,31,0,2.828,0,1,2.4785
C083,10.0,6.0,2024-08-01,32,0,2.828,0,1,2.4823
C083,10.0,6.0,2024-09-01,33,0,2.828,0,1,2.475
C083,10.0,6.0,2024-10-01,34,0,2.828,0,1,2.4977
C083,10.0,6.0,2024-11-01,35,0,2.828,0,1,2.5348
C083,10.0,6.0,2024-12-01,36,0,2.828,0,1,2.4912
C084,11.0,6.0,2022-01-01,1,0,3.606,0,0,2.2052
C084,11.0,6.0,2022-02-01,2,0,3.606,0,0,2.2929
C084,11.0,6.0,2022-03-01,3,0,3.606,0,0,2.279
C084,11.0,6.0,2022-04-01,4,0,3.606,0,0,2.27
C084,11.0,6.0,2022-05-01,5,0,3.606,0,0,2.2193
C084,11.0,6.0,2022-06-01,6,0,3.606,0,0,2.323
C084,11.0,6.0,2022-07-01,7,0,3.606,0,0,2.2573
C084,11.0,6.0,2022-08-01,8,0,3.606,0,0,2.2613
C084,11.0,6.0,2022-09-01,9,0,3.606,0,0,2.2625
C084,11.0,6.0,2022-10-01,10,0,3.606,0,0,2.3274
C084,11.0,6.0,2022-11-01,11,0,3.606,0,0,2.3249
C084,11.0,6.0,2022-12-01,12,0,3.606,0,0,2.3077
C084,11.0,6.0,2023-01-01,13,0,3.606,0,0,2.3125
C084,11.0,6.0,2023-02-01,14,0,3.606,0,0,2.3002
C084,11.0,6.0,2023-03-01,15,0,3.606,0,0,2.331
C084,11.0,6.0,2023-04-01,16,0,3.606,0,0,2.2969
C084,11.0,6.0,2023-05-01,17,0,3.606,0,0,2.3418
C084,11.0,6.0,2023-06-01,18,0,3.606,0,0,2.3339
C084,11.0,6.0,2023-07-01,19,0,3.606,0,0,2.3142
C084,11.0,6.0,2023-08-01,20,0,3.606,0,0,2.3359
C084,11.0,6.0,2023-09-01,21,0,3.606,0,0,2.3573
C084,11.0,6.0,2023-10-01,22,0,3.606,0,0,2.3427
C084,11.0,6.0,2023-11-01,23,0,3.606,0,0,2.3528
C084,11.0,6.0,2023-12-01,24,0,3.606,0,0,2.3323
C084,11.0,6.0,2024-01-01,25,0,3.606,0,1,2.3475
C084,11.0,6.0,2024-02-01,26,0,3.606,0,1,2.3517
C084,11.0,6.0,2024-03-01,27,0,3.606,0,1,2.3362
C084,11.0,6.0,2024-04-01,28,0,3.606,0,1,2.3288
C084,11.0,6.0,2024-05-01,29,0,3.606,0,1,2.2933
C084,11.0,6.0,2024-06-01,30,0,3.606,0,1,2.3632
C084,11.0,6.0,2024-07-01,31,0,3.606,0,1,2.3563
C084,11.0,6.0,2024-08-01,32,0,3.606,0,1,2.3652
C084,11.0,6.0,2024-09-01,33,0,3.606,0,1,2.368
C084,11.0,6.0,2024-10-01,34,0,3.606,0,1,2.3616
C084,11.0,6.0,2024-11-01,35,0,3.606,0,1,2.431
C084,11.0,6.0,2024-12-01,36,0,3.606,0,1,2.3183
C085,0.0,7.0,2022-01-01,1,0,5.0,0,0,2.2112
C085,0.0,7.0,2022-02-01,2,0,5.0,0,0,2.2669
C085,0.0,7.0,2022-03-01,3,0,5.0,0,0,2.3059
C085,0.0,7.0,2022-04-01,4,0,5.0,0,0,2.2525
C085,0.0,7.0,2022-05-01,5,0,5.0,0,0,2.2415
C085,0.0,7.0,2022-06-01,6,0,5.0,0,0,2.273
C085,0.0,7.0,2022-07-01,7,0,5.0,0,0,2.2397
C085,0.0,7.0,2022-08-01,8,0,5.0,0,0,2.2394
C085,0.0,7.0,2022-09-01,9,0,5.0,0,0,2.1893
C085,0.0,7.0,2022-10-01,10,0,5.0,0,0,2.1845
C085,0.0,7.0,2022-11-01,11,0,5.0,0,0,2.2228
C085,0.0,7.0,2022-12-01,12,0,5.0,0,0,2.2205
C085,0.0,7.0,2023-01-01,13,0,5.0,0,0,2.2245
C085,0.0,7.0,2023-02-01,14,0,5.0,0,0,2.2591
C085,0.0,7.0,2023-03-01,15,0,5.0,0,0,2.2285
C085,0.0,7.0,2023-04-01,16,0,5.0,0,0,2.2893
C085,0.0,7.0,2023-05-01,17,0,5.0,0,0,2.3025
C085,0.0,7.0,2023-06-01,18,0,5.0,0,0,2.2876
C085,0.0,7.0,2023-07-01,19,0,5.0,0,0,2.248
C085,0.0,7.0,2023-08-01,20,0,5.0,0,0,2.2405
C085,0.0,7.0,2023-09-01,21,0,5.0,0,0,2.2511
C085,0.0,7.0,2023-10-01,22,0,5.0,0,0,2.3451
C085,0.0,7.0,2023-11-01,23,0,5.0,0,0,2.3378
C085,0.0,7.0,2023-12-01,24,0,5.0,0,0,2.3138
C085,0.0,7.0,2024-01-01,25,0,5.0,0,1,2.3118
C085,0.0,7.0,2024-02-01,26,0,5.0,0,1,2.3196
C085,0.0,7.0,2024-03-01,27,0,5.0,0,1,2.2675
C085,0.0,7.0,2024-04-01,28,0,5.0,0,1,2.3098
C085,0.0,7.0,2024-05-01,29,0,5.0,0,1,2.289
C085,0.0,7.0,2024-06-01,30,0,5.0,0,1,2.3202
C085,0.0,7.0,2024-07-01,31,0,5.0,0,1,2.3352
C085,0.0,7.0,2024-08-01,32,0,5.0,0,1,2.3195
C085,0.0,7.0,2024-09-01,33,0,5.0,0,1,2.3195
C085,0.0,7.0,2024-10-01,34,0,5.0,0,1,2.3487
C085,0.0,7.0,2024-11-01,35,0,5.0,0,1,2.3163
C085,0.0,7.0,2024-12-01,36,0,5.0,0,1,2.3287
C086,1.0,7.0,2022-01-01,1,0,4.472,0,0,2.1303
C086,1.0,7.0,2022-02-01,2,0,4.472,0,0,2.1705
C086,1.0,7.0,2022-03-01,3,0,4.472,0,0,2.1494
C086,1.0,7.0,2022-04-01,4,0,4.472,0,0,2.1338
C086,1.0,7.0,2022-05-01,5,0,4.472,0,0,2.1808
C086,1.0,7.0,2022-06-01,6,0,4.472,0,0,2.1814
C086,1.0,7.0,2022-07-01,7,0,4.472,0,0,2.1359
C086,1.0,7.0,2022-08-01,8,0,4.472,0,0,2.1532
C086,1.0,7.0,2022-09-01,9,0,4.472,0,0,2.1671
C086,1.0,7.0,2022-10-01,10,0,4.472,0,0,2.1591
C086,1.0,7.0,2022-11-01,11,0,4.472,0,0,2.1865
C086,1.0,7.0,2022-12-01,12,0,4.472,0,0,2.1474
C086,1.0,7.0,2023-01-01,13,0,4.472,0,0,2.2082
C086,1.0,7.0,2023-02-01,14,0,4.472,0,0,2.1643
C086,1.0,7.0,2023-03-01,15,0,4.472,0,0,2.2432
C086,1.0,7.0,2023-04-01,16,0,4.472,0,0,2.1766
C086,1.0,7.0,2023-05-01,17,0,4.472,0,0,2.202
C086,1.0,7.0,2023-06-01,18,0,4.472,0,0,2.1729
C086,1.0,7.0,2023-07-01,19,0,4.472,0,0,2.2246
C086,1.0,7.0,2023-08-01,20,0,4.472,0,0,2.2207
C086,1.0,7.0,2023-09-01,21,0,4.472,0,0,2.242
C086,1.0,7.0,2023-10-01,22,0,4.472,0,0,2.2516
C086,1.0,7.0,2023-11-01,23,0,4.472,0,0,2.2201
C086,1.0,7.0,2023-12-01,24,0,4.472,0,0,2.2555
C086,1.0,7.0,2024-01-01,25,0,4.472,0,1,2.1958
C086,1.0,7.0,2024-02-01,26,0,4.472,0,1,2.1899
C086,1.0,7.0,2024-03-01,27,0,4.472,0,1,2.2031
C086,1.0,7.0,2024-04-01,28,0,4.472,0,1,2.204
C086,1.0,7.0,2024-05-01,29,0,4.472,0,1,2.2685
C086,1.0,7.0,2024-06-01,30,0,4.472,0,1,2.2559
C086,1.0,7.0,2024-07-01,31,0,4.472,0,1,2.2504
C086,1.0,7.0,2024-08-01,32,0,4.472,0,1,2.2474
C086,1.0,7.0,2024-09-01,33,0,4.472,0,1,2.2645
C086,1.0,7.0,2024-10-01,34,0,4.472,0,1,2.246
C086,1.0,7.0,2024-11-01,35,0,4.472,0,1,2.2825
C086,1.0,7.0,2024-12-01,36,0,4.472,0,1,2.293
C087,2.0,7.0,2022-01-01,1,0,3.606,0,0,2.262
C087,2.0,7.0,2022-02-01,2,0,3.606,0,0,2.2314
C087,2.0,7.0,2022-03-01,3,0,3.606,0,0,2.2577
C087,2.0,7.0,2022-04-01,4,0,3.606,0,0,2.2609
C087,2.0,7.0,2022-05-01,5,0,3.606,0,0,2.2253
C087,2.0,7.0,2022-06-01,6,0,3.606,0,0,2.2974
C087,2.0,7.0,2022-07-01,7,0,3.606,0,0,2.2849
C087,2.0,7.0,2022-08-01,8,0,3.606,0,0,2.2735
C087,2.0,7.0,2022-09-01,9,0,3.606,0,0,2.2766
C087,2.0,7.0,2022-10-01,10,0,3.606,0,0,2.1972
C087,2.0,7.0,2022-11-01,11,0,3.606,0,0,2.2092
C087,2.0,7.0,2022-12-01,12,0,3.606,0,0,2.2421
C087,2.0,7.0,2023-01-01,13,0,3.606,0,0,2.2541
C087,2.0,7.0,2023-02-01,14,0,3.606,0,0,2.2493
C087,2.0,7.0,2023-03-01,15,0,3.606,0,0,2.2587
C087,2.0,7.0,2023-04-01,16,0,3.606,0,0,2.3038
C087,2.0,7.0,2023-05-01,17,0,3.606,0,0,2.2715
C087,2.0,7.0,2023-06-01,18,0,3.606,0,0,2.2735
C087,2.0,7.0,2023-07-01,19,0,3.606,0,0,2.2229
C087,2.0,7.0,2023-08-01,20,0,3.606,0,0,2.2616
C087,2.0,7.0,2023-09-01,21,0,3.606,0,0,2.2543
C087,2.0,7.0,2023-10-01,22,0,3.606,0,0,2.2667
C087,2.0,7.0,2023-11-01,23,0,3.606,0,0,2.2913
C087,2.0,7.0,2023-12-01,24,0,3.606,0,0,2.3304
C087,2.0,7.0,2024-01-01,25,0,3.606,0,1,2.3252
C087,2.0,7.0,2024-02-01,26,0,3.606,0,1,2.3068
C087,2.0,7.0,2024-03-01,27,0,3.606,0,1,2.3291
C087,2.0,7.0,2024-04-01,28,0,3.606,0,1,2.3262
C087,2.0,7.0,2024-05-01,29,0,3.606,0,1,2.3313
C087,2.0,7.0,2024-06-01,30,0,3.606,0,1,2.3752
C087,2.0,7.0,2024-07-01,31,0,3.606,0,1,2.3186
C087,2.0,7.0,2024-08-01,32,0,3.606,0,1,2.2981
C087,2.0,7.0,2024-09-01,33,0,3.606,0,1,2.3019
C087,2.0,7.0,2024-10-01,34,0,3.606,0,1,2.329
C087,2.0,7.0,2024-11-01,35,0,3.606,0,1,2.306
C087,2.0,7.0,2024-12-01,36,0,3.606,0,1,2.3406
C088,3.0,7.0,2022-01-01,1,0,2.828,0,0,2.3253
C088,3.0,7.0,2022-02-01,2,0,2.828,0,0,2.2207
C088,3.0,7.0,2022-03-01,3,0,2.828,0,0,2.2742
C088,3.0,7.0,2022-04-01,4,0,2.828,0,0,2.2269
C088,3.0,7.0,2022-05-01,5,0,2.828,0,0,2.2553
C088,3.0,7.0,2022-06-01,6,0,2.828,0,0,2.2396
C088,3.0,7.0,2022-07-01,7,0,2.828,0,0,2.2954
C088,3.0,7.0,2022-08-01,8,0,2.828,0,0,2.2678
C088,3.0,7.0,2022-09-01,9,0,2.828,0,0,2.2396
C088,3.0,7.0,2022-10-01,10,0,2.828,0,0,2.2601
C088,3.0,7.0,2022-11-01,11,0,2.828,0,0,2.2826
C088,3.0,7.0,2022-12-01,12,0,2.828,0,0,2.2546
C088,3.0,7.0,2023-01-01,13,0,2.828,0,0,2.2708
C088,3.0,7.0,2023-02-01,14,0,2.828,0,0,2.326
C088,3.0,7.0,2023-03-01,15,0,2.828,0,0,2.3691
C088,3.0,7.0,2023-04-01,16,0,2.828,0,0,2.348
C088,3.0,7.0,2023-05-01,17,0,2.828,0,0,2.3271
C088,3.0,7.0,2023-06-01,18,0,2.828,0,0,2.2905
C088,3.0,7.0,2023-07-01,19,0,2.828,0,0,2.3046
C088,3.0,7.0,2023-08-01,20,0,2.828,0,0,2.2892
C088,3.0,7.0,2023-09-01,21,0,2.828,0,0,2.3177
C088,3.0,7.0,2023-10-01,22,0,2.828,0,0,2.3482
C088,3.0,7.0,2023-11-01,23,0,2.828,0,0,2.3667
C088,3.0,7.0,2023-12-01,24,0,2.828,0,0,2.2843
C088,3.0,7.0,2024-01-01,25,0,2.828,0,1,2.3288
C088,3.0,7.0,2024-02-01,26,0,2.828,0,1,2.3235
C088,3.0,7.0,2024-03-01,27,0,2.828,0,1,2.2961
C088,3.0,7.0,2024-04-01,28,0,2.828,0,1,2.3244
C088,3.0,7.0,2024-05-01,29,0,2.828,0,1,2.3684
C088,3.0,7.0,2024-06-01,30,0,2.828,0,1,2.3508
C088,3.0,7.0,2024-07-01,31,0,2.828,0,1,2.3426
C088,3.0,7.0,2024-08-01,32,0,2.828,0,1,2.3834
C088,3.0,7.0,2024-09-01,33,0,2.828,0,1,2.3968
C088,3.0,7.0,2024-10-01,34,0,2.828,0,1,2.3694
C088,3.0,7.0,2024-11-01,35,0,2.828,0,1,2.4047
C088,3.0,7.0,2024-12-01,36,0,2.828,0,1,2.4204
C089,4.0,7.0,2022-01-01,1,0,2.236,0,0,2.8004
C089,4.0,7.0,2022-02-01,2,0,2.236,0,0,2.8294
C089,4.0,7.0,2022-03-01,3,0,2.236,0,0,2.814
C089,4.0,7.0,2022-04-01,4,0,2.236,0,0,2.8714
C089,4.0,7.0,2022-05-01,5,0,2.236,0,0,2.8319
C089,4.0,7.0,2022-06-01,6,0,2.236,0,0,2.9114
C089,4.0,7.0,2022-07-01,7,0,2.236,0,0,2.8449
C089,4.0,7.0,2022-08-01,8,0,2.236,0,0,2.8828
C089,4.0,7.0,2022-09-01,9,0,2.236,0,0,2.8838
C089,4.0,7.0,2022-10-01,10,0,2.236,0,0,2.8831
C089,4.0,7.0,2022-11-01,11,0,2.236,0,0,2.8277
C089,4.0,7.0,2022-12-01,12,0,2.236,0,0,2.8703
C089,4.0,7.0,2023-01-01,13,0,2.236,0,0,2.903
C089,4.0,7.0,2023-02-01,14,0,2.236,0,0,2.9472
C089,4.0,7.0,2023-03-01,15,0,2.236,0,0,2.8938
C089,4.0,7.0,2023-04-01,16,0,2.236,0,0,2.9219
C089,4.0,7.0,2023-05-01,17,0,2.236,0,0,2.9259
C089,4.0,7.0,2023-06-01,18,0,2.236,0,0,2.8755
C089,4.0,7.0,2023-07-01,19,0,2.236,0,0,2.8946
C089,4.0,7.0,2023-08-01,20,0,2.236,0,0,2.8972
C089,4.0,7.0,2023-09-01,21,0,2.236,0,0,2.9759
C089,4.0,7.0,2023-10-01,22,0,2.236,0,0,2.9289
C089,4.0,7.0,2023-11-01,23,0,2.236,0,0,2.9381
C089,4.0,7.0,2023-12-01,24,0,2.236,0,0,2.9874
C089,4.0,7.0,2024-01-01,25,0,2.236,0,1,2.8803
C089,4.0,7.0,2024-02-01,26,0,2.236,0,1,2.9802
C089,4.0,7.0,2024-03-01,27,0,2.236,0,1,2.9338
C089,4.0,7.0,2024-04-01,28,0,2.236,0,1,2.9498
C089,4.0,7.0,2024-05-01,29,0,2.236,0,1,2.9007
C089,4.0,7.0,2024-06-01,30,0,2.236,0,1,2.9348
C089,4.0,7.0,2024-07-01,31,0,2.236,0,1,2.9626
C089,4.0,7.0,2024-08-01,32,0,2.236,0,1,2.8837
C089,4.0,7.0,2024-09-01,33,0,2.236,0,1,2.9933
C089,4.0,7.0,2024-10-01,34,0,2.236,0,1,2.9485
C089,4.0,7.0,2024-11-01,35,0,2.236,0,1,2.9833
C089,4.0,7.0,2024-12-01,36,0,2.236,0,1,2.9938
C090,5.0,7.0,2022-01-01,1,0,2.0,1,0,2.9513
C090,5.0,7.0,2022-02-01,2,0,2.0,1,0,2.9419
C090,5.0,7.0,2022-03-01,3,0,2.0,1,0,2.9589
C090,5.0,7.0,2022-04-01,4,0,2.0,1,0,2.9674
C090,5.0,7.0,2022-05-01,5,0,2.0,1,0,2.9189
C090,5.0,7.0,2022-06-01,6,0,2.0,1,0,2.9864
C090,5.0,7.0,2022-07-01,7,0,2.0,1,0,2.9871
C090,5.0,7.0,2022-08-01,8,0,2.0,1,0,2.951
C090,5.0,7.0,2022-09-01,9,0,2.0,1,0,3.0314
C090,5.0,7.0,2022-10-01,10,0,2.0,1,0,2.9783
C090,5.0,7.0,2022-11-01,11,0,2.0,1,0,3.0198
C090,5.0,7.0,2022-12-01,12,0,2.0,1,0,3.0155
C090,5.0,7.0,2023-01-01,13,0,2.0,1,0,2.9998
C090,5.0,7.0,2023-02-01,14,0,2.0,1,0,3.0247
C090,5.0,7.0,2023-03-01,15,0,2.0,1,0,3.0133
C090,5.0,7.0,2023-04-01,16,0,2.0,1,0,2.9882
C090,5.0,7.0,2023-05-01,17,0,2.0,1,0,3.0758
C090,5.0,7.0,2023-06-01,18,0,2.0,1,0,3.0441
C090,5.0,7.0,2023-07-01,19,0,2.0,1,0,3.0592
C090,5.0,7.0,2023-08-01,20,0,2.0,1,0,3.0297
C090,5.0,7.0,2023-09-01,21,0,2.0,1,0,3.0437
C090,5.0,7.0,2023-10-01,22,0,2.0,1,0,3.0595
C090,5.0,7.0,2023-11-01,23,0,2.0,1,0,3.0193
C090,5.0,7.0,2023-12-01,24,0,2.0,1,0,3.0545
C090,5.0,7.0,2024-01-01,25,0,2.0,1,1,3.0582
C090,5.0,7.0,2024-02-01,26,0,2.0,1,1,3.0394
C090,5.0,7.0,2024-03-01,27,0,2.0,1,1,3.0181
C090,5.0,7.0,2024-04-01,28,0,2.0,1,1,3.0806
C090,5.0,7.0,2024-05-01,29,0,2.0,1,1,3.1011
C090,5.0,7.0,2024-06-01,30,0,2.0,1,1,3.0532
C090,5.0,7.0,2024-07-01,31,0,2.0,1,1,3.1211
C090,5.0,7.0,2024-08-01,32,0,2.0,1,1,3.0717
C090,5.0,7.0,2024-09-01,33,0,2.0,1,1,3.1023
C090,5.0,7.0,2024-10-01,34,0,2.0,1,1,3.053
C090,5.0,7.0,2024-11-01,35,0,2.0,1,1,3.0544
C090,5.0,7.0,2024-12-01,36,0,2.0,1,1,3.1147
C091,6.0,7.0,2022-01-01,1,0,2.236,0,0,2.4972
C091,6.0,7.0,2022-02-01,2,0,2.236,0,0,2.4575
C091,6.0,7.0,2022-03-01,3,0,2.236,0,0,2.4817
C091,6.0,7.0,2022-04-01,4,0,2.236,0,0,2.4422
C091,6.0,7.0,2022-05-01,5,0,2.236,0,0,2.4957
C091,6.0,7.0,2022-06-01,6,0,2.236,0,0,2.4333
C091,6.0,7.0,2022-07-01,7,0,2.236,0,0,2.4763
C091,6.0,7.0,2022-08-01,8,0,2.236,0,0,2.4456
C091,6.0,7.0,2022-09-01,9,0,2.236,0,0,2.5442
C091,6.0,7.0,2022-10-01,10,0,2.236,0,0,2.5141
C091,6.0,7.0,2022-11-01,11,0,2.236,0,0,2.4535
C091,6.0,7.0,2022-12-01,12,0,2.236,0,0,2.5238
C091,6.0,7.0,2023-01-01,13,0,2.236,0,0,2.4774
C091,6.0,7.0,2023-02-01,14,0,2.236,0,0,2.4895
C091,6.0,7.0,2023-03-01,15,0,2.236,0,0,2.4984
C091,6.0,7.0,2023-04-01,16,0,2.236,0,0,2.5503
C091,6.0,7.0,2023-05-01,17,0,2.236,0,0,2.5282
C091,6.0,7.0,2023-06-01,18,0,2.236,0,0,2.5237
C091,6.0,7.0,2023-07-01,19,0,2.236,0,0,2.4911
C091,6.0,7.0,2023-08-01,20,0,2.236,0,0,2.5016
C091,6.0,7.0,2023-09-01,21,0,2.236,0,0,2.5568
C091,6.0,7.0,2023-10-01,22,0,2.236,0,0,2.5089
C091,6.0,7.0,2023-11-01,23,0,2.236,0,0,2.5624
C091,6.0,7.0,2023-12-01,24,0,2.236,0,0,2.5467
C091,6.0,7.0,2024-01-01,25,0,2.236,0,1,2.5497
C091,6.0,7.0,2024-02-01,26,0,2.236,0,1,2.5681
C091,6.0,7.0,2024-03-01,27,0,2.236,0,1,2.5169
C091,6.0,7.0,2024-04-01,28,0,2.236,0,1,2.5566
C091,6.0,7.0,2024-05-01,29,0,2.236,0,1,2.5186
C091,6.0,7.0,2024-06-01,30,0,2.236,0,1,2.5059
C091,6.0,7.0,2024-07-01,31,0,2.236,0,1,2.5733
C091,6.0,7.0,2024-08-01,32,0,2.236,0,1,2.5673
C091,6.0,7.0,2024-09-01,33,0,2.236,0,1,2.5337
C091,6.0,7.0,2024-10-01,34,0,2.236,0,1,2.565
C091,6.0,7.0,2024-11-01,35,0,2.236,0,1,2.563
C091,6.0,7.0,2024-12-01,36,0,2.236,0,1,2.5359
C092,7.0,7.0,2022-01-01,1,0,2.828,0,0,2.901
C092,7.0,7.0,2022-02-01,2,0,2.828,0,0,2.8894
C092,7.0,7.0,2022-03-01,3,0,2.828,0,0,2.8088
C092,7.0,7.0,2022-04-01,4,0,2.828,0,0,2.8825
C092,7.0,7.0,2022-05-01,5,0,2.828,0,0,2.8918
C092,7.0,7.0,2022-06-01,6,0,2.828,0,0,2.8503
C092,7.0,7.0,2022-07-01,7,0,2.828,0,0,2.8983
C092,7.0,7.0,2022-08-01,8,0,2.828,0,0,2.8982
C092,7.0,7.0,2022-09-01,9,0,2.828,0,0,2.8995
C092,7.0,7.0,2022-10-01,10,0,2.828,0,0,2.8772
C092,7.0,7.0,2022-11-01,11,0,2.828,0,0,2.868
C092,7.0,7.0,2022-12-01,12,0,2.828,0,0,2.9359
C092,7.0,7.0,2023-01-01,13,0,2.828,0,0,2.9049
C092,7.0,7.0,2023-02-01,14,0,2.828,0,0,2.9061
C092,7.0,7.0,2023-03-01,15,0,2.828,0,0,2.8888
C092,7.0,7.0,2023-04-01,16,0,2.828,0,0,2.8963
C092,7.0,7.0,2023-05-01,17,0,2.828,0,0,2.8696
C092,7.0,7.0,2023-06-01,18,0,2.828,0,0,2.9218
C092,7.0,7.0,2023-07-01,19,0,2.828,0,0,2.9675
C092,7.0,7.0,2023-08-01,20,0,2.828,0,0,2.9727
C092,7.0,7.0,2023-09-01,21,0,2.828,0,0,2.9055
C092,7.0,7.0,2023-10-01,22,0,2.828,0,0,2.9606
C092,7.0,7.0,2023-11-01,23,0,2.828,0,0,2.9354
C092,7.0,7.0,2023-12-01,24,0,2.828,0,0,2.933
C092,7.0,7.0,2024-01-01,25,0,2.828,0,1,2.9763
C092,7.0,7.0,2024-02-01,26,0,2.828,0,1,2.9432
C092,7.0,7.0,2024-03-01,27,0,2.828,0,1,2.9731
C092,7.0,7.0,2024-04-01,28,0,2.828,0,1,2.9282
C092,7.0,7.0,2024-05-01,29,0,2.828,0,1,3.0092
C092,7.0,7.0,2024-06-01,30,0,2.828,0,1,2.9778
C092,7.0,7.0,2024-07-01,31,0,2.828,0,1,2.9788
C092,7.0,7.0,2024-08-01,32,0,2.828,0,1,2.9733
C092,7.0,7.0,2024-09-01,33,0,2.828,0,1,2.9709
C092,7.0,7.0,2024-10-01,34,0,2.828,0,1,2.9291
C092,7.0,7.0,2024-11-01,35,0,2.828,0,1,2.9773
C092,7.0,7.0,2024-12-01,36,0,2.828,0,1,2.988
C093,8.0,7.0,2022-01-01,1,0,3.0,0,0,1.9724
C093,8.0,7.0,2022-02-01,2,0,3.0,0,0,1.9713
C093,8.0,7.0,2022-03-01,3,0,3.0,0,0,1.9488
C093,8.0,7.0,2022-04-01,4,0,3.0,0,0,1.9938
C093,8.0,7.0,2022-05-01,5,0,3.0,0,0,2.0191
C093,8.0,7.0,2022-06-01,6,0,3.0,0,0,2.0002
C093,8.0,7.0,2022-07-01,7,0,3.0,0,0,1.9682
C093,8.0,7.0,2022-08-01,8,0,3.0,0,0,1.9771
C093,8.0,7.0,2022-09-01,9,0,3.0,0,0,1.9665
C093,8.0,7.0,2022-10-01,10,0,3.0,0,0,1.9903
C093,8.0,7.0,2022-11-01,11,0,3.0,0,0,1.9989
C093,8.0,7.0,2022-12-01,12,0,3.0,0,0,2.0194
C093,8.0,7.0,2023-01-01,13,0,3.0,0,0,1.9973
C093,8.0,7.0,2023-02-01,14,0,3.0,0,0,1.9746
C093,8.0,7.0,2023-03-01,15,0,3.0,0,0,1.8992
C093,8.0,7.0,2023-04-01,16,0,3.0,0,0,2.0027
C093,8.0,7.0,2023-05-01,17,0,3.0,0,0,1.9756
C093,8.0,7.0,2023-06-01,18,0,3.0,0,0,2.0453
C093,8.0,7.0,2023-07-01,19,0,3.0,0,0,2.0241
C093,8.0,7.0,2023-08-01,20,0,3.0,0,0,2.0482
C093,8.0,7.0,2023-09-01,21,0,3.0,0,0,2.0034
C093,8.0,7.0,2023-10-01,22,0,3.0,0,0,2.0215
C093,8.0,7.0,2023-11-01,23,0,3.0,0,0,2.0035
C093,8.0,7.0,2023-12-01,24,0,3.0,0,0,2.0026
C093,8.0,7.0,2024-01-01,25,0,3.0,0,1,2.0018
C093,8.0,7.0,2024-02-01,26,0,3.0,0,1,2.0446
C093,8.0,7.0,2024-03-01,27,0,3.0,0,1,2.0382
C093,8.0,7.0,2024-04-01,28,0,3.0,0,1,2.0336
C093,8.0,7.0,2024-05-01,29,0,3.0,0,1,2.0367
C093,8.0,7.0,2024-06-01,30,0,3.0,0,1,2.0494
C093,8.0,7.0,2024-07-01,31,0,3.0,0,1,2.0245
C093,8.0,7.0,2024-08-01,32,0,3.0,0,1,2.0015
C093,8.0,7.0,2024-09-01,33,0,3.0,0,1,2.0647
C093,8.0,7.0,2024-10-01,34,0,3.0,0,1,2.0522
C093,8.0,7.0,2024-11-01,35,0,3.0,0,1,1.9891
C093,8.0,7.0,2024-12-01,36,0,3.0,0,1,2.0367
C094,9.0,7.0,2022-01-01,1,0,3.162,0,0,2.8114
C094,9.0,7.0,2022-02-01,2,0,3.162,0,0,2.7989
C094,9.0,7.0,2022-03-01,3,0,3.162,0,0,2.7639
C094,9.0,7.0,2022-04-01,4,0,3.162,0,0,2.7911
C094,9.0,7.0,2022-05-01,5,0,3.162,0,0,2.7796
C094,9.0,7.0,2022-06-01,6,0,3.162,0,0,2.7962
C094,9.0,7.0,2022-07-01,7,0,3.162,0,0,2.8324
C094,9.0,7.0,2022-08-01,8,0,3.162,0,0,2.8535
C094,9.0,7.0,2022-09-01,9,0,3.162,0,0,2.7992
C094,9.0,7.0,2022-10-01,10,0,3.162,0,0,2.7601
C094,9.0,7.0,2022-11-01,11,0,3.162,0,0,2.8744
C094,9.0,7.0,2022-12-01,12,0,3.162,0,0,2.7978
C094,9.0,7.0,2023-01-01,13,0,3.162,0,0,2.7712
C094,9.0,7.0,2023-02-01,14,0,3.162,0,0,2.8338
C094,9.0,7.0,2023-03-01,15,0,3.162,0,0,2.8158
C094,9.0,7.0,2023-04-01,16,0,3.162,0,0,2.8355
C094,9.0,7.0,2023-05-01,17,0,3.162,0,0,2.8353
C094,9.0,7.0,2023-06-01,18,0,3.162,0,0,2.8601
C094,9.0,7.0,2023-07-01,19,0,3.162,0,0,2.8854
C094,9.0,7.0,2023-08-01,20,0,3.162,0,0,2.845
C094,9.0,7.0,2023-09-01,21,0,3.162,0,0,2.831
C094,9.0,7.0,2023-10-01,22,0,3.162,0,0,2.8278
C094,9.0,7.0,2023-11-01,23,0,3.162,0,0,2.8427
C094,9.0,7.0,2023-12-01,24,0,3.162,0,0,2.7809
C094,9.0,7.0,2024-01-01,25,0,3.162,0,1,2.8681
C094,9.0,7.0,2024-02-01,26,0,3.162,0,1,2.8591
C094,9.0,7.0,2024-03-01,27,0,3.162,0,1,2.8561
C094,9.0,7.0,2024-04-01,28,0,3.162,0,1,2.803
C094,9.0,7.0,2024-05-01,29,0,3.162,0,1,2.8481
C094,9.0,7.0,2024-06-01,30,0,3.162,0,1,2.9229
C094,9.0,7.0,2024-07-01,31,0,3.162,0,1,2.9442
C094,9.0,7.0,2024-08-01,32,0,3.162,0,1,2.8869
C094,9.0,7.0,2024-09-01,33,0,3.162,0,1,2.9017
C094,9.0,7.0,2024-10-01,34,0,3.162,0,1,2.8871
C094,9.0,7.0,2024-11-01,35,0,3.162,0,1,2.8683
C094,9.0,7.0,2024-12-01,36,0,3.162,0,1,2.9062
C095,10.0,7.0,2022-01-01,1,0,3.606,0,0,2.249
C095,10.0,7.0,2022-02-01,2,0,3.606,0,0,2.186
C095,10.0,7.0,2022-03-01,3,0,3.606,0,0,2.2138
C095,10.0,7.0,2022-04-01,4,0,3.606,0,0,2.2198
C095,10.0,7.0,2022-05-01,5,0,3.606,0,0,2.1879
C095,10.0,7.0,2022-06-01,6,0,3.606,0,0,2.1983
C095,10.0,7.0,2022-07-01,7,0,3.606,0,0,2.2515
C095,10.0,7.0,2022-08-01,8,0,3.606,0,0,2.2417
C095,10.0,7.0,2022-09-01,9,0,3.606,0,0,2.1813
C095,10.0,7.0,2022-10-01,10,0,3.606,0,0,2.2419
C095,10.0,7.0,2022-11-01,11,0,3.606,0,0,2.2143
C095,10.0,7.0,2022-12-01,12,0,3.606,0,0,2.2661
C095,10.0,7.0,2023-01-01,13,0,3.606,0,0,2.231
C095,10.0,7.0,2023-02-01,14,0,3.606,0,0,2.1933
C095,10.0,7.0,2023-03-01,15,0,3.606,0,0,2.2187
C095,10.0,7.0,2023-04-01,16,0,3.606,0,0,2.2075
C095,10.0,7.0,2023-05-01,17,0,3.606,0,0,2.2256
C095,10.0,7.0,2023-06-01,18,0,3.606,0,0,2.224
C095,10.0,7.0,2023-07-01,19,0,3.606,0,0,2.2856
C095,10.0,7.0,2023-08-01,20,0,3.606,0,0,2.2787
C095,10.0,7.0,2023-09-01,21,0,3.606,0,0,2.283
C095,10.0,7.0,2023-10-01,22,0,3.606,0,0,2.2441
C095,10.0,7.0,2023-11-01,23,0,3.606,0,0,2.3064
C095,10.0,7.0,2023-12-01,24,0,3.606,0,0,2.2253
C095,10.0,7.0,2024-01-01,25,0,3.606,0,1,2.2638
C095,10.0,7.0,2024-02-01,26,0,3.606,0,1,2.2953
C095,10.0,7.0,2024-03-01,27,0,3.606,0,1,2.2537
C095,10.0,7.0,2024-04-01,28,0,3.606,0,1,2.2665
C095,10.0,7.0,2024-05-01,29,0,3.606,0,1,2.2743
C095,10.0,7.0,2024-06-01,30,0,3.606,0,1,2.2069
C095,10.0,7.0,2024-07-01,31,0,3.606,0,1,2.2513
C095,10.0,7.0,2024-08-01,32,0,3.606,0,1,2.2853
C095,10.0,7.0,2024-09-01,33,0,3.606,0,1,2.323
C095,10.0,7.0,2024-10-01,34,0,3.606,0,1,2.3441
C095,10.0,7.0,2024-11-01,35,0,3.606,0,1,2.2962
C095,10.0,7.0,2024-12-01,36,0,3.606,0,1,2.274
C096,11.0,7.0,2022-01-01,1,0,4.243,0,0,2.4132
C096,11.0,7.0,2022-02-01,2,0,4.243,0,0,2.4583
C096,11.0,7.0,2022-03-01,3,0,4.243,0,0,2.4187
C096,11.0,7.0,2022-04-01,4,0,4.243,0,0,2.4076
C096,11.0,7.0,2022-05-01,5,0,4.243,0,0,2.414
C096,11.0,7.0,2022-06-01,6,0,4.243,0,0,2.4811
C096,11.0,7.0,2022-07-01,7,0,4.243,0,0,2.4622
C096,11.0,7.0,2022-08-01,8,0,4.243,0,0,2.4498
C096,11.0,7.0,2022-09-01,9,0,4.243,0,0,2.4185
C096,11.0,7.0,2022-10-01,10,0,4.243,0,0,2.4815
C096,11.0,7.0,2022-11-01,11,0,4.243,0,0,2.4643
C096,11.0,7.0,2022-12-01,12,0,4.243,0,0,2.5212
C096,11.0,7.0,2023-01-01,13,0,4.243,0,0,2.4633
C096,11.0,7.0,2023-02-01,14,0,4.243,0,0,2.4507
C096,11.0,7.0,2023-03-01,15,0,4.243,0,0,2.469
C096,11.0,7.0,2023-04-01,16,0,4.243,0,0,2.4187
C096,11.0,7.0,2023-05-01,17,0,4.243,0,0,2.4996
C096,11.0,7.0,2023-06-01,18,0,4.243,0,0,2.5043
C096,11.0,7.0,2023-07-01,19,0,4.243,0,0,2.4662
C096,11.0,7.0,2023-08-01,20,0,4.243,0,0,2.4648
C096,11.0,7.0,2023-09-01,21,0,4.243,0,0,2.5093
C096,11.0,7.0,2023-10-01,22,0,4.243,0,0,2.4702
C096,11.0,7.0,2023-11-01,23,0,4.243,0,0,2.5398
C096,11.0,7.0,2023-12-01,24,0,4.243,0,0,2.4811
C096,11.0,7.0,2024-01-01,25,0,4.243,0,1,2.4345
C096,11.0,7.0,2024-02-01,26,0,4.243,0,1,2.5411
C096,11.0,7.0,2024-03-01,27,0,4.243,0,1,2.547
C096,11.0,7.0,2024-04-01,28,0,4.243,0,1,2.4899
C096,11.0,7.0,2024-05-01,29,0,4.243,0,1,2.5044
C096,11.0,7.0,2024-06-01,30,0,4.243,0,1,2.5211
C096,11.0,7.0,2024-07-01,31,0,4.243,0,1,2.4549
C096,11.0,7.0,2024-08-01,32,0,4.243,0,1,2.5003
C096,11.0,7.0,2024-09-01,33,0,4.243,0,1,2.5043
C096,11.0,7.0,2024-10-01,34,0,4.243,0,1,2.5296
C096,11.0,7.0,2024-11-01,35,0,4.243,0,1,2.5578
C096,11.0,7.0,2024-12-01,36,0,4.243,0,1,2.5379
C097,0.0,8.0,2022-01-01,1,0,5.099,0,0,2.1569
C097,0.0,8.0,2022-02-01,2,0,5.099,0,0,2.2829
C097,0.0,8.0,2022-03-01,3,0,5.099,0,0,2.2363
C097,0.0,8.0,2022-04-01,4,0,5.099,0,0,2.1563
C097,0.0,8.0,2022-05-01,5,0,5.099,0,0,2.2458
C097,0.0,8.0,2022-06-01,6,0,5.099,0,0,2.164
C097,0.0,8.0,2022-07-01,7,0,5.099,0,0,2.209
C097,0.0,8.0,2022-08-01,8,0,5.099,0,0,2.2125
C097,0.0,8.0,2022-09-01,9,0,5.099,0,0,2.1589
C097,0.0,8.0,2022-10-01,10,0,5.099,0,0,2.225
C097,0.0,8.0,2022-11-01,11,0,5.099,0,0,2.2477
C097,0.0,8.0,2022-12-01,12,0,5.099,0,0,2.2378
C097,0.0,8.0,2023-01-01,13,0,5.099,0,0,2.2453
C097,0.0,8.0,2023-02-01,14,0,5.099,0,0,2.2206
C097,0.0,8.0,2023-03-01,15,0,5.099,0,0,2.1984
C097,0.0,8.0,2023-04-01,16,0,5.099,0,0,2.2324
C097,0.0,8.0,2023-05-01,17,0,5.099,0,0,2.2651
C097,0.0,8.0,2023-06-01,18,0,5.099,0,0,2.25
C097,0.0,8.0,2023-07-01,19,0,5.099,0,0,2.263
C097,0.0,8.0,2023-08-01,20,0,5.099,0,0,2.2397
C097,0.0,8.0,2023-09-01,21,0,5.099,0,0,2.268
C097,0.0,8.0,2023-10-01,22,0,5.099,0,0,2.2499
C097,0.0,8.0,2023-11-01,23,0,5.099,0,0,2.2651
C097,0.0,8.0,2023-12-01,24,0,5.099,0,0,2.2563
C097,0.0,8.0,2024-01-01,25,0,5.099,0,1,2.2881
C097,0.0,8.0,2024-02-01,26,0,5.099,0,1,2.2634
C097,0.0,8.0,2024-03-01,27,0,5.099,0,1,2.2739
C097,0.0,8.0,2024-04-01,28,0,5.099,0,1,2.2285
C097,0.0,8.0,2024-05-01,29,0,5.099,0,1,2.3129
C097,0.0,8.0,2024-06-01,30,0,5.099,0,1,2.2631
C097,0.0,8.0,2024-07-01,31,0,5.099,0,1,2.3123
C097,0.0,8.0,2024-08-01,32,0,5.099,0,1,2.2672
C097,0.0,8.0,2024-09-01,33,0,5.099,0,1,2.3043
C097,0.0,8.0,2024-10-01,34,0,5.099,0,1,2.2888
C097,0.0,8.0,2024-11-01,35,0,5.099,0,1,2.3348
C097,0.0,8.0,2024-12-01,36,0,5.099,0,1,2.2957
C098,1.0,8.0,2022-01-01,1,0,4.123,0,0,2.4223
C098,1.0,8.0,2022-02-01,2,0,4.123,0,0,2.409
C098,1.0,8.0,2022-03-01,3,0,4.123,0,0,2.4332
C098,1.0,8.0,2022-04-01,4,0,4.123,0,0,2.4529
C098,1.0,8.0,2022-05-01,5,0,4.123,0,0,2.4398
C098,1.0,8.0,2022-06-01,6,0,4.123,0,0,2.456
C098,1.0,8.0,2022-07-01,7,0,4.123,0,0,2.4231
C098,1.0,8.0,2022-08-01,8,0,4.123,0,0,2.4439
C098,1.0,8.0,2022-09-01,9,0,4.123,0,0,2.443
C098,1.0,8.0,2022-10-01,10,0,4.123,0,0,2.4812
C098,1.0,8.0,2022-11-01,11,0,4.123,0,0,2.5182
C098,1.0,8.0,2022-12-01,12,0,4.123,0,0,2.4736
C098,1.0,8.0,2023-01-01,13,0,4.123,0,0,2.4603
C098,1.0,8.0,2023-02-01,14,0,4.123,0,0,2.4917
C098,1.0,8.0,2023-03-01,15,0,4.123,0,0,2.4234
C098,1.0,8.0,2023-04-01,16,0,4.123,0,0,2.4467
C098,1.0,8.0,2023-05-01,17,0,4.123,0,0,2.4796
C098,1.0,8.0,2023-06-01,18,0,4.123,0,0,2.4798
C098,1.0,8.0,2023-07-01,19,0,4.123,0,0,2.4879
C098,1.0,8.0,2023-08-01,20,0,4.123,0,0,2.5732
C098,1.0,8.0,2023-09-01,21,0,4.123,0,0,2.4992
C098,1.0,8.0,2023-10-01,22,0,4.123,0,0,2.487
C098,1.0,8.0,2023-11-01,23,0,4.123,0,0,2.4996
C098,1.0,8.0,2023-12-01,24,0,4.123,0,0,2.5143
C098,1.0,8.0,2024-01-01,25,0,4.123,0,1,2.549
C098,1.0,8.0,2024-02-01,26,0,4.123,0,1,2.5395
C098,1.0,8.0,2024-03-01,27,0,4.123,0,1,2.4997
C098,1.0,8.0,2024-04-01,28,0,4.123,0,1,2.5359
C098,1.0,8.0,2024-05-01,29,0,4.123,0,1,2.4883
C098,1.0,8.0,2024-06-01,30,0,4.123,0,1,2.4949
C098,1.0,8.0,2024-07-01,31,0,4.123,0,1,2.5168
C098,1.0,8.0,2024-08-01,32,0,4.123,0,1,2.5551
C098,1.0,8.0,2024-09-01,33,0,4.123,0,1,2.5535
C098,1.0,8.0,2024-10-01,34,0,4.123,0,1,2.5083
C098,1.0,8.0,2024-11-01,35,0,4.123,0,1,2.5411
C098,1.0,8.0,2024-12-01,36,0,4.123,0,1,2.543
C099,2.0,8.0,2022-01-01,1,0,3.162,0,0,2.6297
C099,2.0,8.0,2022-02-01,2,0,3.162,0,0,2.641
C099,2.0,8.0,2022-03-01,3,0,3.162,0,0,2.6569
C099,2.0,8.0,2022-04-01,4,0,3.162,0,0,2.609
C099,2.0,8.0,2022-05-01,5,0,3.162,0,0,2.6682
C099,2.0,8.0,2022-06-01,6,0,3.162,0,0,2.7198
C099,2.0,8.0,2022-07-01,7,0,3.162,0,0,2.6622
C099,2.0,8.0,2022-08-01,8,0,3.162,0,0,2.6636
C099,2.0,8.0,2022-09-01,9,0,3.162,0,0,2.7049
C099,2.0,8.0,2022-10-01,10,0,3.162,0,0,2.5963
C099,2.0,8.0,2022-11-01,11,0,3.162,0,0,2.719
C099,2.0,8.0,2022-12-01,12,0,3.162,0,0,2.7066
C099,2.0,8.0,2023-01-01,13,0,3.162,0,0,2.6713
C099,2.0,8.0,2023-02-01,14,0,3.162,0,0,2.6961
C099,2.0,8.0,2023-03-01,15,0,3.162,0,0,2.6372
C099,2.0,8.0,2023-04-01,16,0,3.162,0,0,2.6942
C099,2.0,8.0,2023-05-01,17,0,3.162,0,0,2.6718
C099,2.0,8.0,2023-06-01,18,0,3.162,0,0,2.6976
C099,2.0,8.0,2023-07-01,19,0,3.162,0,0,2.7192
C099,2.0,8.0,2023-08-01,20,0,3.162,0,0,2.6991
C099,2.0,8.0,2023-09-01,21,0,3.162,0,0,2.7059
C099,2.0,8.0,2023-10-01,22,0,3.162,0,0,2.763
C099,2.0,8.0,2023-11-01,23,0,3.162,0,0,2.7125
C099,2.0,8.0,2023-12-01,24,0,3.162,0,0,2.6987
C099,2.0,8.0,2024-01-01,25,0,3.162,0,1,2.7322
C099,2.0,8.0,2024-02-01,26,0,3.162,0,1,2.723
C099,2.0,8.0,2024-03-01,27,0,3.162,0,1,2.7279
C099,2.0,8.0,2024-04-01,28,0,3.162,0,1,2.7788
C099,2.0,8.0,2024-05-01,29,0,3.162,0,1,2.7181
C099,2.0,8.0,2024-06-01,30,0,3.162,0,1,2.769
C099,2.0,8.0,2024-07-01,31,0,3.162,0,1,2.7413
C099,2.0,8.0,2024-08-01,32,0,3.162,0,1,2.7229
C099,2.0,8.0,2024-09-01,33,0,3.162,0,1,2.7455
C099,2.0,8.0,2024-10-01,34,0,3.162,0,1,2.7574
C099,2.0,8.0,2024-11-01,35,0,3.162,0,1,2.7445
C099,2.0,8.0,2024-12-01,36,0,3.162,0,1,2.7287
C100,3.0,8.0,2022-01-01,1,0,2.236,0,0,2.2704
C100,3.0,8.0,2022-02-01,2,0,2.236,0,0,2.231
C100,3.0,8.0,2022-03-01,3,0,2.236,0,0,2.2903
C100,3.0,8.0,2022-04-01,4,0,2.236,0,0,2.3377
C100,3.0,8.0,2022-05-01,5,0,2.236,0,0,2.2612
C100,3.0,8.0,2022-06-01,6,0,2.236,0,0,2.3533
C100,3.0,8.0,2022-07-01,7,0,2.236,0,0,2.3386
C100,3.0,8.0,2022-08-01,8,0,2.236,0,0,2.3384
C100,3.0,8.0,2022-09-01,9,0,2.236,0,0,2.3327
C100,3.0,8.0,2022-10-01,10,0,2.236,0,0,2.3119
C100,3.0,8.0,2022-11-01,11,0,2.236,0,0,2.337
C100,3.0,8.0,2022-12-01,12,0,2.236,0,0,2.3232
C100,3.0,8.0,2023-01-01,13,0,2.236,0,0,2.3915
C100,3.0,8.0,2023-02-01,14,0,2.236,0,0,2.3823
C100,3.0,8.0,2023-03-01,15,0,2.236,0,0,2.3091
C100,3.0,8.0,2023-04-01,16,0,2.236,0,0,2.3812
C100,3.0,8.0,2023-05-01,17,0,2.236,0,0,2.3044
C100,3.0,8.0,2023-06-01,18,0,2.236,0,0,2.3696
C100,3.0,8.0,2023-07-01,19,0,2.236,0,0,2.3143
C100,3.0,8.0,2023-08-01,20,0,2.236,0,0,2.3686
C100,3.0,8.0,2023-09-01,21,0,2.236,0,0,2.4032
C100,3.0,8.0,2023-10-01,22,0,2.236,0,0,2.3677
C100,3.0,8.0,2023-11-01,23,0,2.236,0,0,2.3571
C100,3.0,8.0,2023-12-01,24,0,2.236,0,0,2.3811
C100,3.0,8.0,2024-01-01,25,0,2.236,0,1,2.3886
C100,3.0,8.0,2024-02-01,26,0,2.236,0,1,2.3927
C100,3.0,8.0,2024-03-01,27,0,2.236,0,1,2.3108
C100,3.0,8.0,2024-04-01,28,0,2.236,0,1,2.3702
C100,3.0,8.0,2024-05-01,29,0,2.236,0,1,2.4169
C100,3.0,8.0,2024-06-01,30,0,2.236,0,1,2.3256
C100,3.0,8.0,2024-07-01,31,0,2.236,0,1,2.3695
C100,3.0,8.0,2024-08-01,32,0,2.236,0,1,2.4031
C100,3.0,8.0,2024-09-01,33,0,2.236,0,1,2.3749
C100,3.0,8.0,2024-10-01,34,0,2.236,0,1,2.3899
C100,3.0,8.0,2024-11-01,35,0,2.236,0,1,2.4451
C100,3.0,8.0,2024-12-01,36,0,2.236,0,1,2.3324
C101,4.0,8.0,2022-01-01,1,0,1.414,1,0,2.5916
C101,4.0,8.0,2022-02-01,2,0,1.414,1,0,2.568
C101,4.0,8.0,2022-03-01,3,0,1.414,1,0,2.6172
C101,4.0,8.0,2022-04-01,4,0,1.414,1,0,2.5848
C101,4.0,8.0,2022-05-01,5,0,1.414,1,0,2.5376
C101,4.0,8.0,2022-06-01,6,0,1.414,1,0,2.6101
C101,4.0,8.0,2022-07-01,7,0,1.414,1,0,2.5993
C101,4.0,8.0,2022-08-01,8,0,1.414,1,0,2.5579
C101,4.0,8.0,2022-09-01,9,0,1.414,1,0,2.6207
C101,4.0,8.0,2022-10-01,10,0,1.414,1,0,2.6495
C101,4.0,8.0,2022-11-01,11,0,1.414,1,0,2.6001
C101,4.0,8.0,2022-12-01,12,0,1.414,1,0,2.5749
C101,4.0,8.0,2023-01-01,13,0,1.414,1,0,2.632
C101,4.0,8.0,2023-02-01,14,0,1.414,1,0,2.6297
C101,4.0,8.0,2023-03-01,15,0,1.414,1,0,2.5884
C101,4.0,8.0,2023-04-01,16,0,1.414,1,0,2.5895
C101,4.0,8.0,2023-05-01,17,0,1.414,1,0,2.5817
C101,4.0,8.0,2023-06-01,18,0,1.414,1,0,2.6418
C101,4.0,8.0,2023-07-01,19,0,1.414,1,0,2.6671
C101,4.0,8.0,2023-08-01,20,0,1.414,1,0,2.6454
C101,4.0,8.0,2023-09-01,21,0,1.414,1,0,2.6318
C101,4.0,8.0,2023-10-01,22,0,1.414,1,0,2.6143
C101,4.0,8.0,2023-11-01,23,0,1.414,1,0,2.608
C101,4.0,8.0,2023-12-01,24,0,1.414,1,0,2.7048
C101,4.0,8.0,2024-01-01,25,0,1.414,1,1,2.6532
C101,4.0,8.0,2024-02-01,26,0,1.414,1,1,2.6703
C101,4.0,8.0,2024-03-01,27,0,1.414,1,1,2.6357
C101,4.0,8.0,2024-04-01,28,0,1.414,1,1,2.6564
C101,4.0,8.0,2024-05-01,29,0,1.414,1,1,2.645
C101,4.0,8.0,2024-06-01,30,0,1.414,1,1,2.6419
C101,4.0,8.0,2024-07-01,31,0,1.414,1,1,2.6782
C101,4.0,8.0,2024-08-01,32,0,1.414,1,1,2.7134
C101,4.0,8.0,2024-09-01,33,0,1.414,1,1,2.6816
C101,4.0,8.0,2024-10-01,34,0,1.414,1,1,2.7268
C101,4.0,8.0,2024-11-01,35,0,1.414,1,1,2.6444
C101,4.0,8.0,2024-12-01,36,0,1.414,1,1,2.707
C102,5.0,8.0,2022-01-01,1,0,1.0,1,0,2.7478
C102,5.0,8.0,2022-02-01,2,0,1.0,1,0,2.7491
C102,5.0,8.0,2022-03-01,3,0,1.0,1,0,2.7234
C102,5.0,8.0,2022-04-01,4,0,1.0,1,0,2.7555
C102,5.0,8.0,2022-05-01,5,0,1.0,1,0,2.7503
C102,5.0,8.0,2022-06-01,6,0,1.0,1,0,2.7757
C102,5.0,8.0,2022-07-01,7,0,1.0,1,0,2.7916
C102,5.0,8.0,2022-08-01,8,0,1.0,1,0,2.7187
C102,5.0,8.0,2022-09-01,9,0,1.0,1,0,2.8189
C102,5.0,8.0,2022-10-01,10,0,1.0,1,0,2.7493
C102,5.0,8.0,2022-11-01,11,0,1.0,1,0,2.7695
C102,5.0,8.0,2022-12-01,12,0,1.0,1,0,2.733
C102,5.0,8.0,2023-01-01,13,0,1.0,1,0,2.7709
C102,5.0,8.0,2023-02-01,14,0,1.0,1,0,2.767
C102,5.0,8.0,2023-03-01,15,0,1.0,1,0,2.8336
C102,5.0,8.0,2023-04-01,16,0,1.0,1,0,2.7682
C102,5.0,8.0,2023-05-01,17,0,1.0,1,0,2.7844
C102,5.0,8.0,2023-06-01,18,0,1.0,1,0,2.8037
C102,5.0,8.0,2023-07-01,19,0,1.0,1,0,2.7915
C102,5.0,8.0,2023-08-01,20,0,1.0,1,0,2.8122
C102,5.0,8.0,2023-09-01,21,0,1.0,1,0,2.8625
C102,5.0,8.0,2023-10-01,22,0,1.0,1,0,2.8407
C102,5.0,8.0,2023-11-01,23,0,1.0,1,0,2.8035
C102,5.0,8.0,2023-12-01,24,0,1.0,1,0,2.8255
C102,5.0,8.0,2024-01-01,25,0,1.0,1,1,2.8837
C102,5.0,8.0,2024-02-01,26,0,1.0,1,1,2.8428
C102,5.0,8.0,2024-03-01,27,0,1.0,1,1,2.9124
C102,5.0,8.0,2024-04-01,28,0,1.0,1,1,2.8404
C102,5.0,8.0,2024-05-01,29,0,1.0,1,1,2.8674
C102,5.0,8.0,2024-06-01,30,0,1.0,1,1,2.8736
C102,5.0,8.0,2024-07-01,31,0,1.0,1,1,2.899
C102,5.0,8.0,2024-08-01,32,0,1.0,1,1,2.9369
C102,5.0,8.0,2024-09-01,33,0,1.0,1,1,2.9079
C102,5.0,8.0,2024-10-01,34,0,1.0,1,1,2.8798
C102,5.0,8.0,2024-11-01,35,0,1.0,1,1,2.9057
C102,5.0,8.0,2024-12-01,36,0,1.0,1,1,2.9093
C103,6.0,8.0,2022-01-01,1,0,1.414,1,0,2.8028
C103,6.0,8.0,2022-02-01,2,0,1.414,1,0,2.7075
C103,6.0,8.0,2022-03-01,3,0,1.414,1,0,2.7552
C103,6.0,8.0,2022-04-01,4,0,1.414,1,0,2.7645
C103,6.0,8.0,2022-05-01,5,0,1.414,1,0,2.7482
C103,6.0,8.0,2022-06-01,6,0,1.414,1,0,2.7505
C103,6.0,8.0,2022-07-01,7,0,1.414,1,0,2.762
C103,6.0,8.0,2022-08-01,8,0,1.414,1,0,2.746
C103,6.0,8.0,2022-09-01,9,0,1.414,1,0,2.832
C103,6.0,8.0,2022-10-01,10,0,1.414,1,0,2.773
C103,6.0,8.0,2022-11-01,11,0,1.414,1,0,2.8325
C103,6.0,8.0,2022-12-01,12,0,1.414,1,0,2.7799
C103,6.0,8.0,2023-01-01,13,0,1.414,1,0,2.7421
C103,6.0,8.0,2023-02-01,14,0,1.414,1,0,2.7768
C103,6.0,8.0,2023-03-01,15,0,1.414,1,0,2.7391
C103,6.0,8.0,2023-04-01,16,0,1.414,1,0,2.7244
C103,6.0,8.0,2023-05-01,17,0,1.414,1,0,2.7822
C103,6.0,8.0,2023-06-01,18,0,1.414,1,0,2.7637
C103,6.0,8.0,2023-07-01,19,0,1.414,1,0,2.826
C103,6.0,8.0,2023-08-01,20,0,1.414,1,0,2.7813
C103,6.0,8.0,2023-09-01,21,0,1.414,1,0,2.8206
C103,6.0,8.0,2023-10-01,22,0,1.414,1,0,2.7402
C103,6.0,8.0,2023-11-01,23,0,1.414,1,0,2.8081
C103,6.0,8.0,2023-12-01,24,0,1.414,1,0,2.8282
C103,6.0,8.0,2024-01-01,25,0,1.414,1,1,2.8093
C103,6.0,8.0,2024-02-01,26,0,1.414,1,1,2.8231
C103,6.0,8.0,2024-03-01,27,0,1.414,1,1,2.815
C103,6.0,8.0,2024-04-01,28,0,1.414,1,1,2.8405
C103,6.0,8.0,2024-05-01,29,0,1.414,1,1,2.7848
C103,6.0,8.0,2024-06-01,30,0,1.414,1,1,2.8315
C103,6.0,8.0,2024-07-01,31,0,1.414,1,1,2.8021
C103,6.0,8.0,2024-08-01,32,0,1.414,1,1,2.8374
C103,6.0,8.0,2024-09-01,33,0,1.414,1,1,2.8872
C103,6.0,8.0,2024-10-01,34,0,1.414,1,1,2.8299
C103,6.0,8.0,2024-11-01,35,0,1.414,1,1,2.8795
C103,6.0,8.0,2024-12-01,36,0,1.414,1,1,2.8945
C104,7.0,8.0,2022-01-01,1,0,2.236,0,0,2.661
C104,7.0,8.0,2022-02-01,2,0,2.236,0,0,2.6128
C104,7.0,8.0,2022-03-01,3,0,2.236,0,0,2.6167
C104,7.0,8.0,2022-04-01,4,0,2.236,0,0,2.6706
C104,7.0,8.0,2022-05-01,5,0,2.236,0,0,2.5823
C104,7.0,8.0,2022-06-01,6,0,2.236,0,0,2.6217
C104,7.0,8.0,2022-07-01,7,0,2.236,0,0,2.6691
C104,7.0,8.0,2022-08-01,8,0,2.236,0,0,2.702
C104,7.0,8.0,2022-09-01,9,0,2.236,0,0,2.6764
C104,7.0,8.0,2022-10-01,10,0,2.236,0,0,2.6609
C104,7.0,8.0,2022-11-01,11,0,2.236,0,0,2.6245
C104,7.0,8.0,2022-12-01,12,0,2.236,0,0,2.6141
C104,7.0,8.0,2023-01-01,13,0,2.236,0,0,2.6207
C104,7.0,8.0,2023-02-01,14,0,2.236,0,0,2.6942
C104,7.0,8.0,2023-03-01,15,0,2.236,0,0,2.673
C104,7.0,8.0,2023-04-01,16,0,2.236,0,0,2.6327
C104,7.0,8.0,2023-05-01,17,0,2.236,0,0,2.7461
C104,7.0,8.0,2023-06-01,18,0,2.236,0,0,2.6332
C104,7.0,8.0,2023-07-01,19,0,2.236,0,0,2.6064
C104,7.0,8.0,2023-08-01,20,0,2.236,0,0,2.6917
C104,7.0,8.0,2023-09-01,21,0,2.236,0,0,2.6518
C104,7.0,8.0,2023-10-01,22,0,2.236,0,0,2.7107
C104,7.0,8.0,2023-11-01,23,0,2.236,0,0,2.6711
C104,7.0,8.0,2023-12-01,24,0,2.236,0,0,2.7128
C104,7.0,8.0,2024-01-01,25,0,2.236,0,1,2.6797
C104,7.0,8.0,2024-02-01,26,0,2.236,0,1,2.6808
C104,7.0,8.0,2024-03-01,27,0,2.236,0,1,2.6946
C104,7.0,8.0,2024-04-01,28,0,2.236,0,1,2.7259
C104,7.0,8.0,2024-05-01,29,0,2.236,0,1,2.6599
C104,7.0,8.0,2024-06-01,30,0,2.236,0,1,2.676
C104,7.0,8.0,2024-07-01,31,0,2.236,0,1,2.7127
C104,7.0,8.0,2024-08-01,32,0,2.236,0,1,2.7004
C104,7.0,8.0,2024-09-01,33,0,2.236,0,1,2.7449
C104,7.0,8.0,2024-10-01,34,0,2.236,0,1,2.7688
C104,7.0,8.0,2024-11-01,35,0,2.236,0,1,2.7257
C104,7.0,8.0,2024-12-01,36,0,2.236,0,1,2.7086
C105,8.0,8.0,2022-01-01,1,0,3.162,0,0,2.5496
C105,8.0,8.0,2022-02-01,2,0,3.162,0,0,2.5721
C105,8.0,8.0,2022-03-01,3,0,3.162,0,0,2.5669
C105,8.0,8.0,2022-04-01,4,0,3.162,0,0,2.6186
C105,8.0,8.0,2022-05-01,5,0,3.162,0,0,2.6633
C105,8.0,8.0,2022-06-01,6,0,3.162,0,0,2.5672
C105,8.0,8.0,2022-07-01,7,0,3.162,0,0,2.6745
C105,8.0,8.0,2022-08-01,8,0,3.162,0,0,2.579
C105,8.0,8.0,2022-09-01,9,0,3.162,0,0,2.6173
C105,8.0,8.0,2022-10-01,10,0,3.162,0,0,2.5693
C105,8.0,8.0,2022-11-01,11,0,3.162,0,0,2.63
C105,8.0,8.0,2022-12-01,12,0,3.162,0,0,2.594
C105,8.0,8.0,2023-01-01,13,0,3.162,0,0,2.6766
C105,8.0,8.0,2023-02-01,14,0,3.162,0,0,2.5936
C105,8.0,8.0,2023-03-01,15,0,3.162,0,0,2.5978
C105,8.0,8.0,2023-04-01,16,0,3.162,0,0,2.6124
C105,8.0,8.0,2023-05-01,17,0,3.162,0,0,2.6061
C105,8.0,8.0,2023-06-01,18,0,3.162,0,0,2.6254
C105,8.0,8.0,2023-07-01,19,0,3.162,0,0,2.6314
C105,8.0,8.0,2023-08-01,20,0,3.162,0,0,2.6495
C105,8.0,8.0,2023-09-01,21,0,3.162,0,0,2.6439
C105,8.0,8.0,2023-10-01,22,0,3.162,0,0,2.7121
C105,8.0,8.0,2023-11-01,23,0,3.162,0,0,2.6695
C105,8.0,8.0,2023-12-01,24,0,3.162,0,0,2.6412
C105,8.0,8.0,2024-01-01,25,0,3.162,0,1,2.6098
C105,8.0,8.0,2024-02-01,26,0,3.162,0,1,2.6304
C105,8.0,8.0,2024-03-01,27,0,3.162,0,1,2.6719
C105,8.0,8.0,2024-04-01,28,0,3.162,0,1,2.6501
C105,8.0,8.0,2024-05-01,29,0,3.162,0,1,2.6978
C105,8.0,8.0,2024-06-01,30,0,3.162,0,1,2.658
C105,8.0,8.0,2024-07-01,31,0,3.162,0,1,2.6339
C105,8.0,8.0,2024-08-01,32,0,3.162,0,1,2.6506
C105,8.0,8.0,2024-09-01,33,0,3.162,0,1,2.7157
C105,8.0,8.0,2024-10-01,34,0,3.162,0,1,2.6597
C105,8.0,8.0,2024-11-01,35,0,3.162,0,1,2.6638
C105,8.0,8.0,2024-12-01,36,0,3.162,0,1,2.6964
C106,9.0,8.0,2022-01-01,1,0,4.123,0,0,2.4191
C106,9.0,8.0,2022-02-01,2,0,4.123,0,0,2.4711
C106,9.0,8.0,2022-03-01,3,0,4.123,0,0,2.5105
C106,9.0,8.0,2022-04-01,4,0,4.123,0,0,2.4436
C106,9.0,8.0,2022-05-01,5,0,4.123,0,0,2.456
C106,9.0,8.0,2022-06-01,6,0,4.123,0,0,2.4565
C106,9.0,8.0,2022-07-01,7,0,4.123,0,0,2.3739
C106,9.0,8.0,2022-08-01,8,0,4.123,0,0,2.4547
C106,9.0,8.0,2022-09-01,9,0,4.123,0,0,2.4904
C106,9.0,8.0,2022-10-01,10,0,4.123,0,0,2.4591
C106,9.0,8.0,2022-11-01,11,0,4.123,0,0,2.4361
C106,9.0,8.0,2022-12-01,12,0,4.123,0,0,2.4133
C106,9.0,8.0,2023-01-01,13,0,4.123,0,0,2.474
C106,9.0,8.0,2023-02-01,14,0,4.123,0,0,2.4618
C106,9.0,8.0,2023-03-01,15,0,4.123,0,0,2.462
C106,9.0,8.0,2023-04-01,16,0,4.123,0,0,2.4466
C106,9.0,8.0,2023-05-01,17,0,4.123,0,0,2.5086
C106,9.0,8.0,2023-06-01,18,0,4.123,0,0,2.4508
C106,9.0,8.0,2023-07-01,19,0,4.123,0,0,2.5024
C106,9.0,8.0,2023-08-01,20,0,4.123,0,0,2.5387
C106,9.0,8.0,2023-09-01,21,0,4.123,0,0,2.4939
C106,9.0,8.0,2023-10-01,22,0,4.123,0,0,2.4828
C106,9.0,8.0,2023-11-01,23,0,4.123,0,0,2.4528
C106,9.0,8.0,2023-12-01,24,0,4.123,0,0,2.4701
C106,9.0,8.0,2024-01-01,25,0,4.123,0,1,2.5102
C106,9.0,8.0,2024-02-01,26,0,4.123,0,1,2.4926
C106,9.0,8.0,2024-03-01,27,0,4.123,0,1,2.5002
C106,9.0,8.0,2024-04-01,28,0,4.123,0,1,2.4907
C106,9.0,8.0,2024-05-01,29,0,4.123,0,1,2.5212
C106,9.0,8.0,2024-06-01,30,0,4.123,0,1,2.4981
C106,9.0,8.0,2024-07-01,31,0,4.123,0,1,2.5016
C106,9.0,8.0,2024-08-01,32,0,4.123,0,1,2.5553
C106,9.0,8.0,2024-09-01,33,0,4.123,0,1,2.5725
C106,9.0,8.0,2024-10-01,34,0,4.123,0,1,2.4926
C106,9.0,8.0,2024-11-01,35,0,4.123,0,1,2.519
C106,9.0,8.0,2024-12-01,36,0,4.123,0,1,2.5368
C107,10.0,8.0,2022-01-01,1,0,4.472,0,0,2.4707
C107,10.0,8.0,2022-02-01,2,0,4.472,0,0,2.4423
C107,10.0,8.0,2022-03-01,3,0,4.472,0,0,2.3879
C107,10.0,8.0,2022-04-01,4,0,4.472,0,0,2.4339
C107,10.0,8.0,2022-05-01,5,0,4.472,0,0,2.4484
C107,10.0,8.0,2022-06-01,6,0,4.472,0,0,2.4898
C107,10.0,8.0,2022-07-01,7,0,4.472,0,0,2.452
C107,10.0,8.0,2022-08-01,8,0,4.472,0,0,2.4858
C107,10.0,8.0,2022-09-01,9,0,4.472,0,0,2.4408
C107,10.0,8.0,2022-10-01,10,0,4.472,0,0,2.4766
C107,10.0,8.0,2022-11-01,11,0,4.472,0,0,2.432
C107,10.0,8.0,2022-12-01,12,0,4.472,0,0,2.4721
C107,10.0,8.0,2023-01-01,13,0,4.472,0,0,2.4448
C107,10.0,8.0,2023-02-01,14,0,4.472,0,0,2.5066
C107,10.0,8.0,2023-03-01,15,0,4.472,0,0,2.4536
C107,10.0,8.0,2023-04-01,16,0,4.472,0,0,2.5261
C107,10.0,8.0,2023-05-01,17,0,4.472,0,0,2.4857
C107,10.0,8.0,2023-06-01,18,0,4.472,0,0,2.4966
C107,10.0,8.0,2023-07-01,19,0,4.472,0,0,2.467
C107,10.0,8.0,2023-08-01,20,0,4.472,0,0,2.5067
C107,10.0,8.0,2023-09-01,21,0,4.472,0,0,2.5015
C107,10.0,8.0,2023-10-01,22,0,4.472,0,0,2.5867
C107,10.0,8.0,2023-11-01,23,0,4.472,0,0,2.5012
C107,10.0,8.0,2023-12-01,24,0,4.472,0,0,2.529
C107,10.0,8.0,2024-01-01,25,0,4.472,0,1,2.5713
C107,10.0,8.0,2024-02-01,26,0,4.472,0,1,2.5737
C107,10.0,8.0,2024-03-01,27,0,4.472,0,1,2.4758
C107,10.0,8.0,2024-04-01,28,0,4.472,0,1,2.5211
C107,10.0,8.0,2024-05-01,29,0,4.472,0,1,2.5306
C107,10.0,8.0,2024-06-01,30,0,4.472,0,1,2.5375
C107,10.0,8.0,2024-07-01,31,0,4.472,0,1,2.5303
C107,10.0,8.0,2024-08-01,32,0,4.472,0,1,2.5342
C107,10.0,8.0,2024-09-01,33,0,4.472,0,1,2.5313
C107,10.0,8.0,2024-10-01,34,0,4.472,0,1,2.5001
C107,10.0,8.0,2024-11-01,35,0,4.472,0,1,2.5596
C107,10.0,8.0,2024-12-01,36,0,4.472,0,1,2.5583
C108,11.0,8.0,2022-01-01,1,0,5.0,0,0,2.3632
C108,11.0,8.0,2022-02-01,2,0,5.0,0,0,2.3574
C108,11.0,8.0,2022-03-01,3,0,5.0,0,0,2.2756
C108,11.0,8.0,2022-04-01,4,0,5.0,0,0,2.2908
C108,11.0,8.0,2022-05-01,5,0,5.0,0,0,2.357
C108,11.0,8.0,2022-06-01,6,0,5.0,0,0,2.3085
C108,11.0,8.0,2022-07-01,7,0,5.0,0,0,2.3046
C108,11.0,8.0,2022-08-01,8,0,5.0,0,0,2.302
C108,11.0,8.0,2022-09-01,9,0,5.0,0,0,2.3339
C108,11.0,8.0,2022-10-01,10,0,5.0,0,0,2.3678
C108,11.0,8.0,2022-11-01,11,0,5.0,0,0,2.3241
C108,11.0,8.0,2022-12-01,12,0,5.0,0,0,2.3524
C108,11.0,8.0,2023-01-01,13,0,5.0,0,0,2.3965
C108,11.0,8.0,2023-02-01,14,0,5.0,0,0,2.3894
C108,11.0,8.0,2023-03-01,15,0,5.0,0,0,2.3681
C108,11.0,8.0,2023-04-01,16,0,5.0,0,0,2.399
C108,11.0,8.0,2023-05-01,17,0,5.0,0,0,2.3077
C108,11.0,8.0,2023-06-01,18,0,5.0,0,0,2.416
C108,11.0,8.0,2023-07-01,19,0,5.0,0,0,2.3607
C108,11.0,8.0,2023-08-01,20,0,5.0,0,0,2.329
C108,11.0,8.0,2023-09-01,21,0,5.0,0,0,2.397
C108,11.0,8.0,2023-10-01,22,0,5.0,0,0,2.409
C108,11.0,8.0,2023-11-01,23,0,5.0,0,0,2.4219
C108,11.0,8.0,2023-12-01,24,0,5.0,0,0,2.3715
C108,11.0,8.0,2024-01-01,25,0,5.0,0,1,2.4127
C108,11.0,8.0,2024-02-01,26,0,5.0,0,1,2.386
C108,11.0,8.0,2024-03-01,27,0,5.0,0,1,2.43
C108,11.0,8.0,2024-04-01,28,0,5.0,0,1,2.3789
C108,11.0,8.0,2024-05-01,29,0,5.0,0,1,2.3756
C108,11.0,8.0,2024-06-01,30,0,5.0,0,1,2.4041
C108,11.0,8.0,2024-07-01,31,0,5.0,0,1,2.3707
C108,11.0,8.0,2024-08-01,32,0,5.0,0,1,2.4367
C108,11.0,8.0,2024-09-01,33,0,5.0,0,1,2.3974
C108,11.0,8.0,2024-10-01,34,0,5.0,0,1,2.4084
C108,11.0,8.0,2024-11-01,35,0,5.0,0,1,2.4399
C108,11.0,8.0,2024-12-01,36,0,5.0,0,1,2.4578
C109,0.0,9.0,2022-01-01,1,0,5.0,0,0,2.1329
C109,0.0,9.0,2022-02-01,2,0,5.0,0,0,2.1149
C109,0.0,9.0,2022-03-01,3,0,5.0,0,0,2.1019
C109,0.0,9.0,2022-04-01,4,0,5.0,0,0,2.1342
C109,0.0,9.0,2022-05-01,5,0,5.0,0,0,2.0774
C109,0.0,9.0,2022-06-01,6,0,5.0,0,0,2.1222
C109,0.0,9.0,2022-07-01,7,0,5.0,0,0,2.083
C109,0.0,9.0,2022-08-01,8,0,5.0,0,0,2.1048
C109,0.0,9.0,2022-09-01,9,0,5.0,0,0,2.1572
C109,0.0,9.0,2022-10-01,10,0,5.0,0,0,2.0825
C109,0.0,9.0,2022-11-01,11,0,5.0,0,0,2.0892
C109,0.0,9.0,2022-12-01,12,0,5.0,0,0,2.1055
C109,0.0,9.0,2023-01-01,13,0,5.0,0,0,2.0913
C109,0.0,9.0,2023-02-01,14,0,5.0,0,0,2.1315
C109,0.0,9.0,2023-03-01,15,0,5.0,0,0,2.1194
C109,0.0,9.0,2023-04-01,16,0,5.0,0,0,2.1428
C109,0.0,9.0,2023-05-01,17,0,5.0,0,0,2.125
C109,0.0,9.0,2023-06-01,18,0,5.0,0,0,2.1688
C109,0.0,9.0,2023-07-01,19,0,5.0,0,0,2.1762
C109,0.0,9.0,2023-08-01,20,0,5.0,0,0,2.1447
C109,0.0,9.0,2023-09-01,21,0,5.0,0,0,2.1671
C109,0.0,9.0,2023-10-01,22,0,5.0,0,0,2.1481
C109,0.0,9.0,2023-11-01,23,0,5.0,0,0,2.1802
C109,0.0,9.0,2023-12-01,24,0,5.0,0,0,2.1743
C109,0.0,9.0,2024-01-01,25,0,5.0,0,1,2.1441
C109,0.0,9.0,2024-02-01,26,0,5.0,0,1,2.1726
C109,0.0,9.0,2024-03-01,27,0,5.0,0,1,2.1694
C109,0.0,9.0,2024-04-01,28,0,5.0,0,1,2.1206
C109,0.0,9.0,2024-05-01,29,0,5.0,0,1,2.1989
C109,0.0,9.0,2024-06-01,30,0,5.0,0,1,2.1948
C109,0.0,9.0,2024-07-01,31,0,5.0,0,1,2.1922
C109,0.0,9.0,2024-08-01,32,0,5.0,0,1,2.1871
C109,0.0,9.0,2024-09-01,33,0,5.0,0,1,2.125
C109,0.0,9.0,2024-10-01,34,0,5.0,0,1,2.2161
C109,0.0,9.0,2024-11-01,35,0,5.0,0,1,2.2328
C109,0.0,9.0,2024-12-01,36,0,5.0,0,1,2.2253
C110,1.0,9.0,2022-01-01,1,0,4.0,0,0,2.2619
C110,1.0,9.0,2022-02-01,2,0,4.0,0,0,2.2824
C110,1.0,9.0,2022-03-01,3,0,4.0,0,0,2.3411
C110,1.0,9.0,2022-04-01,4,0,4.0,0,0,2.3367
C110,1.0,9.0,2022-05-01,5,0,4.0,0,0,2.3838
C110,1.0,9.0,2022-06-01,6,0,4.0,0,0,2.2979
C110,1.0,9.0,2022-07-01,7,0,4.0,0,0,2.3213
C110,1.0,9.0,2022-08-01,8,0,4.0,0,0,2.3412
C110,1.0,9.0,2022-09-01,9,0,4.0,0,0,2.3017
C110,1.0,9.0,2022-10-01,10,0,4.0,0,0,2.3004
C110,1.0,9.0,2022-11-01,11,0,4.0,0,0,2.3194
C110,1.0,9.0,2022-12-01,12,0,4.0,0,0,2.311
C110,1.0,9.0,2023-01-01,13,0,4.0,0,0,2.3379
C110,1.0,9.0,2023-02-01,14,0,4.0,0,0,2.3387
C110,1.0,9.0,2023-03-01,15,0,4.0,0,0,2.341
C110,1.0,9.0,2023-04-01,16,0,4.0,0,0,2.3694
C110,1.0,9.0,2023-05-01,17,0,4.0,0,0,2.3157
C110,1.0,9.0,2023-06-01,18,0,4.0,0,0,2.2893
C110,1.0,9.0,2023-07-01,19,0,4.0,0,0,2.3777
C110,1.0,9.0,2023-08-01,20,0,4.0,0,0,2.3123
C110,1.0,9.0,2023-09-01,21,0,4.0,0,0,2.3881
C110,1.0,9.0,2023-10-01,22,0,4.0,0,0,2.365
C110,1.0,9.0,2023-11-01,23,0,4.0,0,0,2.3612
C110,1.0,9.0,2023-12-01,24,0,4.0,0,0,2.3955
C110,1.0,9.0,2024-01-01,25,0,4.0,0,1,2.337
C110,1.0,9.0,2024-02-01,26,0,4.0,0,1,2.3661
C110,1.0,9.0,2024-03-01,27,0,4.0,0,1,2.4113
C110,1.0,9.0,2024-04-01,28,0,4.0,0,1,2.3825
C110,1.0,9.0,2024-05-01,29,0,4.0,0,1,2.3988
C110,1.0,9.0,2024-06-01,30,0,4.0,0,1,2.3357
C110,1.0,9.0,2024-07-01,31,0,4.0,0,1,2.4053
C110,1.0,9.0,2024-08-01,32,0,4.0,0,1,2.3727
C110,1.0,9.0,2024-09-01,33,0,4.0,0,1,2.4272
C110,1.0,9.0,2024-10-01,34,0,4.0,0,1,2.4179
C110,1.0,9.0,2024-11-01,35,0,4.0,0,1,2.3241
C110,1.0,9.0,2024-12-01,36,0,4.0,0,1,2.4352
C111,2.0,9.0,2022-01-01,1,0,3.0,0,0,2.3203
C111,2.0,9.0,2022-02-01,2,0,3.0,0,0,2.308
C111,2.0,9.0,2022-03-01,3,0,3.0,0,0,2.3574
C111,2.0,9.0,2022-04-01,4,0,3.0,0,0,2.2701
C111,2.0,9.0,2022-05-01,5,0,3.0,0,0,2.3044
C111,2.0,9.0,2022-06-01,6,0,3.0,0,0,2.2895
C111,2.0,9.0,2022-07-01,7,0,3.0,0,0,2.3331
C111,2.0,9.0,2022-08-01,8,0,3.0,0,0,2.3652
C111,2.0,9.0,2022-09-01,9,0,3.0,0,0,2.3412
C111,2.0,9.0,2022-10-01,10,0,3.0,0,0,2.295
C111,2.0,9.0,2022-11-01,11,0,3.0,0,0,2.37
C111,2.0,9.0,2022-12-01,12,0,3.0,0,0,2.3456
C111,2.0,9.0,2023-01-01,13,0,3.0,0,0,2.3609
C111,2.0,9.0,2023-02-01,14,0,3.0,0,0,2.3593
C111,2.0,9.0,2023-03-01,15,0,3.0,0,0,2.3117
C111,2.0,9.0,2023-04-01,16,0,3.0,0,0,2.3496
C111,2.0,9.0,2023-05-01,17,0,3.0,0,0,2.346
C111,2.0,9.0,2023-06-01,18,0,3.0,0,0,2.3082
C111,2.0,9.0,2023-07-01,19,0,3.0,0,0,2.3506
C111,2.0,9.0,2023-08-01,20,0,3.0,0,0,2.3506
C111,2.0,9.0,2023-09-01,21,0,3.0,0,0,2.3899
C111,2.0,9.0,2023-10-01,22,0,3.0,0,0,2.3649
C111,2.0,9.0,2023-11-01,23,0,3.0,0,0,2.3837
C111,2.0,9.0,2023-12-01,24,0,3.0,0,0,2.3565
C111,2.0,9.0,2024-01-01,25,0,3.0,0,1,2.3905
C111,2.0,9.0,2024-02-01,26,0,3.0,0,1,2.3577
C111,2.0,9.0,2024-03-01,27,0,3.0,0,1,2.3764
C111,2.0,9.0,2024-04-01,28,0,3.0,0,1,2.3764
C111,2.0,9.0,2024-05-01,29,0,3.0,0,1,2.4194
C111,2.0,9.0,2024-06-01,30,0,3.0,0,1,2.3601
C111,2.0,9.0,2024-07-01,31,0,3.0,0,1,2.3534
C111,2.0,9.0,2024-08-01,32,0,3.0,0,1,2.418
C111,2.0,9.0,2024-09-01,33,0,3.0,0,1,2.3693
C111,2.0,9.0,2024-10-01,34,0,3.0,0,1,2.4439
C111,2.0,9.0,2024-11-01,35,0,3.0,0,1,2.3814
C111,2.0,9.0,2024-12-01,36,0,3.0,0,1,2.4207
C112,3.0,9.0,2022-01-01,1,0,2.0,1,0,2.8749
C112,3.0,9.0,2022-02-01,2,0,2.0,1,0,2.8503
C112,3.0,9.0,2022-03-01,3,0,2.0,1,0,2.8694
C112,3.0,9.0,2022-04-01,4,0,2.0,1,0,2.8648
C112,3.0,9.0,2022-05-01,5,0,2.0,1,0,2.813
C112,3.0,9.0,2022-06-01,6,0,2.0,1,0,2.8696
C112,3.0,9.0,2022-07-01,7,0,2.0,1,0,2.8363
C112,3.0,9.0,2022-08-01,8,0,2.0,1,0,2.8395
C112,3.0,9.0,2022-09-01,9,0,2.0,1,0,2.9426
C112,3.0,9.0,2022-10-01,10,0,2.0,1,0,2.8296
C112,3.0,9.0,2022-11-01,11,0,2.0,1,0,2.8977
C112,3.0,9.0,2022-12-01,12,0,2.0,1,0,2.9316
C112,3.0,9.0,2023-01-01,13,0,2.0,1,0,2.8897
C112,3.0,9.0,2023-02-01,14,0,2.0,1,0,2.9003
C112,3.0,9.0,2023-03-01,15,0,2.0,1,0,2.9047
C112,3.0,9.0,2023-04-01,16,0,2.0,1,0,2.8931
C112,3.0,9.0,2023-05-01,17,0,2.0,1,0,2.8668
C112,3.0,9.0,2023-06-01,18,0,2.0,1,0,2.8866
C112,3.0,9.0,2023-07-01,19,0,2.0,1,0,2.8932
C112,3.0,9.0,2023-08-01,20,0,2.0,1,0,2.9217
C112,3.0,9.0,2023-09-01,21,0,2.0,1,0,2.9409
C112,3.0,9.0,2023-10-01,22,0,2.0,1,0,2.8428
C112,3.0,9.0,2023-11-01,23,0,2.0,1,0,2.9161
C112,3.0,9.0,2023-12-01,24,0,2.0,1,0,2.8865
C112,3.0,9.0,2024-01-01,25,0,2.0,1,1,2.9128
C112,3.0,9.0,2024-02-01,26,0,2.0,1,1,2.9495
C112,3.0,9.0,2024-03-01,27,0,2.0,1,1,2.9174
C112,3.0,9.0,2024-04-01,28,0,2.0,1,1,2.9001
C112,3.0,9.0,2024-05-01,29,0,2.0,1,1,2.9334
C112,3.0,9.0,2024-06-01,30,0,2.0,1,1,2.965
C112,3.0,9.0,2024-07-01,31,0,2.0,1,1,2.9598
C112,3.0,9.0,2024-08-01,32,0,2.0,1,1,2.9081
C112,3.0,9.0,2024-09-01,33,0,2.0,1,1,2.9395
C112,3.0,9.0,2024-10-01,34,0,2.0,1,1,2.9507
C112,3.0,9.0,2024-11-01,35,0,2.0,1,1,3.0272
C112,3.0,9.0,2024-12-01,36,0,2.0,1,1,2.9311
C113,4.0,9.0,2022-01-01,1,0,1.0,1,0,2.4852
C113,4.0,9.0,2022-02-01,2,0,1.0,1,0,2.4931
C113,4.0,9.0,2022-03-01,3,0,1.0,1,0,2.4735
C113,4.0,9.0,2022-04-01,4,0,1.0,1,0,2.5089
C113,4.0,9.0,2022-05-01,5,0,1.0,1,0,2.493
C113,4.0,9.0,2022-06-01,6,0,1.0,1,0,2.5212
C113,4.0,9.0,2022-07-01,7,0,1.0,1,0,2.4907
C113,4.0,9.0,2022-08-01,8,0,1.0,1,0,2.4992
C113,4.0,9.0,2022-09-01,9,0,1.0,1,0,2.5761
C113,4.0,9.0,2022-10-01,10,0,1.0,1,0,2.5326
C113,4.0,9.0,2022-11-01,11,0,1.0,1,0,2.5369
C113,4.0,9.0,2022-12-01,12,0,1.0,1,0,2.5045
C113,4.0,9.0,2023-01-01,13,0,1.0,1,0,2.5003
C113,4.0,9.0,2023-02-01,14,0,1.0,1,0,2.501
C113,4.0,9.0,2023-03-01,15,0,1.0,1,0,2.5426
C113,4.0,9.0,2023-04-01,16,0,1.0,1,0,2.5041
C113,4.0,9.0,2023-05-01,17,0,1.0,1,0,2.4563
C113,4.0,9.0,2023-06-01,18,0,1.0,1,0,2.5414
C113,4.0,9.0,2023-07-01,19,0,1.0,1,0,2.5207
C113,4.0,9.0,2023-08-01,20,0,1.0,1,0,2.5503
C113,4.0,9.0,2023-09-01,21,0,1.0,1,0,2.5658
C113,4.0,9.0,2023-10-01,22,0,1.0,1,0,2.5441
C113,4.0,9.0,2023-11-01,23,0,1.0,1,0,2.6002
C113,4.0,9.0,2023-12-01,24,0,1.0,1,0,2.5833
C113,4.0,9.0,2024-01-01,25,0,1.0,1,1,2.5645
C113,4.0,9.0,2024-02-01,26,0,1.0,1,1,2.5876
C113,4.0,9.0,2024-03-01,27,0,1.0,1,1,2.5827
C113,4.0,9.0,2024-04-01,28,0,1.0,1,1,2.597
C113,4.0,9.0,2024-05-01,29,0,1.0,1,1,2.5537
C113,4.0,9.0,2024-06-01,30,0,1.0,1,1,2.6543
C113,4.0,9.0,2024-07-01,31,0,1.0,1,1,2.6556
C113,4.0,9.0,2024-08-01,32,0,1.0,1,1,2.5812
C113,4.0,9.0,2024-09-01,33,0,1.0,1,1,2.5843
C113,4.0,9.0,2024-10-01,34,0,1.0,1,1,2.5791
C113,4.0,9.0,2024-11-01,35,0,1.0,1,1,2.6443
C113,4.0,9.0,2024-12-01,36,0,1.0,1,1,2.6383
C114,5.0,9.0,2022-01-01,1,1,0.0,0,0,2.6918
C114,5.0,9.0,2022-02-01,2,1,0.0,0,0,2.6849
C114,5.0,9.0,2022-03-01,3,1,0.0,0,0,2.7179
C114,5.0,9.0,2022-04-01,4,1,0.0,0,0,2.7024
C114,5.0,9.0,2022-05-01,5,1,0.0,0,0,2.6541
C114,5.0,9.0,2022-06-01,6,1,0.0,0,0,2.6801
C114,5.0,9.0,2022-07-01,7,1,0.0,0,0,2.7138
C114,5.0,9.0,2022-08-01,8,1,0.0,0,0,2.7281
C114,5.0,9.0,2022-09-01,9,1,0.0,0,0,2.7163
C114,5.0,9.0,2022-10-01,10,1,0.0,0,0,2.7164
C114,5.0,9.0,2022-11-01,11,1,0.0,0,0,2.6644
C114,5.0,9.0,2022-12-01,12,1,0.0,0,0,2.7204
C114,5.0,9.0,2023-01-01,13,1,0.0,0,0,2.7317
C114,5.0,9.0,2023-02-01,14,1,0.0,0,0,2.7033
C114,5.0,9.0,2023-03-01,15,1,0.0,0,0,2.7077
C114,5.0,9.0,2023-04-01,16,1,0.0,0,0,2.7168
C114,5.0,9.0,2023-05-01,17,1,0.0,0,0,2.7276
C114,5.0,9.0,2023-06-01,18,1,0.0,0,0,2.7162
C114,5.0,9.0,2023-07-01,19,1,0.0,0,0,2.7498
C114,5.0,9.0,2023-08-01,20,1,0.0,0,0,2.739
C114,5.0,9.0,2023-09-01,21,1,0.0,0,0,2.7519
C114,5.0,9.0,2023-10-01,22,1,0.0,0,0,2.789
C114,5.0,9.0,2023-11-01,23,1,0.0,0,0,2.6968
C114,5.0,9.0,2023-12-01,24,1,0.0,0,0,2.7294
C114,5.0,9.0,2024-01-01,25,1,0.0,0,1,2.8084
C114,5.0,9.0,2024-02-01,26,1,0.0,0,1,2.8033
C114,5.0,9.0,2024-03-01,27,1,0.0,0,1,2.824
C114,5.0,9.0,2024-04-01,28,1,0.0,0,1,2.7973
C114,5.0,9.0,2024-05-01,29,1,0.0,0,1,2.8477
C114,5.0,9.0,2024-06-01,30,1,0.0,0,1,2.873
C114,5.0,9.0,2024-07-01,31,1,0.0,0,1,2.8255
C114,5.0,9.0,2024-08-01,32,1,0.0,0,1,2.8071
C114,5.0,9.0,2024-09-01,33,1,0.0,0,1,2.8076
C114,5.0,9.0,2024-10-01,34,1,0.0,0,1,2.8767
C114,5.0,9.0,2024-11-01,35,1,0.0,0,1,2.8365
C114,5.0,9.0,2024-12-01,36,1,0.0,0,1,2.8613
C115,6.0,9.0,2022-01-01,1,0,1.0,1,0,2.2363
C115,6.0,9.0,2022-02-01,2,0,1.0,1,0,2.2296
C115,6.0,9.0,2022-03-01,3,0,1.0,1,0,2.2011
C115,6.0,9.0,2022-04-01,4,0,1.0,1,0,2.246
C115,6.0,9.0,2022-05-01,5,0,1.0,1,0,2.2355
C115,6.0,9.0,2022-06-01,6,0,1.0,1,0,2.2273
C115,6.0,9.0,2022-07-01,7,0,1.0,1,0,2.2713
C115,6.0,9.0,2022-08-01,8,0,1.0,1,0,2.2596
C115,6.0,9.0,2022-09-01,9,0,1.0,1,0,2.2694
C115,6.0,9.0,2022-10-01,10,0,1.0,1,0,2.227
C115,6.0,9.0,2022-11-01,11,0,1.0,1,0,2.2412
C115,6.0,9.0,2022-12-01,12,0,1.0,1,0,2.2852
C115,6.0,9.0,2023-01-01,13,0,1.0,1,0,2.2781
C115,6.0,9.0,2023-02-01,14,0,1.0,1,0,2.259
C115,6.0,9.0,2023-03-01,15,0,1.0,1,0,2.2898
C115,6.0,9.0,2023-04-01,16,0,1.0,1,0,2.2644
C115,6.0,9.0,2023-05-01,17,0,1.0,1,0,2.3105
C115,6.0,9.0,2023-06-01,18,0,1.0,1,0,2.2815
C115,6.0,9.0,2023-07-01,19,0,1.0,1,0,2.339
C115,6.0,9.0,2023-08-01,20,0,1.0,1,0,2.3042
C115,6.0,9.0,2023-09-01,21,0,1.0,1,0,2.2753
C115,6.0,9.0,2023-10-01,22,0,1.0,1,0,2.2948
C115,6.0,9.0,2023-11-01,23,0,1.0,1,0,2.2765
C115,6.0,9.0,2023-12-01,24,0,1.0,1,0,2.2867
C115,6.0,9.0,2024-01-01,25,0,1.0,1,1,2.3052
C115,6.0,9.0,2024-02-01,26,0,1.0,1,1,2.3639
C115,6.0,9.0,2024-03-01,27,0,1.0,1,1,2.3442
C115,6.0,9.0,2024-04-01,28,0,1.0,1,1,2.3006
C115,6.0,9.0,2024-05-01,29,0,1.0,1,1,2.3172
C115,6.0,9.0,2024-06-01,30,0,1.0,1,1,2.3287
C115,6.0,9.0,2024-07-01,31,0,1.0,1,1,2.3611
C115,6.0,9.0,2024-08-01,32,0,1.0,1,1,2.3493
C115,6.0,9.0,2024-09-01,33,0,1.0,1,1,2.403
C115,6.0,9.0,2024-10-01,34,0,1.0,1,1,2.3281
C115,6.0,9.0,2024-11-01,35,0,1.0,1,1,2.3469
C115,6.0,9.0,2024-12-01,36,0,1.0,1,1,2.3758
C116,7.0,9.0,2022-01-01,1,0,2.0,1,0,2.3241
C116,7.0,9.0,2022-02-01,2,0,2.0,1,0,2.3671
C116,7.0,9.0,2022-03-01,3,0,2.0,1,0,2.2792
C116,7.0,9.0,2022-04-01,4,0,2.0,1,0,2.3021
C116,7.0,9.0,2022-05-01,5,0,2.0,1,0,2.331
C116,7.0,9.0,2022-06-01,6,0,2.0,1,0,2.3099
C116,7.0,9.0,2022-07-01,7,0,2.0,1,0,2.3744
C116,7.0,9.0,2022-08-01,8,0,2.0,1,0,2.3292
C116,7.0,9.0,2022-09-01,9,0,2.0,1,0,2.3101
C116,7.0,9.0,2022-10-01,10,0,2.0,1,0,2.3903
C116,7.0,9.0,2022-11-01,11,0,2.0,1,0,2.3728
C116,7.0,9.0,2022-12-01,12,0,2.0,1,0,2.3801
C116,7.0,9.0,2023-01-01,13,0,2.0,1,0,2.3299
C116,7.0,9.0,2023-02-01,14,0,2.0,1,0,2.3591
C116,7.0,9.0,2023-03-01,15,0,2.0,1,0,2.3561
C116,7.0,9.0,2023-04-01,16,0,2.0,1,0,2.4221
C116,7.0,9.0,2023-05-01,17,0,2.0,1,0,2.3384
C116,7.0,9.0,2023-06-01,18,0,2.0,1,0,2.3808
C116,7.0,9.0,2023-07-01,19,0,2.0,1,0,2.3619
C116,7.0,9.0,2023-08-01,20,0,2.0,1,0,2.3808
C116,7.0,9.0,2023-09-01,21,0,2.0,1,0,2.3751
C116,7.0,9.0,2023-10-01,22,0,2.0,1,0,2.4629
C116,7.0,9.0,2023-11-01,23,0,2.0,1,0,2.4059
C116,7.0,9.0,2023-12-01,24,0,2.0,1,0,2.4233
C116,7.0,9.0,2024-01-01,25,0,2.0,1,1,2.449
C116,7.0,9.0,2024-02-01,26,0,2.0,1,1,2.4418
C116,7.0,9.0,2024-03-01,27,0,2.0,1,1,2.3961
C116,7.0,9.0,2024-04-01,28,0,2.0,1,1,2.3951
C116,7.0,9.0,2024-05-01,29,0,2.0,1,1,2.4037
C116,7.0,9.0,2024-06-01,30,0,2.0,1,1,2.4355
C116,7.0,9.0,2024-07-01,31,0,2.0,1,1,2.4126
C116,7.0,9.0,2024-08-01,32,0,2.0,1,1,2.4137
C116,7.0,9.0,2024-09-01,33,0,2.0,1,1,2.4444
C116,7.0,9.0,2024-10-01,34,0,2.0,1,1,2.433
C116,7.0,9.0,2024-11-01,35,0,2.0,1,1,2.4433
C116,7.0,9.0,2024-12-01,36,0,2.0,1,1,2.441
C117,8.0,9.0,2022-01-01,1,0,3.0,0,0,2.4219
C117,8.0,9.0,2022-02-01,2,0,3.0,0,0,2.4391
C117,8.0,9.0,2022-03-01,3,0,3.0,0,0,2.4127
C117,8.0,9.0,2022-04-01,4,0,3.0,0,0,2.4808
C117,8.0,9.0,2022-05-01,5,0,3.0,0,0,2.4376
C117,8.0,9.0,2022-06-01,6,0,3.0,0,0,2.4099
C117,8.0,9.0,2022-07-01,7,0,3.0,0,0,2.4319
C117,8.0,9.0,2022-08-01,8,0,3.0,0,0,2.3955
C117,8.0,9.0,2022-09-01,9,0,3.0,0,0,2.435
C117,8.0,9.0,2022-10-01,10,0,3.0,0,0,2.4223
C117,8.0,9.0,2022-11-01,11,0,3.0,0,0,2.4944
C117,8.0,9.0,2022-12-01,12,0,3.0,0,0,2.4579
C117,8.0,9.0,2023-01-01,13,0,3.0,0,0,2.4739
C117,8.0,9.0,2023-02-01,14,0,3.0,0,0,2.4078
C117,8.0,9.0,2023-03-01,15,0,3.0,0,0,2.468
C117,8.0,9.0,2023-04-01,16,0,3.0,0,0,2.446
C117,8.0,9.0,2023-05-01,17,0,3.0,0,0,2.4586
C117,8.0,9.0,2023-06-01,18,0,3.0,0,0,2.4596
C117,8.0,9.0,2023-07-01,19,0,3.0,0,0,2.5129
C117,8.0,9.0,2023-08-01,20,0,3.0,0,0,2.4845
C117,8.0,9.0,2023-09-01,21,0,3.0,0,0,2.4826
C117,8.0,9.0,2023-10-01,22,0,3.0,0,0,2.5328
C117,8.0,9.0,2023-11-01,23,0,3.0,0,0,2.4686
C117,8.0,9.0,2023-12-01,24,0,3.0,0,0,2.5418
C117,8.0,9.0,2024-01-01,25,0,3.0,0,1,2.4575
C117,8.0,9.0,2024-02-01,26,0,3.0,0,1,2.4927
C117,8.0,9.0,2024-03-01,27,0,3.0,0,1,2.4653
C117,8.0,9.0,2024-04-01,28,0,3.0,0,1,2.5223
C117,8.0,9.0,2024-05-01,29,0,3.0,0,1,2.4495
C117,8.0,9.0,2024-06-01,30,0,3.0,0,1,2.4691
C117,8.0,9.0,2024-07-01,31,0,3.0,0,1,2.4555
C117,8.0,9.0,2024-08-01,32,0,3.0,0,1,2.5696
C117,8.0,9.0,2024-09-01,33,0,3.0,0,1,2.4902
C117,8.0,9.0,2024-10-01,34,0,3.0,0,1,2.5065
C117,8.0,9.0,2024-11-01,35,0,3.0,0,1,2.5464
C117,8.0,9.0,2024-12-01,36,0,3.0,0,1,2.5571
C118,9.0,9.0,2022-01-01,1,0,4.0,0,0,2.3873
C118,9.0,9.0,2022-02-01,2,0,4.0,0,0,2.4273
C118,9.0,9.0,2022-03-01,3,0,4.0,0,0,2.4103
C118,9.0,9.0,2022-04-01,4,0,4.0,0,0,2.4163
C118,9.0,9.0,2022-05-01,5,0,4.0,0,0,2.3331
C118,9.0,9.0,2022-06-01,6,0,4.0,0,0,2.3782
C118,9.0,9.0,2022-07-01,7,0,4.0,0,0,2.4041
C118,9.0,9.0,2022-08-01,8,0,4.0,0,0,2.3739
C118,9.0,9.0,2022-09-01,9,0,4.0,0,0,2.4354
C118,9.0,9.0,2022-10-01,10,0,4.0,0,0,2.4668
C118,9.0,9.0,2022-11-01,11,0,4.0,0,0,2.4182
C118,9.0,9.0,2022-12-01,12,0,4.0,0,0,2.4765
C118,9.0,9.0,2023-01-01,13,0,4.0,0,0,2.5289
C118,9.0,9.0,2023-02-01,14,0,4.0,0,0,2.4059
C118,9.0,9.0,2023-03-01,15,0,4.0,0,0,2.4615
C118,9.0,9.0,2023-04-01,16,0,4.0,0,0,2.515
C118,9.0,9.0,2023-05-01,17,0,4.0,0,0,2.4497
C118,9.0,9.0,2023-06-01,18,0,4.0,0,0,2.4437
C118,9.0,9.0,2023-07-01,19,0,4.0,0,0,2.3535
C118,9.0,9.0,2023-08-01,20,0,4.0,0,0,2.4305
C118,9.0,9.0,2023-09-01,21,0,4.0,0,0,2.4802
C118,9.0,9.0,2023-10-01,22,0,4.0,0,0,2.4914
C118,9.0,9.0,2023-11-01,23,0,4.0,0,0,2.4393
C118,9.0,9.0,2023-12-01,24,0,4.0,0,0,2.5114
C118,9.0,9.0,2024-01-01,25,0,4.0,0,1,2.451
C118,9.0,9.0,2024-02-01,26,0,4.0,0,1,2.3872
C118,9.0,9.0,2024-03-01,27,0,4.0,0,1,2.4649
C118,9.0,9.0,2024-04-01,28,0,4.0,0,1,2.4357
C118,9.0,9.0,2024-05-01,29,0,4.0,0,1,2.5561
C118,9.0,9.0,2024-06-01,30,0,4.0,0,1,2.4966
C118,9.0,9.0,2024-07-01,31,0,4.0,0,1,2.4478
C118,9.0,9.0,2024-08-01,32,0,4.0,0,1,2.5075
C118,9.0,9.0,2024-09-01,33,0,4.0,0,1,2.5011
C118,9.0,9.0,2024-10-01,34,0,4.0,0,1,2.4743
C118,9.0,9.0,2024-11-01,35,0,4.0,0,1,2.4289
C118,9.0,9.0,2024-12-01,36,0,4.0,0,1,2.5273
C119,10.0,9.0,2022-01-01,1,0,5.0,0,0,2.5761
C119,10.0,9.0,2022-02-01,2,0,5.0,0,0,2.5823
C119,10.0,9.0,2022-03-01,3,0,5.0,0,0,2.5928
C119,10.0,9.0,2022-04-01,4,0,5.0,0,0,2.6606
C119,10.0,9.0,2022-05-01,5,0,5.0,0,0,2.6255
C119,10.0,9.0,2022-06-01,6,0,5.0,0,0,2.6037
C119,10.0,9.0,2022-07-01,7,0,5.0,0,0,2.617
C119,10.0,9.0,2022-08-01,8,0,5.0,0,0,2.6438
C119,10.0,9.0,2022-09-01,9,0,5.0,0,0,2.6228
C119,10.0,9.0,2022-10-01,10,0,5.0,0,0,2.6387
C119,10.0,9.0,2022-11-01,11,0,5.0,0,0,2.6187
C119,10.0,9.0,2022-12-01,12,0,5.0,0,0,2.6186
C119,10.0,9.0,2023-01-01,13,0,5.0,0,0,2.5816
C119,10.0,9.0,2023-02-01,14,0,5.0,0,0,2.6092
C119,10.0,9.0,2023-03-01,15,0,5.0,0,0,2.6554
C119,10.0,9.0,2023-04-01,16,0,5.0,0,0,2.6724
C119,10.0,9.0,2023-05-01,17,0,5.0,0,0,2.6759
C119,10.0,9.0,2023-06-01,18,0,5.0,0,0,2.6324
C119,10.0,9.0,2023-07-01,19,0,5.0,0,0,2.689
C119,10.0,9.0,2023-08-01,20,0,5.0,0,0,2.6791
C119,10.0,9.0,2023-09-01,21,0,5.0,0,0,2.6648
C119,10.0,9.0,2023-10-01,22,0,5.0,0,0,2.6535
C119,10.0,9.0,2023-11-01,23,0,5.0,0,0,2.6801
C119,10.0,9.0,2023-12-01,24,0,5.0,0,0,2.6882
C119,10.0,9.0,2024-01-01,25,0,5.0,0,1,2.644
C119,10.0,9.0,2024-02-01,26,0,5.0,0,1,2.6584
C119,10.0,9.0,2024-03-01,27,0,5.0,0,1,2.6635
C119,10.0,9.0,2024-04-01,28,0,5.0,0,1,2.6497
C119,10.0,9.0,2024-05-01,29,0,5.0,0,1,2.6466
C119,10.0,9.0,2024-06-01,30,0,5.0,0,1,2.7177
C119,10.0,9.0,2024-07-01,31,0,5.0,0,1,2.6807
C119,10.0,9.0,2024-08-01,32,0,5.0,0,1,2.6532
C119,10.0,9.0,2024-09-01,33,0,5.0,0,1,2.7136
C119,10.0,9.0,2024-10-01,34,0,5.0,0,1,2.732
C119,10.0,9.0,2024-11-01,35,0,5.0,0,1,2.7028
C119,10.0,9.0,2024-12-01,36,0,5.0,0,1,2.716
C120,11.0,9.0,2022-01-01,1,0,5.831,0,0,2.0761
C120,11.0,9.0,2022-02-01,2,0,5.831,0,0,2.121
C120,11.0,9.0,2022-03-01,3,0,5.831,0,0,2.1428
C120,11.0,9.0,2022-04-01,4,0,5.831,0,0,2.1255
C120,11.0,9.0,2022-05-01,5,0,5.831,0,0,2.1529
C120,11.0,9.0,2022-06-01,6,0,5.831,0,0,2.0912
C120,11.0,9.0,2022-07-01,7,0,5.831,0,0,2.0969
C120,11.0,9.0,2022-08-01,8,0,5.831,0,0,2.0889
C120,11.0,9.0,2022-09-01,9,0,5.831,0,0,2.1017
C120,11.0,9.0,2022-10-01,10,0,5.831,0,0,2.1204
C120,11.0,9.0,2022-11-01,11,0,5.831,0,0,2.1357
C120,11.0,9.0,2022-12-01,12,0,5.831,0,0,2.1434
C120,11.0,9.0,2023-01-01,13,0,5.831,0,0,2.0544
C120,11.0,9.0,2023-02-01,14,0,5.831,0,0,2.0903
C120,11.0,9.0,2023-03-01,15,0,5.831,0,0,2.1407
C120,11.0,9.0,2023-04-01,16,0,5.831,0,0,2.1915
C120,11.0,9.0,2023-05-01,17,0,5.831,0,0,2.108
C120,11.0,9.0,2023-06-01,18,0,5.831,0,0,2.0987
C120,11.0,9.0,2023-07-01,19,0,5.831,0,0,2.1136
C120,11.0,9.0,2023-08-01,20,0,5.831,0,0,2.1727
C120,11.0,9.0,2023-09-01,21,0,5.831,0,0,2.1751
C120,11.0,9.0,2023-10-01,22,0,5.831,0,0,2.1451
C120,11.0,9.0,2023-11-01,23,0,5.831,0,0,2.1757
C120,11.0,9.0,2023-12-01,24,0,5.831,0,0,2.1631
C120,11.0,9.0,2024-01-01,25,0,5.831,0,1,2.1466
C120,11.0,9.0,2024-02-01,26,0,5.831,0,1,2.1322
C120,11.0,9.0,2024-03-01,27,0,5.831,0,1,2.1467
C120,11.0,9.0,2024-04-01,28,0,5.831,0,1,2.1889
C120,11.0,9.0,2024-05-01,29,0,5.831,0,1,2.1829
C120,11.0,9.0,2024-06-01,30,0,5.831,0,1,2.2093
C120,11.0,9.0,2024-07-01,31,0,5.831,0,1,2.2009
C120,11.0,9.0,2024-08-01,32,0,5.831,0,1,2.1954
C120,11.0,9.0,2024-09-01,33,0,5.831,0,1,2.2073
C120,11.0,9.0,2024-10-01,34,0,5.831,0,1,2.1983
C120,11.0,9.0,2024-11-01,35,0,5.831,0,1,2.176
C120,11.0,9.0,2024-12-01,36,0,5.831,0,1,2.2034
C121,0.0,10.0,2022-01-01,1,0,5.099,0,0,2.6034
C121,0.0,10.0,2022-02-01,2,0,5.099,0,0,2.5958
C121,0.0,10.0,2022-03-01,3,0,5.099,0,0,2.5803
C121,0.0,10.0,2022-04-01,4,0,5.099,0,0,2.6127
C121,0.0,10.0,2022-05-01,5,0,5.099,0,0,2.6401
C121,0.0,10.0,2022-06-01,6,0,5.099,0,0,2.5638
C121,0.0,10.0,2022-07-01,7,0,5.099,0,0,2.6041
C121,0.0,10.0,2022-08-01,8,0,5.099,0,0,2.6387
C121,0.0,10.0,2022-09-01,9,0,5.099,0,0,2.6155
C121,0.0,10.0,2022-10-01,10,0,5.099,0,0,2.6613
C121,0.0,10.0,2022-11-01,11,0,5.099,0,0,2.6433
C121,0.0,10.0,2022-12-01,12,0,5.099,0,0,2.617
C121,0.0,10.0,2023-01-01,13,0,5.099,0,0,2.642
C121,0.0,10.0,2023-02-01,14,0,5.099,0,0,2.6291
C121,0.0,10.0,2023-03-01,15,0,5.099,0,0,2.5857
C121,0.0,10.0,2023-04-01,16,0,5.099,0,0,2.6314
C121,0.0,10.0,2023-05-01,17,0,5.099,0,0,2.6037
C121,0.0,10.0,2023-06-01,18,0,5.099,0,0,2.6309
C121,0.0,10.0,2023-07-01,19,0,5.099,0,0,2.6716
C121,0.0,10.0,2023-08-01,20,0,5.099,0,0,2.6722
C121,0.0,10.0,2023-09-01,21,0,5.099,0,0,2.6496
C121,0.0,10.0,2023-10-01,22,0,5.099,0,0,2.6771
C121,0.0,10.0,2023-11-01,23,0,5.099,0,0,2.6434
C121,0.0,10.0,2023-12-01,24,0,5.099,0,0,2.6686
C121,0.0,10.0,2024-01-01,25,0,5.099,0,1,2.7096
C121,0.0,10.0,2024-02-01,26,0,5.099,0,1,2.6472
C121,0.0,10.0,2024-03-01,27,0,5.099,0,1,2.6671
C121,0.0,10.0,2024-04-01,28,0,5.099,0,1,2.6594
C121,0.0,10.0,2024-05-01,29,0,5.099,0,1,2.6558
C121,0.0,10.0,2024-06-01,30,0,5.099,0,1,2.7012
C121,0.0,10.0,2024-07-01,31,0,5.099,0,1,2.67
C121,0.0,10.0,2024-08-01,32,0,5.099,0,1,2.6598
C121,0.0,10.0,2024-09-01,33,0,5.099,0,1,2.6733
C121,0.0,10.0,2024-10-01,34,0,5.099,0,1,2.6513
C121,0.0,10.0,2024-11-01,35,0,5.099,0,1,2.6564
C121,0.0,10.0,2024-12-01,36,0,5.099,0,1,2.6619
C122,1.0,10.0,2022-01-01,1,0,4.123,0,0,2.5972
C122,1.0,10.0,2022-02-01,2,0,4.123,0,0,2.6435
C122,1.0,10.0,2022-03-01,3,0,4.123,0,0,2.6333
C122,1.0,10.0,2022-04-01,4,0,4.123,0,0,2.5761
C122,1.0,10.0,2022-05-01,5,0,4.123,0,0,2.5867
C122,1.0,10.0,2022-06-01,6,0,4.123,0,0,2.6434
C122,1.0,10.0,2022-07-01,7,0,4.123,0,0,2.6312
C122,1.0,10.0,2022-08-01,8,0,4.123,0,0,2.6382
C122,1.0,10.0,2022-09-01,9,0,4.123,0,0,2.6218
C122,1.0,10.0,2022-10-01,10,0,4.123,0,0,2.6216
C122,1.0,10.0,2022-11-01,11,0,4.123,0,0,2.5888
C122,1.0,10.0,2022-12-01,12,0,4.123,0,0,2.6235
C122,1.0,10.0,2023-01-01,13,0,4.123,0,0,2.5835
C122,1.0,10.0,2023-02-01,14,0,4.123,0,0,2.6031
C122,1.0,10.0,2023-03-01,15,0,4.123,0,0,2.621
C122,1.0,10.0,2023-04-01,16,0,4.123,0,0,2.6669
C122,1.0,10.0,2023-05-01,17,0,4.123,0,0,2.6516
C122,1.0,10.0,2023-06-01,18,0,4.123,0,0,2.6622
C122,1.0,10.0,2023-07-01,19,0,4.123,0,0,2.6885
C122,1.0,10.0,2023-08-01,20,0,4.123,0,0,2.6069
C122,1.0,10.0,2023-09-01,21,0,4.123,0,0,2.6624
C122,1.0,10.0,2023-10-01,22,0,4.123,0,0,2.6232
C122,1.0,10.0,2023-11-01,23,0,4.123,0,0,2.6589
C122,1.0,10.0,2023-12-01,24,0,4.123,0,0,2.6854
C122,1.0,10.0,2024-01-01,25,0,4.123,0,1,2.7276
C122,1.0,10.0,2024-02-01,26,0,4.123,0,1,2.6909
C122,1.0,10.0,2024-03-01,27,0,4.123,0,1,2.7155
C122,1.0,10.0,2024-04-01,28,0,4.123,0,1,2.6929
C122,1.0,10.0,2024-05-01,29,0,4.123,0,1,2.6074
C122,1.0,10.0,2024-06-01,30,0,4.123,0,1,2.6569
C122,1.0,10.0,2024-07-01,31,0,4.123,0,1,2.7178
C122,1.0,10.0,2024-08-01,32,0,4.123,0,1,2.6781
C122,1.0,10.0,2024-09-01,33,0,4.123,0,1,2.6942
C122,1.0,10.0,2024-10-01,34,0,4.123,0,1,2.683
C122,1.0,10.0,2024-11-01,35,0,4.123,0,1,2.681
C122,1.0,10.0,2024-12-01,36,0,4.123,0,1,2.7185
C123,2.0,10.0,2022-01-01,1,0,3.162,0,0,2.3563
C123,2.0,10.0,2022-02-01,2,0,3.162,0,0,2.3967
C123,2.0,10.0,2022-03-01,3,0,3.162,0,0,2.3601
C123,2.0,10.0,2022-04-01,4,0,3.162,0,0,2.4167
C123,2.0,10.0,2022-05-01,5,0,3.162,0,0,2.35
C123,2.0,10.0,2022-06-01,6,0,3.162,0,0,2.3787
C123,2.0,10.0,2022-07-01,7,0,3.162,0,0,2.3726
C123,2.0,10.0,2022-08-01,8,0,3.162,0,0,2.4111
C123,2.0,10.0,2022-09-01,9,0,3.162,0,0,2.386
C123,2.0,10.0,2022-10-01,10,0,3.162,0,0,2.3804
C123,2.0,10.0,2022-11-01,11,0,3.162,0,0,2.343
C123,2.0,10.0,2022-12-01,12,0,3.162,0,0,2.4403
C123,2.0,10.0,2023-01-01,13,0,3.162,0,0,2.3967
C123,2.0,10.0,2023-02-01,14,0,3.162,0,0,2.4436
C123,2.0,10.0,2023-03-01,15,0,3.162,0,0,2.442
C123,2.0,10.0,2023-04-01,16,0,3.162,0,0,2.4406
C123,2.0,10.0,2023-05-01,17,0,3.162,0,0,2.381
C123,2.0,10.0,2023-06-01,18,0,3.162,0,0,2.4238
C123,2.0,10.0,2023-07-01,19,0,3.162,0,0,2.4221
C123,2.0,10.0,2023-08-01,20,0,3.162,0,0,2.4215
C123,2.0,10.0,2023-09-01,21,0,3.162,0,0,2.5027
C123,2.0,10.0,2023-10-01,22,0,3.162,0,0,2.453
C123,2.0,10.0,2023-11-01,23,0,3.162,0,0,2.421
C123,2.0,10.0,2023-12-01,24,0,3.162,0,0,2.4425
C123,2.0,10.0,2024-01-01,25,0,3.162,0,1,2.4045
C123,2.0,10.0,2024-02-01,26,0,3.162,0,1,2.4595
C123,2.0,10.0,2024-03-01,27,0,3.162,0,1,2.4989
C123,2.0,10.0,2024-04-01,28,0,3.162,0,1,2.5061
C123,2.0,10.0,2024-05-01,29,0,3.162,0,1,2.4979
C123,2.0,10.0,2024-06-01,30,0,3.162,0,1,2.4645
C123,2.0,10.0,2024-07-01,31,0,3.162,0,1,2.466
C123,2.0,10.0,2024-08-01,32,0,3.162,0,1,2.4657
C123,2.0,10.0,2024-09-01,33,0,3.162,0,1,2.4594
C123,2.0,10.0,2024-10-01,34,0,3.162,0,1,2.4508
C123,2.0,10.0,2024-11-01,35,0,3.162,0,1,2.4706
C123,2.0,10.0,2024-12-01,36,0,3.162,0,1,2.4909
C124,3.0,10.0,2022-01-01,1,0,2.236,0,0,2.2369
C124,3.0,10.0,2022-02-01,2,0,2.236,0,0,2.2663
C124,3.0,10.0,2022-03-01,3,0,2.236,0,0,2.2708
C124,3.0,10.0,2022-04-01,4,0,2.236,0,0,2.279
C124,3.0,10.0,2022-05-01,5,0,2.236,0,0,2.216
C124,3.0,10.0,2022-06-01,6,0,2.236,0,0,2.2891
C124,3.0,10.0,2022-07-01,7,0,2.236,0,0,2.2523
C124,3.0,10.0,2022-08-01,8,0,2.236,0,0,2.2519
C124,3.0,10.0,2022-09-01,9,0,2.236,0,0,2.2779
C124,3.0,10.0,2022-10-01,10,0,2.236,0,0,2.203
C124,3.0,10.0,2022-11-01,11,0,2.236,0,0,2.294
C124,3.0,10.0,2022-12-01,12,0,2.236,0,0,2.2773
C124,3.0,10.0,2023-01-01,13,0,2.236,0,0,2.2648
C124,3.0,10.0,2023-02-01,14,0,2.236,0,0,2.213
C124,3.0,10.0,2023-03-01,15,0,2.236,0,0,2.2878
C124,3.0,10.0,2023-04-01,16,0,2.236,0,0,2.2535
C124,3.0,10.0,2023-05-01,17,0,2.236,0,0,2.3105
C124,3.0,10.0,2023-06-01,18,0,2.236,0,0,2.3436
C124,3.0,10.0,2023-07-01,19,0,2.236,0,0,2.3444
C124,3.0,10.0,2023-08-01,20,0,2.236,0,0,2.2748
C124,3.0,10.0,2023-09-01,21,0,2.236,0,0,2.3403
C124,3.0,10.0,2023-10-01,22,0,2.236,0,0,2.2572
C124,3.0,10.0,2023-11-01,23,0,2.236,0,0,2.279
C124,3.0,10.0,2023-12-01,24,0,2.236,0,0,2.3159
C124,3.0,10.0,2024-01-01,25,0,2.236,0,1,2.302
C124,3.0,10.0,2024-02-01,26,0,2.236,0,1,2.2705
C124,3.0,10.0,2024-03-01,27,0,2.236,0,1,2.2528
C124,3.0,10.0,2024-04-01,28,0,2.236,0,1,2.3274
C124,3.0,10.0,2024-05-01,29,0,2.236,0,1,2.3379
C124,3.0,10.0,2024-06-01,30,0,2.236,0,1,2.3219
C124,3.0,10.0,2024-07-01,31,0,2.236,0,1,2.3279
C124,3.0,10.0,2024-08-01,32,0,2.236,0,1,2.3326
C124,3.0,10.0,2024-09-01,33,0,2.236,0,1,2.3129
C124,3.0,10.0,2024-10-01,34,0,2.236,0,1,2.3011
C124,3.0,10.0,2024-11-01,35,0,2.236,0,1,2.3395
C124,3.0,10.0,2024-12-01,36,0,2.236,0,1,2.3293
C125,4.0,10.0,2022-01-01,1,0,1.414,1,0,2.544
C125,4.0,10.0,2022-02-01,2,0,1.414,1,0,2.4895
C125,4.0,10.0,2022-03-01,3,0,1.414,1,0,2.5178
C125,4.0,10.0,2022-04-01,4,0,1.414,1,0,2.5161
C125,4.0,10.0,2022-05-01,5,0,1.414,1,0,2.5068
C125,4.0,10.0,2022-06-01,6,0,1.414,1,0,2.4664
C125,4.0,10.0,2022-07-01,7,0,1.414,1,0,2.539
C125,4.0,10.0,2022-08-01,8,0,1.414,1,0,2.5589
C125,4.0,10.0,2022-09-01,9,0,1.414,1,0,2.5816
C125,4.0,10.0,2022-10-01,10,0,1.414,1,0,2.4992
C125,4.0,10.0,2022-11-01,11,0,1.414,1,0,2.5852
C125,4.0,10.0,2022-12-01,12,0,1.414,1,0,2.567
C125,4.0,10.0,2023-01-01,13,0,1.414,1,0,2.5123
C125,4.0,10.0,2023-02-01,14,0,1.414,1,0,2.5693
C125,4.0,10.0,2023-03-01,15,0,1.414,1,0,2.5231
C125,4.0,10.0,2023-04-01,16,0,1.414,1,0,2.5686
C125,4.0,10.0,2023-05-01,17,0,1.414,1,0,2.5624
C125,4.0,10.0,2023-06-01,18,0,1.414,1,0,2.5397
C125,4.0,10.0,2023-07-01,19,0,1.414,1,0,2.619
C125,4.0,10.0,2023-08-01,20,0,1.414,1,0,2.5894
C125,4.0,10.0,2023-09-01,21,0,1.414,1,0,2.5646
C125,4.0,10.0,2023-10-01,22,0,1.414,1,0,2.5579
C125,4.0,10.0,2023-11-01,23,0,1.414,1,0,2.5463
C125,4.0,10.0,2023-12-01,24,0,1.414,1,0,2.5699
C125,4.0,10.0,2024-01-01,25,0,1.414,1,1,2.5594
C125,4.0,10.0,2024-02-01,26,0,1.414,1,1,2.6111
C125,4.0,10.0,2024-03-01,27,0,1.414,1,1,2.6431
C125,4.0,10.0,2024-04-01,28,0,1.414,1,1,2.6345
C125,4.0,10.0,2024-05-01,29,0,1.414,1,1,2.6321
C125,4.0,10.0,2024-06-01,30,0,1.414,1,1,2.6547
C125,4.0,10.0,2024-07-01,31,0,1.414,1,1,2.6271
C125,4.0,10.0,2024-08-01,32,0,1.414,1,1,2.6325
C125,4.0,10.0,2024-09-01,33,0,1.414,1,1,2.5719
C125,4.0,10.0,2024-10-01,34,0,1.414,1,1,2.68
C125,4.0,10.0,2024-11-01,35,0,1.414,1,1,2.6168
C125,4.0,10.0,2024-12-01,36,0,1.414,1,1,2.6262
C126,5.0,10.0,2022-01-01,1,0,1.0,1,0,2.4621
C126,5.0,10.0,2022-02-01,2,0,1.0,1,0,2.4496
C126,5.0,10.0,2022-03-01,3,0,1.0,1,0,2.4352
C126,5.0,10.0,2022-04-01,4,0,1.0,1,0,2.4608
C126,5.0,10.0,2022-05-01,5,0,1.0,1,0,2.4855
C126,5.0,10.0,2022-06-01,6,0,1.0,1,0,2.4898
C126,5.0,10.0,2022-07-01,7,0,1.0,1,0,2.5141
C126,5.0,10.0,2022-08-01,8,0,1.0,1,0,2.516
C126,5.0,10.0,2022-09-01,9,0,1.0,1,0,2.4909
C126,5.0,10.0,2022-10-01,10,0,1.0,1,0,2.5166
C126,5.0,10.0,2022-11-01,11,0,1.0,1,0,2.5937
C126,5.0,10.0,2022-12-01,12,0,1.0,1,0,2.4827
C126,5.0,10.0,2023-01-01,13,0,1.0,1,0,2.5012
C126,5.0,10.0,2023-02-01,14,0,1.0,1,0,2.5221
C126,5.0,10.0,2023-03-01,15,0,1.0,1,0,2.5029
C126,5.0,10.0,2023-04-01,16,0,1.0,1,0,2.5199
C126,5.0,10.0,2023-05-01,17,0,1.0,1,0,2.5543
C126,5.0,10.0,2023-06-01,18,0,1.0,1,0,2.4775
C126,5.0,10.0,2023-07-01,19,0,1.0,1,0,2.5599
C126,5.0,10.0,2023-08-01,20,0,1.0,1,0,2.574
C126,5.0,10.0,2023-09-01,21,0,1.0,1,0,2.507
C126,5.0,10.0,2023-10-01,22,0,1.0,1,0,2.5509
C126,5.0,10.0,2023-11-01,23,0,1.0,1,0,2.5479
C126,5.0,10.0,2023-12-01,24,0,1.0,1,0,2.5762
C126,5.0,10.0,2024-01-01,25,0,1.0,1,1,2.5514
C126,5.0,10.0,2024-02-01,26,0,1.0,1,1,2.5542
C126,5.0,10.0,2024-03-01,27,0,1.0,1,1,2.5364
C126,5.0,10.0,2024-04-01,28,0,1.0,1,1,2.5647
C126,5.0,10.0,2024-05-01,29,0,1.0,1,1,2.5845
C126,5.0,10.0,2024-06-01,30,0,1.0,1,1,2.5098
C126,5.0,10.0,2024-07-01,31,0,1.0,1,1,2.5928
C126,5.0,10.0,2024-08-01,32,0,1.0,1,1,2.5625
C126,5.0,10.0,2024-09-01,33,0,1.0,1,1,2.6088
C126,5.0,10.0,2024-10-01,34,0,1.0,1,1,2.555
C126,5.0,10.0,2024-11-01,35,0,1.0,1,1,2.6246
C126,5.0,10.0,2024-12-01,36,0,1.0,1,1,2.6015
C127,6.0,10.0,2022-01-01,1,0,1.414,1,0,2.0857
C127,6.0,10.0,2022-02-01,2,0,1.414,1,0,2.0928
C127,6.0,10.0,2022-03-01,3,0,1.414,1,0,2.175
C127,6.0,10.0,2022-04-01,4,0,1.414,1,0,2.1102
C127,6.0,10.0,2022-05-01,5,0,1.414,1,0,2.1349
C127,6.0,10.0,2022-06-01,6,0,1.414,1,0,2.1505
C127,6.0,10.0,2022-07-01,7,0,1.414,1,0,2.1086
C127,6.0,10.0,2022-08-01,8,0,1.414,1,0,2.1461
C127,6.0,10.0,2022-09-01,9,0,1.414,1,0,2.1183
C127,6.0,10.0,2022-10-01,10,0,1.414,1,0,2.1422
C127,6.0,10.0,2022-11-01,11,0,1.414,1,0,2.1301
C127,6.0,10.0,2022-12-01,12,0,1.414,1,0,2.1671
C127,6.0,10.0,2023-01-01,13,0,1.414,1,0,2.1322
C127,6.0,10.0,2023-02-01,14,0,1.414,1,0,2.102
C127,6.0,10.0,2023-03-01,15,0,1.414,1,0,2.1476
C127,6.0,10.0,2023-04-01,16,0,1.414,1,0,2.2099
C127,6.0,10.0,2023-05-01,17,0,1.414,1,0,2.162
C127,6.0,10.0,2023-06-01,18,0,1.414,1,0,2.1769
C127,6.0,10.0,2023-07-01,19,0,1.414,1,0,2.1661
C127,6.0,10.0,2023-08-01,20,0,1.414,1,0,2.145
C127,6.0,10.0,2023-09-01,21,0,1.414,1,0,2.1742
C127,6.0,10.0,2023-10-01,22,0,1.414,1,0,2.2066
C127,6.0,10.0,2023-11-01,23,0,1.414,1,0,2.1962
C127,6.0,10.0,2023-12-01,24,0,1.414,1,0,2.2151
C127,6.0,10.0,2024-01-01,25,0,1.414,1,1,2.2129
C127,6.0,10.0,2024-02-01,26,0,1.414,1,1,2.2143
C127,6.0,10.0,2024-03-01,27,0,1.414,1,1,2.239
C127,6.0,10.0,2024-04-01,28,0,1.414,1,1,2.2129
C127,6.0,10.0,2024-05-01,29,0,1.414,1,1,2.2347
C127,6.0,10.0,2024-06-01,30,0,1.414,1,1,2.2776
C127,6.0,10.0,2024-07-01,31,0,1.414,1,1,2.2221
C127,6.0,10.0,2024-08-01,32,0,1.414,1,1,2.2187
C127,6.0,10.0,2024-09-01,33,0,1.414,1,1,2.2801
C127,6.0,10.0,2024-10-01,34,0,1.414,1,1,2.208
C127,6.0,10.0,2024-11-01,35,0,1.414,1,1,2.2034
C127,6.0,10.0,2024-12-01,36,0,1.414,1,1,2.2861
C128,7.0,10.0,2022-01-01,1,0,2.236,0,0,2.6659
C128,7.0,10.0,2022-02-01,2,0,2.236,0,0,2.7007
C128,7.0,10.0,2022-03-01,3,0,2.236,0,0,2.6299
C128,7.0,10.0,2022-04-01,4,0,2.236,0,0,2.6376
C128,7.0,10.0,2022-05-01,5,0,2.236,0,0,2.6446
C128,7.0,10.0,2022-06-01,6,0,2.236,0,0,2.69
C128,7.0,10.0,2022-07-01,7,0,2.236,0,0,2.64
C128,7.0,10.0,2022-08-01,8,0,2.236,0,0,2.6401
C128,7.0,10.0,2022-09-01,9,0,2.236,0,0,2.6758
C128,7.0,10.0,2022-10-01,10,0,2.236,0,0,2.6558
C128,7.0,10.0,2022-11-01,11,0,2.236,0,0,2.6622
C128,7.0,10.0,2022-12-01,12,0,2.236,0,0,2.686
C128,7.0,10.0,2023-01-01,13,0,2.236,0,0,2.6981
C128,7.0,10.0,2023-02-01,14,0,2.236,0,0,2.704
C128,7.0,10.0,2023-03-01,15,0,2.236,0,0,2.6699
C128,7.0,10.0,2023-04-01,16,0,2.236,0,0,2.6875
C128,7.0,10.0,2023-05-01,17,0,2.236,0,0,2.7152
C128,7.0,10.0,2023-06-01,18,0,2.236,0,0,2.6803
C128,7.0,10.0,2023-07-01,19,0,2.236,0,0,2.6495
C128,7.0,10.0,2023-08-01,20,0,2.236,0,0,2.7075
C128,7.0,10.0,2023-09-01,21,0,2.236,0,0,2.6829
C128,7.0,10.0,2023-10-01,22,0,2.236,0,0,2.7121
C128,7.0,10.0,2023-11-01,23,0,2.236,0,0,2.7113
C128,7.0,10.0,2023-12-01,24,0,2.236,0,0,2.711
C128,7.0,10.0,2024-01-01,25,0,2.236,0,1,2.7243
C128,7.0,10.0,2024-02-01,26,0,2.236,0,1,2.6804
C128,7.0,10.0,2024-03-01,27,0,2.236,0,1,2.752
C128,7.0,10.0,2024-04-01,28,0,2.236,0,1,2.7003
C128,7.0,10.0,2024-05-01,29,0,2.236,0,1,2.7289
C128,7.0,10.0,2024-06-01,30,0,2.236,0,1,2.7129
C128,7.0,10.0,2024-07-01,31,0,2.236,0,1,2.7202
C128,7.0,10.0,2024-08-01,32,0,2.236,0,1,2.8153
C128,7.0,10.0,2024-09-01,33,0,2.236,0,1,2.6778
C128,7.0,10.0,2024-10-01,34,0,2.236,0,1,2.7375
C128,7.0,10.0,2024-11-01,35,0,2.236,0,1,2.7649
C128,7.0,10.0,2024-12-01,36,0,2.236,0,1,2.7493
C129,8.0,10.0,2022-01-01,1,0,3.162,0,0,2.141
C129,8.0,10.0,2022-02-01,2,0,3.162,0,0,2.1131
C129,8.0,10.0,2022-03-01,3,0,3.162,0,0,2.1114
C129,8.0,10.0,2022-04-01,4,0,3.162,0,0,2.1554
C129,8.0,10.0,2022-05-01,5,0,3.162,0,0,2.0992
C129,8.0,10.0,2022-06-01,6,0,3.162,0,0,2.0602
C129,8.0,10.0,2022-07-01,7,0,3.162,0,0,2.1403
C129,8.0,10.0,2022-08-01,8,0,3.162,0,0,2.1004
C129,8.0,10.0,2022-09-01,9,0,3.162,0,0,2.1645
C129,8.0,10.0,2022-10-01,10,0,3.162,0,0,2.0968
C129,8.0,10.0,2022-11-01,11,0,3.162,0,0,2.1578
C129,8.0,10.0,2022-12-01,12,0,3.162,0,0,2.1235
C129,8.0,10.0,2023-01-01,13,0,3.162,0,0,2.1309
C129,8.0,10.0,2023-02-01,14,0,3.162,0,0,2.0656
C129,8.0,10.0,2023-03-01,15,0,3.162,0,0,2.1124
C129,8.0,10.0,2023-04-01,16,0,3.162,0,0,2.1349
C129,8.0,10.0,2023-05-01,17,0,3.162,0,0,2.1475
C129,8.0,10.0,2023-06-01,18,0,3.162,0,0,2.1747
C129,8.0,10.0,2023-07-01,19,0,3.162,0,0,2.1602
C129,8.0,10.0,2023-08-01,20,0,3.162,0,0,2.1065
C129,8.0,10.0,2023-09-01,21,0,3.162,0,0,2.1458
C129,8.0,10.0,2023-10-01,22,0,3.162,0,0,2.1843
C129,8.0,10.0,2023-11-01,23,0,3.162,0,0,2.1214
C129,8.0,10.0,2023-12-01,24,0,3.162,0,0,2.1698
C129,8.0,10.0,2024-01-01,25,0,3.162,0,1,2.2034
C129,8.0,10.0,2024-02-01,26,0,3.162,0,1,2.1459
C129,8.0,10.0,2024-03-01,27,0,3.162,0,1,2.207
C129,8.0,10.0,2024-04-01,28,0,3.162,0,1,2.1765
C129,8.0,10.0,2024-05-01,29,0,3.162,0,1,2.1203
C129,8.0,10.0,2024-06-01,30,0,3.162,0,1,2.1621
C129,8.0,10.0,2024-07-01,31,0,3.162,0,1,2.204
C129,8.0,10.0,2024-08-01,32,0,3.162,0,1,2.1792
C129,8.0,10.0,2024-09-01,33,0,3.162,0,1,2.1297
C129,8.0,10.0,2024-10-01,34,0,3.162,0,1,2.1857
C129,8.0,10.0,2024-11-01,35,0,3.162,0,1,2.2154
C129,8.0,10.0,2024-12-01,36,0,3.162,0,1,2.1995
C130,9.0,10.0,2022-01-01,1,0,4.123,0,0,2.3081
C130,9.0,10.0,2022-02-01,2,0,4.123,0,0,2.3068
C130,9.0,10.0,2022-03-01,3,0,4.123,0,0,2.2439
C130,9.0,10.0,2022-04-01,4,0,4.123,0,0,2.3249
C130,9.0,10.0,2022-05-01,5,0,4.123,0,0,2.3384
C130,9.0,10.0,2022-06-01,6,0,4.123,0,0,2.3337
C130,9.0,10.0,2022-07-01,7,0,4.123,0,0,2.3532
C130,9.0,10.0,2022-08-01,8,0,4.123,0,0,2.3518
C130,9.0,10.0,2022-09-01,9,0,4.123,0,0,2.2811
C130,9.0,10.0,2022-10-01,10,0,4.123,0,0,2.3648
C130,9.0,10.0,2022-11-01,11,0,4.123,0,0,2.3526
C130,9.0,10.0,2022-12-01,12,0,4.123,0,0,2.3646
C130,9.0,10.0,2023-01-01,13,0,4.123,0,0,2.3675
C130,9.0,10.0,2023-02-01,14,0,4.123,0,0,2.385
C130,9.0,10.0,2023-03-01,15,0,4.123,0,0,2.3896
C130,9.0,10.0,2023-04-01,16,0,4.123,0,0,2.3549
C130,9.0,10.0,2023-05-01,17,0,4.123,0,0,2.3687
C130,9.0,10.0,2023-06-01,18,0,4.123,0,0,2.405
C130,9.0,10.0,2023-07-01,19,0,4.123,0,0,2.4261
C130,9.0,10.0,2023-08-01,20,0,4.123,0,0,2.326
C130,9.0,10.0,2023-09-01,21,0,4.123,0,0,2.3666
C130,9.0,10.0,2023-10-01,22,0,4.123,0,0,2.3499
C130,9.0,10.0,2023-11-01,23,0,4.123,0,0,2.3785
C130,9.0,10.0,2023-12-01,24,0,4.123,0,0,2.3794
C130,9.0,10.0,2024-01-01,25,0,4.123,0,1,2.4014
C130,9.0,10.0,2024-02-01,26,0,4.123,0,1,2.3693
C130,9.0,10.0,2024-03-01,27,0,4.123,0,1,2.4235
C130,9.0,10.0,2024-04-01,28,0,4.123,0,1,2.4524
C130,9.0,10.0,2024-05-01,29,0,4.123,0,1,2.3806
C130,9.0,10.0,2024-06-01,30,0,4.123,0,1,2.4649
C130,9.0,10.0,2024-07-01,31,0,4.123,0,1,2.4201
C130,9.0,10.0,2024-08-01,32,0,4.123,0,1,2.3675
C130,9.0,10.0,2024-09-01,33,0,4.123,0,1,2.3904
C130,9.0,10.0,2024-10-01,34,0,4.123,0,1,2.4322
C130,9.0,10.0,2024-11-01,35,0,4.123,0,1,2.4351
C130,9.0,10.0,2024-12-01,36,0,4.123,0,1,2.4366
C131,10.0,10.0,2022-01-01,1,0,5.099,0,0,2.7729
C131,10.0,10.0,2022-02-01,2,0,5.099,0,0,2.7627
C131,10.0,10.0,2022-03-01,3,0,5.099,0,0,2.7912
C131,10.0,10.0,2022-04-01,4,0,5.099,0,0,2.7452
C131,10.0,10.0,2022-05-01,5,0,5.099,0,0,2.7513
C131,10.0,10.0,2022-06-01,6,0,5.099,0,0,2.7928
C131,10.0,10.0,2022-07-01,7,0,5.099,0,0,2.7775
C131,10.0,10.0,2022-08-01,8,0,5.099,0,0,2.7688
C131,10.0,10.0,2022-09-01,9,0,5.099,0,0,2.7668
C131,10.0,10.0,2022-10-01,10,0,5.099,0,0,2.8055
C131,10.0,10.0,2022-11-01,11,0,5.099,0,0,2.8142
C131,10.0,10.0,2022-12-01,12,0,5.099,0,0,2.833
C131,10.0,10.0,2023-01-01,13,0,5.099,0,0,2.7914
C131,10.0,10.0,2023-02-01,14,0,5.099,0,0,2.8174
C131,10.0,10.0,2023-03-01,15,0,5.099,0,0,2.8299
C131,10.0,10.0,2023-04-01,16,0,5.099,0,0,2.8319
C131,10.0,10.0,2023-05-01,17,0,5.099,0,0,2.8537
C131,10.0,10.0,2023-06-01,18,0,5.099,0,0,2.8481
C131,10.0,10.0,2023-07-01,19,0,5.099,0,0,2.7991
C131,10.0,10.0,2023-08-01,20,0,5.099,0,0,2.8417
C131,10.0,10.0,2023-09-01,21,0,5.099,0,0,2.7843
C131,10.0,10.0,2023-10-01,22,0,5.099,0,0,2.8608
C131,10.0,10.0,2023-11-01,23,0,5.099,0,0,2.8807
C131,10.0,10.0,2023-12-01,24,0,5.099,0,0,2.7983
C131,10.0,10.0,2024-01-01,25,0,5.099,0,1,2.86
C131,10.0,10.0,2024-02-01,26,0,5.099,0,1,2.8238
C131,10.0,10.0,2024-03-01,27,0,5.099,0,1,2.8113
C131,10.0,10.0,2024-04-01,28,0,5.099,0,1,2.853
C131,10.0,10.0,2024-05-01,29,0,5.099,0,1,2.8185
C131,10.0,10.0,2024-06-01,30,0,5.099,0,1,2.8969
C131,10.0,10.0,2024-07-01,31,0,5.099,0,1,2.8088
C131,10.0,10.0,2024-08-01,32,0,5.099,0,1,2.8244
C131,10.0,10.0,2024-09-01,33,0,5.099,0,1,2.8664
C131,10.0,10.0,2024-10-01,34,0,5.099,0,1,2.8513
C131,10.0,10.0,2024-11-01,35,0,5.099,0,1,2.9175
C131,10.0,10.0,2024-12-01,36,0,5.099,0,1,2.8876
C132,11.0,10.0,2022-01-01,1,0,6.083,0,0,2.4127
C132,11.0,10.0,2022-02-01,2,0,6.083,0,0,2.4205
C132,11.0,10.0,2022-03-01,3,0,6.083,0,0,2.3944
C132,11.0,10.0,2022-04-01,4,0,6.083,0,0,2.4281
C132,11.0,10.0,2022-05-01,5,0,6.083,0,0,2.4371
C132,11.0,10.0,2022-06-01,6,0,6.083,0,0,2.4162
C132,11.0,10.0,2022-07-01,7,0,6.083,0,0,2.474
C132,11.0,10.0,2022-08-01,8,0,6.083,0,0,2.4646
C132,11.0,10.0,2022-09-01,9,0,6.083,0,0,2.4643
C132,11.0,10.0,2022-10-01,10,0,6.083,0,0,2.4515
C132,11.0,10.0,2022-11-01,11,0,6.083,0,0,2.4306
C132,11.0,10.0,2022-12-01,12,0,6.083,0,0,2.4442
C132,11.0,10.0,2023-01-01,13,0,6.083,0,0,2.4291
C132,11.0,10.0,2023-02-01,14,0,6.083,0,0,2.4083
C132,11.0,10.0,2023-03-01,15,0,6.083,0,0,2.4823
C132,11.0,10.0,2023-04-01,16,0,6.083,0,0,2.435
C132,11.0,10.0,2023-05-01,17,0,6.083,0,0,2.4166
C132,11.0,10.0,2023-06-01,18,0,6.083,0,0,2.4613
C132,11.0,10.0,2023-07-01,19,0,6.083,0,0,2.487
C132,11.0,10.0,2023-08-01,20,0,6.083,0,0,2.5452
C132,11.0,10.0,2023-09-01,21,0,6.083,0,0,2.4803
C132,11.0,10.0,2023-10-01,22,0,6.083,0,0,2.5156
C132,11.0,10.0,2023-11-01,23,0,6.083,0,0,2.4908
C132,11.0,10.0,2023-12-01,24,0,6.083,0,0,2.5069
C132,11.0,10.0,2024-01-01,25,0,6.083,0,1,2.4797
C132,11.0,10.0,2024-02-01,26,0,6.083,0,1,2.4573
C132,11.0,10.0,2024-03-01,27,0,6.083,0,1,2.5033
C132,11.0,10.0,2024-04-01,28,0,6.083,0,1,2.4493
C132,11.0,10.0,2024-05-01,29,0,6.083,0,1,2.5368
C132,11.0,10.0,2024-06-01,30,0,6.083,0,1,2.5729
C132,11.0,10.0,2024-07-01,31,0,6.083,0,1,2.5011
C132,11.0,10.0,2024-08-01,32,0,6.083,0,1,2.5035
C132,11.0,10.0,2024-09-01,33,0,6.083,0,1,2.5227
C132,11.0,10.0,2024-10-01,34,0,6.083,0,1,2.4976
C132,11.0,10.0,2024-11-01,35,0,6.083,0,1,2.5227
C132,11.0,10.0,2024-12-01,36,0,6.083,0,1,2.5503
C133,0.0,11.0,2022-01-01,1,0,5.385,0,0,2.0796
C133,0.0,11.0,2022-02-01,2,0,5.385,0,0,2.0588
C133,0.0,11.0,2022-03-01,3,0,5.385,0,0,2.0713
C133,0.0,11.0,2022-04-01,4,0,5.385,0,0,2.0593
C133,0.0,11.0,2022-05-01,5,0,5.385,0,0,1.9878
C133,0.0,11.0,2022-06-01,6,0,5.385,0,0,2.1465
C133,0.0,11.0,2022-07-01,7,0,5.385,0,0,2.1339
C133,0.0,11.0,2022-08-01,8,0,5.385,0,0,2.0911
C133,0.0,11.0,2022-09-01,9,0,5.385,0,0,2.0641
C133,0.0,11.0,2022-10-01,10,0,5.385,0,0,2.1062
C133,0.0,11.0,2022-11-01,11,0,5.385,0,0,2.1441
C133,0.0,11.0,2022-12-01,12,0,5.385,0,0,2.1635
C133,0.0,11.0,2023-01-01,13,0,5.385,0,0,2.0929
C133,0.0,11.0,2023-02-01,14,0,5.385,0,0,2.1224
C133,0.0,11.0,2023-03-01,15,0,5.385,0,0,2.1078
C133,0.0,11.0,2023-04-01,16,0,5.385,0,0,2.1009
C133,0.0,11.0,2023-05-01,17,0,5.385,0,0,2.1343
C133,0.0,11.0,2023-06-01,18,0,5.385,0,0,2.136
C133,0.0,11.0,2023-07-01,19,0,5.385,0,0,2.103
C133,0.0,11.0,2023-08-01,20,0,5.385,0,0,2.1013
C133,0.0,11.0,2023-09-01,21,0,5.385,0,0,2.1783
C133,0.0,11.0,2023-10-01,22,0,5.385,0,0,2.1867
C133,0.0,11.0,2023-11-01,23,0,5.385,0,0,2.1364
C133,0.0,11.0,2023-12-01,24,0,5.385,0,0,2.145
C133,0.0,11.0,2024-01-01,25,0,5.385,0,1,2.1447
C133,0.0,11.0,2024-02-01,26,0,5.385,0,1,2.1092
C133,0.0,11.0,2024-03-01,27,0,5.385,0,1,2.2129
C133,0.0,11.0,2024-04-01,28,0,5.385,0,1,2.152
C133,0.0,11.0,2024-05-01,29,0,5.385,0,1,2.1109
C133,0.0,11.0,2024-06-01,30,0,5.385,0,1,2.1561
C133,0.0,11.0,2024-07-01,31,0,5.385,0,1,2.1745
C133,0.0,11.0,2024-08-01,32,0,5.385,0,1,2.1519
C133,0.0,11.0,2024-09-01,33,0,5.385,0,1,2.1326
C133,0.0,11.0,2024-10-01,34,0,5.385,0,1,2.1612
C133,0.0,11.0,2024-11-01,35,0,5.385,0,1,2.0928
C133,0.0,11.0,2024-12-01,36,0,5.385,0,1,2.1684
C134,1.0,11.0,2022-01-01,1,0,4.472,0,0,2.7924
C134,1.0,11.0,2022-02-01,2,0,4.472,0,0,2.7706
C134,1.0,11.0,2022-03-01,3,0,4.472,0,0,2.7852
C134,1.0,11.0,2022-04-01,4,0,4.472,0,0,2.7598
C134,1.0,11.0,2022-05-01,5,0,4.472,0,0,2.7563
C134,1.0,11.0,2022-06-01,6,0,4.472,0,0,2.8696
C134,1.0,11.0,2022-07-01,7,0,4.472,0,0,2.7606
C134,1.0,11.0,2022-08-01,8,0,4.472,0,0,2.7036
C134,1.0,11.0,2022-09-01,9,0,4.472,0,0,2.7972
C134,1.0,11.0,2022-10-01,10,0,4.472,0,0,2.7901
C134,1.0,11.0,2022-11-01,11,0,4.472,0,0,2.7907
C134,1.0,11.0,2022-12-01,12,0,4.472,0,0,2.7873
C134,1.0,11.0,2023-01-01,13,0,4.472,0,0,2.7633
C134,1.0,11.0,2023-02-01,14,0,4.472,0,0,2.7636
C134,1.0,11.0,2023-03-01,15,0,4.472,0,0,2.7978
C134,1.0,11.0,2023-04-01,16,0,4.472,0,0,2.8129
C134,1.0,11.0,2023-05-01,17,0,4.472,0,0,2.7836
C134,1.0,11.0,2023-06-01,18,0,4.472,0,0,2.7634
C134,1.0,11.0,2023-07-01,19,0,4.472,0,0,2.7731
C134,1.0,11.0,2023-08-01,20,0,4.472,0,0,2.7845
C134,1.0,11.0,2023-09-01,21,0,4.472,0,0,2.7691
C134,1.0,11.0,2023-10-01,22,0,4.472,0,0,2.7734
C134,1.0,11.0,2023-11-01,23,0,4.472,0,0,2.8402
C134,1.0,11.0,2023-12-01,24,0,4.472,0,0,2.7649
C134,1.0,11.0,2024-01-01,25,0,4.472,0,1,2.8547
C134,1.0,11.0,2024-02-01,26,0,4.472,0,1,2.8085
C134,1.0,11.0,2024-03-01,27,0,4.472,0,1,2.8483
C134,1.0,11.0,2024-04-01,28,0,4.472,0,1,2.7959
C134,1.0,11.0,2024-05-01,29,0,4.472,0,1,2.8539
C134,1.0,11.0,2024-06-01,30,0,4.472,0,1,2.8665
C134,1.0,11.0,2024-07-01,31,0,4.472,0,1,2.7917
C134,1.0,11.0,2024-08-01,32,0,4.472,0,1,2.8119
C134,1.0,11.0,2024-09-01,33,0,4.472,0,1,2.8866
C134,1.0,11.0,2024-10-01,34,0,4.472,0,1,2.8245
C134,1.0,11.0,2024-11-01,35,0,4.472,0,1,2.8567
C134,1.0,11.0,2024-12-01,36,0,4.472,0,1,2.864
C135,2.0,11.0,2022-01-01,1,0,3.606,0,0,1.9021
C135,2.0,11.0,2022-02-01,2,0,3.606,0,0,1.9713
C135,2.0,11.0,2022-03-01,3,0,3.606,0,0,1.9258
C135,2.0,11.0,2022-04-01,4,0,3.606,0,0,1.9217
C135,2.0,11.0,2022-05-01,5,0,3.606,0,0,1.9349
C135,2.0,11.0,2022-06-01,6,0,3.606,0,0,1.9066
C135,2.0,11.0,2022-07-01,7,0,3.606,0,0,1.9596
C135,2.0,11.0,2022-08-01,8,0,3.606,0,0,1.9425
C135,2.0,11.0,2022-09-01,9,0,3.606,0,0,1.987
C135,2.0,11.0,2022-10-01,10,0,3.606,0,0,1.9547
C135,2.0,11.0,2022-11-01,11,0,3.606,0,0,1.9977
C135,2.0,11.0,2022-12-01,12,0,3.606,0,0,1.9137
C135,2.0,11.0,2023-01-01,13,0,3.606,0,0,1.9668
C135,2.0,11.0,2023-02-01,14,0,3.606,0,0,1.9702
C135,2.0,11.0,2023-03-01,15,0,3.606,0,0,1.9717
C135,2.0,11.0,2023-04-01,16,0,3.606,0,0,2.0249
C135,2.0,11.0,2023-05-01,17,0,3.606,0,0,1.9875
C135,2.0,11.0,2023-06-01,18,0,3.606,0,0,1.9953
C135,2.0,11.0,2023-07-01,19,0,3.606,0,0,1.983
C135,2.0,11.0,2023-08-01,20,0,3.606,0,0,1.9906
C135,2.0,11.0,2023-09-01,21,0,3.606,0,0,2.0041
C135,2.0,11.0,2023-10-01,22,0,3.606,0,0,1.9976
C135,2.0,11.0,2023-11-01,23,0,3.606,0,0,2.0039
C135,2.0,11.0,2023-12-01,24,0,3.606,0,0,2.0332
C135,2.0,11.0,2024-01-01,25,0,3.606,0,1,2.0058
C135,2.0,11.0,2024-02-01,26,0,3.606,0,1,1.9998
C135,2.0,11.0,2024-03-01,27,0,3.606,0,1,1.982
C135,2.0,11.0,2024-04-01,28,0,3.606,0,1,1.999
C135,2.0,11.0,2024-05-01,29,0,3.606,0,1,2.0058
C135,2.0,11.0,2024-06-01,30,0,3.606,0,1,2.0003
C135,2.0,11.0,2024-07-01,31,0,3.606,0,1,2.0719
C135,2.0,11.0,2024-08-01,32,0,3.606,0,1,2.0459
C135,2.0,11.0,2024-09-01,33,0,3.606,0,1,2.0127
C135,2.0,11.0,2024-10-01,34,0,3.606,0,1,2.0283
C135,2.0,11.0,2024-11-01,35,0,3.606,0,1,1.9852
C135,2.0,11.0,2024-12-01,36,0,3.606,0,1,2.027
C136,3.0,11.0,2022-01-01,1,0,2.828,0,0,2.5358
C136,3.0,11.0,2022-02-01,2,0,2.828,0,0,2.5074
C136,3.0,11.0,2022-03-01,3,0,2.828,0,0,2.5194
C136,3.0,11.0,2022-04-01,4,0,2.828,0,0,2.5564
C136,3.0,11.0,2022-05-01,5,0,2.828,0,0,2.5531
C136,3.0,11.0,2022-06-01,6,0,2.828,0,0,2.4844
C136,3.0,11.0,2022-07-01,7,0,2.828,0,0,2.5757
C136,3.0,11.0,2022-08-01,8,0,2.828,0,0,2.5166
C136,3.0,11.0,2022-09-01,9,0,2.828,0,0,2.5367
C136,3.0,11.0,2022-10-01,10,0,2.828,0,0,2.5621
C136,3.0,11.0,2022-11-01,11,0,2.828,0,0,2.5354
C136,3.0,11.0,2022-12-01,12,0,2.828,0,0,2.5837
C136,3.0,11.0,2023-01-01,13,0,2.828,0,0,2.5285
C136,3.0,11.0,2023-02-01,14,0,2.828,0,0,2.557
C136,3.0,11.0,2023-03-01,15,0,2.828,0,0,2.5354
C136,3.0,11.0,2023-04-01,16,0,2.828,0,0,2.5395
C136,3.0,11.0,2023-05-01,17,0,2.828,0,0,2.5812
C136,3.0,11.0,2023-06-01,18,0,2.828,0,0,2.5312
C136,3.0,11.0,2023-07-01,19,0,2.828,0,0,2.5767
C136,3.0,11.0,2023-08-01,20,0,2.828,0,0,2.5899
C136,3.0,11.0,2023-09-01,21,0,2.828,0,0,2.6265
C136,3.0,11.0,2023-10-01,22,0,2.828,0,0,2.6159
C136,3.0,11.0,2023-11-01,23,0,2.828,0,0,2.593
C136,3.0,11.0,2023-12-01,24,0,2.828,0,0,2.5891
C136,3.0,11.0,2024-01-01,25,0,2.828,0,1,2.5356
C136,3.0,11.0,2024-02-01,26,0,2.828,0,1,2.5577
C136,3.0,11.0,2024-03-01,27,0,2.828,0,1,2.5734
C136,3.0,11.0,2024-04-01,28,0,2.828,0,1,2.6407
C136,3.0,11.0,2024-05-01,29,0,2.828,0,1,2.6384
C136,3.0,11.0,2024-06-01,30,0,2.828,0,1,2.5915
C136,3.0,11.0,2024-07-01,31,0,2.828,0,1,2.6269
C136,3.0,11.0,2024-08-01,32,0,2.828,0,1,2.6648
C136,3.0,11.0,2024-09-01,33,0,2.828,0,1,2.6549
C136,3.0,11.0,2024-10-01,34,0,2.828,0,1,2.6241
C136,3.0,11.0,2024-11-01,35,0,2.828,0,1,2.5908
C136,3.0,11.0,2024-12-01,36,0,2.828,0,1,2.5802
C137,4.0,11.0,2022-01-01,1,0,2.236,0,0,2.2683
C137,4.0,11.0,2022-02-01,2,0,2.236,0,0,2.2469
C137,4.0,11.0,2022-03-01,3,0,2.236,0,0,2.3369
C137,4.0,11.0,2022-04-01,4,0,2.236,0,0,2.2822
C137,4.0,11.0,2022-05-01,5,0,2.236,0,0,2.2941
C137,4.0,11.0,2022-06-01,6,0,2.236,0,0,2.2546
C137,4.0,11.0,2022-07-01,7,0,2.236,0,0,2.2815
C137,4.0,11.0,2022-08-01,8,0,2.236,0,0,2.3345
C137,4.0,11.0,2022-09-01,9,0,2.236,0,0,2.3533
C137,4.0,11.0,2022-10-01,10,0,2.236,0,0,2.3213
C137,4.0,11.0,2022-11-01,11,0,2.236,0,0,2.3216
C137,4.0,11.0,2022-12-01,12,0,2.236,0,0,2.3038
C137,4.0,11.0,2023-01-01,13,0,2.236,0,0,2.3134
C137,4.0,11.0,2023-02-01,14,0,2.236,0,0,2.3713
C137,4.0,11.0,2023-03-01,15,0,2.236,0,0,2.3198
C137,4.0,11.0,2023-04-01,16,0,2.236,0,0,2.2766
C137,4.0,11.0,2023-05-01,17,0,2.236,0,0,2.3241
C137,4.0,11.0,2023-06-01,18,0,2.236,0,0,2.3586
C137,4.0,11.0,2023-07-01,19,0,2.236,0,0,2.3593
C137,4.0,11.0,2023-08-01,20,0,2.236,0,0,2.3405
C137,4.0,11.0,2023-09-01,21,0,2.236,0,0,2.3947
C137,4.0,11.0,2023-10-01,22,0,2.236,0,0,2.3318
C137,4.0,11.0,2023-11-01,23,0,2.236,0,0,2.3748
C137,4.0,11.0,2023-12-01,24,0,2.236,0,0,2.3751
C137,4.0,11.0,2024-01-01,25,0,2.236,0,1,2.2958
C137,4.0,11.0,2024-02-01,26,0,2.236,0,1,2.3612
C137,4.0,11.0,2024-03-01,27,0,2.236,0,1,2.3327
C137,4.0,11.0,2024-04-01,28,0,2.236,0,1,2.4281
C137,4.0,11.0,2024-05-01,29,0,2.236,0,1,2.3836
C137,4.0,11.0,2024-06-01,30,0,2.236,0,1,2.3891
C137,4.0,11.0,2024-07-01,31,0,2.236,0,1,2.4144
C137,4.0,11.0,2024-08-01,32,0,2.236,0,1,2.3729
C137,4.0,11.0,2024-09-01,33,0,2.236,0,1,2.3678
C137,4.0,11.0,2024-10-01,34,0,2.236,0,1,2.3801
C137,4.0,11.0,2024-11-01,35,0,2.236,0,1,2.434
C137,4.0,11.0,2024-12-01,36,0,2.236,0,1,2.4498
C138,5.0,11.0,2022-01-01,1,0,2.0,1,0,2.8102
C138,5.0,11.0,2022-02-01,2,0,2.0,1,0,2.8497
C138,5.0,11.0,2022-03-01,3,0,2.0,1,0,2.8619
C138,5.0,11.0,2022-04-01,4,0,2.0,1,0,2.8707
C138,5.0,11.0,2022-05-01,5,0,2.0,1,0,2.8755
C138,5.0,11.0,2022-06-01,6,0,2.0,1,0,2.8643
C138,5.0,11.0,2022-07-01,7,0,2.0,1,0,2.8116
C138,5.0,11.0,2022-08-01,8,0,2.0,1,0,2.8214
C138,5.0,11.0,2022-09-01,9,0,2.0,1,0,2.8616
C138,5.0,11.0,2022-10-01,10,0,2.0,1,0,2.9025
C138,5.0,11.0,2022-11-01,11,0,2.0,1,0,2.867
C138,5.0,11.0,2022-12-01,12,0,2.0,1,0,2.8357
C138,5.0,11.0,2023-01-01,13,0,2.0,1,0,2.9136
C138,5.0,11.0,2023-02-01,14,0,2.0,1,0,2.8445
C138,5.0,11.0,2023-03-01,15,0,2.0,1,0,2.9325
C138,5.0,11.0,2023-04-01,16,0,2.0,1,0,2.8736
C138,5.0,11.0,2023-05-01,17,0,2.0,1,0,2.8556
C138,5.0,11.0,2023-06-01,18,0,2.0,1,0,2.8439
C138,5.0,11.0,2023-07-01,19,0,2.0,1,0,2.9178
C138,5.0,11.0,2023-08-01,20,0,2.0,1,0,2.8829
C138,5.0,11.0,2023-09-01,21,0,2.0,1,0,2.8968
C138,5.0,11.0,2023-10-01,22,0,2.0,1,0,2.9483
C138,5.0,11.0,2023-11-01,23,0,2.0,1,0,2.8111
C138,5.0,11.0,2023-12-01,24,0,2.0,1,0,2.9441
C138,5.0,11.0,2024-01-01,25,0,2.0,1,1,2.8914
C138,5.0,11.0,2024-02-01,26,0,2.0,1,1,2.9531
C138,5.0,11.0,2024-03-01,27,0,2.0,1,1,2.9146
C138,5.0,11.0,2024-04-01,28,0,2.0,1,1,2.9343
C138,5.0,11.0,2024-05-01,29,0,2.0,1,1,2.8849
C138,5.0,11.0,2024-06-01,30,0,2.0,1,1,2.9009
C138,5.0,11.0,2024-07-01,31,0,2.0,1,1,2.9854
C138,5.0,11.0,2024-08-01,32,0,2.0,1,1,2.9715
C138,5.0,11.0,2024-09-01,33,0,2.0,1,1,2.9703
C138,5.0,11.0,2024-10-01,34,0,2.0,1,1,2.9369
C138,5.0,11.0,2024-11-01,35,0,2.0,1,1,2.9851
C138,5.0,11.0,2024-12-01,36,0,2.0,1,1,2.9623
C139,6.0,11.0,2022-01-01,1,0,2.236,0,0,2.6545
C139,6.0,11.0,2022-02-01,2,0,2.236,0,0,2.5978
C139,6.0,11.0,2022-03-01,3,0,2.236,0,0,2.585
C139,6.0,11.0,2022-04-01,4,0,2.236,0,0,2.6084
C139,6.0,11.0,2022-05-01,5,0,2.236,0,0,2.6413
C139,6.0,11.0,2022-06-01,6,0,2.236,0,0,2.6706
C139,6.0,11.0,2022-07-01,7,0,2.236,0,0,2.6818
C139,6.0,11.0,2022-08-01,8,0,2.236,0,0,2.6657
C139,6.0,11.0,2022-09-01,9,0,2.236,0,0,2.6844
C139,6.0,11.0,2022-10-01,10,0,2.236,0,0,2.6748
C139,6.0,11.0,2022-11-01,11,0,2.236,0,0,2.6792
C139,6.0,11.0,2022-12-01,12,0,2.236,0,0,2.6981
C139,6.0,11.0,2023-01-01,13,0,2.236,0,0,2.6498
C139,6.0,11.0,2023-02-01,14,0,2.236,0,0,2.6399
C139,6.0,11.0,2023-03-01,15,0,2.236,0,0,2.6364
C139,6.0,11.0,2023-04-01,16,0,2.236,0,0,2.6975
C139,6.0,11.0,2023-05-01,17,0,2.236,0,0,2.6753
C139,6.0,11.0,2023-06-01,18,0,2.236,0,0,2.6381
C139,6.0,11.0,2023-07-01,19,0,2.236,0,0,2.699
C139,6.0,11.0,2023-08-01,20,0,2.236,0,0,2.6663
C139,6.0,11.0,2023-09-01,21,0,2.236,0,0,2.7322
C139,6.0,11.0,2023-10-01,22,0,2.236,0,0,2.6944
C139,6.0,11.0,2023-11-01,23,0,2.236,0,0,2.7488
C139,6.0,11.0,2023-12-01,24,0,2.236,0,0,2.7593
C139,6.0,11.0,2024-01-01,25,0,2.236,0,1,2.7119
C139,6.0,11.0,2024-02-01,26,0,2.236,0,1,2.6765
C139,6.0,11.0,2024-03-01,27,0,2.236,0,1,2.6744
C139,6.0,11.0,2024-04-01,28,0,2.236,0,1,2.7205
C139,6.0,11.0,2024-05-01,29,0,2.236,0,1,2.6487
C139,6.0,11.0,2024-06-01,30,0,2.236,0,1,2.7471
C139,6.0,11.0,2024-07-01,31,0,2.236,0,1,2.7559
C139,6.0,11.0,2024-08-01,32,0,2.236,0,1,2.7039
C139,6.0,11.0,2024-09-01,33,0,2.236,0,1,2.6983
C139,6.0,11.0,2024-10-01,34,0,2.236,0,1,2.6394
C139,6.0,11.0,2024-11-01,35,0,2.236,0,1,2.7883
C139,6.0,11.0,2024-12-01,36,0,2.236,0,1,2.7288
C140,7.0,11.0,2022-01-01,1,0,2.828,0,0,2.5774
C140,7.0,11.0,2022-02-01,2,0,2.828,0,0,2.6292
C140,7.0,11.0,2022-03-01,3,0,2.828,0,0,2.6469
C140,7.0,11.0,2022-04-01,4,0,2.828,0,0,2.6117
C140,7.0,11.0,2022-05-01,5,0,2.828,0,0,2.6244
C140,7.0,11.0,2022-06-01,6,0,2.828,0,0,2.6527
C140,7.0,11.0,2022-07-01,7,0,2.828,0,0,2.6037
C140,7.0,11.0,2022-08-01,8,0,2.828,0,0,2.6334
C140,7.0,11.0,2022-09-01,9,0,2.828,0,0,2.6582
C140,7.0,11.0,2022-10-01,10,0,2.828,0,0,2.6522
C140,7.0,11.0,2022-11-01,11,0,2.828,0,0,2.6004
C140,7.0,11.0,2022-12-01,12,0,2.828,0,0,2.675
C140,7.0,11.0,2023-01-01,13,0,2.828,0,0,2.6436
C140,7.0,11.0,2023-02-01,14,0,2.828,0,0,2.6164
C140,7.0,11.0,2023-03-01,15,0,2.828,0,0,2.6222
C140,7.0,11.0,2023-04-01,16,0,2.828,0,0,2.6465
C140,7.0,11.0,2023-05-01,17,0,2.828,0,0,2.651
C140,7.0,11.0,2023-06-01,18,0,2.828,0,0,2.6507
C140,7.0,11.0,2023-07-01,19,0,2.828,0,0,2.6567
C140,7.0,11.0,2023-08-01,20,0,2.828,0,0,2.6489
C140,7.0,11.0,2023-09-01,21,0,2.828,0,0,2.6177
C140,7.0,11.0,2023-10-01,22,0,2.828,0,0,2.6603
C140,7.0,11.0,2023-11-01,23,0,2.828,0,0,2.6827
C140,7.0,11.0,2023-12-01,24,0,2.828,0,0,2.6896
C140,7.0,11.0,2024-01-01,25,0,2.828,0,1,2.697
C140,7.0,11.0,2024-02-01,26,0,2.828,0,1,2.6499
C140,7.0,11.0,2024-03-01,27,0,2.828,0,1,2.628
C140,7.0,11.0,2024-04-01,28,0,2.828,0,1,2.6883
C140,7.0,11.0,2024-05-01,29,0,2.828,0,1,2.6549
C140,7.0,11.0,2024-06-01,30,0,2.828,0,1,2.7205
C140,7.0,11.0,2024-07-01,31,0,2.828,0,1,2.7329
C140,7.0,11.0,2024-08-01,32,0,2.828,0,1,2.7012
C140,7.0,11.0,2024-09-01,33,0,2.828,0,1,2.674
C140,7.0,11.0,2024-10-01,34,0,2.828,0,1,2.6979
C140,7.0,11.0,2024-11-01,35,0,2.828,0,1,2.6978
C140,7.0,11.0,2024-12-01,36,0,2.828,0,1,2.7359
C141,8.0,11.0,2022-01-01,1,0,3.606,0,0,2.2764
C141,8.0,11.0,2022-02-01,2,0,3.606,0,0,2.3432
C141,8.0,11.0,2022-03-01,3,0,3.606,0,0,2.4126
C141,8.0,11.0,2022-04-01,4,0,3.606,0,0,2.3058
C141,8.0,11.0,2022-05-01,5,0,3.606,0,0,2.3677
C141,8.0,11.0,2022-06-01,6,0,3.606,0,0,2.3218
C141,8.0,11.0,2022-07-01,7,0,3.606,0,0,2.3774
C141,8.0,11.0,2022-08-01,8,0,3.606,0,0,2.4249
C141,8.0,11.0,2022-09-01,9,0,3.606,0,0,2.3728
C141,8.0,11.0,2022-10-01,10,0,3.606,0,0,2.3851
C141,8.0,11.0,2022-11-01,11,0,3.606,0,0,2.3739
C141,8.0,11.0,2022-12-01,12,0,3.606,0,0,2.4238
C141,8.0,11.0,2023-01-01,13,0,3.606,0,0,2.4
C141,8.0,11.0,2023-02-01,14,0,3.606,0,0,2.4014
C141,8.0,11.0,2023-03-01,15,0,3.606,0,0,2.4298
C141,8.0,11.0,2023-04-01,16,0,3.606,0,0,2.4221
C141,8.0,11.0,2023-05-01,17,0,3.606,0,0,2.4178
C141,8.0,11.0,2023-06-01,18,0,3.606,0,0,2.3827
C141,8.0,11.0,2023-07-01,19,0,3.606,0,0,2.4102
C141,8.0,11.0,2023-08-01,20,0,3.606,0,0,2.4657
C141,8.0,11.0,2023-09-01,21,0,3.606,0,0,2.4064
C141,8.0,11.0,2023-10-01,22,0,3.606,0,0,2.385
C141,8.0,11.0,2023-11-01,23,0,3.606,0,0,2.4187
C141,8.0,11.0,2023-12-01,24,0,3.606,0,0,2.3854
C141,8.0,11.0,2024-01-01,25,0,3.606,0,1,2.4486
C141,8.0,11.0,2024-02-01,26,0,3.606,0,1,2.4599
C141,8.0,11.0,2024-03-01,27,0,3.606,0,1,2.4152
C141,8.0,11.0,2024-04-01,28,0,3.606,0,1,2.4101
C141,8.0,11.0,2024-05-01,29,0,3.606,0,1,2.4069
C141,8.0,11.0,2024-06-01,30,0,3.606,0,1,2.4708
C141,8.0,11.0,2024-07-01,31,0,3.606,0,1,2.4989
C141,8.0,11.0,2024-08-01,32,0,3.606,0,1,2.4818
C141,8.0,11.0,2024-09-01,33,0,3.606,0,1,2.4639
C141,8.0,11.0,2024-10-01,34,0,3.606,0,1,2.4012
C141,8.0,11.0,2024-11-01,35,0,3.606,0,1,2.4912
C141,8.0,11.0,2024-12-01,36,0,3.606,0,1,2.4471
C142,9.0,11.0,2022-01-01,1,0,4.472,0,0,2.5288
C142,9.0,11.0,2022-02-01,2,0,4.472,0,0,2.4978
C142,9.0,11.0,2022-03-01,3,0,4.472,0,0,2.563
C142,9.0,11.0,2022-04-01,4,0,4.472,0,0,2.5074
C142,9.0,11.0,2022-05-01,5,0,4.472,0,0,2.4789
C142,9.0,11.0,2022-06-01,6,0,4.472,0,0,2.528
C142,9.0,11.0,2022-07-01,7,0,4.472,0,0,2.4602
C142,9.0,11.0,2022-08-01,8,0,4.472,0,0,2.6159
C142,9.0,11.0,2022-09-01,9,0,4.472,0,0,2.5095
C142,9.0,11.0,2022-10-01,10,0,4.472,0,0,2.4767
C142,9.0,11.0,2022-11-01,11,0,4.472,0,0,2.523
C142,9.0,11.0,2022-12-01,12,0,4.472,0,0,2.5088
C142,9.0,11.0,2023-01-01,13,0,4.472,0,0,2.5166
C142,9.0,11.0,2023-02-01,14,0,4.472,0,0,2.5202
C142,9.0,11.0,2023-03-01,15,0,4.472,0,0,2.5476
C142,9.0,11.0,2023-04-01,16,0,4.472,0,0,2.5474
C142,9.0,11.0,2023-05-01,17,0,4.472,0,0,2.5459
C142,9.0,11.0,2023-06-01,18,0,4.472,0,0,2.51
C142,9.0,11.0,2023-07-01,19,0,4.472,0,0,2.5003
C142,9.0,11.0,2023-08-01,20,0,4.472,0,0,2.5913
C142,9.0,11.0,2023-09-01,21,0,4.472,0,0,2.6287
C142,9.0,11.0,2023-10-01,22,0,4.472,0,0,2.571
C142,9.0,11.0,2023-11-01,23,0,4.472,0,0,2.5515
C142,9.0,11.0,2023-12-01,24,0,4.472,0,0,2.6534
C142,9.0,11.0,2024-01-01,25,0,4.472,0,1,2.5743
C142,9.0,11.0,2024-02-01,26,0,4.472,0,1,2.6462
C142,9.0,11.0,2024-03-01,27,0,4.472,0,1,2.5475
C142,9.0,11.0,2024-04-01,28,0,4.472,0,1,2.5729
C142,9.0,11.0,2024-05-01,29,0,4.472,0,1,2.6298
C142,9.0,11.0,2024-06-01,30,0,4.472,0,1,2.6292
C142,9.0,11.0,2024-07-01,31,0,4.472,0,1,2.5972
C142,9.0,11.0,2024-08-01,32,0,4.472,0,1,2.5234
C142,9.0,11.0,2024-09-01,33,0,4.472,0,1,2.6224
C142,9.0,11.0,2024-10-01,34,0,4.472,0,1,2.5807
C142,9.0,11.0,2024-11-01,35,0,4.472,0,1,2.5869
C142,9.0,11.0,2024-12-01,36,0,4.472,0,1,2.601
C143,10.0,11.0,2022-01-01,1,0,5.385,0,0,2.0369
C143,10.0,11.0,2022-02-01,2,0,5.385,0,0,2.1581
C143,10.0,11.0,2022-03-01,3,0,5.385,0,0,2.0693
C143,10.0,11.0,2022-04-01,4,0,5.385,0,0,2.1185
C143,10.0,11.0,2022-05-01,5,0,5.385,0,0,2.0725
C143,10.0,11.0,2022-06-01,6,0,5.385,0,0,2.0789
C143,10.0,11.0,2022-07-01,7,0,5.385,0,0,2.2005
C143,10.0,11.0,2022-08-01,8,0,5.385,0,0,2.1622
C143,10.0,11.0,2022-09-01,9,0,5.385,0,0,2.1416
C143,10.0,11.0,2022-10-01,10,0,5.385,0,0,2.112
C143,10.0,11.0,2022-11-01,11,0,5.385,0,0,2.1882
C143,10.0,11.0,2022-12-01,12,0,5.385,0,0,2.1393
C143,10.0,11.0,2023-01-01,13,0,5.385,0,0,2.1313
C143,10.0,11.0,2023-02-01,14,0,5.385,0,0,2.1731
C143,10.0,11.0,2023-03-01,15,0,5.385,0,0,2.139
C143,10.0,11.0,2023-04-01,16,0,5.385,0,0,2.1565
C143,10.0,11.0,2023-05-01,17,0,5.385,0,0,2.1177
C143,10.0,11.0,2023-06-01,18,0,5.385,0,0,2.1255
C143,10.0,11.0,2023-07-01,19,0,5.385,0,0,2.1457
C143,10.0,11.0,2023-08-01,20,0,5.385,0,0,2.1728
C143,10.0,11.0,2023-09-01,21,0,5.385,0,0,2.1357
C143,10.0,11.0,2023-10-01,22,0,5.385,0,0,2.1571
C143,10.0,11.0,2023-11-01,23,0,5.385,0,0,2.13
C143,10.0,11.0,2023-12-01,24,0,5.385,0,0,2.1489
C143,10.0,11.0,2024-01-01,25,0,5.385,0,1,2.1821
C143,10.0,11.0,2024-02-01,26,0,5.385,0,1,2.1637
C143,10.0,11.0,2024-03-01,27,0,5.385,0,1,2.2105
C143,10.0,11.0,2024-04-01,28,0,5.385,0,1,2.1678
C143,10.0,11.0,2024-05-01,29,0,5.385,0,1,2.1569
C143,10.0,11.0,2024-06-01,30,0,5.385,0,1,2.1878
C143,10.0,11.0,2024-07-01,31,0,5.385,0,1,2.2244
C143,10.0,11.0,2024-08-01,32,0,5.385,0,1,2.1957
C143,10.0,11.0,2024-09-01,33,0,5.385,0,1,2.1702
C143,10.0,11.0,2024-10-01,34,0,5.385,0,1,2.1834
C143,10.0,11.0,2024-11-01,35,0,5.385,0,1,2.1805
C143,10.0,11.0,2024-12-01,36,0,5.385,0,1,2.2117
C144,11.0,11.0,2022-01-01,1,0,6.325,0,0,2.1041
C144,11.0,11.0,2022-02-01,2,0,6.325,0,0,2.1231
C144,11.0,11.0,2022-03-01,3,0,6.325,0,0,2.094
C144,11.0,11.0,2022-04-01,4,0,6.325,0,0,2.1472
C144,11.0,11.0,2022-05-01,5,0,6.325,0,0,2.1399
C144,11.0,11.0,2022-06-01,6,0,6.325,0,0,2.1925
C144,11.0,11.0,2022-07-01,7,0,6.325,0,0,2.2114
C144,11.0,11.0,2022-08-01,8,0,6.325,0,0,2.182
C144,11.0,11.0,2022-09-01,9,0,6.325,0,0,2.209
C144,11.0,11.0,2022-10-01,10,0,6.325,0,0,2.1913
C144,11.0,11.0,2022-11-01,11,0,6.325,0,0,2.2212
C144,11.0,11.0,2022-12-01,12,0,6.325,0,0,2.1477
C144,11.0,11.0,2023-01-01,13,0,6.325,0,0,2.1727
C144,11.0,11.0,2023-02-01,14,0,6.325,0,0,2.1642
C144,11.0,11.0,2023-03-01,15,0,6.325,0,0,2.2217
C144,11.0,11.0,2023-04-01,16,0,6.325,0,0,2.2146
C144,11.0,11.0,2023-05-01,17,0,6.325,0,0,2.2163
C144,11.0,11.0,2023-06-01,18,0,6.325,0,0,2.1986
C144,11.0,11.0,2023-07-01,19,0,6.325,0,0,2.1822
C144,11.0,11.0,2023-08-01,20,0,6.325,0,0,2.173
C144,11.0,11.0,2023-09-01,21,0,6.325,0,0,2.2012
C144,11.0,11.0,2023-10-01,22,0,6.325,0,0,2.1655
C144,11.0,11.0,2023-11-01,23,0,6.325,0,0,2.2543
C144,11.0,11.0,2023-12-01,24,0,6.325,0,0,2.2126
C144,11.0,11.0,2024-01-01,25,0,6.325,0,1,2.2532
C144,11.0,11.0,2024-02-01,26,0,6.325,0,1,2.2059
C144,11.0,11.0,2024-03-01,27,0,6.325,0,1,2.2161
C144,11.0,11.0,2024-04-01,28,0,6.325,0,1,2.2184
C144,11.0,11.0,2024-05-01,29,0,6.325,0,1,2.2244
C144,11.0,11.0,2024-06-01,30,0,6.325,0,1,2.2291
C144,11.0,11.0,2024-07-01,31,0,6.325,0,1,2.2546
C144,11.0,11.0,2024-08-01,32,0,6.325,0,1,2.2511
C144,11.0,11.0,2024-09-01,33,0,6.325,0,1,2.209
C144,11.0,11.0,2024-10-01,34,0,6.325,0,1,2.1888
C144,11.0,11.0,2024-11-01,35,0,6.325,0,1,2.287
C144,11.0,11.0,2024-12-01,36,0,6.325,0,1,2.2318
